PeakID,Chr,Start,End,Mid,Strand,length,Peak Score,variant_count,Dist_TSS_Num
MafA_R1.macs2_peak_1911,Chr1,171207174,171208597,171207885.5,+,1424,6564,10,-8643
MafA_R1.macs2_peak_1019,Chr1,91382401,91385053,91383727,+,2653,3803,5,3323
MafA_R1.macs2_peak_1778,Chr1,164910691,164912432,164911561.5,+,1742,1696,9,7938
MafA_R1.macs2_peak_2040,Chr1,180191312,180194083,180192697.5,+,2772,8180,1,-34583
MafA_R1.macs2_peak_1316,Chr1,131358945,131360390,131359667.5,+,1446,1096,1,95432
MafA_R1.macs2_peak_813,Chr1,81926104,81930032,81928068,+,3929,1291,7,-181563
MafA_R1.macs2_peak_1435,Chr1,136067626,136068680,136068153,+,1055,4245,9,9025
MafA_R1.macs2_peak_611,Chr1,66305092,66306408,66305750,+,1317,1361,26,-55133
MafA_R1.macs2_peak_1383,Chr1,134122814,134124617,134123715.5,+,1804,1505,3,2529
MafA_R1.macs2_peak_1415,Chr1,135388859,135391262,135390060.5,+,2404,1462,45,-7639
MafA_R1.macs2_peak_1865,Chr1,169081652,169082894,169082273,+,1243,1270,7,-235615
MafA_R1.macs2_peak_2078,Chr1,182317249,182318305,182317777,+,1057,967,1,27398
MafA_R1.macs2_peak_754,Chr1,78370015,78370922,78370468.5,+,908,688,15,83485
MafA_R1.macs2_peak_1883,Chr1,169675731,169677131,169676431,+,1401,2156,12,-80077
MafA_R1.macs2_peak_1011,Chr1,91007435,91008415,91007925,+,981,1007,17,26759
MafA_R1.macs2_peak_4,Chr1,3442515,3443927,3443221,+,1413,1342,2,298500
MafA_R1.macs2_peak_1588,Chr1,154025567,154027062,154026314.5,+,1496,1410,9,-50619
MafA_R1.macs2_peak_781,Chr1,79458789,79460851,79459820,+,2063,1399,13,-42077
MafA_R1.macs2_peak_1196,Chr1,120581817,120584204,120583010.5,+,2388,1423,6,52794
MafA_R1.macs2_peak_196,Chr1,35296396,35297865,35297130.5,+,1470,1155,7,408060
MafA_R1.macs2_peak_2034,Chr1,180077156,180078441,180077798.5,+,1286,2459,5,-4283
MafA_R1.macs2_peak_2186,Chr1,186808496,186809962,186809229,+,1467,1408,2,47333
MafA_R1.macs2_peak_468,Chr1,59433234,59435826,59434530,+,2593,1142,5,-86776
MafA_R1.macs2_peak_1584,Chr1,153891780,153893088,153892434,+,1309,893,2,116759
MafA_R1.macs2_peak_230,Chr1,37344750,37345769,37345259.5,+,1020,741,2,6340
MafA_R1.macs2_peak_641,Chr1,69537168,69539110,69538139,+,1943,1353,5,186980
MafA_R1.macs2_peak_1492,Chr1,142622457,142624669,142623563,+,2213,730,1,-944872
MafA_R1.macs2_peak_328,Chr1,43338564,43339448,43339006,+,885,636,19,-103085
MafA_R1.macs2_peak_2100,Chr1,182735096,182737307,182736201.5,+,2212,1220,1,-46152
MafA_R1.macs2_peak_182,Chr1,34354237,34355349,34354793,+,1113,865,1,117487
MafA_R1.macs2_peak_968,Chr1,89661659,89663009,89662334,+,1351,1121,1,-50720
MafA_R1.macs2_peak_2112,Chr1,183099458,183101334,183100396,+,3071,1902,3,-22765
MafA_R1.macs2_peak_1873,Chr1,169336339,169337238,169336788.5,+,900,525,26,22245
MafA_R1.macs2_peak_757,Chr1,78402366,78403298,78402832,+,933,644,1,62702
MafA_R1.macs2_peak_1514,Chr1,147282110,147283401,147282755.5,+,1292,510,1,909330
MafA_R1.macs2_peak_796,Chr1,80713790,80714403,80714096.5,+,614,547,1,22174
MafA_R1.macs2_peak_655,Chr1,72044255,72045835,72045045,+,1581,895,9,-691
MafA_R1.macs2_peak_46,Chr1,11214425,11215968,11215196.5,+,1544,1686,3,-118991
MafA_R1.macs2_peak_556,Chr1,64037262,64038299,64037780.5,+,1038,674,5,33894
MafA_R1.macs2_peak_965,Chr1,89632847,89634310,89633578.5,+,1464,890,1,-21964
MafA_R1.macs2_peak_770,Chr1,79295663,79297408,79296535.5,+,1746,850,11,-94307
MafA_R1.macs2_peak_636,Chr1,68181431,68182878,68182154.5,+,1448,481,9,965064
MafA_R1.macs2_peak_1965,Chr1,175535317,175536178,175535747.5,+,862,551,1,9588
MafA_R1.macs2_peak_969,Chr1,89677604,89679806,89678705,+,2203,933,1,-67091
MafA_R1.macs2_peak_2123,Chr1,183400642,183403187,183401914.5,+,2546,1654,15,-79260
MafA_R1.macs2_peak_290,Chr1,40271870,40274081,40272975.5,+,2212,691,4,8735
MafA_R1.macs2_peak_1782,Chr1,164947338,164948220,164947779,+,883,476,7,-28280
MafA_R1.macs2_peak_2139,Chr1,183735902,183737300,183736601,+,1399,483,4,29594
MafA_R1.macs2_peak_2017,Chr1,179063755,179064718,179064236.5,+,964,758,1,281370
MafA_R1.macs2_peak_1780,Chr1,164926256,164928332,164927294,+,2077,940,6,-7795
MafA_R1.macs2_peak_1312,Chr1,131221385,131222565,131221975,+,1181,496,4,-14674
MafA_R1.macs2_peak_2297,Chr1,192218432,192220021,192219226.5,+,1590,760,2,234301
MafA_R1.macs2_peak_1385,Chr1,134138171,134140226,134139198.5,+,2056,759,6,18012
MafA_R1.macs2_peak_1087,Chr1,97555505,97558463,97556984,+,2959,1263,2,32417
MafA_R1.macs2_peak_1534,Chr1,151033298,151034958,151034128,+,1661,949,3,20343
MafA_R1.macs2_peak_1895,Chr1,170567600,170569996,170568798,+,2397,680,3,96697
MafA_R1.macs2_peak_571,Chr1,64376264,64377985,64377124.5,+,1722,720,1,-194839
MafA_R1.macs2_peak_1376,Chr1,133988478,133989458,133988968,+,981,1536,2,17925
MafA_R1.macs2_peak_722,Chr1,75313345,75315671,75314508,+,2327,610,2,-20227
MafA_R1.macs2_peak_654,Chr1,72041277,72042539,72041908,+,1263,813,2,2446
MafA_R1.macs2_peak_568,Chr1,64264685,64266412,64265548.5,+,1728,1898,13,-105000
MafA_R1.macs2_peak_2129,Chr1,183488134,183489351,183488742.5,+,1218,1022,6,7568
MafA_R1.macs2_peak_459,Chr1,59240639,59242271,59241455,+,1633,618,17,34797
MafA_R1.macs2_peak_72,Chr1,14640364,14641356,14640860,+,993,678,1,185330
MafA_R1.macs2_peak_1596,Chr1,154946748,154947763,154947255.5,+,1016,425,10,11755
MafA_R1.macs2_peak_726,Chr1,75402604,75403620,75403112,+,1017,757,2,-9468
MafA_R1.macs2_peak_464,Chr1,59360888,59362097,59361492.5,+,1210,790,14,65427
MafA_R1.macs2_peak_58,Chr1,13273796,13274951,13274373.5,+,1156,435,5,-76986
MafA_R1.macs2_peak_560,Chr1,64122040,64123615,64122827.5,+,1576,363,1,37721
MafA_R1.macs2_peak_1518,Chr1,148795904,148796545,148796224.5,+,642,309,4,1001957
MafA_R1.macs2_peak_769,Chr1,79166954,79170134,79168544,+,3181,461,5,33684
MafA_R1.macs2_peak_1884,Chr1,169694234,169696684,169695459,+,2451,879,38,-61049
MafA_R1.macs2_peak_2336,Chr1,193234053,193234919,193234486,+,867,410,1,-44648
MafA_R1.macs2_peak_1926,Chr1,172054009,172054863,172054436,+,855,337,12,-6974
MafA_R1.macs2_peak_1860,Chr1,168534667,168536648,168535657.5,+,1982,573,10,217445
MafA_R1.macs2_peak_2098,Chr1,182724348,182725901,182725124.5,+,1554,707,1,-57229
MafA_R1.macs2_peak_576,Chr1,64486725,64487863,64487294,+,1139,412,6,-84669
MafA_R1.macs2_peak_1001,Chr1,90703105,90704133,90703619,+,1029,751,6,68074
MafA_R1.macs2_peak_2189,Chr1,186875058,186876192,186875625,+,1135,559,4,18290
MafA_R1.macs2_peak_1945,Chr1,174364148,174365558,174364853,+,1411,735,11,35462
MafA_R1.macs2_peak_2021,Chr1,179270855,179271618,179271236.5,+,764,299,9,74370
MafA_R1.macs2_peak_971,Chr1,89743997,89744691,89744344,+,695,297,1,114554
MafA_R1.macs2_peak_768,Chr1,79158463,79159275,79158869,+,813,375,1,43359
MafA_R1.macs2_peak_604,Chr1,66267030,66268204,66267617,+,1175,289,3,53129
MafA_R1.macs2_peak_764,Chr1,78722484,78724057,78723270.5,+,1574,890,20,-71358
MafA_R1.macs2_peak_2039,Chr1,180174783,180177002,180175892.5,+,2220,605,1,-17778
MafA_R1.macs2_peak_458,Chr1,59236337,59237526,59236931.5,+,1190,638,14,-34383
MafA_R1.macs2_peak_1583,Chr1,153871495,153874376,153872935.5,+,2882,1612,54,97260
MafA_R1.macs2_peak_1371,Chr1,133761285,133762692,133761988.5,+,1408,741,4,72923
MafA_R1.macs2_peak_141,Chr1,30757376,30758516,30757946,+,1141,277,4,144391
MafA_R1.macs2_peak_1937,Chr1,172533542,172534494,172534018,+,953,326,5,8395
MafA_R1.macs2_peak_1942,Chr1,173865983,173867217,173866600,+,1235,287,11,-2899
MafA_R1.macs2_peak_1950,Chr1,174997096,174997826,174997461,+,731,287,16,-248076
MafA_R1.macs2_peak_187,Chr1,34524354,34525526,34524940,+,1173,364,5,-12553
MafA_R1.macs2_peak_232,Chr1,37380653,37381547,37381100,+,895,480,1,-27198
MafA_R1.macs2_peak_1566,Chr1,153067149,153068480,153067814.5,+,1332,278,4,-5621
MafA_R1.macs2_peak_1377,Chr1,133990502,133992832,133991667,+,2331,1095,2,15226
MafA_R1.macs2_peak_951,Chr1,89494241,89495079,89494660,+,839,442,6,112127
MafA_R1.macs2_peak_1506,Chr1,144420068,144422325,144421196.5,+,2258,325,5,22209
MafA_R1.macs2_peak_1167,Chr1,118386511,118387915,118387213,+,1405,905,3,-218
MafA_R1.macs2_peak_1931,Chr1,172348371,172349066,172348718.5,+,696,375,4,21
MafA_R1.macs2_peak_1009,Chr1,90907856,90909063,90908459.5,+,1208,267,2,-11117
MafA_R1.macs2_peak_992,Chr1,90331732,90333353,90332542.5,+,1622,353,4,-198605
MafA_R1.macs2_peak_206,Chr1,36117064,36117845,36117454.5,+,782,328,2,9973
MafA_R1.macs2_peak_550,Chr1,63889104,63890298,63889701,+,1195,315,2,-81275
MafA_R1.macs2_peak_2117,Chr1,183179038,183179715,183179376.5,+,678,252,1,9053
MafA_R1.macs2_peak_435,Chr1,57367892,57368951,57368421.5,+,1060,246,1,48282
MafA_R1.macs2_peak_1848,Chr1,167872160,167874629,167873394.5,+,2470,519,6,356267
MafA_R1.macs2_peak_993,Chr1,90336129,90336861,90336495,+,733,282,5,-194652
MafA_R1.macs2_peak_1608,Chr1,155564429,155565780,155565104.5,+,1352,364,4,52669
MafA_R1.macs2_peak_933,Chr1,88996880,88998596,88997738,+,1717,1002,4,-399
MafA_R1.macs2_peak_728,Chr1,75421798,75422530,75422164,+,733,768,1,-4990
MafA_R1.macs2_peak_966,Chr1,89636714,89638579,89637646.5,+,1866,612,1,-26032
MafA_R1.macs2_peak_319,Chr1,43044809,43046211,43045510,+,1403,956,1,53478
MafA_R1.macs2_peak_590,Chr1,65032133,65032926,65032529.5,+,794,352,5,-36546
MafA_R1.macs2_peak_1003,Chr1,90844363,90845697,90845030,+,1335,840,1,2208
MafA_R1.macs2_peak_178,Chr1,34162047,34163092,34162569.5,+,1046,369,28,6129
MafA_R1.macs2_peak_1469,Chr1,138545253,138547376,138546314.5,+,2124,935,4,1181
MafA_R1.macs2_peak_632,Chr1,67065567,67066794,67066180.5,+,1228,251,9,11813
MafA_R1.macs2_peak_1101,Chr1,99845494,99846190,99845842,+,697,279,4,145716
MafA_R1.macs2_peak_592,Chr1,65193707,65194549,65194128,+,843,279,2,24173
MafA_R1.macs2_peak_1783,Chr1,164957034,164957577,164957305.5,+,544,266,1,31037
MafA_R1.macs2_peak_2176,Chr1,185849010,185850211,185849610.5,+,1202,620,10,-103
MafA_R1.macs2_peak_1595,Chr1,154927114,154927806,154927460,+,693,568,5,31550
MafA_R1.macs2_peak_1498,Chr1,143858090,143858926,143858508,+,837,212,1,21379
MafA_R1.macs2_peak_2190,Chr1,186886872,186888531,186887701.5,+,1660,306,29,30366
MafA_R1.macs2_peak_779,Chr1,79447187,79448075,79447631,+,889,246,12,-29888
MafA_R1.macs2_peak_923,Chr1,88711767,88713448,88712607.5,+,1682,892,6,29995
MafA_R1.macs2_peak_2166,Chr1,184984653,184985897,184985275,+,1245,422,21,10103
MafA_R1.macs2_peak_1573,Chr1,153354635,153356196,153355415.5,+,1562,330,7,7991
MafA_R1.macs2_peak_1295,Chr1,129815333,129816214,129815773.5,+,882,220,3,-534788
MafA_R1.macs2_peak_437,Chr1,57484695,57485400,57485047.5,+,706,220,2,-39214
MafA_R1.macs2_peak_725,Chr1,75368467,75370036,75369251.5,+,1570,267,2,6997
MafA_R1.macs2_peak_1952,Chr1,175070889,175071758,175071323.5,+,870,242,6,248788
MafA_R1.macs2_peak_465,Chr1,59378116,59380654,59379385,+,2539,588,10,83320
MafA_R1.macs2_peak_488,Chr1,60901960,60902670,60902315,+,711,247,1,-45869
MafA_R1.macs2_peak_1397,Chr1,134587509,134588352,134587930.5,+,844,319,16,13580
MafA_R1.macs2_peak_1861,Chr1,168708730,168709685,168709207.5,+,956,229,12,137451
MafA_R1.macs2_peak_1590,Chr1,154376069,154376756,154376412.5,+,688,244,8,225254
MafA_R1.macs2_peak_1298,Chr1,129969044,129970508,129969776,+,1465,308,4,-380785
MafA_R1.macs2_peak_574,Chr1,64481203,64482014,64481608.5,+,812,308,1,-90355
MafA_R1.macs2_peak_2197,Chr1,187267695,187269322,187268508.5,+,1628,325,1,-72695
MafA_R1.macs2_peak_87,Chr1,20128677,20129128,20128902.5,+,452,431,4,-297776
MafA_R1.macs2_peak_487,Chr1,60899196,60900224,60899710,+,1029,299,1,-48474
MafA_R1.macs2_peak_331,Chr1,43400001,43401540,43400770.5,+,1540,223,18,-84141
MafA_R1.macs2_peak_2191,Chr1,187002702,187003643,187003172.5,+,942,228,1,55232
MafA_R1.macs2_peak_2037,Chr1,180140381,180141826,180141103.5,+,1446,356,6,-16938
MafA_R1.macs2_peak_474,Chr1,59542600,59543476,59543038,+,877,379,2,-12385
MafA_R1.macs2_peak_890,Chr1,87039236,87039906,87039571,+,671,219,1,-10243
MafA_R1.macs2_peak_881,Chr1,86397752,86399179,86398465.5,+,1428,636,1,44414
MafA_R1.macs2_peak_819,Chr1,82270119,82272589,82271354,+,2471,673,8,-2194
MafA_R1.macs2_peak_589,Chr1,64995689,64996901,64996295,+,1213,547,2,-312
MafA_R1.macs2_peak_329,Chr1,43343467,43345433,43344450,+,1967,348,6,-108529
MafA_R1.macs2_peak_1940,Chr1,173177263,173177724,173177493.5,+,462,173,4,-16424
MafA_R1.macs2_peak_502,Chr1,61220473,61221038,61220755.5,+,566,379,1,-196836
MafA_R1.macs2_peak_1400,Chr1,134640496,134641840,134641168,+,1345,430,5,4130
MafA_R1.macs2_peak_2304,Chr1,192378089,192379196,192378642.5,+,1108,453,1,74885
MafA_R1.macs2_peak_1555,Chr1,152411891,152413151,152412521,+,1261,391,6,88447
MafA_R1.macs2_peak_311,Chr1,41488333,41489737,41489035,+,1405,223,2,-268623
MafA_R1.macs2_peak_2122,Chr1,183394607,183395310,183394958.5,+,704,164,12,-86216
MafA_R1.macs2_peak_1395,Chr1,134573845,134575082,134574463.5,+,1238,716,7,113
MafA_R1.macs2_peak_79,Chr1,15706451,15707578,15707014.5,+,1128,287,5,-168856
MafA_R1.macs2_peak_168,Chr1,33987710,33988230,33987970,+,521,184,5,40664
MafA_R1.macs2_peak_613,Chr1,66347890,66348863,66348376.5,+,974,274,13,-12507
MafA_R1.macs2_peak_348,Chr1,45959497,45960477,45959987,+,981,285,2,4767
MafA_R1.macs2_peak_1935,Chr1,172479287,172480189,172479738,+,903,230,1,-19197
MafA_R1.macs2_peak_659,Chr1,72221867,72222883,72222375,+,1017,306,16,29091
MafA_R1.macs2_peak_1340,Chr1,132727745,132728690,132728217.5,+,946,691,3,-58682
MafA_R1.macs2_peak_1289,Chr1,129719198,129720012,129719605,+,815,244,1,518564
MafA_R1.macs2_peak_2044,Chr1,180247873,180248982,180248427.5,+,1110,244,3,62642
MafA_R1.macs2_peak_643,Chr1,69829617,69830313,69829965,+,697,244,1,-36164
MafA_R1.macs2_peak_1153,Chr1,108297375,108298804,108298089.5,+,1430,275,18,453100
MafA_R1.macs2_peak_679,Chr1,72650941,72651774,72651357.5,+,834,184,4,28947
MafA_R1.macs2_peak_547,Chr1,63706061,63708118,63707089.5,+,2058,509,1,18997
MafA_R1.macs2_peak_2353,Chr1,194342462,194343408,194342935,+,947,339,1,40798
MafA_R1.macs2_peak_2321,Chr1,192768604,192769979,192769291.5,+,1376,403,9,43000
MafA_R1.macs2_peak_1851,Chr1,167916166,167917101,167916633.5,+,936,172,1,343105
MafA_R1.macs2_peak_1300,Chr1,130277895,130278610,130278252.5,+,716,171,13,-72309
MafA_R1.macs2_peak_1672,Chr1,158387951,158388858,158388404.5,+,908,202,2,55209
MafA_R1.macs2_peak_1357,Chr1,133173335,133174174,133173754.5,+,840,297,2,-81
MafA_R1.macs2_peak_2241,Chr1,190631413,190632128,190631770.5,+,716,160,2,12197
MafA_R1.macs2_peak_2274,Chr1,191570992,191572304,191571648,+,1313,173,2,18063
MafA_R1.macs2_peak_1979,Chr1,176182805,176183452,176183128.5,+,648,177,8,-80250
MafA_R1.macs2_peak_2111,Chr1,183096720,183097804,183097262,+,1085,287,1,-19034
MafA_R1.macs2_peak_1370,Chr1,133752953,133753863,133753408,+,911,393,3,-71923
MafA_R1.macs2_peak_412,Chr1,54841093,54842256,54841674.5,+,1164,255,2,123872
MafA_R1.macs2_peak_191,Chr1,34823047,34824253,34823650,+,1207,147,3,-17172
MafA_R1.macs2_peak_65,Chr1,13785643,13786617,13786130,+,975,142,2,47135
MafA_R1.macs2_peak_1784,Chr1,164959798,164960498,164960148,+,701,192,3,28194
MafA_R1.macs2_peak_528,Chr1,62877751,62878365,62878058,+,615,197,1,-44167
MafA_R1.macs2_peak_777,Chr1,79443761,79445073,79444417,+,1313,471,4,-26674
MafA_R1.macs2_peak_634,Chr1,67212016,67212510,67212263,+,495,161,2,50077
MafA_R1.macs2_peak_258,Chr1,38588040,38588851,38588445.5,+,812,160,1,77880
MafA_R1.macs2_peak_2004,Chr1,177563996,177564268,177564132,+,273,145,2,6752
MafA_R1.macs2_peak_886,Chr1,86497050,86497561,86497305.5,+,512,144,1,13202
MafA_R1.macs2_peak_1544,Chr1,151442224,151443390,151442807,+,1167,245,1,-4317
MafA_R1.macs2_peak_1957,Chr1,175212437,175213758,175213097.5,+,1322,245,20,107014
MafA_R1.macs2_peak_577,Chr1,64607299,64608413,64607856,+,1115,250,3,35893
MafA_R1.macs2_peak_1396,Chr1,134578797,134580351,134579574,+,1555,302,5,5224
MafA_R1.macs2_peak_264,Chr1,39005062,39005997,39005529.5,+,936,267,13,-21366
MafA_R1.macs2_peak_1012,Chr1,91026438,91027107,91026772.5,+,670,186,5,45606
MafA_R1.macs2_peak_1306,Chr1,130980710,130981405,130981057.5,+,696,290,1,33475
MafA_R1.macs2_peak_1010,Chr1,90980229,90981402,90980815.5,+,1174,666,7,-351
MafA_R1.macs2_peak_1980,Chr1,176234138,176234833,176234485.5,+,696,203,14,120350
MafA_R1.macs2_peak_499,Chr1,61037316,61038145,61037730.5,+,830,203,2,20657
MafA_R1.macs2_peak_2130,Chr1,183495881,183497856,183496868.5,+,1976,489,14,15694
MafA_R1.macs2_peak_1409,Chr1,135186123,135186998,135186560.5,+,876,600,8,-350
MafA_R1.macs2_peak_919,Chr1,88632826,88634319,88633572.5,+,1494,293,5,-3659
MafA_R1.macs2_peak_1310,Chr1,131152701,131153450,131153075.5,+,750,257,8,19840
MafA_R1.macs2_peak_55,Chr1,13217050,13217840,13217445,+,791,282,4,-20058
MafA_R1.macs2_peak_1321,Chr1,131482778,131483033,131482905.5,+,256,225,1,27264
MafA_R1.macs2_peak_818,Chr1,82268797,82269354,82269075.5,+,558,727,1,85
MafA_R1.macs2_peak_775,Chr1,79409533,79411573,79410553,+,2041,150,5,7190
MafA_R1.macs2_peak_1407,Chr1,135115797,135116360,135116078.5,+,564,193,5,-20659
MafA_R1.macs2_peak_2185,Chr1,186762270,186764375,186763322.5,+,2106,193,2,63709
MafA_R1.macs2_peak_2133,Chr1,183660583,183661209,183660896,+,627,140,7,105299
MafA_R1.macs2_peak_917,Chr1,88590147,88590974,88590560.5,+,828,163,2,39353
MafA_R1.macs2_peak_897,Chr1,87776157,87776880,87776518.5,+,724,349,1,-4491
MafA_R1.macs2_peak_1946,Chr1,174427779,174428189,174427984,+,411,144,3,98593
MafA_R1.macs2_peak_537,Chr1,63470561,63471133,63470847,+,573,144,2,-14203
MafA_R1.macs2_peak_557,Chr1,64082040,64082908,64082474,+,869,144,3,-814
MafA_R1.macs2_peak_802,Chr1,80941286,80942382,80941834,+,1097,144,5,-112833
MafA_R1.macs2_peak_1155,Chr1,110409213,110409552,110409382.5,+,340,120,4,495941
MafA_R1.macs2_peak_901,Chr1,88026193,88026869,88026531,+,677,120,3,3808
MafA_R1.macs2_peak_28,Chr1,9279059,9280451,9279755,+,1393,161,2,90347
MafA_R1.macs2_peak_1953,Chr1,175086481,175087025,175086753,+,545,261,13,233358
MafA_R1.macs2_peak_2048,Chr1,180396189,180397195,180396692,+,1007,785,1,236
MafA_R1.macs2_peak_1184,Chr1,120001256,120001955,120001605.5,+,700,183,4,-95
MafA_R1.macs2_peak_615,Chr1,66521528,66522111,66521819.5,+,584,206,3,14726
MafA_R1.macs2_peak_1868,Chr1,169220267,169220601,169220434,+,335,144,8,138599
MafA_R1.macs2_peak_1441,Chr1,136471935,136472523,136472229,+,589,126,3,76643
MafA_R1.macs2_peak_1008,Chr1,90902380,90903498,90902939,+,1119,252,5,-5597
MafA_R1.macs2_peak_1346,Chr1,132798064,132798874,132798469,+,811,130,3,-9624
MafA_R1.macs2_peak_644,Chr1,69840219,69841445,69840832,+,1227,130,1,-25297
MafA_R1.macs2_peak_1892,Chr1,170314976,170315304,170315140,+,329,175,1,69539
MafA_R1.macs2_peak_1900,Chr1,170695020,170696174,170695597,+,1155,552,10,-257
MafA_R1.macs2_peak_136,Chr1,28518323,28518867,28518595,+,545,134,1,300738
MafA_R1.macs2_peak_1144,Chr1,107516232,107516502,107516367,+,271,151,1,-1369
MafA_R1.macs2_peak_1146,Chr1,107641832,107642658,107642245,+,827,151,5,124509
MafA_R1.macs2_peak_1870,Chr1,169307239,169307883,169307561,+,645,151,1,51472
MafA_R1.macs2_peak_997,Chr1,90578265,90578975,90578620,+,711,151,2,47473
MafA_R1.macs2_peak_1470,Chr1,138620886,138621749,138621317.5,+,864,174,1,-11504
MafA_R1.macs2_peak_672,Chr1,72488792,72489520,72489156,+,729,174,6,87162
MafA_R1.macs2_peak_692,Chr1,73339233,73339589,73339411,+,357,115,4,-98716
MafA_R1.macs2_peak_1291,Chr1,129765370,129766860,129766115,+,1491,137,6,565074
MafA_R1.macs2_peak_1285,Chr1,128595485,128596387,128595936,+,903,110,10,-75900
MafA_R1.macs2_peak_1509,Chr1,144517023,144518028,144517525.5,+,1006,110,1,-74120
MafA_R1.macs2_peak_1897,Chr1,170649696,170650123,170649909.5,+,428,110,3,45431
MafA_R1.macs2_peak_765,Chr1,78738688,78739364,78739026,+,677,110,2,-55602
MafA_R1.macs2_peak_1875,Chr1,169358498,169359805,169359151.5,+,1308,391,1,-118
MafA_R1.macs2_peak_1526,Chr1,149814169,149814962,149814565.5,+,794,118,3,-16375
MafA_R1.macs2_peak_920,Chr1,88666417,88667047,88666732,+,631,135,1,-15880
MafA_R1.macs2_peak_2170,Chr1,185328980,185329669,185329324.5,+,690,162,1,59791
MafA_R1.macs2_peak_369,Chr1,51689327,51690252,51689789.5,+,926,185,1,-53912
MafA_R1.macs2_peak_413,Chr1,54854086,54855171,54854628.5,+,1086,454,3,110918
MafA_R1.macs2_peak_2009,Chr1,178232745,178234770,178233757.5,+,2026,611,1,174
MafA_R1.macs2_peak_207,Chr1,36118530,36119058,36118794,+,529,133,1,11313
MafA_R1.macs2_peak_950,Chr1,89475624,89476454,89476039,+,831,304,1,93506
MafA_R1.macs2_peak_1404,Chr1,134743106,134743843,134743474.5,+,738,234,6,-11894
MafA_R1.macs2_peak_629,Chr1,66935089,66935776,66935432.5,+,688,210,13,-32964
MafA_R1.macs2_peak_1765,Chr1,164285607,164287264,164286435.5,+,1658,1026,1,-511
MafA_R1.macs2_peak_1974,Chr1,175909244,175910194,175909719,+,951,142,1,131789
MafA_R1.macs2_peak_1907,Chr1,171048629,171049069,171048849,+,441,295,2,-284
MafA_R1.macs2_peak_2216,Chr1,188486850,188487664,188487257,+,815,105,1,252780
MafA_R1.macs2_peak_782,Chr1,79558818,79559629,79559223.5,+,812,248,6,90466
MafA_R1.macs2_peak_1885,Chr1,169735998,169737130,169736564,+,1133,207,8,-19944
MafA_R1.macs2_peak_1976,Chr1,175934430,175934757,175934593.5,+,328,109,1,106915
MafA_R1.macs2_peak_1237,Chr1,126318785,126320095,126319440,+,1311,225,2,101224
MafA_R1.macs2_peak_523,Chr1,62464235,62465104,62464669.5,+,870,130,1,-277807
MafA_R1.macs2_peak_86,Chr1,20053832,20054364,20054098,+,533,108,4,-372580
MafA_R1.macs2_peak_1533,Chr1,150984294,150985589,150984941.5,+,1296,178,16,-28844
MafA_R1.macs2_peak_257,Chr1,38551071,38552491,38551781,+,1421,214,2,114544
MafA_R1.macs2_peak_2029,Chr1,179946894,179947237,179947065.5,+,344,99,2,73985
MafA_R1.macs2_peak_596,Chr1,65266737,65267170,65266953.5,+,434,99,1,41109
MafA_R1.macs2_peak_1160,Chr1,113933023,113933838,113933430.5,+,816,163,1,-1588782
MafA_R1.macs2_peak_1379,Chr1,133998760,133999612,133999186,+,853,163,1,7707
MafA_R1.macs2_peak_529,Chr1,62947820,62948686,62948253,+,867,163,1,-114362
MafA_R1.macs2_peak_1405,Chr1,134759398,134760200,134759799,+,803,99,4,-28219
MafA_R1.macs2_peak_1867,Chr1,169212866,169213962,169213414,+,1097,132,10,145619
MafA_R1.macs2_peak_1902,Chr1,170825540,170825964,170825752,+,425,132,7,-20743
MafA_R1.macs2_peak_470,Chr1,59437250,59438174,59437712,+,925,132,9,-83594
MafA_R1.macs2_peak_873,Chr1,86103147,86104282,86103714.5,+,1136,253,9,21212
MafA_R1.macs2_peak_426,Chr1,55512221,55512477,55512349,+,257,111,5,67244
MafA_R1.macs2_peak_1191,Chr1,120192669,120193355,120193012,+,687,277,3,-2
MafA_R1.macs2_peak_2046,Chr1,180261667,180262360,180262013.5,+,694,110,4,49056
MafA_R1.macs2_peak_256,Chr1,38526560,38527536,38527048,+,977,110,1,139277
MafA_R1.macs2_peak_609,Chr1,66290902,66291480,66291191,+,579,110,6,-69692
MafA_R1.macs2_peak_614,Chr1,66374771,66375539,66375155,+,769,110,16,14272
MafA_R1.macs2_peak_626,Chr1,66877442,66878184,66877813,+,743,110,16,-21059
MafA_R1.macs2_peak_608,Chr1,66283980,66284608,66284294,+,629,114,4,69806
MafA_R1.macs2_peak_484,Chr1,60637405,60637807,60637606,+,403,97,1,-31682
MafA_R1.macs2_peak_1779,Chr1,164918965,164919852,164919408.5,+,888,254,2,91
MafA_R1.macs2_peak_2340,Chr1,193396631,193397375,193397003,+,745,113,5,-207165
MafA_R1.macs2_peak_1862,Chr1,168802622,168803612,168803117,+,991,169,5,43541
MafA_R1.macs2_peak_181,Chr1,34275188,34275769,34275478.5,+,582,230,1,76137
MafA_R1.macs2_peak_2307,Chr1,192445172,192445911,192445541.5,+,740,113,6,7986
MafA_R1.macs2_peak_476,Chr1,59758923,59759508,59759215.5,+,586,146,12,15248
MafA_R1.macs2_peak_1007,Chr1,90900904,90901634,90901269,+,731,207,5,-3927
MafA_R1.macs2_peak_492,Chr1,60919442,60920770,60920106,+,1329,207,15,-28078
MafA_R1.macs2_peak_893,Chr1,87173624,87174276,87173950,+,653,154,3,-18125
MafA_R1.macs2_peak_1195,Chr1,120552768,120553457,120553112.5,+,690,95,3,22896
MafA_R1.macs2_peak_610,Chr1,66302464,66302846,66302655,+,383,158,2,-58228
MafA_R1.macs2_peak_138,Chr1,28641302,28642145,28641723.5,+,844,183,4,177610
MafA_R1.macs2_peak_2293,Chr1,192158667,192159710,192159188.5,+,1044,183,1,286103
MafA_R1.macs2_peak_1085,Chr1,97550566,97551375,97550970.5,+,810,123,1,38431
MafA_R1.macs2_peak_1948,Chr1,174868895,174869142,174869018.5,+,248,123,6,-119633
MafA_R1.macs2_peak_606,Chr1,66274758,66275483,66275120.5,+,726,123,2,60632
MafA_R1.macs2_peak_1239,Chr1,126420236,126420646,126420441,+,411,165,1,223
MafA_R1.macs2_peak_51,Chr1,13061304,13061882,13061593,+,579,165,2,-234
MafA_R1.macs2_peak_734,Chr1,76113333,76115045,76114189,+,1713,222,1,-351581
MafA_R1.macs2_peak_31,Chr1,9867761,9868725,9868243,+,965,323,2,-112
MafA_R1.macs2_peak_1898,Chr1,170684933,170685812,170685372.5,+,880,131,5,9968
MafA_R1.macs2_peak_94,Chr1,21138626,21139512,21139069,+,887,98,4,10380
MafA_R1.macs2_peak_816,Chr1,82260813,82261791,82261302,+,979,396,2,7858
MafA_R1.macs2_peak_946,Chr1,89451652,89452270,89451961,+,619,173,1,69428
MafA_R1.macs2_peak_335,Chr1,43874402,43874764,43874583,+,363,89,3,-7584
MafA_R1.macs2_peak_439,Chr1,57712349,57713516,57712932.5,+,1168,89,1,-101088
MafA_R1.macs2_peak_648,Chr1,70891007,70891515,70891261,+,509,89,3,126387
MafA_R1.macs2_peak_1378,Chr1,133993768,133994969,133994368.5,+,1202,254,4,12525
MafA_R1.macs2_peak_2168,Chr1,185108922,185110078,185109500,+,1157,109,13,14259
MafA_R1.macs2_peak_618,Chr1,66717678,66718000,66717839,+,323,97,4,-22151
MafA_R1.macs2_peak_1927,Chr1,172137095,172139091,172138093,+,1997,392,14,-1841
MafA_R1.macs2_peak_1993,Chr1,176705220,176705757,176705488.5,+,538,100,1,-41789
MafA_R1.macs2_peak_1444,Chr1,136516617,136517069,136516843,+,453,137,1,-35796
MafA_R1.macs2_peak_2126,Chr1,183482248,183482918,183482583,+,671,175,17,1409
MafA_R1.macs2_peak_422,Chr1,55011077,55011693,55011385,+,617,175,3,-45839
MafA_R1.macs2_peak_1894,Chr1,170559089,170560084,170559586.5,+,996,213,13,87485
MafA_R1.macs2_peak_261,Chr1,38901200,38901756,38901478,+,557,88,7,-25710
MafA_R1.macs2_peak_2246,Chr1,190767712,190769590,190768651,+,1879,191,18,-368
MafA_R1.macs2_peak_221,Chr1,36959097,36959900,36959498.5,+,804,111,5,19110
MafA_R1.macs2_peak_59,Chr1,13394873,13395185,13395029,+,313,88,1,47624
MafA_R1.macs2_peak_2023,Chr1,179394738,179395627,179395182.5,+,890,246,14,21088
MafA_R1.macs2_peak_1955,Chr1,175127436,175128884,175128160,+,1449,115,10,191951
MafA_R1.macs2_peak_1909,Chr1,171090876,171091146,171091011,+,271,160,3,-6886
MafA_R1.macs2_peak_1448,Chr1,136672799,136673639,136673219,+,841,118,15,49270
MafA_R1.macs2_peak_416,Chr1,54891907,54892933,54892420,+,1027,151,5,73126
MafA_R1.macs2_peak_674,Chr1,72495050,72495897,72495473.5,+,848,151,4,80845
MafA_R1.macs2_peak_1904,Chr1,170956765,170957539,170957152,+,775,168,7,7922
MafA_R1.macs2_peak_308,Chr1,41398135,41398940,41398537.5,+,806,94,1,-178125
MafA_R1.macs2_peak_278,Chr1,39705390,39706332,39705861,+,943,126,1,-15519
MafA_R1.macs2_peak_85,Chr1,16758346,16759240,16758793,+,895,298,8,113
MafA_R1.macs2_peak_564,Chr1,64160856,64162100,64161478,+,1245,509,1,-930
MafA_R1.macs2_peak_57,Chr1,13266269,13267733,13267001,+,1465,304,13,-69614
MafA_R1.macs2_peak_1856,Chr1,168182787,168183334,168183060.5,+,548,137,8,76678
MafA_R1.macs2_peak_1401,Chr1,134654794,134656130,134655462,+,1337,194,11,18424
MafA_R1.macs2_peak_2086,Chr1,182389559,182390148,182389853.5,+,590,128,1,-2719
MafA_R1.macs2_peak_2138,Chr1,183734461,183735101,183734781,+,641,128,1,31414
MafA_R1.macs2_peak_909,Chr1,88273098,88273696,88273397,+,599,128,6,38940
MafA_R1.macs2_peak_916,Chr1,88507227,88508246,88507736.5,+,1020,100,9,28497
MafA_R1.macs2_peak_1393,Chr1,134440018,134440578,134440298,+,561,148,3,17921
MafA_R1.macs2_peak_595,Chr1,65225078,65225650,65225364,+,573,402,1,274
MafA_R1.macs2_peak_2119,Chr1,183253907,183254573,183254240,+,667,92,1,102795
MafA_R1.macs2_peak_486,Chr1,60864849,60865156,60865002.5,+,308,155,4,79455
MafA_R1.macs2_peak_461,Chr1,59295587,59296525,59296056,+,939,250,5,-9
MafA_R1.macs2_peak_612,Chr1,66334182,66335546,66334864,+,1365,196,22,-26019
MafA_R1.macs2_peak_299,Chr1,40329368,40330242,40329805,+,875,84,2,24059
MafA_R1.macs2_peak_2351,Chr1,194201317,194201832,194201574.5,+,516,91,7,-100563
MafA_R1.macs2_peak_616,Chr1,66534366,66535069,66534717.5,+,704,91,3,27624
MafA_R1.macs2_peak_952,Chr1,89502422,89503739,89503080.5,+,1318,122,23,108534
MafA_R1.macs2_peak_2036,Chr1,180096377,180096786,180096581.5,+,410,211,3,-12716
MafA_R1.macs2_peak_2306,Chr1,192437803,192438606,192438204.5,+,804,281,11,15323
MafA_R1.macs2_peak_1187,Chr1,120123210,120124050,120123630,+,841,106,13,69380
MafA_R1.macs2_peak_1575,Chr1,153407753,153408090,153407921.5,+,338,106,5,17539
MafA_R1.macs2_peak_1578,Chr1,153536689,153537556,153537122.5,+,868,109,7,-3898
MafA_R1.macs2_peak_793,Chr1,80497525,80498180,80497852.5,+,656,109,8,74203
MafA_R1.macs2_peak_1591,Chr1,154692321,154693125,154692723,+,805,173,6,-91057
MafA_R1.macs2_peak_751,Chr1,78298850,78299600,78299225,+,751,120,1,12242
MafA_R1.macs2_peak_1447,Chr1,136645579,136646199,136645889,+,621,105,6,21940
MafA_R1.macs2_peak_146,Chr1,32213833,32214284,32214058.5,+,452,105,1,2255
MafA_R1.macs2_peak_1891,Chr1,170297354,170297767,170297560.5,+,414,105,3,87119
MafA_R1.macs2_peak_195,Chr1,35239751,35240952,35240351.5,+,1202,105,11,351281
MafA_R1.macs2_peak_635,Chr1,67679452,67680086,67679769,+,635,105,13,517583
MafA_R1.macs2_peak_286,Chr1,39981987,39982600,39982293.5,+,614,85,2,42220
MafA_R1.macs2_peak_914,Chr1,88467505,88468145,88467825,+,641,85,1,-11414
MafA_R1.macs2_peak_2332,Chr1,193186232,193186751,193186491.5,+,520,134,7,3347
MafA_R1.macs2_peak_339,Chr1,44590519,44591703,44591111,+,1185,234,12,280
MafA_R1.macs2_peak_2110,Chr1,183086290,183087158,183086724,+,869,88,2,-8496
MafA_R1.macs2_peak_1916,Chr1,171297765,171298492,171298128.5,+,728,77,9,-32918
MafA_R1.macs2_peak_2234,Chr1,189888163,189888775,189888469,+,613,149,2,13243
MafA_R1.macs2_peak_1973,Chr1,175902925,175903187,175903056,+,263,76,1,138452
MafA_R1.macs2_peak_1327,Chr1,132245887,132247469,132246678,+,1583,195,4,2815
MafA_R1.macs2_peak_1485,Chr1,140988537,140989074,140988805.5,+,538,79,2,-404665
MafA_R1.macs2_peak_637,Chr1,68759928,68760261,68760094.5,+,334,79,5,387124
MafA_R1.macs2_peak_785,Chr1,80198796,80199414,80199105,+,619,82,1,-7444
MafA_R1.macs2_peak_1421,Chr1,135472514,135472981,135472747.5,+,468,86,1,40346
MafA_R1.macs2_peak_1069,Chr1,93563662,93564396,93564029,+,735,390,4,-580
MafA_R1.macs2_peak_1529,Chr1,150556686,150557355,150557020.5,+,670,93,1,-215104
MafA_R1.macs2_peak_2284,Chr1,191889687,191890418,191890052.5,+,732,116,8,16967
MafA_R1.macs2_peak_1436,Chr1,136187848,136188731,136188289.5,+,884,119,1,375
MafA_R1.macs2_peak_794,Chr1,80542353,80542788,80542570.5,+,436,78,1,100499
MafA_R1.macs2_peak_2305,Chr1,192435183,192436521,192435852,+,1339,146,16,17675
MafA_R1.macs2_peak_1002,Chr1,90824433,90824905,90824669,+,473,82,2,-18153
MafA_R1.macs2_peak_1148,Chr1,107777001,107777338,107777169.5,+,338,82,1,-67820
MafA_R1.macs2_peak_1317,Chr1,131364357,131364996,131364676.5,+,640,82,1,90423
MafA_R1.macs2_peak_573,Chr1,64452035,64452297,64452166,+,263,82,1,-119797
MafA_R1.macs2_peak_341,Chr1,44609609,44609878,44609743.5,+,270,78,1,18912
MafA_R1.macs2_peak_1874,Chr1,169352938,169353354,169353146,+,417,111,11,5887
MafA_R1.macs2_peak_640,Chr1,68931453,68932129,68931791,+,677,126,6,215427
MafA_R1.macs2_peak_2172,Chr1,185473335,185474144,185473739.5,+,810,141,2,204206
MafA_R1.macs2_peak_3,Chr1,3430899,3432375,3431637,+,1477,141,2,310084
MafA_R1.macs2_peak_1115,Chr1,105833731,105834559,105834145,+,829,172,1,83867
MafA_R1.macs2_peak_288,Chr1,40263840,40265409,40264624.5,+,1570,172,1,384
MafA_R1.macs2_peak_673,Chr1,72493594,72494577,72494085.5,+,984,172,4,82233
MafA_R1.macs2_peak_1,Chr1,3273967,3274603,3274285,+,637,70,1,467436
MafA_R1.macs2_peak_1161,Chr1,114700442,114700725,114700583.5,+,284,70,1,-911884
MafA_R1.macs2_peak_1454,Chr1,137401648,137402342,137401995,+,695,70,2,-492198
MafA_R1.macs2_peak_1486,Chr1,141011933,141012424,141012178.5,+,492,70,2,-428038
MafA_R1.macs2_peak_503,Chr1,61227074,61227327,61227200.5,+,254,70,3,-190391
MafA_R1.macs2_peak_504,Chr1,61247466,61248159,61247812.5,+,694,70,4,-169779
MafA_R1.macs2_peak_904,Chr1,88068152,88068613,88068382.5,+,462,70,3,5851
MafA_R1.macs2_peak_940,Chr1,89291932,89293190,89292561,+,1259,327,6,41294
MafA_R1.macs2_peak_2296,Chr1,192204576,192205658,192205117,+,1083,216,1,248410
MafA_R1.macs2_peak_2257,Chr1,191009561,191010515,191010038,+,955,181,2,40290
MafA_R1.macs2_peak_1786,Chr1,165022164,165023130,165022647,+,967,158,1,-640
MafA_R1.macs2_peak_1015,Chr1,91228941,91229536,91229238.5,+,596,154,1,3178
MafA_R1.macs2_peak_1582,Chr1,153775159,153775951,153775555,+,793,319,8,-117
MafA_R1.macs2_peak_1768,Chr1,164726482,164726806,164726644,+,325,288,1,35954
MafA_R1.macs2_peak_471,Chr1,59465938,59466385,59466161.5,+,448,69,1,-55145
MafA_R1.macs2_peak_1901,Chr1,170728617,170729287,170728952,+,671,123,7,11558
MafA_R1.macs2_peak_506,Chr1,61273028,61274540,61273784,+,1513,119,2,-143807
MafA_R1.macs2_peak_721,Chr1,75303539,75303930,75303734.5,+,392,119,3,-9453
MafA_R1.macs2_peak_2350,Chr1,194164544,194164790,194164667,+,247,107,3,-137470
MafA_R1.macs2_peak_2291,Chr1,192146601,192147729,192147165,+,1129,148,1,274080
MafA_R1.macs2_peak_1366,Chr1,133614556,133615221,133614888.5,+,666,133,1,2866
MafA_R1.macs2_peak_2167,Chr1,185067627,185068172,185067899.5,+,546,133,17,3543
MafA_R1.macs2_peak_1439,Chr1,136465934,136466474,136466204,+,541,92,1,70618
MafA_R1.macs2_peak_1314,Chr1,131312038,131312679,131312358.5,+,642,71,1,-105057
MafA_R1.macs2_peak_1147,Chr1,107710402,107711406,107710904,+,1005,118,4,-134085
MafA_R1.macs2_peak_1761,Chr1,164082692,164083211,164082951.5,+,520,118,20,6336
MafA_R1.macs2_peak_1398,Chr1,134594218,134594506,134594362,+,289,88,3,20012
MafA_R1.macs2_peak_767,Chr1,78982932,78983399,78983165.5,+,468,88,3,188537
MafA_R1.macs2_peak_889,Chr1,86963491,86963887,86963689,+,397,102,1,53961
MafA_R1.macs2_peak_260,Chr1,38899117,38899894,38899505.5,+,778,74,2,-23737
MafA_R1.macs2_peak_678,Chr1,72645199,72645491,72645345,+,293,74,1,22935
MafA_R1.macs2_peak_1422,Chr1,135473790,135474288,135474039,+,499,87,8,39054
MafA_R1.macs2_peak_1443,Chr1,136511979,136512245,136512112,+,267,87,3,-40527
MafA_R1.macs2_peak_155,Chr1,32728170,32728488,32728329,+,319,87,1,-141955
MafA_R1.macs2_peak_345,Chr1,45712196,45712455,45712325.5,+,260,87,1,-122001
MafA_R1.macs2_peak_424,Chr1,55484295,55485229,55484762,+,935,87,4,39657
MafA_R1.macs2_peak_78,Chr1,15680225,15681137,15680681,+,913,87,3,-195189
MafA_R1.macs2_peak_466,Chr1,59415102,59416205,59415653.5,+,1104,171,7,-105653
MafA_R1.macs2_peak_2121,Chr1,183390845,183391386,183391115.5,+,542,66,1,-90059
MafA_R1.macs2_peak_2327,Chr1,193041399,193042113,193041756,+,715,73,17,10834
MafA_R1.macs2_peak_2352,Chr1,194341589,194342019,194341804,+,431,73,2,39667
MafA_R1.macs2_peak_991,Chr1,90330602,90331277,90330939.5,+,676,73,4,199237
MafA_R1.macs2_peak_2195,Chr1,187184343,187184944,187184643.5,+,602,76,2,-156560
MafA_R1.macs2_peak_1910,Chr1,171188529,171189130,171188829.5,+,602,256,4,-463
MafA_R1.macs2_peak_730,Chr1,75443983,75444377,75444180,+,395,122,3,11935
MafA_R1.macs2_peak_2230,Chr1,189523701,189524183,189523942,+,483,66,1,63477
MafA_R1.macs2_peak_469,Chr1,59436380,59436787,59436583.5,+,408,79,15,-84723
MafA_R1.macs2_peak_1978,Chr1,176116742,176117191,176116966.5,+,450,125,2,-14088
MafA_R1.macs2_peak_29,Chr1,9359854,9360396,9360125,+,543,125,1,9977
MafA_R1.macs2_peak_630,Chr1,67003616,67004265,67003940.5,+,650,99,2,-19725
MafA_R1.macs2_peak_676,Chr1,72526671,72527001,72526836,+,331,68,1,49482
MafA_R1.macs2_peak_2294,Chr1,192172144,192173040,192172592,+,897,110,1,280935
MafA_R1.macs2_peak_467,Chr1,59430806,59431339,59431072.5,+,534,110,18,-90234
MafA_R1.macs2_peak_898,Chr1,87786284,87787064,87786674,+,781,95,4,-4653
MafA_R1.macs2_peak_1574,Chr1,153391121,153391642,153391381.5,+,522,61,4,-27975
MafA_R1.macs2_peak_1864,Chr1,168905830,168906083,168905956.5,+,254,61,1,-59298
MafA_R1.macs2_peak_315,Chr1,41984263,41985035,41984649,+,773,61,7,749336
MafA_R1.macs2_peak_808,Chr1,81244192,81245072,81244632,+,881,61,13,189510
MafA_R1.macs2_peak_533,Chr1,63419628,63420934,63420281,+,1307,258,1,-64769
MafA_R1.macs2_peak_1429,Chr1,135626897,135627543,135627220,+,647,148,2,-20581
MafA_R1.macs2_peak_1408,Chr1,135176043,135176788,135176415.5,+,746,94,6,9795
MafA_R1.macs2_peak_269,Chr1,39235473,39235892,39235682.5,+,420,94,1,2329
MafA_R1.macs2_peak_729,Chr1,75434727,75435218,75434972.5,+,492,94,1,7818
MafA_R1.macs2_peak_1424,Chr1,135563921,135564433,135564177,+,513,67,3,38663
MafA_R1.macs2_peak_1359,Chr1,133194872,133196029,133195450.5,+,1158,87,1,2096
MafA_R1.macs2_peak_645,Chr1,70121554,70122046,70121800,+,493,132,6,131026
MafA_R1.macs2_peak_2243,Chr1,190722161,190722478,190722319.5,+,318,73,1,-10826
MafA_R1.macs2_peak_2249,Chr1,190852870,190853411,190853140.5,+,542,73,6,22529
MafA_R1.macs2_peak_1449,Chr1,136696469,136697383,136696926,+,915,171,3,72977
MafA_R1.macs2_peak_1362,Chr1,133237556,133237980,133237768,+,425,189,1,207
MafA_R1.macs2_peak_671,Chr1,72411322,72412131,72411726.5,+,810,211,3,65146
MafA_R1.macs2_peak_1581,Chr1,153638921,153639273,153639097,+,353,60,6,13925
MafA_R1.macs2_peak_1000,Chr1,90660722,90661109,90660915.5,+,388,79,2,110778
MafA_R1.macs2_peak_174,Chr1,34112806,34113106,34112956,+,301,79,1,-43484
MafA_R1.macs2_peak_80,Chr1,15733766,15734348,15734057,+,583,79,1,-141813
MafA_R1.macs2_peak_370,Chr1,51828435,51828942,51828688.5,+,508,69,5,126449
MafA_R1.macs2_peak_62,Chr1,13631626,13632248,13631937,+,623,117,4,28197
MafA_R1.macs2_peak_1018,Chr1,91379248,91379793,91379520.5,+,546,103,2,7530
MafA_R1.macs2_peak_1908,Chr1,171085003,171085463,171085233,+,461,103,4,7535
MafA_R1.macs2_peak_1914,Chr1,171250228,171250748,171250488,+,521,69,4,3887
MafA_R1.macs2_peak_1992,Chr1,176674583,176674912,176674747.5,+,330,69,2,-11048
MafA_R1.macs2_peak_756,Chr1,78401728,78402041,78401884.5,+,314,69,1,63650
MafA_R1.macs2_peak_2140,Chr1,183765627,183766976,183766301.5,+,1350,497,1,-106
MafA_R1.macs2_peak_1151,Chr1,107844507,107845225,107844866,+,719,65,1,-123
MafA_R1.macs2_peak_945,Chr1,89395097,89395481,89395289,+,385,95,2,12756
MafA_R1.macs2_peak_1149,Chr1,107828601,107828896,107828748.5,+,296,59,2,-16241
MafA_R1.macs2_peak_652,Chr1,71692005,71692425,71692215,+,421,102,2,178
MafA_R1.macs2_peak_365,Chr1,51553343,51553978,51553660.5,+,636,71,1,-36102
MafA_R1.macs2_peak_1152,Chr1,108109826,108110085,108109955.5,+,260,91,1,264966
MafA_R1.macs2_peak_180,Chr1,34221665,34222709,34222187,+,1045,267,12,22846
MafA_R1.macs2_peak_1425,Chr1,135582871,135583165,135583018,+,295,61,5,57504
MafA_R1.macs2_peak_1433,Chr1,136010634,136011245,136010939.5,+,612,64,3,30390
MafA_R1.macs2_peak_2279,Chr1,191853781,191854165,191853973,+,385,64,12,-19384
MafA_R1.macs2_peak_240,Chr1,37569394,37570345,37569869.5,+,952,64,1,5616
MafA_R1.macs2_peak_227,Chr1,37311786,37312937,37312361.5,+,1152,148,2,-26558
MafA_R1.macs2_peak_1345,Chr1,132778992,132779528,132779260,+,537,64,1,-28833
MafA_R1.macs2_peak_1605,Chr1,155452143,155452576,155452359.5,+,434,86,3,18493
MafA_R1.macs2_peak_462,Chr1,59354250,59354831,59354540.5,+,582,86,2,58475
MafA_R1.macs2_peak_639,Chr1,68904177,68905146,68904661.5,+,970,86,7,242557
MafA_R1.macs2_peak_1607,Chr1,155481361,155482075,155481718,+,715,80,2,47852
MafA_R1.macs2_peak_948,Chr1,89468806,89469465,89469135.5,+,660,80,3,86602
MafA_R1.macs2_peak_2265,Chr1,191167522,191168155,191167838.5,+,634,172,4,29407
MafA_R1.macs2_peak_2218,Chr1,188617239,188618159,188617699,+,921,109,1,122338
MafA_R1.macs2_peak_2245,Chr1,190757956,190758863,190758409.5,+,908,444,3,-22
MafA_R1.macs2_peak_330,Chr1,43397615,43398111,43397863,+,497,76,1,-87048
MafA_R1.macs2_peak_810,Chr1,81488494,81488756,81488625,+,263,76,1,433503
MafA_R1.macs2_peak_2328,Chr1,193043337,193043583,193043460,+,247,123,1,9130
MafA_R1.macs2_peak_1372,Chr1,133782703,133783418,133783060.5,+,716,133,5,51851
MafA_R1.macs2_peak_2077,Chr1,182288222,182289747,182288984.5,+,1526,133,6,52252
MafA_R1.macs2_peak_633,Chr1,67076159,67076672,67076415.5,+,514,82,5,1578
MafA_R1.macs2_peak_1888,Chr1,169983118,169983482,169983300,+,365,59,21,19233
MafA_R1.macs2_peak_1188,Chr1,120124881,120125332,120125106.5,+,452,72,4,67904
MafA_R1.macs2_peak_624,Chr1,66858790,66859752,66859271,+,963,142,5,-2517
MafA_R1.macs2_peak_773,Chr1,79392940,79393278,79393109,+,339,62,12,24634
MafA_R1.macs2_peak_949,Chr1,89470152,89470500,89470326,+,349,62,3,87793
MafA_R1.macs2_peak_220,Chr1,36916124,36916600,36916362,+,477,56,1,62246
MafA_R1.macs2_peak_2267,Chr1,191260113,191260597,191260355,+,485,71,2,47301
MafA_R1.macs2_peak_430,Chr1,56872181,56872812,56872496.5,+,632,71,1,137997
MafA_R1.macs2_peak_505,Chr1,61272356,61272635,61272495.5,+,280,71,1,-145096
MafA_R1.macs2_peak_924,Chr1,88775389,88775894,88775641.5,+,506,71,1,93029
MafA_R1.macs2_peak_944,Chr1,89391149,89391428,89391288.5,+,280,94,1,8755
MafA_R1.macs2_peak_2290,Chr1,192132071,192132618,192132344.5,+,548,117,1,259259
MafA_R1.macs2_peak_35,Chr1,10078967,10079608,10079287.5,+,642,117,3,74
MafA_R1.macs2_peak_1203,Chr1,121242816,121243369,121243092.5,+,554,52,5,12315
MafA_R1.macs2_peak_2136,Chr1,183727779,183729008,183728393.5,+,1230,52,5,37802
MafA_R1.macs2_peak_617,Chr1,66589778,66590025,66589901.5,+,248,52,2,82808
MafA_R1.macs2_peak_657,Chr1,72202688,72203215,72202951.5,+,528,52,21,48515
MafA_R1.macs2_peak_53,Chr1,13120644,13121010,13120827,+,367,64,1,-59468
MafA_R1.macs2_peak_896,Chr1,87419813,87420186,87419999.5,+,374,83,1,18085
MafA_R1.macs2_peak_2137,Chr1,183729543,183729813,183729678,+,271,52,4,36517
MafA_R1.macs2_peak_1021,Chr1,91417900,91418515,91418207.5,+,616,125,5,-4183
MafA_R1.macs2_peak_2162,Chr1,184523158,184523457,184523307.5,+,300,60,8,20190
MafA_R1.macs2_peak_340,Chr1,44607256,44607671,44607463.5,+,416,60,2,16632
MafA_R1.macs2_peak_493,Chr1,60921812,60922086,60921949,+,275,60,8,-26235
MafA_R1.macs2_peak_903,Chr1,88065735,88065991,88065863,+,257,60,13,3332
MafA_R1.macs2_peak_723,Chr1,75319487,75319906,75319696.5,+,420,63,1,-17240
MafA_R1.macs2_peak_2320,Chr1,192766613,192766965,192766789,+,353,76,6,45502
MafA_R1.macs2_peak_463,Chr1,59355236,59356336,59355786,+,1101,158,1,59721
MafA_R1.macs2_peak_1284,Chr1,128580508,128581248,128580878,+,741,79,9,-60842
MafA_R1.macs2_peak_316,Chr1,42662857,42663466,42663161.5,+,610,57,6,70824
MafA_R1.macs2_peak_998,Chr1,90646225,90646500,90646362.5,+,276,107,3,115215
MafA_R1.macs2_peak_899,Chr1,87826209,87826486,87826347.5,+,278,63,1,-44326
MafA_R1.macs2_peak_2315,Chr1,192670246,192670739,192670492.5,+,494,72,5,47591
MafA_R1.macs2_peak_1137,Chr1,106592941,106593377,106593159,+,437,53,1,48861
MafA_R1.macs2_peak_2326,Chr1,193009626,193010004,193009815,+,379,87,1,25264
MafA_R1.macs2_peak_1192,Chr1,120208924,120209218,120209071,+,295,56,5,-10259
MafA_R1.macs2_peak_1763,Chr1,164174526,164174888,164174707,+,363,56,1,39466
MafA_R1.macs2_peak_1991,Chr1,176667768,176668016,176667892,+,249,56,4,-4193
MafA_R1.macs2_peak_496,Chr1,61000073,61000692,61000382.5,+,620,56,1,-16691
MafA_R1.macs2_peak_662,Chr1,72257603,72259260,72258431.5,+,1658,142,1,-6958
MafA_R1.macs2_peak_2286,Chr1,192029211,192029476,192029343.5,+,266,53,7,156258
MafA_R1.macs2_peak_1110,Chr1,105220993,105221752,105221372.5,+,760,68,6,-62360
MafA_R1.macs2_peak_2045,Chr1,180255513,180256029,180255771,+,517,68,3,55298
MafA_R1.macs2_peak_1417,Chr1,135442792,135443698,135443245,+,907,116,4,-60824
MafA_R1.macs2_peak_1402,Chr1,134656841,134657497,134657169,+,657,86,3,20131
MafA_R1.macs2_peak_964,Chr1,89618603,89619104,89618853.5,+,502,71,1,-7239
MafA_R1.macs2_peak_498,Chr1,61030635,61031568,61031101.5,+,934,76,1,14028
MafA_R1.macs2_peak_1871,Chr1,169312911,169313326,169313118.5,+,416,63,2,45915
MafA_R1.macs2_peak_2188,Chr1,186869561,186870102,186869831.5,+,542,63,1,12496
MafA_R1.macs2_peak_355,Chr1,46924001,46924636,46924318.5,+,636,63,1,-31540
MafA_R1.macs2_peak_620,Chr1,66829176,66829689,66829432.5,+,514,63,1,18521
MafA_R1.macs2_peak_188,Chr1,34550313,34550721,34550517,+,409,60,2,13024
MafA_R1.macs2_peak_2033,Chr1,180073635,180073931,180073783,+,297,60,2,-268
MafA_R1.macs2_peak_310,Chr1,41429702,41430196,41429949,+,495,60,1,-209537
MafA_R1.macs2_peak_2214,Chr1,188407212,188407895,188407553.5,+,684,54,1,332484
MafA_R1.macs2_peak_148,Chr1,32305154,32305612,32305383,+,459,72,11,93580
MafA_R1.macs2_peak_1912,Chr1,171209236,171209740,171209488,+,505,57,3,-7040
MafA_R1.macs2_peak_372,Chr1,52035349,52036588,52035968.5,+,1240,84,5,9661
MafA_R1.macs2_peak_1414,Chr1,135296173,135296923,135296548,+,751,143,7,6253
MafA_R1.macs2_peak_1956,Chr1,175155661,175156020,175155840.5,+,360,56,3,164271
MafA_R1.macs2_peak_1412,Chr1,135268363,135268643,135268503,+,281,48,3,15952
MafA_R1.macs2_peak_1882,Chr1,169675100,169675431,169675265.5,+,332,68,4,-81243
MafA_R1.macs2_peak_799,Chr1,80779445,80780318,80779881.5,+,874,71,14,-43611
MafA_R1.macs2_peak_2325,Chr1,192855342,192856040,192855691,+,699,267,3,-86
MafA_R1.macs2_peak_1334,Chr1,132359460,132360144,132359802,+,685,80,8,14611
MafA_R1.macs2_peak_2316,Chr1,192705300,192705556,192705428,+,257,50,1,12655
MafA_R1.macs2_peak_877,Chr1,86274756,86275265,86275010.5,+,510,50,1,3997
MafA_R1.macs2_peak_798,Chr1,80725962,80726881,80726421.5,+,920,111,1,9849
MafA_R1.macs2_peak_1535,Chr1,151041228,151042271,151041749.5,+,1044,76,1,27964
MafA_R1.macs2_peak_598,Chr1,65718134,65718611,65718372.5,+,478,64,10,-247309
MafA_R1.macs2_peak_1951,Chr1,175026631,175027049,175026840,+,419,52,10,-277455
MafA_R1.macs2_peak_681,Chr1,72710046,72710686,72710366,+,641,79,2,29357
MafA_R1.macs2_peak_1355,Chr1,133160687,133160956,133160821.5,+,270,55,3,-13014
MafA_R1.macs2_peak_1781,Chr1,164936297,164937443,164936870,+,1147,169,2,-17371
MafA_R1.macs2_peak_1896,Chr1,170634295,170634591,170634443,+,297,49,4,60897
MafA_R1.macs2_peak_1156,Chr1,110410982,110411602,110411292,+,621,44,10,494031
MafA_R1.macs2_peak_1304,Chr1,130731480,130731744,130731612,+,265,44,1,2973
MafA_R1.macs2_peak_1938,Chr1,172748124,172748734,172748429,+,611,44,1,-25808
MafA_R1.macs2_peak_473,Chr1,59538352,59538656,59538504,+,305,44,4,-16919
MafA_R1.macs2_peak_638,Chr1,68834181,68834632,68834406.5,+,452,44,3,312812
MafA_R1.macs2_peak_1597,Chr1,154954285,154954605,154954445,+,321,97,3,4565
MafA_R1.macs2_peak_1006,Chr1,90890473,90890988,90890730.5,+,516,87,2,4659
MafA_R1.macs2_peak_89,Chr1,20205475,20205864,20205669.5,+,390,44,1,-221009
MafA_R1.macs2_peak_2128,Chr1,183487046,183487537,183487291.5,+,492,57,9,6117
MafA_R1.macs2_peak_1381,Chr1,134020464,134021643,134021053.5,+,1180,154,4,-14160
MafA_R1.macs2_peak_1547,Chr1,151561526,151562316,151561921,+,791,68,1,68557
MafA_R1.macs2_peak_2329,Chr1,193046061,193046481,193046271,+,421,51,1,6319
MafA_R1.macs2_peak_558,Chr1,64105775,64106614,64106194.5,+,840,104,3,-24534
MafA_R1.macs2_peak_1536,Chr1,151053118,151053844,151053481,+,727,48,2,39696
MafA_R1.macs2_peak_1569,Chr1,153168060,153168372,153168216,+,313,48,3,40316
MafA_R1.macs2_peak_1601,Chr1,155022606,155023078,155022842,+,473,48,5,-282
MafA_R1.macs2_peak_175,Chr1,34144467,34144728,34144597.5,+,262,48,5,-11843
MafA_R1.macs2_peak_1893,Chr1,170364540,170364881,170364710.5,+,342,48,4,19969
MafA_R1.macs2_peak_2124,Chr1,183433133,183433439,183433286,+,307,48,5,-47888
MafA_R1.macs2_peak_2109,Chr1,183078310,183078829,183078569.5,+,520,342,1,-17
MafA_R1.macs2_peak_1539,Chr1,151336828,151337172,151337000,+,345,45,1,18856
MafA_R1.macs2_peak_602,Chr1,66254165,66254497,66254331,+,333,45,2,39843
MafA_R1.macs2_peak_2192,Chr1,187008242,187009022,187008632,+,781,64,1,60692
MafA_R1.macs2_peak_1293,Chr1,129795744,129796019,129795881.5,+,276,45,1,-554680
MafA_R1.macs2_peak_1947,Chr1,174619591,174620090,174619840.5,+,500,45,2,129545
MafA_R1.macs2_peak_570,Chr1,64334096,64334413,64334254.5,+,318,56,1,-173706
MafA_R1.macs2_peak_1339,Chr1,132695028,132695927,132695477.5,+,900,138,1,-25942
MafA_R1.macs2_peak_1890,Chr1,170220491,170220982,170220736.5,+,492,47,1,84348
MafA_R1.macs2_peak_1375,Chr1,133980886,133981401,133981143.5,+,516,52,2,16151
MafA_R1.macs2_peak_1418,Chr1,135446699,135446971,135446835,+,273,52,5,-64414
MafA_R1.macs2_peak_233,Chr1,37389417,37389797,37389607,+,381,52,1,-18691
MafA_R1.macs2_peak_1905,Chr1,171016984,171017253,171017118.5,+,270,81,1,6719
MafA_R1.macs2_peak_760,Chr1,78525572,78526006,78525789,+,435,64,3,38092
MafA_R1.macs2_peak_333,Chr1,43486686,43487203,43486944.5,+,518,90,10,2033
MafA_R1.macs2_peak_93,Chr1,21020417,21022328,21021372.5,+,1912,155,2,-478
MafA_R1.macs2_peak_1917,Chr1,171324954,171325256,171325105,+,303,72,10,-5941
MafA_R1.macs2_peak_427,Chr1,55528469,55528999,55528734,+,531,77,1,83629
MafA_R1.macs2_peak_1296,Chr1,129870762,129871992,129871377,+,1231,80,17,-479184
MafA_R1.macs2_peak_2260,Chr1,191058808,191060402,191059605,+,1595,190,2,1506
MafA_R1.macs2_peak_190,Chr1,34641209,34641602,34641405.5,+,394,41,1,22631
MafA_R1.macs2_peak_1866,Chr1,169175308,169175676,169175492,+,369,49,2,183541
MafA_R1.macs2_peak_1923,Chr1,171995056,171995336,171995196,+,281,49,1,19614
MafA_R1.macs2_peak_2317,Chr1,192706531,192707113,192706822,+,583,49,1,11261
MafA_R1.macs2_peak_1585,Chr1,153908190,153908700,153908445,+,511,97,3,132770
MafA_R1.macs2_peak_527,Chr1,62873512,62875590,62874551,+,2079,131,2,-40660
MafA_R1.macs2_peak_1858,Chr1,168259719,168259997,168259858,+,279,184,2,-120
MafA_R1.macs2_peak_302,Chr1,40567721,40568118,40567919.5,+,398,42,9,13397
MafA_R1.macs2_peak_1880,Chr1,169591475,169592297,169591886,+,823,78,6,-16675
MafA_R1.macs2_peak_2282,Chr1,191878367,191878812,191878589.5,+,446,48,1,5504
MafA_R1.macs2_peak_366,Chr1,51637376,51637622,51637499,+,247,40,4,-1622
MafA_R1.macs2_peak_1386,Chr1,134243759,134244436,134244097.5,+,678,45,6,16569
MafA_R1.macs2_peak_1066,Chr1,93270282,93271238,93270760,+,957,421,2,-250
MafA_R1.macs2_peak_1989,Chr1,176641284,176642608,176641946,+,1325,368,4,-280
MafA_R1.macs2_peak_1185,Chr1,120063843,120064594,120064218.5,+,752,90,6,15301
MafA_R1.macs2_peak_807,Chr1,81147036,81147487,81147261.5,+,452,82,1,92139
MafA_R1.macs2_peak_1150,Chr1,107842768,107843043,107842905.5,+,276,39,1,-2084
MafA_R1.macs2_peak_1329,Chr1,132254298,132255152,132254725,+,855,73,3,10862
MafA_R1.macs2_peak_1198,Chr1,120616626,120617279,120616952.5,+,654,65,1,86736
MafA_R1.macs2_peak_1594,Chr1,154898940,154899252,154899096,+,313,65,14,59914
MafA_R1.macs2_peak_1299,Chr1,130189297,130190102,130189699.5,+,806,56,5,-160862
MafA_R1.macs2_peak_2232,Chr1,189679524,189680273,189679898.5,+,750,56,3,-25410
MafA_R1.macs2_peak_32,Chr1,9919977,9920809,9920393,+,833,56,2,1887
MafA_R1.macs2_peak_947,Chr1,89453451,89453726,89453588.5,+,276,56,2,71055
MafA_R1.macs2_peak_1067,Chr1,93439408,93440062,93439735,+,655,160,1,-91
MafA_R1.macs2_peak_1512,Chr1,144966267,144966799,144966533,+,533,36,5,-315368
MafA_R1.macs2_peak_1604,Chr1,155450984,155451422,155451203,+,439,36,2,17337
MafA_R1.macs2_peak_693,Chr1,73518919,73519173,73519046,+,255,36,1,-72318
MafA_R1.macs2_peak_1899,Chr1,170690024,170690467,170690245.5,+,444,48,10,5095
MafA_R1.macs2_peak_2120,Chr1,183389434,183389723,183389578.5,+,290,48,2,-91596
MafA_R1.macs2_peak_225,Chr1,37116350,37116926,37116638,+,577,48,2,48244
MafA_R1.macs2_peak_2266,Chr1,191225761,191226222,191225991.5,+,462,48,2,-28830
MafA_R1.macs2_peak_1224,Chr1,124646198,124646489,124646343.5,+,292,40,8,-673047
MafA_R1.macs2_peak_1453,Chr1,137259455,137259767,137259611,+,313,40,3,-371425
MafA_R1.macs2_peak_1843,Chr1,167545676,167545954,167545815,+,279,40,1,28688
MafA_R1.macs2_peak_1930,Chr1,172343032,172343485,172343258.5,+,454,40,2,-5439
MafA_R1.macs2_peak_600,Chr1,66164447,66164697,66164572,+,251,40,4,-49916
MafA_R1.macs2_peak_780,Chr1,79449838,79450238,79450038,+,401,40,7,-32295
MafA_R1.macs2_peak_2264,Chr1,191129517,191129802,191129659.5,+,286,396,3,-421
MafA_R1.macs2_peak_1136,Chr1,106591622,106592291,106591956.5,+,670,45,2,50064
MafA_R1.macs2_peak_1913,Chr1,171238370,171239150,171238760,+,781,226,9,-121
MafA_R1.macs2_peak_1171,Chr1,118680268,118681140,118680704,+,873,35,19,125029
MafA_R1.macs2_peak_1135,Chr1,106518962,106519862,106519412,+,901,71,8,-45051
MafA_R1.macs2_peak_460,Chr1,59276543,59277241,59276892,+,699,191,5,-502
MafA_R1.macs2_peak_670,Chr1,72346241,72346968,72346604.5,+,728,154,1,24
MafA_R1.macs2_peak_1949,Chr1,174982955,174983800,174983377.5,+,846,35,15,-233992
MafA_R1.macs2_peak_443,Chr1,58320303,58320584,58320443.5,+,282,40,3,2958
MafA_R1.macs2_peak_1374,Chr1,133878053,133878355,133878204,+,303,50,5,-29065
MafA_R1.macs2_peak_1954,Chr1,175087281,175087975,175087628,+,695,50,8,232483
MafA_R1.macs2_peak_1200,Chr1,121050899,121051203,121051051,+,305,63,1,35917
MafA_R1.macs2_peak_1854,Chr1,168048604,168048987,168048795.5,+,384,84,3,210943
MafA_R1.macs2_peak_1442,Chr1,136497766,136498028,136497897,+,263,41,2,-54742
MafA_R1.macs2_peak_1361,Chr1,133234915,133235225,133235070,+,311,77,1,-2491
MafA_R1.macs2_peak_489,Chr1,60906469,60906805,60906637,+,337,38,1,-41547
MafA_R1.macs2_peak_1343,Chr1,132764747,132765001,132764874,+,255,66,6,-43219
MafA_R1.macs2_peak_2187,Chr1,186824708,186825307,186825007.5,+,600,66,1,31555
MafA_R1.macs2_peak_2254,Chr1,190965429,190965682,190965555.5,+,254,46,1,8904
MafA_R1.macs2_peak_1328,Chr1,132249606,132249954,132249780,+,349,56,1,5917
MafA_R1.macs2_peak_1423,Chr1,135543644,135544122,135543883,+,479,112,3,18369
MafA_R1.macs2_peak_1977,Chr1,175953092,175954026,175953559,+,935,112,14,87949
MafA_R1.macs2_peak_1853,Chr1,167991372,167991729,167991550.5,+,358,64,5,268188
MafA_R1.macs2_peak_1426,Chr1,135598020,135598283,135598151.5,+,264,68,5,-49650
MafA_R1.macs2_peak_1145,Chr1,107565843,107566703,107566273,+,861,58,8,48537
MafA_R1.macs2_peak_1579,Chr1,153551443,153551877,153551660,+,435,58,3,10241
MafA_R1.macs2_peak_1504,Chr1,144383450,144383729,144383589.5,+,280,33,5,59816
MafA_R1.macs2_peak_1320,Chr1,131454787,131455993,131455390,+,1207,330,2,-251
MafA_R1.macs2_peak_1922,Chr1,171989226,171989635,171989430.5,+,410,37,1,13848
MafA_R1.macs2_peak_534,Chr1,63442621,63442869,63442745,+,249,37,2,-42305
MafA_R1.macs2_peak_1548,Chr1,151591917,151592232,151592074.5,+,316,50,1,38404
MafA_R1.macs2_peak_425,Chr1,55511210,55511778,55511494,+,569,50,3,66389
MafA_R1.macs2_peak_586,Chr1,64889232,64889827,64889529.5,+,596,50,1,106454
MafA_R1.macs2_peak_783,Chr1,79617751,79618506,79618128.5,+,756,50,1,31561
MafA_R1.macs2_peak_1530,Chr1,150793848,150794334,150794091,+,487,86,2,75095
MafA_R1.macs2_peak_213,Chr1,36531129,36531674,36531401.5,+,546,65,1,-19547
MafA_R1.macs2_peak_2313,Chr1,192629164,192629888,192629526,+,725,33,1,88557
MafA_R1.macs2_peak_63,Chr1,13686008,13686725,13686366.5,+,718,77,2,-26232
MafA_R1.macs2_peak_1878,Chr1,169574963,169575697,169575330,+,735,143,3,-119
MafA_R1.macs2_peak_2035,Chr1,180083450,180084519,180083984.5,+,1070,210,4,-119
MafA_R1.macs2_peak_16,Chr1,6313146,6313698,6313422,+,553,32,1,28536
MafA_R1.macs2_peak_1373,Chr1,133839103,133839616,133839359.5,+,514,41,1,-3622
MafA_R1.macs2_peak_1863,Chr1,168879320,168879903,168879611.5,+,584,41,2,-32953
MafA_R1.macs2_peak_1982,Chr1,176255416,176255748,176255582,+,333,41,2,99253
MafA_R1.macs2_peak_521,Chr1,62300220,62300887,62300553.5,+,668,41,1,-125285
MafA_R1.macs2_peak_552,Chr1,63975325,63975869,63975597,+,545,41,4,-28289
MafA_R1.macs2_peak_1342,Chr1,132746971,132747943,132747457,+,973,56,5,-60636
MafA_R1.macs2_peak_2288,Chr1,192083152,192083822,192083487,+,671,69,3,210402
MafA_R1.macs2_peak_601,Chr1,66214008,66214673,66214340.5,+,666,166,8,-148
MafA_R1.macs2_peak_622,Chr1,66854723,66855969,66855346,+,1247,176,10,1408
MafA_R1.macs2_peak_210,Chr1,36318112,36318756,36318434,+,645,60,1,-5928
MafA_R1.macs2_peak_2256,Chr1,191007680,191008142,191007911,+,463,60,1,42417
MafA_R1.macs2_peak_2285,Chr1,192006890,192007485,192007187.5,+,596,38,9,134102
MafA_R1.macs2_peak_682,Chr1,72750032,72750589,72750310.5,+,558,126,1,-109
MafA_R1.macs2_peak_1451,Chr1,136973857,136974139,136973998,+,283,33,14,-85812
MafA_R1.macs2_peak_1476,Chr1,138994868,138995267,138995067.5,+,400,33,4,89672
MafA_R1.macs2_peak_2193,Chr1,187064406,187064659,187064532.5,+,254,33,3,116592
MafA_R1.macs2_peak_354,Chr1,46892819,46893468,46893143.5,+,650,218,3,-365
MafA_R1.macs2_peak_1944,Chr1,174350633,174351131,174350882,+,499,51,6,21491
MafA_R1.macs2_peak_507,Chr1,61337074,61337567,61337320.5,+,494,51,1,-80271
MafA_R1.macs2_peak_1939,Chr1,173141370,173141703,173141536.5,+,334,28,8,19534
MafA_R1.macs2_peak_1943,Chr1,173931166,173931748,173931457,+,583,28,10,4431
MafA_R1.macs2_peak_812,Chr1,81821884,81822203,81822043.5,+,320,28,1,-287588
MafA_R1.macs2_peak_902,Chr1,88036658,88037112,88036885,+,455,28,3,5906
MafA_R1.macs2_peak_1603,Chr1,155107486,155107739,155107612.5,+,254,44,1,12666
MafA_R1.macs2_peak_1593,Chr1,154831364,154832834,154832099,+,1471,111,16,126911
MafA_R1.macs2_peak_935,Chr1,89118256,89118551,89118403.5,+,296,32,1,120266
MafA_R1.macs2_peak_353,Chr1,46869121,46870137,46869629,+,1017,48,1,23149
MafA_R1.macs2_peak_1419,Chr1,135452370,135452971,135452670.5,+,602,39,8,60423
MafA_R1.macs2_peak_1994,Chr1,176757584,176758037,176757810.5,+,454,39,1,-94111
MafA_R1.macs2_peak_585,Chr1,64868612,64869119,64868865.5,+,508,39,2,-91956
MafA_R1.macs2_peak_988,Chr1,90195964,90196311,90196137.5,+,348,39,1,64435
MafA_R1.macs2_peak_554,Chr1,64033174,64033527,64033350.5,+,354,30,5,29464
MafA_R1.macs2_peak_2354,Chr1,194369122,194369417,194369269.5,+,296,36,1,67132
MafA_R1.macs2_peak_2196,Chr1,187266066,187266396,187266231,+,331,28,1,-74972
MafA_R1.macs2_peak_1431,Chr1,135680423,135680986,135680704.5,+,564,43,3,-13119
MafA_R1.macs2_peak_1589,Chr1,154058533,154059021,154058777,+,489,43,16,-18156
MafA_R1.macs2_peak_313,Chr1,41849903,41850282,41850092.5,+,380,43,1,-629680
MafA_R1.macs2_peak_584,Chr1,64859854,64860298,64860076,+,445,43,2,-83167
MafA_R1.macs2_peak_282,Chr1,39800814,39801553,39801183.5,+,740,60,1,-41034
MafA_R1.macs2_peak_1981,Chr1,176244933,176245377,176245155,+,445,30,1,109680
MafA_R1.macs2_peak_1428,Chr1,135625276,135625653,135625464.5,+,378,34,5,-22337
MafA_R1.macs2_peak_784,Chr1,79753864,79754248,79754056,+,385,93,5,321
MafA_R1.macs2_peak_607,Chr1,66279635,66279882,66279758.5,+,248,28,10,65270
MafA_R1.macs2_peak_594,Chr1,65218542,65219578,65219060,+,1037,145,4,-759
MafA_R1.macs2_peak_1456,Chr1,137469021,137469687,137469354,+,667,73,4,-424839
MafA_R1.macs2_peak_1886,Chr1,169745403,169745696,169745549.5,+,294,73,4,-10959
MafA_R1.macs2_peak_1206,Chr1,121467784,121468131,121467957.5,+,348,29,5,-11763
MafA_R1.macs2_peak_1925,Chr1,172034590,172034878,172034734,+,289,54,3,-363
MafA_R1.macs2_peak_357,Chr1,47230142,47230925,47230533.5,+,784,54,3,-265597
MafA_R1.macs2_peak_477,Chr1,60114002,60114504,60114253,+,503,54,2,22813
MafA_R1.macs2_peak_436,Chr1,57416773,57417326,57417049.5,+,554,201,10,270
MafA_R1.macs2_peak_2224,Chr1,188828286,188828701,188828493.5,+,416,29,1,-88456
MafA_R1.macs2_peak_2308,Chr1,192499519,192499815,192499667,+,297,29,1,17854
MafA_R1.macs2_peak_1510,Chr1,144691552,144691902,144691727,+,351,35,2,-40562
MafA_R1.macs2_peak_1929,Chr1,172309347,172309988,172309667.5,+,642,65,3,-113
MafA_R1.macs2_peak_272,Chr1,39479422,39479734,39479578,+,313,31,5,38250
MafA_R1.macs2_peak_1869,Chr1,169286921,169287317,169287119,+,397,35,9,71914
MafA_R1.macs2_peak_71,Chr1,14576750,14577110,14576930,+,361,35,1,-196507
MafA_R1.macs2_peak_737,Chr1,76621339,76622216,76621777.5,+,878,35,4,135580
MafA_R1.macs2_peak_1903,Chr1,170923655,170924315,170923985,+,661,76,9,-25245
MafA_R1.macs2_peak_1565,Chr1,152933349,152933786,152933567.5,+,438,45,4,102720
MafA_R1.macs2_peak_1572,Chr1,153262245,153262565,153262405,+,321,45,5,27574
MafA_R1.macs2_peak_870,Chr1,85909695,85910096,85909895.5,+,402,45,4,-21118
MafA_R1.macs2_peak_1673,Chr1,158482004,158482268,158482136,+,265,99,9,148941
MafA_R1.macs2_peak_1934,Chr1,172460223,172460701,172460462,+,479,210,5,79
MafA_R1.macs2_peak_934,Chr1,89092372,89092814,89092593,+,443,47,2,94456
MafA_R1.macs2_peak_1958,Chr1,175254615,175255355,175254985,+,741,56,9,65126
MafA_R1.macs2_peak_656,Chr1,72162562,72163961,72163261.5,+,1400,56,2,88205
MafA_R1.macs2_peak_1190,Chr1,120168130,120168560,120168345,+,431,31,3,24665
MafA_R1.macs2_peak_1332,Chr1,132317731,132318434,132318082.5,+,704,118,2,-26
MafA_R1.macs2_peak_1189,Chr1,120164088,120164402,120164245,+,315,27,3,28765
MafA_R1.macs2_peak_1855,Chr1,168146111,168146949,168146530,+,839,59,12,113208
MafA_R1.macs2_peak_1941,Chr1,173407429,173408068,173407748.5,+,640,48,2,19090
MafA_R1.macs2_peak_1403,Chr1,134699338,134699644,134699491,+,307,37,2,32089
MafA_R1.macs2_peak_149,Chr1,32326033,32326295,32326164,+,263,37,2,114361
MafA_R1.macs2_peak_1546,Chr1,151490511,151490898,151490704.5,+,388,37,1,43580
MafA_R1.macs2_peak_312,Chr1,41650595,41651063,41650829,+,469,37,10,-430417
MafA_R1.macs2_peak_491,Chr1,60914601,60915156,60914878.5,+,556,37,5,-33306
MafA_R1.macs2_peak_2268,Chr1,191307847,191308125,191307986,+,279,248,4,238
MafA_R1.macs2_peak_1325,Chr1,132116505,132116908,132116706.5,+,404,26,1,-2468
MafA_R1.macs2_peak_1445,Chr1,136528889,136529379,136529134,+,491,26,2,-23505
MafA_R1.macs2_peak_1586,Chr1,153991775,153992300,153992037.5,+,526,26,3,-84896
MafA_R1.macs2_peak_1755,Chr1,163836742,163837206,163836974,+,465,26,1,14516
MafA_R1.macs2_peak_433,Chr1,57307225,57307501,57307363,+,277,26,1,-53208
MafA_R1.macs2_peak_1286,Chr1,128760316,128760730,128760523,+,415,38,1,-240487
MafA_R1.macs2_peak_1537,Chr1,151219719,151220112,151219915.5,+,394,143,1,-322
MafA_R1.macs2_peak_875,Chr1,86107577,86107849,86107713,+,273,34,1,25211
MafA_R1.macs2_peak_1849,Chr1,167875403,167875933,167875668,+,531,28,1,358541
MafA_R1.macs2_peak_1204,Chr1,121272129,121272522,121272325.5,+,394,28,3,-12007
MafA_R1.macs2_peak_1311,Chr1,131172914,131173172,131173043,+,259,134,2,-128
MafA_R1.macs2_peak_1777,Chr1,164905410,164905739,164905574.5,+,330,27,1,13925
MafA_R1.macs2_peak_266,Chr1,39046186,39046565,39046375.5,+,380,50,1,19480
MafA_R1.macs2_peak_417,Chr1,54901620,54902085,54901852.5,+,466,50,6,63694
MafA_R1.macs2_peak_593,Chr1,65217318,65218261,65217789.5,+,944,187,5,512
MafA_R1.macs2_peak_222,Chr1,36978733,36978983,36978858,+,251,353,5,-250
MafA_R1.macs2_peak_54,Chr1,13139734,13140105,13139919.5,+,372,25,2,57468
MafA_R1.macs2_peak_561,Chr1,64145094,64145502,64145298,+,409,39,3,15250
MafA_R1.macs2_peak_27,Chr1,7467904,7468753,7468328.5,+,850,282,1,309184
MafA_R1.macs2_peak_1207,Chr1,121518715,121519136,121518925.5,+,422,23,4,-23216
MafA_R1.macs2_peak_1872,Chr1,169323171,169323500,169323335.5,+,330,23,2,35698
MafA_R1.macs2_peak_1859,Chr1,168520627,168520877,168520752,+,251,21,3,202540
MafA_R1.macs2_peak_22,Chr1,6914416,6914673,6914544.5,+,258,21,1,114269
MafA_R1.macs2_peak_2314,Chr1,192650128,192650419,192650273.5,+,292,21,1,67810
MafA_R1.macs2_peak_766,Chr1,78890564,78890862,78890713,+,299,21,3,96085
MafA_R1.macs2_peak_938,Chr1,89250259,89250617,89250438,+,359,21,7,83417
MafA_R1.macs2_peak_905,Chr1,88203908,88205432,88204670,+,1525,787,1,609
MafA_R1.macs2_peak_651,Chr1,71596346,71596636,71596491,+,291,97,1,176
MafA_R1.macs2_peak_2217,Chr1,188597812,188598121,188597966.5,+,310,23,2,142071
MafA_R1.macs2_peak_1382,Chr1,134047945,134048372,134048158.5,+,428,53,7,9178
MafA_R1.macs2_peak_1168,Chr1,118422433,118423037,118422735,+,605,28,1,-35740
MafA_R1.macs2_peak_535,Chr1,63453649,63454302,63453975.5,+,654,28,3,-31075
MafA_R1.macs2_peak_603,Chr1,66262365,66262711,66262538,+,347,28,2,48050
MafA_R1.macs2_peak_628,Chr1,66926146,66926475,66926310.5,+,330,28,7,-23842
MafA_R1.macs2_peak_34,Chr1,10077405,10077739,10077572,+,335,30,1,1789
MafA_R1.macs2_peak_495,Chr1,60993991,60994285,60994138,+,295,30,1,-22935
MafA_R1.macs2_peak_2184,Chr1,186711644,186712049,186711846.5,+,406,42,2,12233
MafA_R1.macs2_peak_189,Chr1,34618099,34618620,34618359.5,+,522,58,7,-415
MafA_R1.macs2_peak_776,Chr1,79417460,79418353,79417906.5,+,894,138,5,-163
MafA_R1.macs2_peak_731,Chr1,75463032,75463657,75463344.5,+,626,37,1,7168
MafA_R1.macs2_peak_1392,Chr1,134422409,134422874,134422641.5,+,466,198,3,264
MafA_R1.macs2_peak_1915,Chr1,171264587,171264923,171264755,+,337,85,1,135
MafA_R1.macs2_peak_1180,Chr1,119432217,119432465,119432341,+,249,115,1,171
MafA_R1.macs2_peak_1014,Chr1,91109935,91110242,91110088.5,+,308,47,2,2544
MafA_R1.macs2_peak_1283,Chr1,128550848,128551128,128550988,+,281,31,1,-30952
MafA_R1.macs2_peak_1399,Chr1,134601853,134602466,134602159.5,+,614,31,11,27809
MafA_R1.macs2_peak_1483,Chr1,140667875,140668345,140668110,+,471,31,1,-83970
MafA_R1.macs2_peak_2258,Chr1,191033835,191034114,191033974.5,+,280,31,2,16354
MafA_R1.macs2_peak_1587,Chr1,153994030,153994360,153994195,+,331,59,1,-82738
MafA_R1.macs2_peak_1351,Chr1,133109112,133109488,133109300,+,377,222,1,50396
MafA_R1.macs2_peak_1928,Chr1,172139428,172139807,172139617.5,+,380,136,3,-317
MafA_R1.macs2_peak_1005,Chr1,90884224,90884778,90884501,+,555,62,1,3671
MafA_R1.macs2_peak_2342,Chr1,193542073,193542485,193542279,+,413,47,1,-352441
MafA_R1.macs2_peak_1438,Chr1,136393199,136393592,136393395.5,+,394,28,9,-2191
MafA_R1.macs2_peak_1111,Chr1,105351032,105351288,105351160,+,257,21,5,-66725
MafA_R1.macs2_peak_1452,Chr1,137252415,137253068,137252741.5,+,654,33,3,-364555
MafA_R1.macs2_peak_1606,Chr1,155480224,155480561,155480392.5,+,338,33,6,46526
MafA_R1.macs2_peak_179,Chr1,34197934,34198302,34198118,+,369,33,2,-1223
MafA_R1.macs2_peak_508,Chr1,61398361,61398849,61398605,+,489,33,1,-18986
MafA_R1.macs2_peak_567,Chr1,64261611,64262123,64261867,+,513,33,1,-101319
MafA_R1.macs2_peak_1918,Chr1,171329026,171330729,171329877.5,+,1704,98,52,-1169
MafA_R1.macs2_peak_1020,Chr1,91385841,91387837,91386839,+,1997,131,3,211
MafA_R1.macs2_peak_1432,Chr1,135945803,135946114,135945958.5,+,312,73,3,64
MafA_R1.macs2_peak_939,Chr1,89280805,89281839,89281322,+,1035,50,2,52533
MafA_R1.macs2_peak_351,Chr1,46105781,46106253,46106017,+,473,68,4,4
MafA_R1.macs2_peak_1887,Chr1,169796435,169797224,169796829.5,+,790,86,11,-55
MafA_R1.macs2_peak_1294,Chr1,129801678,129801983,129801830.5,+,306,20,1,-548731
MafA_R1.macs2_peak_999,Chr1,90646798,90647474,90647136,+,677,36,3,115989
MafA_R1.macs2_peak_871,Chr1,85987109,85987631,85987370,+,523,53,1,-4971
MafA_R1.macs2_peak_429,Chr1,56710156,56710423,56710289.5,+,268,22,1,-33679
MafA_R1.macs2_peak_1157,Chr1,111791902,111793147,111792524.5,+,1246,125,11,124
MafA_R1.macs2_peak_1602,Chr1,155105347,155106505,155105926,+,1159,74,12,14352
MafA_R1.macs2_peak_1356,Chr1,133165589,133166364,133165976.5,+,776,57,1,-7859
MafA_R1.macs2_peak_1889,Chr1,170214793,170215504,170215148.5,+,712,57,7,78760
MafA_R1.macs2_peak_627,Chr1,66900849,66901611,66901230,+,763,57,8,1238
MafA_R1.macs2_peak_61,Chr1,13442516,13443042,13442779,+,527,172,1,-126
MafA_R1.macs2_peak_218,Chr1,36823627,36824250,36823938.5,+,624,39,14,5873
MafA_R1.macs2_peak_578,Chr1,64619249,64620198,64619723.5,+,950,81,4,37200
MafA_R1.macs2_peak_1505,Chr1,144419338,144419645,144419491.5,+,308,22,1,23914
MafA_R1.macs2_peak_2204,Chr1,187926965,187927273,187927119,+,309,22,3,-67916
MafA_R1.macs2_peak_772,Chr1,79383915,79384673,79384294,+,759,63,2,33449
MafA_R1.macs2_peak_1446,Chr1,136552127,136552578,136552352.5,+,452,84,2,-287
MafA_R1.macs2_peak_1394,Chr1,134484506,134484754,134484630,+,249,127,2,-3286
MafA_R1.macs2_peak_1013,Chr1,91108299,91109542,91108920.5,+,1244,72,11,1376
MafA_R1.macs2_peak_1576,Chr1,153418689,153419209,153418949,+,521,26,9,6511
MafA_R1.macs2_peak_1349,Chr1,132961222,132961589,132961405.5,+,368,69,1,-3080
MafA_R1.macs2_peak_1413,Chr1,135285236,135285499,135285367.5,+,264,25,5,17434
MafA_R1.macs2_peak_1466,Chr1,138208732,138209294,138209013,+,563,25,1,7537
MafA_R1.macs2_peak_623,Chr1,66856295,66857950,66857122.5,+,1656,190,9,-368
MafA_R1.macs2_peak_457,Chr1,59159016,59159541,59159278.5,+,526,147,3,-23
MafA_R1.macs2_peak_1580,Chr1,153624905,153625332,153625118.5,+,428,28,9,-54
MafA_R1.macs2_peak_699,Chr1,74429827,74430619,74430223,+,793,79,1,-545
MafA_R1.macs2_peak_2280,Chr1,191872748,191873296,191873022,+,549,47,5,-63
MafA_R1.macs2_peak_2022,Chr1,179304458,179304865,179304661.5,+,408,31,3,40945
MafA_R1.macs2_peak_1592,Chr1,154828690,154828955,154828822.5,+,266,34,4,130188
MafA_R1.macs2_peak_2094,Chr1,182624564,182625126,182624845,+,563,34,1,32384
MafA_R1.macs2_peak_223,Chr1,37068196,37068767,37068481.5,+,572,34,1,87
MafA_R1.macs2_peak_597,Chr1,65548097,65548605,65548351,+,509,34,9,197935
MafA_R1.macs2_peak_1301,Chr1,130389978,130390765,130390371.5,+,788,37,2,110
MafA_R1.macs2_peak_1933,Chr1,172446757,172447184,172446970.5,+,428,37,3,13571
MafA_R1.macs2_peak_658,Chr1,72210541,72210981,72210761,+,441,40,4,40705
MafA_R1.macs2_peak_874,Chr1,86106488,86106983,86106735.5,+,496,40,4,24233
MafA_R1.macs2_peak_1430,Chr1,135656619,135657083,135656851,+,465,56,5,-54
MafA_R1.macs2_peak_1089,Chr1,97697519,97698419,97697969,+,901,137,3,72
MafA_R1.macs2_peak_1333,Chr1,132345287,132345611,132345449,+,325,96,1,258
MafA_R1.macs2_peak_1877,Chr1,169548040,169548801,169548420.5,+,762,26,3,26791
MafA_R1.macs2_peak_1881,Chr1,169646611,169647281,169646946,+,671,33,5,-71735
MafA_R1.macs2_peak_1785,Chr1,165010960,165011439,165011199.5,+,480,20,2,10803
MafA_R1.macs2_peak_2338,Chr1,193355280,193355676,193355478,+,397,20,5,-165640
MafA_R1.macs2_peak_2229,Chr1,189493506,189493763,189493634.5,+,258,23,1,33169
MafA_R1.macs2_peak_343,Chr1,44760285,44760639,44760462,+,355,26,2,23647
MafA_R1.macs2_peak_5,Chr1,3486317,3486710,3486513.5,+,394,26,1,255208
MafA_R1.macs2_peak_497,Chr1,61018215,61018711,61018463,+,497,29,1,1390
MafA_R1.macs2_peak_1427,Chr1,135615612,135616135,135615873.5,+,524,78,1,-31928
MafA_R1.macs2_peak_1538,Chr1,151304272,151304822,151304547,+,551,132,2,254
MafA_R1.macs2_peak_1577,Chr1,153425508,153425775,153425641.5,+,268,21,1,-181
MafA_R1.macs2_peak_268,Chr1,39103058,39103530,39103294,+,473,21,3,76399
MafA_R1.macs2_peak_2311,Chr1,192538072,192538567,192538319.5,+,496,38,1,-259
MafA_R1.macs2_peak_1562,Chr1,152691045,152691430,152691237.5,+,386,53,6,15333
MafA_R1.macs2_peak_2165,Chr1,184936347,184936613,184936480,+,267,95,1,115
MafA_R1.macs2_peak_1308,Chr1,131053715,131054018,131053866.5,+,304,34,2,12105
MafA_R1.macs2_peak_2043,Chr1,180234519,180235098,180234808.5,+,580,27,1,76261
MafA_R1.macs2_peak_954,Chr1,89514178,89514869,89514523.5,+,692,24,1,97091
MafA_R1.macs2_peak_1600,Chr1,154974970,154975716,154975343,+,747,81,1,39
MafA_R1.macs2_peak_1561,Chr1,152675722,152676090,152675906,+,369,21,1,2
MafA_R1.macs2_peak_360,Chr1,50966370,50967028,50966699,+,659,68,1,17
MafA_R1.macs2_peak_953,Chr1,89507975,89508350,89508162.5,+,376,64,1,103452
MafA_R1.macs2_peak_1406,Chr1,134884022,134884425,134884223.5,+,404,27,3,-545
MafA_R1.macs2_peak_265,Chr1,39026841,39027401,39027121,+,561,92,9,226
MafA_R1.macs2_peak_1411,Chr1,135241040,135241388,135241214,+,349,57,2,261
MafA_R1.macs2_peak_1906,Chr1,171020843,171021158,171021000.5,+,316,23,2,2837
MafA_R1.macs2_peak_1410,Chr1,135210848,135211393,135211120.5,+,546,50,6,702
MafA_R1.macs2_peak_1599,Chr1,154959490,154959956,154959723,+,467,31,3,-713
MafA_R1.macs2_peak_1570,Chr1,153208388,153208648,153208518,+,261,56,1,14
MafA_R1.macs2_peak_1479,Chr1,139381791,139382281,139382036,+,491,30,1,-475
MafA_R1.macs2_peak_1543,Chr1,151376771,151377037,151376904,+,267,65,1,-162
MafA_R1.macs2_peak_1919,Chr1,171331115,171331617,171331366,+,503,71,7,320
MafA_R1.macs2_peak_579,Chr1,64656503,64656882,64656692.5,+,380,50,2,231
MafA_R1.macs2_peak_562,Chr1,64157960,64158660,64158310,+,701,49,2,2238
MafA_R1.macs2_peak_649,Chr1,71141773,71142607,71142190,+,835,58,18,-59
MafA_R1.macs2_peak_1936,Chr1,172494837,172495618,172495227.5,+,782,20,4,-30396
MafA_R1.macs2_peak_472,Chr1,59520760,59521480,59521120,+,721,60,1,-186
MafA_R1.macs2_peak_2318,Chr1,192717735,192718333,192718034,+,599,56,5,49
MafA_R1.macs2_peak_2200,Chr1,187729862,187730188,187730025,+,327,27,1,1
MafA_R1.macs2_peak_1391,Chr1,134421712,134422048,134421880,+,337,27,1,-497
MafA_R1.macs2_peak_2026,Chr1,179631362,179631719,179631540.5,+,358,23,1,40
MafA_R1.macs2_peak_918,Chr1,88629631,88630158,88629894.5,+,528,52,1,19
MafA_R1.macs2_peak_942,Chr1,89382195,89382767,89382481,+,573,54,1,-52
MafA_R1.macs2_peak_1932,Chr1,172390451,172391244,172390847.5,+,794,32,3,3374
MafA_R1.macs2_peak_1549,Chr1,151629834,151630726,151630280,+,893,28,1,198
MafA_R1.macs2_peak_349,Chr1,45964546,45965047,45964796.5,+,502,26,3,-42
MafA_R1.macs2_peak_1571,Chr1,153208947,153209686,153209316.5,+,740,28,5,-784
MafA_R1.macs2_peak_3865,Chr10,111710313,111711479,111710896,+,1167,1040,19,-615
MafA_R1.macs2_peak_3435,Chr10,81237433,81238324,81237878.5,+,892,1045,1,-7531
MafA_R1.macs2_peak_2541,Chr10,13711358,13712269,13711813.5,+,912,1063,11,32888
MafA_R1.macs2_peak_2466,Chr10,9250933,9252235,9251584,+,1303,768,5,299368
MafA_R1.macs2_peak_3255,Chr10,70016932,70018080,70017506,+,1149,2445,1,-22988
MafA_R1.macs2_peak_2604,Chr10,17650732,17651933,17651332.5,+,1202,604,2,-20635
MafA_R1.macs2_peak_2459,Chr10,9040747,9042475,9041611,+,1729,2101,3,-279797
MafA_R1.macs2_peak_2476,Chr10,9515568,9517372,9516470,+,1805,710,1,34482
MafA_R1.macs2_peak_3995,Chr10,118947439,118948244,118947841.5,+,806,628,1,19031
MafA_R1.macs2_peak_3302,Chr10,73367693,73368704,73368198.5,+,1012,625,6,-289501
MafA_R1.macs2_peak_2454,Chr10,8961519,8963865,8962692,+,2347,1091,24,-200878
MafA_R1.macs2_peak_2376,Chr10,3580504,3581499,3581001.5,+,996,991,2,90727
MafA_R1.macs2_peak_4112,Chr10,127729320,127730334,127729827,+,1015,870,3,-4577
MafA_R1.macs2_peak_3974,Chr10,117926319,117927349,117926834,+,1031,538,10,-50858
MafA_R1.macs2_peak_2666,Chr10,19998522,19999736,19999129,+,1215,495,4,-25537
MafA_R1.macs2_peak_3232,Chr10,69169786,69171741,69170763.5,+,1956,875,16,17979
MafA_R1.macs2_peak_4006,Chr10,119527446,119528560,119528003,+,1115,2765,1,69601
MafA_R1.macs2_peak_3260,Chr10,70132475,70132787,70132631,+,313,548,1,51525
MafA_R1.macs2_peak_2377,Chr10,3583573,3584885,3584229,+,1313,956,5,93955
MafA_R1.macs2_peak_3452,Chr10,82649415,82650828,82650121.5,+,1414,704,5,2164
MafA_R1.macs2_peak_3587,Chr10,91018263,91020103,91019183,+,1841,1079,2,-11702
MafA_R1.macs2_peak_2646,Chr10,19782588,19784309,19783448.5,+,1722,1859,1,-28
MafA_R1.macs2_peak_2411,Chr10,5213915,5214950,5214432.5,+,1036,656,7,-69725
MafA_R1.macs2_peak_3257,Chr10,70040101,70041198,70040649.5,+,1098,762,1,155
MafA_R1.macs2_peak_2823,Chr10,39334641,39335477,39335059,+,837,397,1,89264
MafA_R1.macs2_peak_3996,Chr10,118952266,118953332,118952799,+,1067,388,3,23989
MafA_R1.macs2_peak_3269,Chr10,70894168,70895208,70894688,+,1041,638,1,100832
MafA_R1.macs2_peak_2665,Chr10,19995110,19996149,19995629.5,+,1040,349,11,-29037
MafA_R1.macs2_peak_3980,Chr10,118428491,118429266,118428878.5,+,776,349,13,-36448
MafA_R1.macs2_peak_2421,Chr10,6975022,6975917,6975469.5,+,896,399,3,-2284
MafA_R1.macs2_peak_2691,Chr10,21798645,21799947,21799296,+,1303,399,4,41213
MafA_R1.macs2_peak_2461,Chr10,9078458,9079520,9078989,+,1063,287,1,-317175
MafA_R1.macs2_peak_3989,Chr10,118846261,118847709,118846985,+,1449,377,18,39419
MafA_R1.macs2_peak_2548,Chr10,13893418,13894515,13893966.5,+,1098,634,1,51843
MafA_R1.macs2_peak_2382,Chr10,3690747,3691548,3691147.5,+,802,938,11,770
MafA_R1.macs2_peak_3984,Chr10,118705284,118706847,118706065.5,+,1564,1062,9,-1257
MafA_R1.macs2_peak_2590,Chr10,16899225,16900637,16899931,+,1413,478,5,71599
MafA_R1.macs2_peak_3621,Chr10,93749246,93749951,93749598.5,+,706,315,9,-22534
MafA_R1.macs2_peak_3259,Chr10,70123379,70124210,70123794.5,+,832,364,3,42688
MafA_R1.macs2_peak_2422,Chr10,6983777,6986572,6985174.5,+,2796,459,7,-11989
MafA_R1.macs2_peak_2394,Chr10,3927662,3929030,3928346,+,1369,559,3,5271
MafA_R1.macs2_peak_3310,Chr10,74223472,74224251,74223861.5,+,780,301,1,566162
MafA_R1.macs2_peak_2521,Chr10,12707730,12709387,12708558.5,+,1658,527,15,28921
MafA_R1.macs2_peak_3286,Chr10,71569401,71570729,71570065,+,1329,620,5,246470
MafA_R1.macs2_peak_2500,Chr10,11390608,11391569,11391088.5,+,962,321,1,-93880
MafA_R1.macs2_peak_3297,Chr10,72816447,72818094,72817270.5,+,1648,412,2,105267
MafA_R1.macs2_peak_3870,Chr10,111802002,111802746,111802374,+,745,212,8,-6226
MafA_R1.macs2_peak_3976,Chr10,117957073,117959042,117958057.5,+,1970,609,27,-19635
MafA_R1.macs2_peak_2406,Chr10,4908505,4909522,4909013.5,+,1018,492,10,110050
MafA_R1.macs2_peak_2716,Chr10,24891795,24892464,24892129.5,+,670,230,2,-88761
MafA_R1.macs2_peak_3190,Chr10,67820025,67821544,67820784.5,+,1520,704,34,5384
MafA_R1.macs2_peak_2522,Chr10,12723696,12725129,12724412.5,+,1434,704,6,13067
MafA_R1.macs2_peak_3304,Chr10,73377700,73379025,73378362.5,+,1326,327,7,-279337
MafA_R1.macs2_peak_2472,Chr10,9412405,9413873,9413139,+,1469,526,11,137813
MafA_R1.macs2_peak_2573,Chr10,15999088,16000262,15999675,+,1175,245,2,332150
MafA_R1.macs2_peak_3266,Chr10,70668425,70668998,70668711.5,+,574,192,1,-176918
MafA_R1.macs2_peak_2616,Chr10,18402091,18404055,18403073,+,1965,306,1,18751
MafA_R1.macs2_peak_3627,Chr10,93895639,93896713,93896176,+,1075,379,2,24313
MafA_R1.macs2_peak_2554,Chr10,13960572,13962435,13961503.5,+,1864,453,7,119380
MafA_R1.macs2_peak_2546,Chr10,13851279,13852480,13851879.5,+,1202,356,4,9756
MafA_R1.macs2_peak_2708,Chr10,24188180,24188732,24188456,+,553,411,1,89041
MafA_R1.macs2_peak_2574,Chr10,16108868,16110995,16109931.5,+,2128,182,1,442406
MafA_R1.macs2_peak_4111,Chr10,127713065,127714608,127713836.5,+,1544,591,2,10732
MafA_R1.macs2_peak_3322,Chr10,74956789,74958127,74957458,+,1339,240,2,60730
MafA_R1.macs2_peak_3246,Chr10,69592627,69593432,69593029.5,+,806,301,1,-168333
MafA_R1.macs2_peak_2661,Chr10,19921512,19922378,19921945,+,867,243,2,-102721
MafA_R1.macs2_peak_2714,Chr10,24834463,24835428,24834945.5,+,966,243,4,-31577
MafA_R1.macs2_peak_2504,Chr10,11746308,11747639,11746973.5,+,1332,364,1,262005
MafA_R1.macs2_peak_2729,Chr10,27016331,27017006,27016668.5,+,676,214,1,-249194
MafA_R1.macs2_peak_2600,Chr10,17507188,17508071,17507629.5,+,884,201,3,-91347
MafA_R1.macs2_peak_2592,Chr10,17011042,17011888,17011465,+,847,153,1,-39935
MafA_R1.macs2_peak_2591,Chr10,17007178,17007994,17007586,+,817,233,3,-36056
MafA_R1.macs2_peak_3294,Chr10,72490213,72491180,72490696.5,+,968,871,1,18
MafA_R1.macs2_peak_2378,Chr10,3599654,3600553,3600103.5,+,900,192,4,-90274
MafA_R1.macs2_peak_2690,Chr10,21665720,21666913,21666316.5,+,1194,212,1,-91767
MafA_R1.macs2_peak_3184,Chr10,67726919,67728063,67727491,+,1145,245,22,21001
MafA_R1.macs2_peak_3629,Chr10,93942728,93943399,93943063.5,+,672,245,15,-40730
MafA_R1.macs2_peak_3773,Chr10,105474693,105475321,105475007,+,629,245,7,64595
MafA_R1.macs2_peak_3447,Chr10,82014176,82014872,82014524,+,697,759,6,50677
MafA_R1.macs2_peak_3626,Chr10,93884904,93885979,93885441.5,+,1076,452,12,13578
MafA_R1.macs2_peak_3978,Chr10,117991495,117992437,117991966,+,943,150,5,14274
MafA_R1.macs2_peak_3758,Chr10,103972698,103973157,103972927.5,+,460,131,2,-5921
MafA_R1.macs2_peak_3614,Chr10,93378768,93379624,93379196,+,857,154,11,2702
MafA_R1.macs2_peak_2506,Chr10,11880634,11881260,11880947,+,627,138,1,395979
MafA_R1.macs2_peak_3633,Chr10,93965051,93966191,93965621,+,1141,280,6,-18172
MafA_R1.macs2_peak_3228,Chr10,69073528,69074536,69074032,+,1009,160,1,25008
MafA_R1.macs2_peak_3761,Chr10,104521422,104522407,104521914.5,+,986,193,5,398784
MafA_R1.macs2_peak_3607,Chr10,92436347,92437052,92436699.5,+,706,161,2,121581
MafA_R1.macs2_peak_3768,Chr10,105393459,105394280,105393869.5,+,822,123,17,16471
MafA_R1.macs2_peak_3862,Chr10,111605766,111606413,111606089.5,+,648,169,1,104192
MafA_R1.macs2_peak_2464,Chr10,9185977,9187098,9186537.5,+,1122,206,14,364415
MafA_R1.macs2_peak_3771,Chr10,105445064,105446526,105445795,+,1463,275,23,35383
MafA_R1.macs2_peak_2520,Chr10,12702541,12703757,12703149,+,1217,322,18,34330
MafA_R1.macs2_peak_2518,Chr10,12685147,12686327,12685737,+,1181,220,6,51742
MafA_R1.macs2_peak_2667,Chr10,20000972,20001452,20001212,+,481,182,2,-23454
MafA_R1.macs2_peak_3982,Chr10,118636009,118636339,118636174,+,331,116,7,68634
MafA_R1.macs2_peak_3636,Chr10,94089147,94089821,94089484,+,675,192,6,45081
MafA_R1.macs2_peak_3198,Chr10,68117999,68119553,68118776,+,1555,327,4,-4220
MafA_R1.macs2_peak_2589,Chr10,16879267,16879750,16879508.5,+,484,142,2,92022
MafA_R1.macs2_peak_3990,Chr10,118892624,118893567,118893095.5,+,944,176,1,-6691
MafA_R1.macs2_peak_3243,Chr10,69556011,69556381,69556196,+,371,99,3,186658
MafA_R1.macs2_peak_2663,Chr10,19953130,19953592,19953361,+,463,239,1,-71305
MafA_R1.macs2_peak_2416,Chr10,5799772,5800284,5800028,+,513,110,16,-26085
MafA_R1.macs2_peak_3994,Chr10,118936284,118936818,118936551,+,535,169,2,7741
MafA_R1.macs2_peak_3448,Chr10,82190113,82190421,82190267,+,309,284,2,-113158
MafA_R1.macs2_peak_2397,Chr10,4055580,4056796,4056188,+,1217,160,4,106932
MafA_R1.macs2_peak_2547,Chr10,13858220,13859372,13858796,+,1153,299,10,16673
MafA_R1.macs2_peak_2362,Chr10,3185099,3185734,3185416.5,+,636,89,3,32355
MafA_R1.macs2_peak_3319,Chr10,74830554,74831417,74830985.5,+,864,275,2,27922
MafA_R1.macs2_peak_3327,Chr10,75250526,75250794,75250660,+,269,100,1,7915
MafA_R1.macs2_peak_2599,Chr10,17445169,17446212,17445690.5,+,1044,151,1,-153286
MafA_R1.macs2_peak_3185,Chr10,67729374,67730062,67729718,+,689,128,15,18774
MafA_R1.macs2_peak_4017,Chr10,119660280,119660698,119660489,+,419,92,1,5195
MafA_R1.macs2_peak_2576,Chr10,16413368,16413656,16413512,+,289,91,1,558018
MafA_R1.macs2_peak_3316,Chr10,74484306,74484589,74484447.5,+,284,91,2,-318562
MafA_R1.macs2_peak_2373,Chr10,3537720,3538038,3537879,+,319,109,1,47605
MafA_R1.macs2_peak_2470,Chr10,9333845,9334252,9334048.5,+,408,109,1,216904
MafA_R1.macs2_peak_2728,Chr10,27009108,27009582,27009345,+,475,105,7,-256517
MafA_R1.macs2_peak_3326,Chr10,75242737,75243157,75242947,+,421,213,3,202
MafA_R1.macs2_peak_2725,Chr10,26825962,26826533,26826247.5,+,572,128,2,177739
MafA_R1.macs2_peak_2519,Chr10,12696939,12697656,12697297.5,+,718,139,5,40182
MafA_R1.macs2_peak_2440,Chr10,8009052,8010110,8009581,+,1059,119,3,-177694
MafA_R1.macs2_peak_2713,Chr10,24693993,24694295,24694144,+,303,119,1,17949
MafA_R1.macs2_peak_3769,Chr10,105403826,105404393,105404109.5,+,568,219,3,6231
MafA_R1.macs2_peak_3987,Chr10,118737878,118739135,118738506.5,+,1258,219,11,24542
MafA_R1.macs2_peak_3236,Chr10,69301604,69302753,69302178.5,+,1150,162,1,-67360
MafA_R1.macs2_peak_3754,Chr10,103245116,103245963,103245539.5,+,848,82,4,41870
MafA_R1.macs2_peak_3766,Chr10,105323062,105323394,105323228,+,333,101,2,87112
MafA_R1.macs2_peak_3605,Chr10,92038476,92039016,92038746,+,541,104,4,-37706
MafA_R1.macs2_peak_3639,Chr10,94092095,94092500,94092297.5,+,406,104,4,42268
MafA_R1.macs2_peak_3250,Chr10,69895949,69896411,69896180,+,463,112,1,-36771
MafA_R1.macs2_peak_2511,Chr10,12300034,12300613,12300323.5,+,580,78,2,437156
MafA_R1.macs2_peak_2364,Chr10,3275366,3275689,3275527.5,+,324,82,1,-40623
MafA_R1.macs2_peak_3973,Chr10,117923575,117924194,117923884.5,+,620,82,9,-53808
MafA_R1.macs2_peak_2727,Chr10,26880461,26881256,26880858.5,+,796,96,11,232350
MafA_R1.macs2_peak_2553,Chr10,13957966,13958654,13958310,+,689,81,1,116187
MafA_R1.macs2_peak_3764,Chr10,105216313,105216857,105216585,+,545,111,3,193755
MafA_R1.macs2_peak_2479,Chr10,9607796,9608642,9608219,+,847,141,13,47753
MafA_R1.macs2_peak_2692,Chr10,21868734,21869396,21869065,+,663,187,3,-724
MafA_R1.macs2_peak_2485,Chr10,9992776,9993511,9993143.5,+,736,70,1,-216359
MafA_R1.macs2_peak_3187,Chr10,67747495,67748540,67748017.5,+,1046,240,7,475
MafA_R1.macs2_peak_2491,Chr10,10344562,10345546,10345054,+,985,115,13,3089
MafA_R1.macs2_peak_2460,Chr10,9042940,9043290,9043115,+,351,89,2,-281301
MafA_R1.macs2_peak_3866,Chr10,111720530,111721369,111720949.5,+,840,96,2,-10668
MafA_R1.macs2_peak_3454,Chr10,82694740,82696979,82695859.5,+,2240,431,7,-316
MafA_R1.macs2_peak_2435,Chr10,7725233,7725763,7725498,+,531,92,4,13353
MafA_R1.macs2_peak_2379,Chr10,3634453,3635418,3634935.5,+,966,68,2,-55442
MafA_R1.macs2_peak_2417,Chr10,5850479,5852338,5851408.5,+,1860,85,4,20992
MafA_R1.macs2_peak_2572,Chr10,15690326,15691215,15690770.5,+,890,85,1,23245
MafA_R1.macs2_peak_3760,Chr10,104291717,104292144,104291930.5,+,428,102,7,168800
MafA_R1.macs2_peak_3299,Chr10,72933834,72934328,72934081,+,495,77,5,-11544
MafA_R1.macs2_peak_2498,Chr10,10937102,10937908,10937505,+,807,87,1,20570
MafA_R1.macs2_peak_2715,Chr10,24837191,24837441,24837316,+,251,87,1,-33948
MafA_R1.macs2_peak_2570,Chr10,15633025,15633306,15633165.5,+,282,70,2,-34360
MafA_R1.macs2_peak_2380,Chr10,3679197,3679716,3679456.5,+,520,73,6,-10921
MafA_R1.macs2_peak_3869,Chr10,111764767,111765299,111765033,+,533,125,2,-43567
MafA_R1.macs2_peak_4004,Chr10,119450922,119451565,119451243.5,+,644,125,1,146361
MafA_R1.macs2_peak_2649,Chr10,19820169,19820501,19820335,+,333,68,1,10063
MafA_R1.macs2_peak_4088,Chr10,126681296,126681588,126681442,+,293,71,2,-51863
MafA_R1.macs2_peak_2664,Chr10,19986390,19986901,19986645.5,+,512,91,3,-38021
MafA_R1.macs2_peak_4087,Chr10,126646207,126646610,126646408.5,+,404,91,3,-16829
MafA_R1.macs2_peak_2670,Chr10,20062268,20062679,20062473.5,+,412,61,2,15127
MafA_R1.macs2_peak_3615,Chr10,93471324,93471578,93471451,+,255,61,5,-5460
MafA_R1.macs2_peak_3619,Chr10,93705103,93705483,93705293,+,381,61,2,21771
MafA_R1.macs2_peak_3624,Chr10,93871250,93872338,93871794,+,1089,362,5,-69
MafA_R1.macs2_peak_3616,Chr10,93571871,93572174,93572022.5,+,304,132,1,-52838
MafA_R1.macs2_peak_3753,Chr10,103231495,103231745,103231620,+,251,79,1,27951
MafA_R1.macs2_peak_2524,Chr10,12728299,12729342,12728820.5,+,1044,117,5,8659
MafA_R1.macs2_peak_2631,Chr10,18890691,18891128,18890909.5,+,438,274,1,249
MafA_R1.macs2_peak_3328,Chr10,75264566,75265519,75265042.5,+,954,103,1,-20302
MafA_R1.macs2_peak_3188,Chr10,67806537,67807395,67806966,+,859,69,23,2572
MafA_R1.macs2_peak_2473,Chr10,9451258,9451744,9451501,+,487,65,1,99451
MafA_R1.macs2_peak_3197,Chr10,68110743,68114071,68112407,+,3329,283,9,2149
MafA_R1.macs2_peak_2551,Chr10,13931234,13931785,13931509.5,+,552,102,2,89386
MafA_R1.macs2_peak_2612,Chr10,18226435,18226916,18226675.5,+,482,61,5,-56748
MafA_R1.macs2_peak_3245,Chr10,69586978,69587625,69587301.5,+,648,64,1,-174061
MafA_R1.macs2_peak_3303,Chr10,73369284,73369724,73369504,+,441,64,3,-288195
MafA_R1.macs2_peak_3871,Chr10,112196414,112196725,112196569.5,+,312,64,4,89391
MafA_R1.macs2_peak_4091,Chr10,126741432,126742147,126741789.5,+,716,227,2,-4549
MafA_R1.macs2_peak_2458,Chr10,9032811,9033930,9033370.5,+,1120,125,1,-271556
MafA_R1.macs2_peak_2448,Chr10,8617522,8617845,8617683.5,+,324,64,1,144151
MafA_R1.macs2_peak_3602,Chr10,91824450,91824754,91824602,+,305,58,2,83445
MafA_R1.macs2_peak_3622,Chr10,93757612,93758169,93757890.5,+,558,58,9,-30826
MafA_R1.macs2_peak_2468,Chr10,9313970,9314892,9314431,+,923,148,1,236521
MafA_R1.macs2_peak_2427,Chr10,7217907,7218546,7218226.5,+,640,86,1,-55989
MafA_R1.macs2_peak_2434,Chr10,7687055,7687666,7687360.5,+,612,109,3,18702
MafA_R1.macs2_peak_3975,Chr10,117939235,117939522,117939378.5,+,288,180,2,-38314
MafA_R1.macs2_peak_2523,Chr10,12726200,12726801,12726500.5,+,602,72,5,10979
MafA_R1.macs2_peak_3315,Chr10,74474323,74474823,74474573,+,501,59,2,-328436
MafA_R1.macs2_peak_3183,Chr10,67704417,67704884,67704650.5,+,468,94,2,43842
MafA_R1.macs2_peak_3193,Chr10,67980490,67981509,67980999.5,+,1020,141,10,133557
MafA_R1.macs2_peak_3883,Chr10,114351684,114352054,114351869,+,371,52,2,285406
MafA_R1.macs2_peak_3230,Chr10,69141872,69143371,69142621.5,+,1500,83,8,46121
MafA_R1.macs2_peak_2430,Chr10,7470608,7471160,7470884,+,553,125,4,5320
MafA_R1.macs2_peak_2698,Chr10,23756565,23756832,23756698.5,+,268,60,8,-13888
MafA_R1.macs2_peak_3249,Chr10,69800423,69800911,69800667,+,489,76,5,39305
MafA_R1.macs2_peak_2365,Chr10,3283114,3283393,3283253.5,+,280,79,4,-32897
MafA_R1.macs2_peak_3293,Chr10,72459035,72459545,72459290,+,511,79,6,-31388
MafA_R1.macs2_peak_2467,Chr10,9270438,9270991,9270714.5,+,554,56,3,280238
MafA_R1.macs2_peak_2618,Chr10,18481167,18481447,18481307,+,281,50,2,-59483
MafA_R1.macs2_peak_3610,Chr10,93127474,93127873,93127673.5,+,400,126,4,19348
MafA_R1.macs2_peak_2449,Chr10,8636083,8636455,8636269,+,373,60,3,125565
MafA_R1.macs2_peak_2556,Chr10,14067877,14068419,14068148,+,543,103,3,226025
MafA_R1.macs2_peak_2611,Chr10,18205290,18205944,18205617,+,655,103,7,-77806
MafA_R1.macs2_peak_3988,Chr10,118812333,118812922,118812627.5,+,590,88,9,-49579
MafA_R1.macs2_peak_3268,Chr10,70799662,70799939,70799800.5,+,278,52,2,195720
MafA_R1.macs2_peak_3612,Chr10,93202160,93202410,93202285,+,251,52,8,30212
MafA_R1.macs2_peak_3979,Chr10,118362444,118362796,118362620,+,353,47,2,29810
MafA_R1.macs2_peak_2693,Chr10,21870068,21871190,21870629,+,1123,252,3,64
MafA_R1.macs2_peak_2395,Chr10,4003738,4004125,4003931.5,+,388,44,1,80856
MafA_R1.macs2_peak_2451,Chr10,8874118,8874541,8874329.5,+,424,44,2,-112515
MafA_R1.macs2_peak_3763,Chr10,105168740,105169084,105168912,+,345,44,6,241428
MafA_R1.macs2_peak_3770,Chr10,105410032,105411290,105410661,+,1259,279,10,249
MafA_R1.macs2_peak_3321,Chr10,74934396,74934926,74934661,+,531,72,2,37933
MafA_R1.macs2_peak_3638,Chr10,94091532,94091827,94091679.5,+,296,87,1,42886
MafA_R1.macs2_peak_2610,Chr10,18110534,18111335,18110934.5,+,802,388,8,-205
MafA_R1.macs2_peak_2370,Chr10,3481053,3481860,3481456.5,+,808,95,2,-8818
MafA_R1.macs2_peak_3618,Chr10,93648855,93649474,93649164.5,+,620,95,11,-18253
MafA_R1.macs2_peak_2463,Chr10,9087156,9087441,9087298.5,+,286,48,3,-325484
MafA_R1.macs2_peak_3759,Chr10,104222884,104223164,104223024,+,281,56,3,99894
MafA_R1.macs2_peak_2545,Chr10,13850126,13851005,13850565.5,+,880,56,1,8442
MafA_R1.macs2_peak_2621,Chr10,18599186,18600039,18599612.5,+,854,64,1,-19607
MafA_R1.macs2_peak_3620,Chr10,93725762,93726371,93726066.5,+,610,90,1,998
MafA_R1.macs2_peak_2685,Chr10,21036848,21037145,21036996.5,+,298,57,1,-113
MafA_R1.macs2_peak_3603,Chr10,91842514,91842798,91842656,+,285,57,5,65391
MafA_R1.macs2_peak_2540,Chr10,13709693,13710055,13709874,+,363,43,4,34827
MafA_R1.macs2_peak_3196,Chr10,68045933,68046283,68046108,+,351,43,1,68448
MafA_R1.macs2_peak_3635,Chr10,94034902,94035156,94035029,+,255,274,2,132
MafA_R1.macs2_peak_2369,Chr10,3480128,3480791,3480459.5,+,664,90,3,-9815
MafA_R1.macs2_peak_3298,Chr10,72932589,72933058,72932823.5,+,470,73,2,-10286
MafA_R1.macs2_peak_2480,Chr10,9610495,9610841,9610668,+,347,36,3,50202
MafA_R1.macs2_peak_2560,Chr10,14297823,14298116,14297969.5,+,294,36,1,122811
MafA_R1.macs2_peak_2567,Chr10,15137926,15138321,15138123.5,+,396,36,1,502428
MafA_R1.macs2_peak_2986,Chr10,46221713,46222138,46221925.5,+,426,36,1,101081
MafA_R1.macs2_peak_3756,Chr10,103698221,103698670,103698445.5,+,450,36,1,-280403
MafA_R1.macs2_peak_3757,Chr10,103820258,103820548,103820403,+,291,36,2,-158445
MafA_R1.macs2_peak_2525,Chr10,12730754,12731211,12730982.5,+,458,41,1,6497
MafA_R1.macs2_peak_3762,Chr10,104752206,104752709,104752457.5,+,504,40,5,629327
MafA_R1.macs2_peak_4023,Chr10,120025608,120025924,120025766,+,317,40,1,11736
MafA_R1.macs2_peak_3637,Chr10,94090524,94090887,94090705.5,+,364,46,5,43860
MafA_R1.macs2_peak_3977,Chr10,117977042,117978080,117977561,+,1039,149,6,-131
MafA_R1.macs2_peak_4073,Chr10,123999094,124000039,123999566.5,+,946,95,1,-305413
MafA_R1.macs2_peak_3630,Chr10,93946150,93946423,93946286.5,+,274,33,4,-37507
MafA_R1.macs2_peak_2503,Chr10,11622084,11622411,11622247.5,+,328,50,1,137279
MafA_R1.macs2_peak_2549,Chr10,13894872,13895131,13895001.5,+,260,50,1,52878
MafA_R1.macs2_peak_3606,Chr10,92392863,92393298,92393080.5,+,436,50,1,165200
MafA_R1.macs2_peak_4069,Chr10,123558080,123558617,123558348.5,+,538,50,1,458367
MafA_R1.macs2_peak_3997,Chr10,118967829,118968690,118968259.5,+,862,88,1,39449
MafA_R1.macs2_peak_3191,Chr10,67899398,67900597,67899997.5,+,1200,77,9,84597
MafA_R1.macs2_peak_3453,Chr10,82652176,82652475,82652325.5,+,300,46,2,4368
MafA_R1.macs2_peak_3623,Chr10,93783518,93783818,93783668,+,301,39,2,16057
MafA_R1.macs2_peak_2456,Chr10,8993585,8993841,8993713,+,257,41,8,-231899
MafA_R1.macs2_peak_3252,Chr10,69968966,69969216,69969091,+,251,41,1,36140
MafA_R1.macs2_peak_3772,Chr10,105468107,105468723,105468415,+,617,41,12,58003
MafA_R1.macs2_peak_3632,Chr10,93964038,93964365,93964201.5,+,328,34,4,-19592
MafA_R1.macs2_peak_2510,Chr10,12284984,12285582,12285283,+,599,38,1,452196
MafA_R1.macs2_peak_3314,Chr10,74472438,74472907,74472672.5,+,470,38,1,-330337
MafA_R1.macs2_peak_3601,Chr10,91782939,91783203,91783071,+,265,31,3,58380
MafA_R1.macs2_peak_2730,Chr10,27197858,27198212,27198035,+,355,28,1,-67827
MafA_R1.macs2_peak_2766,Chr10,30773137,30773414,30773275.5,+,278,28,1,-54496
MafA_R1.macs2_peak_4120,Chr10,128157901,128158322,128158111.5,+,422,167,1,-217
MafA_R1.macs2_peak_2532,Chr10,13263170,13263544,13263357,+,375,34,1,1357
MafA_R1.macs2_peak_2399,Chr10,4112685,4113221,4112953,+,537,30,2,50167
MafA_R1.macs2_peak_2603,Chr10,17642791,17643182,17642986.5,+,392,30,4,-28981
MafA_R1.macs2_peak_3313,Chr10,74391299,74391558,74391428.5,+,260,43,2,-411581
MafA_R1.macs2_peak_3604,Chr10,91855706,91856230,91855968,+,525,43,5,52079
MafA_R1.macs2_peak_3609,Chr10,93111378,93112139,93111758.5,+,762,73,3,35263
MafA_R1.macs2_peak_3270,Chr10,70971329,70971784,70971556.5,+,456,35,2,23964
MafA_R1.macs2_peak_3628,Chr10,93933331,93933852,93933591.5,+,522,30,5,-50202
MafA_R1.macs2_peak_3585,Chr10,90977736,90977989,90977862.5,+,254,56,3,-18033
MafA_R1.macs2_peak_3765,Chr10,105237829,105238264,105238046.5,+,436,56,7,172294
MafA_R1.macs2_peak_2528,Chr10,12798668,12798979,12798823.5,+,312,134,1,48
MafA_R1.macs2_peak_2415,Chr10,5774021,5774966,5774493.5,+,946,451,2,-550
MafA_R1.macs2_peak_2527,Chr10,12779722,12780033,12779877.5,+,312,27,1,18994
MafA_R1.macs2_peak_3631,Chr10,93952022,93952359,93952190.5,+,338,48,1,-31603
MafA_R1.macs2_peak_3248,Chr10,69751911,69752577,69752244,+,667,37,14,-9118
MafA_R1.macs2_peak_3999,Chr10,118988322,118988667,118988494.5,+,346,37,2,59684
MafA_R1.macs2_peak_2486,Chr10,10081984,10082432,10082208,+,449,32,1,265935
MafA_R1.macs2_peak_2477,Chr10,9521954,9522306,9522130,+,353,26,2,28822
MafA_R1.macs2_peak_2478,Chr10,9572595,9572917,9572756,+,323,26,7,12290
MafA_R1.macs2_peak_3195,Chr10,68017967,68018354,68018160.5,+,388,26,2,96396
MafA_R1.macs2_peak_3755,Chr10,103567376,103567831,103567603.5,+,456,38,2,363934
MafA_R1.macs2_peak_3981,Chr10,118476634,118476963,118476798.5,+,330,35,3,74833
MafA_R1.macs2_peak_3264,Chr10,70635739,70636038,70635888.5,+,300,21,4,-144095
MafA_R1.macs2_peak_4122,Chr10,128270883,128271134,128271008.5,+,252,69,3,23523
MafA_R1.macs2_peak_3634,Chr10,93983449,93984024,93983736.5,+,576,90,7,-57
MafA_R1.macs2_peak_4007,Chr10,119547289,119547544,119547416.5,+,256,21,4,50188
MafA_R1.macs2_peak_2400,Chr10,4178815,4179067,4178941,+,253,28,5,-15821
MafA_R1.macs2_peak_3186,Chr10,67735266,67735687,67735476.5,+,422,28,1,13016
MafA_R1.macs2_peak_2722,Chr10,25407394,25407772,25407583,+,379,30,4,4587
MafA_R1.macs2_peak_2539,Chr10,13708351,13708764,13708557.5,+,414,31,9,36144
MafA_R1.macs2_peak_3983,Chr10,118699539,118699951,118699745,+,413,45,7,5063
MafA_R1.macs2_peak_2371,Chr10,3515039,3515723,3515381,+,685,36,1,25107
MafA_R1.macs2_peak_3611,Chr10,93144734,93145164,93144949,+,431,36,6,2072
MafA_R1.macs2_peak_4005,Chr10,119476812,119477565,119477188.5,+,754,36,1,120416
MafA_R1.macs2_peak_2866,Chr10,40320590,40320869,40320729.5,+,280,20,1,95425
MafA_R1.macs2_peak_3986,Chr10,118729678,118730349,118730013.5,+,672,39,4,-25205
MafA_R1.macs2_peak_2720,Chr10,25279162,25279506,25279334,+,345,22,2,-4932
MafA_R1.macs2_peak_2555,Chr10,13990547,13990967,13990757,+,421,42,2,148634
MafA_R1.macs2_peak_2374,Chr10,3546628,3547251,3546939.5,+,624,27,3,56665
MafA_R1.macs2_peak_4064,Chr10,122822168,122822668,122822418,+,501,82,1,-789
MafA_R1.macs2_peak_3588,Chr10,91023654,91024219,91023936.5,+,566,72,1,-16455
MafA_R1.macs2_peak_2565,Chr10,14865410,14865786,14865598,+,377,28,1,229907
MafA_R1.macs2_peak_3285,Chr10,71315746,71316166,71315956,+,421,28,1,132363
MafA_R1.macs2_peak_3613,Chr10,93288973,93289493,93289233,+,521,99,2,-25
MafA_R1.macs2_peak_2526,Chr10,12744855,12745267,12745061,+,413,169,1,-7582
MafA_R1.macs2_peak_3455,Chr10,82736927,82737445,82737186,+,519,37,12,34726
MafA_R1.macs2_peak_2637,Chr10,19467621,19468014,19467817.5,+,394,91,3,120
MafA_R1.macs2_peak_2465,Chr10,9207719,9208407,9208063,+,689,20,2,342889
MafA_R1.macs2_peak_3608,Chr10,92871539,92871791,92871665,+,253,20,2,45819
MafA_R1.macs2_peak_2696,Chr10,22017839,22018321,22018080,+,483,36,5,7089
MafA_R1.macs2_peak_2709,Chr10,24193345,24194396,24193870.5,+,1052,30,1,94455
MafA_R1.macs2_peak_3189,Chr10,67815355,67815791,67815573,+,437,41,3,173
MafA_R1.macs2_peak_4090,Chr10,126736931,126737189,126737060,+,259,40,2,180
MafA_R1.macs2_peak_2543,Chr10,13840152,13841364,13840758,+,1213,77,2,-1061
MafA_R1.macs2_peak_3272,Chr10,71073570,71073820,71073695,+,251,49,1,179
MafA_R1.macs2_peak_3752,Chr10,103204763,103205017,103204890,+,255,28,2,1221
MafA_R1.macs2_peak_3449,Chr10,82465221,82465904,82465562.5,+,684,34,2,-110
MafA_R1.macs2_peak_5929,Chr11,117084806,117085997,117085401.5,+,1192,2113,2,-5086
MafA_R1.macs2_peak_5995,Chr11,118556038,118557404,118556721,+,1367,1382,3,95146
MafA_R1.macs2_peak_4352,Chr11,30542502,30543655,30543078.5,+,1154,1177,2,56318
MafA_R1.macs2_peak_5992,Chr11,118541133,118543432,118542282.5,+,2300,1550,13,109585
MafA_R1.macs2_peak_5707,Chr11,107621315,107622708,107622011.5,+,1394,1256,1,-14709
MafA_R1.macs2_peak_5991,Chr11,118539228,118540254,118539741,+,1027,1140,16,112126
MafA_R1.macs2_peak_4659,Chr11,55708029,55709087,55708558,+,1059,738,2,-209534
MafA_R1.macs2_peak_4217,Chr11,8405889,8407471,8406680,+,1583,1449,1,207855
MafA_R1.macs2_peak_6014,Chr11,119035511,119037247,119036379,+,1737,1528,7,8584
MafA_R1.macs2_peak_5067,Chr11,76433735,76435065,76434400,+,1331,1039,1,27810
MafA_R1.macs2_peak_6046,Chr11,119903883,119904572,119904227.5,+,690,766,6,-1366
MafA_R1.macs2_peak_4703,Chr11,58691572,58693288,58692430,+,1717,879,28,356
MafA_R1.macs2_peak_5215,Chr11,84272540,84275307,84273923.5,+,2768,927,8,130404
MafA_R1.macs2_peak_4203,Chr11,7051481,7052784,7052132.5,+,1304,824,17,38699
MafA_R1.macs2_peak_5635,Chr11,103987019,103988060,103987539.5,+,1042,646,13,-36068
MafA_R1.macs2_peak_6034,Chr11,119676570,119678285,119677427.5,+,1716,1454,14,47764
MafA_R1.macs2_peak_5080,Chr11,76835723,76837264,76836493.5,+,1542,2228,4,11
MafA_R1.macs2_peak_5537,Chr11,101062446,101065113,101063779.5,+,2668,2561,3,-1581
MafA_R1.macs2_peak_5565,Chr11,101681508,101682860,101682184,+,1353,927,4,-6048
MafA_R1.macs2_peak_5491,Chr11,98815853,98816998,98816425.5,+,1146,703,1,-12097
MafA_R1.macs2_peak_5317,Chr11,88421879,88423921,88422900,+,2043,589,17,-87177
MafA_R1.macs2_peak_6035,Chr11,119678804,119680674,119679739,+,1871,635,10,45452
MafA_R1.macs2_peak_5362,Chr11,92862349,92864062,92863205.5,+,1714,734,20,-125987
MafA_R1.macs2_peak_5926,Chr11,117017991,117019581,117018786,+,1591,1041,1,-8048
MafA_R1.macs2_peak_4150,Chr11,4624307,4626079,4625193,+,1773,673,1,29151
MafA_R1.macs2_peak_4332,Chr11,24519448,24520116,24519782,+,669,490,1,87873
MafA_R1.macs2_peak_5867,Chr11,115328145,115329187,115328666,+,1043,468,2,-2705
MafA_R1.macs2_peak_4938,Chr11,71373543,71374982,71374262.5,+,1440,488,25,-33100
MafA_R1.macs2_peak_4311,Chr11,22621514,22622718,22622116,+,1205,642,2,159833
MafA_R1.macs2_peak_5949,Chr11,117575343,117577525,117576434,+,2183,806,3,31319
MafA_R1.macs2_peak_5982,Chr11,118402423,118403876,118403149.5,+,1454,776,1,35491
MafA_R1.macs2_peak_4662,Chr11,55749877,55752082,55750979.5,+,2206,427,1,180834
MafA_R1.macs2_peak_5465,Chr11,97357133,97357921,97357527,+,789,511,5,16541
MafA_R1.macs2_peak_4368,Chr11,31739790,31740596,31740193,+,807,379,15,34354
MafA_R1.macs2_peak_5019,Chr11,75457695,75458713,75458204,+,1019,888,4,15949
MafA_R1.macs2_peak_4602,Chr11,52800222,52801333,52800777.5,+,1112,447,3,145244
MafA_R1.macs2_peak_5522,Chr11,100411227,100413501,100412364,+,2275,1071,4,6462
MafA_R1.macs2_peak_5039,Chr11,75989435,75991550,75990492.5,+,2116,926,3,-71884
MafA_R1.macs2_peak_6065,Chr11,120310822,120311614,120311218,+,793,325,4,17308
MafA_R1.macs2_peak_5899,Chr11,116446337,116447407,116446872,+,1071,634,7,21306
MafA_R1.macs2_peak_5454,Chr11,96770726,96771876,96771301,+,1151,424,2,30082
MafA_R1.macs2_peak_4366,Chr11,31695551,31696895,31696223,+,1345,375,11,-74361
MafA_R1.macs2_peak_5017,Chr11,75440635,75443123,75441879,+,2489,837,7,-376
MafA_R1.macs2_peak_5182,Chr11,81750914,81751981,81751447.5,+,1068,762,12,-56
MafA_R1.macs2_peak_4339,Chr11,29668190,29669057,29668623.5,+,868,787,6,60
MafA_R1.macs2_peak_5319,Chr11,88432138,88433837,88432987.5,+,1700,499,12,-77090
MafA_R1.macs2_peak_5316,Chr11,88398577,88399427,88399002,+,851,331,2,-111075
MafA_R1.macs2_peak_4615,Chr11,53357308,53358029,53357668.5,+,722,412,1,9636
MafA_R1.macs2_peak_4687,Chr11,57681832,57682442,57682137,+,611,312,11,10156
MafA_R1.macs2_peak_5259,Chr11,86742241,86744243,86743242,+,2003,797,2,242
MafA_R1.macs2_peak_4480,Chr11,43077078,43078052,43077565,+,975,338,2,36861
MafA_R1.macs2_peak_4989,Chr11,73172292,73173007,73172649.5,+,716,919,5,14303
MafA_R1.macs2_peak_5331,Chr11,88845509,88846552,88846030.5,+,1044,1359,16,238
MafA_R1.macs2_peak_5363,Chr11,92935298,92936587,92935942.5,+,1290,399,2,-53250
MafA_R1.macs2_peak_6072,Chr11,120520466,120524785,120522625.5,+,4320,1806,11,1748
MafA_R1.macs2_peak_4371,Chr11,31757349,31758093,31757721,+,745,351,4,16826
MafA_R1.macs2_peak_4348,Chr11,30179691,30180355,30180023,+,665,249,10,-10251
MafA_R1.macs2_peak_4330,Chr11,24199397,24199788,24199592.5,+,392,252,1,168897
MafA_R1.macs2_peak_5525,Chr11,100609946,100610627,100610286.5,+,682,271,2,5531
MafA_R1.macs2_peak_5474,Chr11,97702370,97705308,97703839,+,2939,947,7,13448
MafA_R1.macs2_peak_5042,Chr11,76059681,76061480,76060580.5,+,1800,283,2,9884
MafA_R1.macs2_peak_5839,Chr11,114527163,114528599,114527881,+,1437,967,1,-31525
MafA_R1.macs2_peak_6069,Chr11,120445935,120446745,120446340,+,811,456,12,-4382
MafA_R1.macs2_peak_4362,Chr11,31620243,31620968,31620605.5,+,726,404,11,1257
MafA_R1.macs2_peak_5405,Chr11,94345640,94346474,94346057,+,835,352,1,18967
MafA_R1.macs2_peak_5225,Chr11,84651589,84652294,84651941.5,+,706,278,1,-40683
MafA_R1.macs2_peak_5791,Chr11,113105290,113106576,113105933,+,1287,444,2,-5438
MafA_R1.macs2_peak_6064,Chr11,120272170,120272649,120272409.5,+,480,345,3,-2837
MafA_R1.macs2_peak_4486,Chr11,44141965,44142802,44142383.5,+,838,241,4,-148507
MafA_R1.macs2_peak_5268,Chr11,86848848,86854005,86851426.5,+,5158,643,2,33162
MafA_R1.macs2_peak_5498,Chr11,99019935,99020767,99020351,+,833,330,2,25552
MafA_R1.macs2_peak_5433,Chr11,95539329,95539819,95539574,+,491,280,1,-18209
MafA_R1.macs2_peak_5378,Chr11,93391178,93391736,93391457,+,559,256,3,385135
MafA_R1.macs2_peak_5542,Chr11,101174503,101175912,101175207.5,+,1410,406,7,5178
MafA_R1.macs2_peak_6054,Chr11,120069768,120070824,120070296,+,1057,325,10,10386
MafA_R1.macs2_peak_5310,Chr11,88322286,88323394,88322840,+,1109,312,4,79241
MafA_R1.macs2_peak_5364,Chr11,92955135,92956820,92955977.5,+,1686,599,15,-33215
MafA_R1.macs2_peak_5934,Chr11,117257435,117258130,117257782.5,+,696,194,1,34643
MafA_R1.macs2_peak_4351,Chr11,30421518,30421856,30421687,+,339,427,3,142
MafA_R1.macs2_peak_4676,Chr11,57036431,57037316,57036873.5,+,886,192,6,133001
MafA_R1.macs2_peak_4461,Chr11,36451017,36452636,36451826.5,+,1620,484,14,383242
MafA_R1.macs2_peak_5377,Chr11,93375386,93376147,93375766.5,+,762,245,2,385650
MafA_R1.macs2_peak_4831,Chr11,65937234,65938258,65937746,+,1025,358,1,-121115
MafA_R1.macs2_peak_5636,Chr11,103990131,103990899,103990515,+,769,430,6,-33092
MafA_R1.macs2_peak_5951,Chr11,117671575,117672734,117672154.5,+,1160,259,3,-636
MafA_R1.macs2_peak_4384,Chr11,32359892,32360899,32360395.5,+,1008,337,1,-44975
MafA_R1.macs2_peak_6015,Chr11,119041199,119042061,119041630,+,863,224,7,3333
MafA_R1.macs2_peak_5540,Chr11,101121943,101123146,101122544.5,+,1204,443,2,-5255
MafA_R1.macs2_peak_5398,Chr11,94050878,94052564,94051721,+,1687,1071,3,-50559
MafA_R1.macs2_peak_5907,Chr11,116880847,116881755,116881301,+,909,190,2,71612
MafA_R1.macs2_peak_5771,Chr11,110233542,110234042,110233792,+,501,182,1,-5250
MafA_R1.macs2_peak_6021,Chr11,119105991,119107109,119106550,+,1119,1344,8,12775
MafA_R1.macs2_peak_5467,Chr11,97368171,97368697,97368434,+,527,230,6,22732
MafA_R1.macs2_peak_5509,Chr11,100041391,100042267,100041829,+,877,317,1,-5077
MafA_R1.macs2_peak_6016,Chr11,119042849,119043985,119043417,+,1137,261,11,1546
MafA_R1.macs2_peak_5681,Chr11,106361410,106362305,106361857.5,+,896,213,1,16765
MafA_R1.macs2_peak_5051,Chr11,76213105,76214403,76213754,+,1299,244,3,76213
MafA_R1.macs2_peak_5928,Chr11,117060812,117061199,117061005.5,+,388,153,1,-29482
MafA_R1.macs2_peak_5469,Chr11,97414811,97415683,97415247,+,873,542,4,-24081
MafA_R1.macs2_peak_5997,Chr11,118629386,118630978,118630182,+,1593,671,16,21685
MafA_R1.macs2_peak_5048,Chr11,76180790,76181690,76181240,+,901,202,4,46678
MafA_R1.macs2_peak_6022,Chr11,119110307,119111157,119110732,+,851,297,5,8593
MafA_R1.macs2_peak_5608,Chr11,103536837,103537134,103536985.5,+,298,254,1,-3350
MafA_R1.macs2_peak_4395,Chr11,33053127,33054247,33053687,+,1121,155,1,43713
MafA_R1.macs2_peak_4697,Chr11,58016931,58017753,58017342,+,823,393,8,22207
MafA_R1.macs2_peak_5201,Chr11,83736590,83737198,83736894,+,609,160,1,-4801
MafA_R1.macs2_peak_5698,Chr11,107080241,107080601,107080421,+,361,370,3,-214
MafA_R1.macs2_peak_4270,Chr11,17579411,17579973,17579692,+,563,154,3,324183
MafA_R1.macs2_peak_5414,Chr11,95001950,95002772,95002361,+,823,158,7,-8582
MafA_R1.macs2_peak_4221,Chr11,8445545,8446031,8445788,+,487,209,1,168747
MafA_R1.macs2_peak_4620,Chr11,53475879,53476570,53476224.5,+,692,177,5,18028
MafA_R1.macs2_peak_5489,Chr11,98666231,98666848,98666539.5,+,618,494,1,-336
MafA_R1.macs2_peak_5606,Chr11,103303425,103304191,103303808,+,767,377,3,-277
MafA_R1.macs2_peak_6029,Chr11,119520284,119521000,119520642,+,717,223,5,26911
MafA_R1.macs2_peak_5329,Chr11,88545390,88546214,88545802,+,825,142,3,35725
MafA_R1.macs2_peak_4488,Chr11,44452810,44453450,44453130,+,641,161,3,-24014
MafA_R1.macs2_peak_5442,Chr11,96395374,96396066,96395720,+,693,180,6,40303
MafA_R1.macs2_peak_5497,Chr11,99014727,99015375,99015051,+,649,169,1,30852
MafA_R1.macs2_peak_5996,Chr11,118618696,118619266,118618981,+,571,245,7,32886
MafA_R1.macs2_peak_6062,Chr11,120260351,120260991,120260671,+,641,213,4,8311
MafA_R1.macs2_peak_5880,Chr11,116141811,116142578,116142194.5,+,768,325,1,-13277
MafA_R1.macs2_peak_5655,Chr11,105398442,105400197,105399319.5,+,1756,354,1,-51758
MafA_R1.macs2_peak_6027,Chr11,119443543,119443884,119443713.5,+,342,216,1,4257
MafA_R1.macs2_peak_4447,Chr11,35728653,35729312,35728982.5,+,660,205,4,-3627
MafA_R1.macs2_peak_6001,Chr11,118642546,118643639,118643092.5,+,1094,205,10,8775
MafA_R1.macs2_peak_5399,Chr11,94085494,94085988,94085741,+,495,131,1,-16539
MafA_R1.macs2_peak_4373,Chr11,31777752,31778501,31778126.5,+,750,208,9,-3579
MafA_R1.macs2_peak_5883,Chr11,116202001,116202867,116202434,+,867,257,2,-4858
MafA_R1.macs2_peak_5388,Chr11,93708328,93709684,93709006,+,1357,227,2,67586
MafA_R1.macs2_peak_5986,Chr11,118441439,118443357,118442398,+,1919,456,1,74740
MafA_R1.macs2_peak_4821,Chr11,63777700,63778435,63778067.5,+,736,129,9,35043
MafA_R1.macs2_peak_4493,Chr11,45224242,45225154,45224698,+,913,138,4,-216943
MafA_R1.macs2_peak_4693,Chr11,57895751,57896402,57896076.5,+,652,246,2,-3814
MafA_R1.macs2_peak_6041,Chr11,119819007,119819716,119819361.5,+,710,138,4,-14557
MafA_R1.macs2_peak_5082,Chr11,76896363,76897189,76896776,+,827,127,1,7353
MafA_R1.macs2_peak_5677,Chr11,106329467,106330505,106329986,+,1039,193,1,48636
MafA_R1.macs2_peak_5061,Chr11,76360136,76361519,76360827.5,+,1384,382,5,-1536
MafA_R1.macs2_peak_5521,Chr11,100408668,100410637,100409652.5,+,1970,382,11,9174
MafA_R1.macs2_peak_4832,Chr11,65938903,65940155,65939529,+,1253,130,21,-119332
MafA_R1.macs2_peak_4930,Chr11,70880201,70881079,70880640,+,879,144,1,-6788
MafA_R1.macs2_peak_5429,Chr11,95397649,95398326,95397987.5,+,678,157,1,7404
MafA_R1.macs2_peak_4932,Chr11,70905812,70906415,70906113.5,+,604,239,1,4016
MafA_R1.macs2_peak_6013,Chr11,119018745,119020129,119019437,+,1385,161,14,25526
MafA_R1.macs2_peak_5064,Chr11,76414010,76414861,76414435.5,+,852,185,11,-14190
MafA_R1.macs2_peak_6000,Chr11,118635831,118636263,118636047,+,433,166,1,15820
MafA_R1.macs2_peak_4369,Chr11,31745811,31746714,31746262.5,+,904,284,22,28285
MafA_R1.macs2_peak_5978,Chr11,118292481,118293367,118292924,+,887,284,1,-139
MafA_R1.macs2_peak_6052,Chr11,120040467,120042028,120041247.5,+,1562,317,19,930
MafA_R1.macs2_peak_5375,Chr11,93340026,93341694,93340860,+,1669,206,6,350744
MafA_R1.macs2_peak_4983,Chr11,72842214,72843603,72842908.5,+,1390,308,1,-9087
MafA_R1.macs2_peak_5471,Chr11,97448791,97449119,97448955,+,329,192,1,16997
MafA_R1.macs2_peak_5392,Chr11,93934506,93935677,93935091.5,+,1172,711,1,135
MafA_R1.macs2_peak_5186,Chr11,82470863,82471341,82471102,+,479,153,3,-53077
MafA_R1.macs2_peak_5555,Chr11,101543162,101543873,101543517.5,+,712,134,3,-12850
MafA_R1.macs2_peak_4234,Chr11,8921917,8922390,8922153.5,+,474,129,8,39038
MafA_R1.macs2_peak_6028,Chr11,119493467,119494247,119493857,+,781,750,14,126
MafA_R1.macs2_peak_4503,Chr11,45817529,45817810,45817669.5,+,282,1019,1,18093
MafA_R1.macs2_peak_5376,Chr11,93362491,93362873,93362682,+,383,174,2,372566
MafA_R1.macs2_peak_5407,Chr11,94416859,94417952,94417405.5,+,1094,197,1,-5077
MafA_R1.macs2_peak_5539,Chr11,101080243,101081081,101080662,+,839,197,1,13719
MafA_R1.macs2_peak_5865,Chr11,115303920,115304542,115304231,+,623,439,1,6514
MafA_R1.macs2_peak_4604,Chr11,52887211,52887680,52887445.5,+,470,220,2,123438
MafA_R1.macs2_peak_5603,Chr11,103198604,103199205,103198904.5,+,602,118,14,36624
MafA_R1.macs2_peak_4275,Chr11,18847965,18848398,18848181.5,+,434,110,4,120788
MafA_R1.macs2_peak_4492,Chr11,45221510,45223286,45222398,+,1777,266,8,-214643
MafA_R1.macs2_peak_5898,Chr11,116445531,116445884,116445707.5,+,354,148,4,20141
MafA_R1.macs2_peak_5032,Chr11,75803374,75803843,75803608.5,+,470,129,1,-1723
MafA_R1.macs2_peak_4508,Chr11,46274441,46274879,46274660,+,439,257,1,5682
MafA_R1.macs2_peak_5892,Chr11,116303948,116304445,116304196.5,+,498,496,1,-338
MafA_R1.macs2_peak_4340,Chr11,29738337,29739218,29738777.5,+,882,142,1,36891
MafA_R1.macs2_peak_5697,Chr11,106956296,106956797,106956546.5,+,502,142,3,37497
MafA_R1.macs2_peak_4469,Chr11,37728842,37729266,37729054,+,425,120,1,179238
MafA_R1.macs2_peak_5768,Chr11,110067754,110068323,110068038.5,+,570,120,1,-9059
MafA_R1.macs2_peak_4146,Chr11,4244671,4245579,4245125,+,909,173,2,28329
MafA_R1.macs2_peak_6053,Chr11,120050665,120051415,120051040,+,751,173,6,-8863
MafA_R1.macs2_peak_4711,Chr11,58829881,58830735,58830308,+,855,366,6,-576
MafA_R1.macs2_peak_5447,Chr11,96546185,96547160,96546672.5,+,976,295,13,121709
MafA_R1.macs2_peak_5713,Chr11,107821773,107822619,107822196,+,847,295,8,-16315
MafA_R1.macs2_peak_5689,Chr11,106679404,106680016,106679710,+,613,710,1,23
MafA_R1.macs2_peak_4689,Chr11,57736254,57736512,57736383,+,259,118,6,-13410
MafA_R1.macs2_peak_4449,Chr11,35922994,35923562,35923278,+,569,105,4,-51924
MafA_R1.macs2_peak_5256,Chr11,86648665,86649314,86648989.5,+,650,719,9,-596
MafA_R1.macs2_peak_4467,Chr11,37447965,37448511,37448238,+,547,99,2,-101578
MafA_R1.macs2_peak_5327,Chr11,88509301,88510226,88509763.5,+,926,155,9,-314
MafA_R1.macs2_peak_5633,Chr11,103936007,103936646,103936326.5,+,640,155,3,78629
MafA_R1.macs2_peak_4479,Chr11,43038908,43039314,43039111,+,407,163,3,-1593
MafA_R1.macs2_peak_5894,Chr11,116362916,116363896,116363406,+,981,132,2,17766
MafA_R1.macs2_peak_5977,Chr11,118253994,118254419,118254206.5,+,426,132,5,-7969
MafA_R1.macs2_peak_5684,Chr11,106412796,106413620,106413208,+,825,111,2,21391
MafA_R1.macs2_peak_5455,Chr11,96776175,96778157,96777166,+,1983,198,22,30061
MafA_R1.macs2_peak_5486,Chr11,98562349,98563172,98562760.5,+,824,106,1,7583
MafA_R1.macs2_peak_5921,Chr11,116999105,116999885,116999495,+,781,171,1,-6499
MafA_R1.macs2_peak_5852,Chr11,114703684,114704119,114703901.5,+,436,277,1,14151
MafA_R1.macs2_peak_6031,Chr11,119585784,119587212,119586498,+,1429,110,22,92767
MafA_R1.macs2_peak_4714,Chr11,58845053,58845782,58845417.5,+,730,643,4,-79
MafA_R1.macs2_peak_5323,Chr11,88448277,88448884,88448580.5,+,608,109,1,-61497
MafA_R1.macs2_peak_4431,Chr11,33951871,33952369,33952120,+,499,169,13,-8927
MafA_R1.macs2_peak_4774,Chr11,61570676,61571602,61571139,+,927,169,1,-4097
MafA_R1.macs2_peak_4220,Chr11,8434509,8435082,8434795.5,+,574,146,3,179740
MafA_R1.macs2_peak_4671,Chr11,56618157,56619062,56618609.5,+,906,146,1,-283835
MafA_R1.macs2_peak_4149,Chr11,4610608,4612651,4611629.5,+,2044,207,1,23836
MafA_R1.macs2_peak_4608,Chr11,53122243,53123414,53122828.5,+,1172,269,2,68478
MafA_R1.macs2_peak_4876,Chr11,68963738,68964937,68964337.5,+,1200,331,1,85
MafA_R1.macs2_peak_4871,Chr11,68830220,68830779,68830499.5,+,560,255,3,-12592
MafA_R1.macs2_peak_5793,Chr11,113349777,113350380,113350078.5,+,604,124,1,106563
MafA_R1.macs2_peak_5536,Chr11,101030907,101031913,101031410,+,1007,307,8,-15300
MafA_R1.macs2_peak_5979,Chr11,118314030,118314728,118314379,+,699,243,7,-4435
MafA_R1.macs2_peak_5775,Chr11,110317884,110318197,110318040.5,+,314,98,1,28112
MafA_R1.macs2_peak_5264,Chr11,86825666,86826914,86826290,+,1249,299,3,58298
MafA_R1.macs2_peak_4710,Chr11,58818691,58819317,58819004,+,627,250,9,10121
MafA_R1.macs2_peak_4517,Chr11,48375640,48376142,48375891,+,503,89,1,-315296
MafA_R1.macs2_peak_4987,Chr11,72994313,72994577,72994445,+,265,89,1,13036
MafA_R1.macs2_peak_4590,Chr11,52406549,52407493,52407021,+,945,237,4,119766
MafA_R1.macs2_peak_5860,Chr11,114975033,114976069,114975551,+,1037,237,2,-6706
MafA_R1.macs2_peak_4269,Chr11,17504832,17505542,17505187,+,711,100,1,297499
MafA_R1.macs2_peak_5866,Chr11,115319010,115319354,115319182,+,345,100,1,8230
MafA_R1.macs2_peak_4650,Chr11,54832395,54832772,54832583.5,+,378,137,2,21183
MafA_R1.macs2_peak_4681,Chr11,57610259,57610991,57610625,+,733,137,12,-70305
MafA_R1.macs2_peak_4702,Chr11,58680246,58681857,58681051.5,+,1612,175,8,4086
MafA_R1.macs2_peak_5789,Chr11,113063199,113063863,113063531,+,665,408,9,29133
MafA_R1.macs2_peak_5884,Chr11,116210019,116210393,116210206,+,375,195,1,-12630
MafA_R1.macs2_peak_5436,Chr11,95749320,95751086,95750203,+,1767,328,9,560
MafA_R1.macs2_peak_5330,Chr11,88619296,88620670,88619983,+,1375,151,13,10514
MafA_R1.macs2_peak_5337,Chr11,88914920,88915850,88915385,+,931,151,6,25156
MafA_R1.macs2_peak_6032,Chr11,119601103,119602111,119601607,+,1009,243,4,107876
MafA_R1.macs2_peak_4219,Chr11,8431829,8432330,8432079.5,+,502,172,1,182456
MafA_R1.macs2_peak_5703,Chr11,107400676,107401021,107400848.5,+,346,114,2,30494
MafA_R1.macs2_peak_4577,Chr11,52237094,52237724,52237409,+,631,166,1,-14269
MafA_R1.macs2_peak_4709,Chr11,58805431,58805906,58805668.5,+,476,220,5,-3066
MafA_R1.macs2_peak_6068,Chr11,120429709,120430679,120430194,+,971,249,9,8641
MafA_R1.macs2_peak_5849,Chr11,114684983,114687049,114686016,+,2067,422,2,702
MafA_R1.macs2_peak_5389,Chr11,93719702,93720282,93719992,+,581,140,1,56600
MafA_R1.macs2_peak_5258,Chr11,86731193,86732069,86731631,+,877,128,4,11853
MafA_R1.macs2_peak_4458,Chr11,36332972,36333432,36333202,+,461,92,1,-461848
MafA_R1.macs2_peak_5558,Chr11,101558753,101559570,101559161.5,+,818,181,6,2794
MafA_R1.macs2_peak_5829,Chr11,114210660,114211632,114211146,+,973,181,1,122062
MafA_R1.macs2_peak_6006,Chr11,118924913,118925428,118925170.5,+,516,181,5,6569
MafA_R1.macs2_peak_5601,Chr11,103157963,103158871,103158417,+,909,355,2,-190
MafA_R1.macs2_peak_5913,Chr11,116947959,116948779,116948369,+,821,250,7,-19240
MafA_R1.macs2_peak_6075,Chr11,120792625,120793449,120793037,+,825,196,10,30661
MafA_R1.macs2_peak_5299,Chr11,88025799,88026190,88025994.5,+,392,99,2,-34397
MafA_R1.macs2_peak_5905,Chr11,116483118,116483797,116483457.5,+,680,315,1,-1056
MafA_R1.macs2_peak_4511,Chr11,46739196,46739527,46739361.5,+,332,80,1,37735
MafA_R1.macs2_peak_4599,Chr11,52713053,52713688,52713370.5,+,636,80,3,57837
MafA_R1.macs2_peak_4849,Chr11,67686342,67687022,67686682,+,681,109,1,-2415
MafA_R1.macs2_peak_6049,Chr11,119920363,119921153,119920758,+,791,109,7,11849
MafA_R1.macs2_peak_5179,Chr11,81693080,81694123,81693601.5,+,1044,113,1,-57902
MafA_R1.macs2_peak_4595,Chr11,52451670,52452881,52452275.5,+,1212,173,1,165020
MafA_R1.macs2_peak_5300,Chr11,88044344,88045089,88044716.5,+,746,120,6,-15675
MafA_R1.macs2_peak_4241,Chr11,11781361,11781986,11781673.5,+,626,105,1,-22711
MafA_R1.macs2_peak_5314,Chr11,88379014,88380099,88379556.5,+,1086,105,8,-130521
MafA_R1.macs2_peak_5468,Chr11,97380317,97381060,97380688.5,+,744,105,6,10478
MafA_R1.macs2_peak_5341,Chr11,90020838,90021497,90021167.5,+,660,124,6,99993
MafA_R1.macs2_peak_5066,Chr11,76420060,76422432,76421246,+,2373,188,2,-21001
MafA_R1.macs2_peak_4354,Chr11,30699967,30701209,30700588,+,1243,139,5,-21187
MafA_R1.macs2_peak_5823,Chr11,114065748,114066995,114066371.5,+,1248,143,1,-22713
MafA_R1.macs2_peak_4329,Chr11,24154082,24155246,24154664,+,1165,119,1,123969
MafA_R1.macs2_peak_4448,Chr11,35892422,35892735,35892578.5,+,314,119,2,-21224
MafA_R1.macs2_peak_5676,Chr11,106280279,106280980,106280629.5,+,702,104,1,-7022
MafA_R1.macs2_peak_6045,Chr11,119879158,119880370,119879764,+,1213,260,10,-25829
MafA_R1.macs2_peak_4612,Chr11,53233111,53233815,53233463,+,705,85,5,-8131
MafA_R1.macs2_peak_4156,Chr11,4948274,4949047,4948660.5,+,774,162,1,11836
MafA_R1.macs2_peak_5535,Chr11,101029608,101029932,101029770,+,325,250,3,-16940
MafA_R1.macs2_peak_5902,Chr11,116464904,116466690,116465797,+,1787,250,2,6476
MafA_R1.macs2_peak_5062,Chr11,76367366,76368614,76367990,+,1249,197,5,-8699
MafA_R1.macs2_peak_5359,Chr11,92813549,92815042,92814295.5,+,1494,164,3,-174897
MafA_R1.macs2_peak_4616,Chr11,53360737,53361273,53361005,+,537,296,1,10017
MafA_R1.macs2_peak_6057,Chr11,120206475,120207622,120207048.5,+,1148,429,4,31191
MafA_R1.macs2_peak_4816,Chr11,62808064,62808312,62808188,+,249,79,1,-33831
MafA_R1.macs2_peak_5737,Chr11,109067250,109067967,109067608.5,+,718,90,1,-32413
MafA_R1.macs2_peak_4500,Chr11,45676526,45676872,45676699,+,347,93,1,-22211
MafA_R1.macs2_peak_4682,Chr11,57650368,57650927,57650647.5,+,560,93,13,41646
MafA_R1.macs2_peak_5569,Chr11,101764973,101765916,101765444.5,+,944,93,1,19736
MafA_R1.macs2_peak_4264,Chr11,17036065,17036565,17036315,+,501,97,10,34456
MafA_R1.macs2_peak_5506,Chr11,99988643,99989211,99988927,+,569,104,1,-1877
MafA_R1.macs2_peak_4273,Chr11,18018596,18019207,18018901.5,+,612,74,5,-27085
MafA_R1.macs2_peak_4363,Chr11,31668247,31668671,31668459,+,425,78,1,-46597
MafA_R1.macs2_peak_5953,Chr11,117682904,117683695,117683299.5,+,792,96,1,-5187
MafA_R1.macs2_peak_6036,Chr11,119683833,119684867,119684350,+,1035,92,4,40841
MafA_R1.macs2_peak_5438,Chr11,96031297,96032159,96031728,+,863,126,1,7116
MafA_R1.macs2_peak_4622,Chr11,53645901,53646376,53646138.5,+,476,141,1,8343
MafA_R1.macs2_peak_4829,Chr11,65733228,65734253,65733740.5,+,1026,141,1,34949
MafA_R1.macs2_peak_5297,Chr11,87856898,87858989,87857943.5,+,2092,141,26,19468
MafA_R1.macs2_peak_5985,Chr11,118424902,118425991,118425446.5,+,1090,141,8,57788
MafA_R1.macs2_peak_5271,Chr11,86898118,86898480,86898299,+,363,88,1,-13711
MafA_R1.macs2_peak_5321,Chr11,88441114,88442411,88441762.5,+,1298,156,9,-68315
MafA_R1.macs2_peak_4898,Chr11,69649596,69650573,69650084.5,+,978,526,1,-625
MafA_R1.macs2_peak_4171,Chr11,5759445,5759720,5759582.5,+,276,80,1,-5786
MafA_R1.macs2_peak_4988,Chr11,73028601,73029087,73028844,+,487,539,1,276
MafA_R1.macs2_peak_4459,Chr11,36411310,36411558,36411434,+,249,69,1,423634
MafA_R1.macs2_peak_4847,Chr11,67662876,67663487,67663181.5,+,612,123,2,-1202
MafA_R1.macs2_peak_4375,Chr11,31820409,31820713,31820561,+,305,422,1,-379
MafA_R1.macs2_peak_5040,Chr11,76015890,76016707,76016298.5,+,818,164,1,54166
MafA_R1.macs2_peak_5559,Chr11,101591193,101591905,101591549,+,713,164,1,-32233
MafA_R1.macs2_peak_4346,Chr11,30133618,30134153,30133885.5,+,536,107,3,14372
MafA_R1.macs2_peak_4982,Chr11,72831656,72832301,72831978.5,+,646,148,1,-20017
MafA_R1.macs2_peak_6067,Chr11,120408732,120409751,120409241.5,+,1020,148,15,-12312
MafA_R1.macs2_peak_5030,Chr11,75761053,75761376,75761214.5,+,324,96,2,40671
MafA_R1.macs2_peak_6038,Chr11,119794811,119795343,119795077,+,533,96,7,-9559
MafA_R1.macs2_peak_4550,Chr11,50216688,50217156,50216922,+,469,419,1,-422
MafA_R1.macs2_peak_6061,Chr11,120244354,120244948,120244651,+,595,185,1,5147
MafA_R1.macs2_peak_5184,Chr11,82065897,82066190,82066043.5,+,294,102,2,4595
MafA_R1.macs2_peak_4239,Chr11,9421962,9422408,9422185,+,447,81,1,280243
MafA_R1.macs2_peak_6012,Chr11,119017150,119018201,119017675.5,+,1052,157,6,27288
MafA_R1.macs2_peak_5833,Chr11,114295085,114295918,114295501.5,+,834,87,7,44185
MafA_R1.macs2_peak_5033,Chr11,75816923,75817305,75817114,+,383,187,2,-397
MafA_R1.macs2_peak_5305,Chr11,88126368,88126858,88126613,+,491,171,2,31399
MafA_R1.macs2_peak_4200,Chr11,6990744,6991416,6991080,+,673,66,3,-22353
MafA_R1.macs2_peak_4619,Chr11,53436330,53436664,53436497,+,335,122,1,-21699
MafA_R1.macs2_peak_4582,Chr11,52262591,52263462,52263026.5,+,872,140,1,10602
MafA_R1.macs2_peak_4825,Chr11,63913191,63913773,63913482,+,583,115,3,56816
MafA_R1.macs2_peak_4646,Chr11,54751603,54752185,54751894,+,583,352,1,-471
MafA_R1.macs2_peak_5873,Chr11,115704612,115704903,115704757.5,+,292,764,1,-339
MafA_R1.macs2_peak_4451,Chr11,35963807,35964579,35964193,+,773,103,5,-92839
MafA_R1.macs2_peak_5693,Chr11,106903282,106903543,106903412.5,+,262,250,2,-13061
MafA_R1.macs2_peak_5479,Chr11,97826610,97827240,97826925,+,631,81,1,50347
MafA_R1.macs2_peak_4456,Chr11,36041256,36041776,36041516,+,521,110,7,-170162
MafA_R1.macs2_peak_5217,Chr11,84320500,84321759,84321129.5,+,1260,110,2,83198
MafA_R1.macs2_peak_4302,Chr11,21674290,21674620,21674455,+,331,64,1,152174
MafA_R1.macs2_peak_4350,Chr11,30408243,30408496,30408369.5,+,254,61,1,13460
MafA_R1.macs2_peak_4466,Chr11,37441314,37441570,37441442,+,257,61,2,-108374
MafA_R1.macs2_peak_4665,Chr11,55962145,55962461,55962303,+,317,61,1,-30490
MafA_R1.macs2_peak_5373,Chr11,93258027,93258560,93258293.5,+,534,61,2,268177
MafA_R1.macs2_peak_5700,Chr11,107294082,107294602,107294342,+,521,61,2,67204
MafA_R1.macs2_peak_4143,Chr11,3977142,3977653,3977397.5,+,512,70,1,-4385
MafA_R1.macs2_peak_5216,Chr11,84285857,84286675,84286266,+,819,122,2,118061
MafA_R1.macs2_peak_4262,Chr11,17001574,17003082,17002328,+,1509,282,2,469
MafA_R1.macs2_peak_6004,Chr11,118889369,118890042,118889705.5,+,674,118,2,10698
MafA_R1.macs2_peak_4230,Chr11,8734337,8735000,8734668.5,+,664,76,1,-120133
MafA_R1.macs2_peak_4357,Chr11,30723003,30723507,30723255,+,505,150,4,1480
MafA_R1.macs2_peak_4223,Chr11,8482112,8482763,8482437.5,+,652,79,1,132098
MafA_R1.macs2_peak_4628,Chr11,53822120,53822444,53822282,+,325,79,1,-39753
MafA_R1.macs2_peak_4657,Chr11,55679400,55679915,55679657.5,+,516,79,3,-180633
MafA_R1.macs2_peak_5063,Chr11,76384158,76385638,76384898,+,1481,326,2,423
MafA_R1.macs2_peak_5485,Chr11,98559679,98560430,98560054.5,+,752,107,2,4877
MafA_R1.macs2_peak_4679,Chr11,57508299,57508933,57508616,+,635,117,8,-27652
MafA_R1.macs2_peak_4563,Chr11,51827939,51828919,51828429,+,981,274,8,-30029
MafA_R1.macs2_peak_4321,Chr11,23091256,23091542,23091399,+,287,65,1,-10741
MafA_R1.macs2_peak_5561,Chr11,101615658,101616467,101616062.5,+,810,65,1,-7720
MafA_R1.macs2_peak_5333,Chr11,88858868,88860303,88859585.5,+,1436,418,10,-1828
MafA_R1.macs2_peak_5637,Chr11,104016494,104016762,104016628,+,269,65,4,-6979
MafA_R1.macs2_peak_5018,Chr11,75454966,75455682,75455324,+,717,140,3,13069
MafA_R1.macs2_peak_5372,Chr11,93228272,93229146,93228709,+,875,140,1,238593
MafA_R1.macs2_peak_5527,Chr11,100799211,100799523,100799367,+,313,102,1,30999
MafA_R1.macs2_peak_4298,Chr11,20691786,20693052,20692419,+,1267,243,2,-863
MafA_R1.macs2_peak_5691,Chr11,106872508,106873810,106873159,+,1303,243,5,17192
MafA_R1.macs2_peak_4717,Chr11,59053724,59054632,59054178,+,909,530,1,393
MafA_R1.macs2_peak_5326,Chr11,88495632,88496420,88496026,+,789,91,6,-14051
MafA_R1.macs2_peak_5427,Chr11,95322887,95323173,95323030,+,287,91,1,18121
MafA_R1.macs2_peak_4178,Chr11,5899637,5900443,5900040,+,807,164,1,41
MafA_R1.macs2_peak_4444,Chr11,35487545,35488063,35487804,+,519,64,1,-19839
MafA_R1.macs2_peak_4937,Chr11,71338550,71338876,71338713,+,327,64,2,-68649
MafA_R1.macs2_peak_5699,Chr11,107267626,107268471,107268048.5,+,846,64,4,93498
MafA_R1.macs2_peak_4225,Chr11,8572554,8573184,8572869,+,631,87,1,41666
MafA_R1.macs2_peak_5309,Chr11,88285222,88285590,88285406,+,369,114,4,41807
MafA_R1.macs2_peak_4360,Chr11,31315111,31316186,31315648.5,+,1076,125,5,4413
MafA_R1.macs2_peak_4565,Chr11,51835971,51836736,51836353.5,+,766,125,1,-22105
MafA_R1.macs2_peak_4235,Chr11,8970069,8970746,8970407.5,+,678,86,14,-9216
MafA_R1.macs2_peak_5328,Chr11,88534085,88534956,88534520.5,+,872,86,8,24443
MafA_R1.macs2_peak_6037,Chr11,119708229,119708844,119708536.5,+,616,86,3,16655
MafA_R1.macs2_peak_6024,Chr11,119119390,119119753,119119571.5,+,364,361,1,173
MafA_R1.macs2_peak_5332,Chr11,88849634,88850198,88849916,+,565,79,14,-3648
MafA_R1.macs2_peak_6002,Chr11,118660492,118660812,118660652,+,321,59,16,-8785
MafA_R1.macs2_peak_4439,Chr11,34302226,34302696,34302461,+,471,62,1,37639
MafA_R1.macs2_peak_4701,Chr11,58273059,58273525,58273292,+,467,59,3,1820
MafA_R1.macs2_peak_4861,Chr11,68210948,68211390,68211169,+,443,62,1,66483
MafA_R1.macs2_peak_4233,Chr11,8916142,8916679,8916410.5,+,538,71,2,44781
MafA_R1.macs2_peak_4592,Chr11,52412902,52413347,52413124.5,+,446,71,3,125869
MafA_R1.macs2_peak_5296,Chr11,87742339,87742790,87742564.5,+,452,71,3,-1477
MafA_R1.macs2_peak_5478,Chr11,97790903,97791213,97791058,+,311,71,1,-16078
MafA_R1.macs2_peak_6003,Chr11,118762585,118762920,118762752.5,+,336,71,5,37646
MafA_R1.macs2_peak_4372,Chr11,31774534,31775189,31774861.5,+,656,117,4,-314
MafA_R1.macs2_peak_6017,Chr11,119066873,119068542,119067707.5,+,1670,189,4,-22744
MafA_R1.macs2_peak_4518,Chr11,48707506,48708229,48707867.5,+,724,503,1,351
MafA_R1.macs2_peak_5312,Chr11,88358761,88359170,88358965.5,+,410,52,1,115366
MafA_R1.macs2_peak_5355,Chr11,91357724,91358662,91358193,+,939,52,1,110188
MafA_R1.macs2_peak_5678,Chr11,106331179,106331608,106331393.5,+,430,64,1,47229
MafA_R1.macs2_peak_5242,Chr11,86091671,86092034,86091852.5,+,364,249,3,167
MafA_R1.macs2_peak_4712,Chr11,58838876,58841021,58839948.5,+,2146,269,11,211
MafA_R1.macs2_peak_5999,Chr11,118635042,118635582,118635312,+,541,73,4,16555
MafA_R1.macs2_peak_5416,Chr11,95071982,95072431,95072206.5,+,450,64,4,-35579
MafA_R1.macs2_peak_4170,Chr11,5712129,5712757,5712443,+,629,480,9,-67
MafA_R1.macs2_peak_4246,Chr11,11837723,11838711,11838217,+,989,125,1,2191
MafA_R1.macs2_peak_4649,Chr11,54795033,54795504,54795268.5,+,472,60,1,1588
MafA_R1.macs2_peak_5456,Chr11,96797133,96797676,96797404.5,+,544,102,4,9823
MafA_R1.macs2_peak_6056,Chr11,120152484,120153597,120153040.5,+,1114,168,1,29267
MafA_R1.macs2_peak_5557,Chr11,101555645,101556671,101556158,+,1027,158,1,-209
MafA_R1.macs2_peak_5941,Chr11,117373016,117373878,117373447,+,863,158,3,-1747
MafA_R1.macs2_peak_5304,Chr11,88106199,88107426,88106812.5,+,1228,214,7,11598
MafA_R1.macs2_peak_5352,Chr11,90588421,90588767,90588594,+,347,134,1,-10167
MafA_R1.macs2_peak_5318,Chr11,88429210,88430121,88429665.5,+,912,63,11,-80412
MafA_R1.macs2_peak_4678,Chr11,57499861,57500131,57499996,+,271,53,1,-36272
MafA_R1.macs2_peak_4261,Chr11,16900629,16901110,16900869.5,+,482,166,4,413
MafA_R1.macs2_peak_4688,Chr11,57710790,57711237,57711013.5,+,448,56,1,11960
MafA_R1.macs2_peak_5993,Chr11,118551704,118552341,118552022.5,+,638,56,8,99845
MafA_R1.macs2_peak_5825,Chr11,114076088,114076460,114076274,+,373,68,2,-12810
MafA_R1.macs2_peak_5994,Chr11,118552718,118553111,118552914.5,+,394,58,2,98953
MafA_R1.macs2_peak_5912,Chr11,116937907,116938216,116938061.5,+,310,55,5,-29548
MafA_R1.macs2_peak_5325,Chr11,88475845,88476719,88476282,+,875,118,4,-33795
MafA_R1.macs2_peak_5445,Chr11,96472491,96472783,96472637,+,293,80,1,117220
MafA_R1.macs2_peak_4653,Chr11,55359696,55360032,55359864,+,337,219,1,-714
MafA_R1.macs2_peak_5850,Chr11,114698160,114698744,114698452,+,585,140,8,8702
MafA_R1.macs2_peak_4440,Chr11,34312073,34312539,34312306,+,467,94,1,47484
MafA_R1.macs2_peak_5874,Chr11,115790878,115791364,115791121,+,487,94,1,156
MafA_R1.macs2_peak_4218,Chr11,8417638,8418678,8418158,+,1041,133,1,196377
MafA_R1.macs2_peak_4443,Chr11,35475613,35476263,35475938,+,651,63,1,-31705
MafA_R1.macs2_peak_4686,Chr11,57666576,57667071,57666823.5,+,496,63,3,25470
MafA_R1.macs2_peak_4917,Chr11,70342700,70343296,70342998,+,597,580,1,254
MafA_R1.macs2_peak_5692,Chr11,106899927,106900241,106900084,+,315,69,2,-9733
MafA_R1.macs2_peak_5701,Chr11,107334148,107334618,107334383,+,471,48,1,27163
MafA_R1.macs2_peak_4927,Chr11,70712825,70713579,70713202,+,755,143,2,-9815
MafA_R1.macs2_peak_4377,Chr11,31856545,31856936,31856740.5,+,392,56,3,35800
MafA_R1.macs2_peak_5696,Chr11,106952591,106953666,106953128.5,+,1076,71,5,34079
MafA_R1.macs2_peak_4704,Chr11,58694605,58694877,58694741,+,273,56,12,-1955
MafA_R1.macs2_peak_5690,Chr11,106710657,106711548,106711102.5,+,892,88,5,31024
MafA_R1.macs2_peak_4383,Chr11,32313425,32313765,32313595,+,341,64,5,15755
MafA_R1.macs2_peak_4600,Chr11,52740673,52741433,52741053,+,761,52,12,85520
MafA_R1.macs2_peak_5792,Chr11,113216950,113217271,113217110.5,+,322,52,1,-116615
MafA_R1.macs2_peak_4457,Chr11,36092506,36093021,36092763.5,+,516,79,2,-221409
MafA_R1.macs2_peak_4593,Chr11,52431491,52432188,52431839.5,+,698,79,6,144584
MafA_R1.macs2_peak_5387,Chr11,93703101,93703439,93703270,+,339,79,2,73322
MafA_R1.macs2_peak_6025,Chr11,119246183,119246807,119246495,+,625,197,15,112
MafA_R1.macs2_peak_4381,Chr11,32281395,32281662,32281528.5,+,268,44,6,-16312
MafA_R1.macs2_peak_5695,Chr11,106935104,106935570,106935337,+,467,136,1,16288
MafA_R1.macs2_peak_5052,Chr11,76241740,76242288,76242014,+,549,46,1,47953
MafA_R1.macs2_peak_5409,Chr11,94427550,94427874,94427712,+,325,46,1,12321
MafA_R1.macs2_peak_4828,Chr11,65729392,65730400,65729896,+,1009,145,2,31105
MafA_R1.macs2_peak_5303,Chr11,88078108,88078549,88078328.5,+,442,145,3,-6604
MafA_R1.macs2_peak_5260,Chr11,86750878,86751514,86751196,+,637,95,1,-7712
MafA_R1.macs2_peak_6026,Chr11,119303246,119303535,119303390.5,+,290,46,1,22092
MafA_R1.macs2_peak_5990,Chr11,118524524,118525092,118524808,+,569,104,4,127059
MafA_R1.macs2_peak_4147,Chr11,4352989,4353420,4353204.5,+,432,48,1,37878
MafA_R1.macs2_peak_4601,Chr11,52750714,52751084,52750899,+,371,48,1,95366
MafA_R1.macs2_peak_5437,Chr11,95817984,95818321,95818152.5,+,338,48,1,-12455
MafA_R1.macs2_peak_5712,Chr11,107767372,107767659,107767515.5,+,288,48,1,34673
MafA_R1.macs2_peak_5769,Chr11,110162389,110162707,110162548,+,319,48,1,-19946
MafA_R1.macs2_peak_6074,Chr11,120729861,120730303,120730082,+,443,48,1,-14709
MafA_R1.macs2_peak_5448,Chr11,96623309,96623967,96623638,+,659,121,6,44743
MafA_R1.macs2_peak_5058,Chr11,76320283,76320907,76320595,+,625,56,3,7536
MafA_R1.macs2_peak_5654,Chr11,105350003,105351066,105350534.5,+,1064,56,1,-2973
MafA_R1.macs2_peak_4365,Chr11,31683886,31684934,31684410,+,1049,130,4,-62548
MafA_R1.macs2_peak_5901,Chr11,116463625,116464403,116464014,+,779,64,2,8259
MafA_R1.macs2_peak_6030,Chr11,119576537,119577200,119576868.5,+,664,64,3,83137
MafA_R1.macs2_peak_5790,Chr11,113066371,113066701,113066536,+,331,60,1,26128
MafA_R1.macs2_peak_5324,Chr11,88461431,88462111,88461771,+,681,72,2,-48306
MafA_R1.macs2_peak_5466,Chr11,97367462,97367715,97367588.5,+,254,72,2,23578
MafA_R1.macs2_peak_5975,Chr11,118238281,118238656,118238468.5,+,376,49,2,-5108
MafA_R1.macs2_peak_5687,Chr11,106646594,106646877,106646735.5,+,284,80,2,4683
MafA_R1.macs2_peak_4174,Chr11,5845068,5845408,5845238,+,341,86,1,3544
MafA_R1.macs2_peak_5818,Chr11,113896646,113897042,113896844,+,397,41,4,61011
MafA_R1.macs2_peak_4454,Chr11,36000140,36000733,36000436.5,+,594,88,2,-129082
MafA_R1.macs2_peak_5065,Chr11,76415505,76415904,76415704.5,+,400,88,3,-15459
MafA_R1.macs2_peak_5885,Chr11,116219756,116220457,116220106.5,+,702,88,3,6074
MafA_R1.macs2_peak_4820,Chr11,63666518,63666789,63666653.5,+,272,97,7,146457
MafA_R1.macs2_peak_5682,Chr11,106375459,106375772,106375615.5,+,314,121,2,3007
MafA_R1.macs2_peak_5248,Chr11,86489285,86489816,86489550.5,+,532,57,1,-14566
MafA_R1.macs2_peak_4822,Chr11,63779209,63779461,63779335,+,253,41,1,33775
MafA_R1.macs2_peak_5308,Chr11,88192189,88192435,88192312,+,247,41,2,7443
MafA_R1.macs2_peak_6010,Chr11,118981996,118982619,118982307.5,+,624,192,3,-5244
MafA_R1.macs2_peak_4939,Chr11,71432286,71432723,71432504.5,+,438,45,1,25142
MafA_R1.macs2_peak_5923,Chr11,117014244,117014939,117014591.5,+,696,100,1,8597
MafA_R1.macs2_peak_5927,Chr11,117049632,117049928,117049780,+,297,44,1,22946
MafA_R1.macs2_peak_5255,Chr11,86640267,86640831,86640549,+,565,44,2,7844
MafA_R1.macs2_peak_4707,Chr11,58740388,58741138,58740763,+,751,82,11,8821
MafA_R1.macs2_peak_5247,Chr11,86363837,86364566,86364201.5,+,730,82,4,-11282
MafA_R1.macs2_peak_6044,Chr11,119860843,119861616,119861229.5,+,774,65,2,27311
MafA_R1.macs2_peak_4684,Chr11,57652433,57652682,57652557.5,+,250,46,3,39736
MafA_R1.macs2_peak_4271,Chr11,17636583,17636865,17636724,+,283,36,1,267151
MafA_R1.macs2_peak_4524,Chr11,48972691,48973269,48972980,+,579,36,1,-4864
MafA_R1.macs2_peak_5374,Chr11,93334477,93334884,93334680.5,+,408,36,2,344564
MafA_R1.macs2_peak_4159,Chr11,5025039,5025360,5025199.5,+,322,48,1,-9872
MafA_R1.macs2_peak_4558,Chr11,51428969,51429225,51429097,+,257,48,4,-46487
MafA_R1.macs2_peak_5360,Chr11,92820452,92820914,92820683,+,463,48,2,-168509
MafA_R1.macs2_peak_4148,Chr11,4388486,4388784,4388635,+,299,40,1,2447
MafA_R1.macs2_peak_4202,Chr11,7045988,7046334,7046161,+,347,40,3,32728
MafA_R1.macs2_peak_4379,Chr11,32092561,32093039,32092800,+,479,36,4,-41572
MafA_R1.macs2_peak_4181,Chr11,5956270,5956533,5956401.5,+,264,127,1,50643
MafA_R1.macs2_peak_5200,Chr11,83710543,83711005,83710774,+,463,58,2,-30921
MafA_R1.macs2_peak_4305,Chr11,22237259,22237649,22237454,+,391,121,1,-659
MafA_R1.macs2_peak_4880,Chr11,69014714,69015917,69015315.5,+,1204,200,4,-1888
MafA_R1.macs2_peak_4453,Chr11,35999565,35999848,35999706.5,+,284,40,1,-128352
MafA_R1.macs2_peak_5563,Chr11,101663583,101664089,101663836,+,507,50,3,12300
MafA_R1.macs2_peak_6020,Chr11,119103985,119104558,119104271.5,+,574,54,3,15054
MafA_R1.macs2_peak_5628,Chr11,103857569,103857960,103857764.5,+,392,193,1,67
MafA_R1.macs2_peak_5055,Chr11,76301474,76301737,76301605.5,+,264,77,1,3636
MafA_R1.macs2_peak_5494,Chr11,98845346,98845844,98845595,+,499,66,1,-5702
MafA_R1.macs2_peak_4692,Chr11,57871129,57871783,57871456,+,655,58,18,-28434
MafA_R1.macs2_peak_6023,Chr11,119113113,119113508,119113310.5,+,396,58,3,6015
MafA_R1.macs2_peak_6019,Chr11,119082387,119082638,119082512.5,+,252,40,5,36813
MafA_R1.macs2_peak_4683,Chr11,57651360,57652074,57651717,+,715,95,5,40576
MafA_R1.macs2_peak_5020,Chr11,75472561,75473082,75472821.5,+,522,35,2,-6084
MafA_R1.macs2_peak_4924,Chr11,70452748,70453159,70452953.5,+,412,121,1,-754
MafA_R1.macs2_peak_5340,Chr11,89893345,89894135,89893740,+,791,86,10,-20
MafA_R1.macs2_peak_5391,Chr11,93885785,93886638,93886211.5,+,854,112,2,-706
MafA_R1.macs2_peak_5267,Chr11,86846078,86846430,86846254,+,353,44,1,38334
MafA_R1.macs2_peak_5620,Chr11,103649423,103650196,103649809.5,+,774,77,1,-9162
MafA_R1.macs2_peak_5476,Chr11,97731549,97732297,97731923,+,749,143,1,-9
MafA_R1.macs2_peak_4378,Chr11,32025157,32025792,32025474.5,+,636,46,8,25754
MafA_R1.macs2_peak_4566,Chr11,51968027,51968397,51968212,+,371,37,1,-21439
MafA_R1.macs2_peak_5984,Chr11,118421075,118421495,118421285,+,421,34,1,53627
MafA_R1.macs2_peak_4204,Chr11,7056403,7056922,7056662.5,+,520,41,1,43229
MafA_R1.macs2_peak_5322,Chr11,88443820,88444319,88444069.5,+,500,41,8,-66008
MafA_R1.macs2_peak_4157,Chr11,4961559,4961948,4961753.5,+,390,41,1,24929
MafA_R1.macs2_peak_5298,Chr11,88009901,88010399,88010150,+,499,97,3,20178
MafA_R1.macs2_peak_5083,Chr11,76910009,76910265,76910137,+,257,32,4,20714
MafA_R1.macs2_peak_4405,Chr11,33463065,33463726,33463395.5,+,662,175,1,358
MafA_R1.macs2_peak_5680,Chr11,106359438,106359837,106359637.5,+,400,32,1,18985
MafA_R1.macs2_peak_5904,Chr11,116477235,116477670,116477452.5,+,436,88,1,-5179
MafA_R1.macs2_peak_4358,Chr11,31049486,31049896,31049691,+,411,34,7,-113326
MafA_R1.macs2_peak_5916,Chr11,116957443,116957734,116957588.5,+,292,33,1,-10021
MafA_R1.macs2_peak_5452,Chr11,96721022,96721275,96721148.5,+,254,195,1,-354
MafA_R1.macs2_peak_4685,Chr11,57664477,57665310,57664893.5,+,834,51,11,27400
MafA_R1.macs2_peak_5249,Chr11,86546418,86546974,86546696,+,557,51,3,15405
MafA_R1.macs2_peak_5711,Chr11,107696819,107697866,107697342.5,+,1048,51,1,-11810
MafA_R1.macs2_peak_5462,Chr11,97318646,97319354,97319000,+,709,71,1,-21986
MafA_R1.macs2_peak_4429,Chr11,33924376,33925347,33924861.5,+,972,73,5,11848
MafA_R1.macs2_peak_4708,Chr11,58772605,58772851,58772728,+,247,28,2,14662
MafA_R1.macs2_peak_5336,Chr11,88900424,88900878,88900651,+,455,68,4,10422
MafA_R1.macs2_peak_5556,Chr11,101549370,101549749,101549559.5,+,380,111,4,-6808
MafA_R1.macs2_peak_5778,Chr11,110373873,110374160,110374016.5,+,288,39,1,3850
MafA_R1.macs2_peak_5808,Chr11,113557513,113558043,113557778,+,531,82,1,-16860
MafA_R1.macs2_peak_5224,Chr11,84635334,84635901,84635617.5,+,568,62,1,-24359
MafA_R1.macs2_peak_5302,Chr11,88052688,88053053,88052870.5,+,366,174,4,-7521
MafA_R1.macs2_peak_4349,Chr11,30187756,30188331,30188043.5,+,576,43,8,-18271
MafA_R1.macs2_peak_5320,Chr11,88437837,88438247,88438042,+,411,43,2,-72035
MafA_R1.macs2_peak_5632,Chr11,103899417,103900092,103899754.5,+,676,43,10,42057
MafA_R1.macs2_peak_4460,Chr11,36412066,36412331,36412198.5,+,266,28,1,422870
MafA_R1.macs2_peak_4603,Chr11,52844197,52844887,52844542,+,691,54,2,166341
MafA_R1.macs2_peak_5945,Chr11,117490637,117491120,117490878.5,+,484,61,2,-11195
MafA_R1.macs2_peak_5881,Chr11,116145243,116145965,116145604,+,723,128,3,-16687
MafA_R1.macs2_peak_4347,Chr11,30147854,30148590,30148222,+,737,140,1,35
MafA_R1.macs2_peak_4881,Chr11,69024680,69025189,69024934.5,+,510,46,2,7731
MafA_R1.macs2_peak_4266,Chr11,17229829,17230247,17230038,+,419,35,3,22350
MafA_R1.macs2_peak_6008,Chr11,118970205,118970546,118970375.5,+,342,41,5,6688
MafA_R1.macs2_peak_5950,Chr11,117588708,117588974,117588841,+,267,28,1,43726
MafA_R1.macs2_peak_5390,Chr11,93747373,93747760,93747566.5,+,388,76,1,29026
MafA_R1.macs2_peak_4504,Chr11,45846045,45846298,45846171.5,+,254,119,2,-156
MafA_R1.macs2_peak_5301,Chr11,88051967,88052219,88052093,+,253,119,1,-8298
MafA_R1.macs2_peak_5679,Chr11,106331985,106332238,106332111.5,+,254,28,1,46511
MafA_R1.macs2_peak_6007,Chr11,118932036,118932330,118932183,+,295,242,3,-444
MafA_R1.macs2_peak_4312,Chr11,22627152,22627940,22627546,+,789,45,2,165263
MafA_R1.macs2_peak_4374,Chr11,31780066,31780625,31780345.5,+,560,45,2,-5798
MafA_R1.macs2_peak_5519,Chr11,100376632,100377076,100376854,+,445,36,2,-7548
MafA_R1.macs2_peak_5844,Chr11,114627883,114628131,114628007,+,249,56,2,9762
MafA_R1.macs2_peak_5529,Chr11,100899570,100899931,100899750.5,+,362,66,1,-517
MafA_R1.macs2_peak_5988,Chr11,118511850,118512157,118512003.5,+,308,59,3,139864
MafA_R1.macs2_peak_6071,Chr11,120473533,120473926,120473729.5,+,394,63,2,-1279
MafA_R1.macs2_peak_4468,Chr11,37721551,37722029,37721790,+,479,48,1,171974
MafA_R1.macs2_peak_4370,Chr11,31753364,31753996,31753680,+,633,37,6,20867
MafA_R1.macs2_peak_4478,Chr11,42890269,42890541,42890405,+,273,37,1,-150299
MafA_R1.macs2_peak_5909,Chr11,116909344,116909793,116909568.5,+,450,37,7,-58041
MafA_R1.macs2_peak_6070,Chr11,120455796,120456382,120456089,+,587,37,3,7990
MafA_R1.macs2_peak_4364,Chr11,31680400,31680950,31680675,+,551,32,6,-58813
MafA_R1.macs2_peak_4691,Chr11,57864051,57864593,57864322,+,543,32,5,-35568
MafA_R1.macs2_peak_6055,Chr11,120123525,120124332,120123928.5,+,808,166,1,155
MafA_R1.macs2_peak_4427,Chr11,33916615,33917013,33916814,+,399,38,13,3801
MafA_R1.macs2_peak_4677,Chr11,57295349,57295595,57295472,+,247,38,1,113998
MafA_R1.macs2_peak_5851,Chr11,114699478,114700188,114699833,+,711,38,3,10083
MafA_R1.macs2_peak_4525,Chr11,49134329,49135353,49134841,+,1025,102,7,-177
MafA_R1.macs2_peak_5487,Chr11,98631048,98631393,98631220.5,+,346,109,1,-1391
MafA_R1.macs2_peak_5315,Chr11,88388183,88389026,88388604.5,+,844,62,6,-121473
MafA_R1.macs2_peak_4695,Chr11,57988905,57989199,57989052,+,295,46,2,5020
MafA_R1.macs2_peak_5960,Chr11,117781723,117782063,117781893,+,341,50,2,-17541
MafA_R1.macs2_peak_4489,Chr11,44481760,44482107,44481933.5,+,348,27,3,4789
MafA_R1.macs2_peak_4452,Chr11,35996737,35997937,35997337,+,1201,39,1,-125983
MafA_R1.macs2_peak_5057,Chr11,76319627,76320006,76319816.5,+,380,29,8,8315
MafA_R1.macs2_peak_6063,Chr11,120269229,120269968,120269598.5,+,740,129,1,-26
MafA_R1.macs2_peak_5906,Chr11,116809202,116809516,116809359,+,315,42,1,-330
MafA_R1.macs2_peak_4826,Chr11,64435082,64435571,64435326.5,+,490,28,5,-107826
MafA_R1.macs2_peak_5430,Chr11,95421172,95421440,95421306,+,269,28,11,-15915
MafA_R1.macs2_peak_5908,Chr11,116885136,116885480,116885308,+,345,28,1,75619
MafA_R1.macs2_peak_6043,Chr11,119845007,119845253,119845130,+,247,28,1,11212
MafA_R1.macs2_peak_4830,Chr11,65914926,65915650,65915288,+,725,30,1,-143573
MafA_R1.macs2_peak_5987,Chr11,118498794,118499415,118499104.5,+,622,42,11,131446
MafA_R1.macs2_peak_5568,Chr11,101736303,101736564,101736433.5,+,262,24,5,48747
MafA_R1.macs2_peak_4928,Chr11,70735209,70735487,70735348,+,279,103,4,-239
MafA_R1.macs2_peak_4333,Chr11,26543334,26543896,26543615,+,563,60,2,305
MafA_R1.macs2_peak_4201,Chr11,7013801,7014084,7013942.5,+,284,70,1,509
MafA_R1.macs2_peak_4715,Chr11,58850571,58851172,58850871.5,+,602,156,5,-1666
MafA_R1.macs2_peak_4313,Chr11,22797650,22798072,22797861,+,423,31,1,11874
MafA_R1.macs2_peak_4367,Chr11,31728897,31729658,31729277.5,+,762,31,10,45270
MafA_R1.macs2_peak_4596,Chr11,52461046,52461349,52461197.5,+,304,31,1,173942
MafA_R1.macs2_peak_6051,Chr11,120011060,120011391,120011225.5,+,332,31,1,21465
MafA_R1.macs2_peak_6033,Chr11,119602527,119603043,119602785,+,517,45,3,109054
MafA_R1.macs2_peak_4272,Chr11,17903501,17903876,17903688.5,+,376,73,6,187
MafA_R1.macs2_peak_4668,Chr11,56007437,56007853,56007645,+,417,33,1,-75832
MafA_R1.macs2_peak_5773,Chr11,110279581,110279841,110279711,+,261,20,1,-10217
MafA_R1.macs2_peak_4713,Chr11,58843885,58844753,58844319,+,869,127,12,1019
MafA_R1.macs2_peak_5306,Chr11,88129311,88129632,88129471.5,+,322,33,4,34257
MafA_R1.macs2_peak_4706,Chr11,58738055,58738382,58738218.5,+,328,98,6,6276
MafA_R1.macs2_peak_4656,Chr11,55498134,55498526,55498330,+,393,63,1,694
MafA_R1.macs2_peak_5989,Chr11,118518796,118519052,118518924,+,257,24,1,132943
MafA_R1.macs2_peak_4597,Chr11,52480424,52480673,52480548.5,+,250,20,1,-174985
MafA_R1.macs2_peak_5393,Chr11,93977844,93978261,93978052.5,+,418,22,1,43096
MafA_R1.macs2_peak_5538,Chr11,101066770,101067866,101067318,+,1097,92,1,375
MafA_R1.macs2_peak_5475,Chr11,97711904,97712457,97712180.5,+,554,74,4,-19752
MafA_R1.macs2_peak_5656,Chr11,105439853,105440134,105439993.5,+,282,32,1,-40819
MafA_R1.macs2_peak_5394,Chr11,94020746,94021010,94020878,+,265,43,1,-81402
MafA_R1.macs2_peak_5431,Chr11,95478276,95478802,95478539,+,527,60,1,-15
MafA_R1.macs2_peak_5622,Chr11,103700990,103701471,103701230.5,+,482,81,1,36229
MafA_R1.macs2_peak_4675,Chr11,56902605,56902989,56902797,+,385,22,1,353
MafA_R1.macs2_peak_5379,Chr11,93405213,93405477,93405345,+,265,22,8,371247
MafA_R1.macs2_peak_5935,Chr11,117275937,117276409,117276173,+,473,63,1,-29042
MafA_R1.macs2_peak_4696,Chr11,57994869,57995275,57995072,+,407,84,3,17
MafA_R1.macs2_peak_4172,Chr11,5787850,5788096,5787973,+,247,105,1,43
MafA_R1.macs2_peak_5517,Chr11,100298846,100299523,100299184.5,+,678,25,3,6461
MafA_R1.macs2_peak_5694,Chr11,106917650,106917898,106917774,+,249,41,1,-1275
MafA_R1.macs2_peak_4705,Chr11,58737473,58737775,58737624,+,303,43,5,5682
MafA_R1.macs2_peak_4548,Chr11,50065443,50065906,50065674.5,+,464,89,1,-4
MafA_R1.macs2_peak_5824,Chr11,114069883,114070313,114070098,+,431,28,3,-18986
MafA_R1.macs2_peak_5870,Chr11,115540776,115541189,115540982.5,+,414,28,2,-21861
MafA_R1.macs2_peak_5472,Chr11,97513251,97513684,97513467.5,+,434,31,1,7075
MafA_R1.macs2_peak_4699,Chr11,58214283,58214542,58214412.5,+,260,134,4,-221
MafA_R1.macs2_peak_5688,Chr11,106670085,106670639,106670362,+,555,71,5,1
MafA_R1.macs2_peak_5998,Chr11,118633630,118634072,118633851,+,443,37,2,18016
MafA_R1.macs2_peak_5453,Chr11,96766262,96766925,96766593.5,+,664,74,2,25374
MafA_R1.macs2_peak_4690,Chr11,57853316,57853943,57853629.5,+,628,129,9,-46261
MafA_R1.macs2_peak_4355,Chr11,30704897,30705150,30705023.5,+,254,23,6,-16752
MafA_R1.macs2_peak_4430,Chr11,33943348,33943613,33943480.5,+,266,44,4,-287
MafA_R1.macs2_peak_4361,Chr11,31569100,31569362,31569231,+,263,20,2,52631
MafA_R1.macs2_peak_5266,Chr11,86843882,86844170,86844026,+,289,20,1,40562
MafA_R1.macs2_peak_5311,Chr11,88342012,88342265,88342138.5,+,254,20,1,98539
MafA_R1.macs2_peak_5464,Chr11,97340546,97341219,97340882.5,+,674,61,6,-104
MafA_R1.macs2_peak_4698,Chr11,58192271,58192979,58192625,+,709,88,15,-5270
MafA_R1.macs2_peak_4929,Chr11,70860999,70861249,70861124,+,251,116,1,99
MafA_R1.macs2_peak_6047,Chr11,119913316,119913591,119913453.5,+,276,47,1,-7765
MafA_R1.macs2_peak_4356,Chr11,30721464,30722056,30721760,+,593,71,2,-15
MafA_R1.macs2_peak_5516,Chr11,100281796,100282439,100282117.5,+,644,70,1,6499
MafA_R1.macs2_peak_4376,Chr11,31821184,31821710,31821447,+,527,86,1,507
MafA_R1.macs2_peak_4288,Chr11,20062511,20062862,20062686.5,+,352,69,1,265
MafA_R1.macs2_peak_5493,Chr11,98832834,98833198,98833016,+,365,38,1,2479
MafA_R1.macs2_peak_5477,Chr11,97741465,97741927,97741696,+,463,23,1,9556
MafA_R1.macs2_peak_4338,Chr11,29642402,29642676,29642539,+,275,54,2,-359
MafA_R1.macs2_peak_6050,Chr11,119977343,119977629,119977486,+,287,74,1,167
MafA_R1.macs2_peak_4827,Chr11,64869926,64870216,64870071,+,291,58,1,210
MafA_R1.macs2_peak_4380,Chr11,32176539,32177100,32176819.5,+,562,30,1,314
MafA_R1.macs2_peak_6040,Chr11,119804247,119804508,119804377.5,+,262,39,2,-259
MafA_R1.macs2_peak_5903,Chr11,116472047,116472888,116472467.5,+,842,43,3,-194
MafA_R1.macs2_peak_6066,Chr11,120383524,120383927,120383725.5,+,404,42,3,1062
MafA_R1.macs2_peak_6048,Chr11,119913864,119914222,119914043,+,359,23,4,-8355
MafA_R1.macs2_peak_5365,Chr11,92988875,92991013,92989944,+,2139,66,1,-172
MafA_R1.macs2_peak_5770,Chr11,110228720,110229196,110228958,+,477,34,1,-416
MafA_R1.macs2_peak_4320,Chr11,23017525,23018051,23017788,+,527,33,1,54401
MafA_R1.macs2_peak_6005,Chr11,118913562,118914070,118913816,+,509,47,4,-31
MafA_R1.macs2_peak_5683,Chr11,106391869,106392143,106392006,+,275,38,3,189
MafA_R1.macs2_peak_5335,Chr11,88889950,88890430,88890190,+,481,27,9,-39
MafA_R1.macs2_peak_4487,Chr11,44411115,44411479,44411297,+,365,28,1,181
MafA_R1.macs2_peak_4613,Chr11,53321993,53322307,53322150,+,315,20,7,-492
MafA_R1.macs2_peak_6444,Chr12,30760105,30761650,30760877.5,+,1546,4029,8,126435
MafA_R1.macs2_peak_7275,Chr12,90980706,90982547,90981626.5,+,1842,1520,2,-30996
MafA_R1.macs2_peak_6434,Chr12,30322770,30323616,30323193,+,847,992,6,100181
MafA_R1.macs2_peak_6201,Chr12,12877520,12878640,12878080,+,1121,832,3,113757
MafA_R1.macs2_peak_7509,Chr12,108788848,108790250,108789549,+,1403,881,1,12253
MafA_R1.macs2_peak_6187,Chr12,11672948,11674324,11673636,+,1377,834,5,167580
MafA_R1.macs2_peak_7181,Chr12,85501396,85503059,85502227.5,+,1664,3154,5,-18437
MafA_R1.macs2_peak_6773,Chr12,54868821,54870521,54869671,+,1701,857,3,-27224
MafA_R1.macs2_peak_7183,Chr12,85519794,85521338,85520566,+,1545,5372,2,-98
MafA_R1.macs2_peak_6293,Chr12,21284310,21285152,21284731,+,843,639,12,51554
MafA_R1.macs2_peak_7104,Chr12,81274187,81275127,81274657,+,941,785,6,-401
MafA_R1.macs2_peak_6856,Chr12,69505016,69505672,69505344,+,657,1094,1,16980
MafA_R1.macs2_peak_7646,Chr12,118689032,118690593,118689812.5,+,1562,617,10,-120252
MafA_R1.macs2_peak_6402,Chr12,29417870,29418903,29418386.5,+,1034,1889,1,-159997
MafA_R1.macs2_peak_7364,Chr12,99185994,99188051,99187022.5,+,2058,1576,2,-57955
MafA_R1.macs2_peak_7628,Chr12,117714417,117716127,117715272,+,1711,930,3,-92324
MafA_R1.macs2_peak_6785,Chr12,55564530,55565978,55565254,+,1449,1269,2,-25822
MafA_R1.macs2_peak_6834,Chr12,65240447,65241786,65241116.5,+,1340,509,8,-21762
MafA_R1.macs2_peak_6381,Chr12,28866497,28867551,28867024,+,1055,687,14,65197
MafA_R1.macs2_peak_7506,Chr12,108676271,108678272,108677271.5,+,2002,614,1,-8710
MafA_R1.macs2_peak_6352,Chr12,26537991,26538960,26538475.5,+,970,493,6,19261
MafA_R1.macs2_peak_7459,Chr12,103968756,103969702,103969229,+,947,856,9,10682
MafA_R1.macs2_peak_6178,Chr12,10796238,10797395,10796816.5,+,1158,392,2,300428
MafA_R1.macs2_peak_6826,Chr12,64562850,64564052,64563451,+,1203,609,1,-41779
MafA_R1.macs2_peak_7421,Chr12,102498007,102499547,102498777,+,1541,1040,7,-22423
MafA_R1.macs2_peak_6412,Chr12,29671707,29672147,29671927,+,441,405,5,64517
MafA_R1.macs2_peak_6902,Chr12,71401528,71402547,71402037.5,+,1020,394,2,28945
MafA_R1.macs2_peak_6876,Chr12,70147307,70148326,70147816.5,+,1020,744,5,1812
MafA_R1.macs2_peak_7143,Chr12,83255911,83256720,83256315.5,+,810,418,14,-270386
MafA_R1.macs2_peak_7352,Chr12,98956746,98958948,98957847,+,2203,756,4,71014
MafA_R1.macs2_peak_6415,Chr12,29702076,29703258,29702667,+,1183,354,4,33777
MafA_R1.macs2_peak_7376,Chr12,99342066,99345135,99343600.5,+,3070,707,3,72733
MafA_R1.macs2_peak_6594,Chr12,39970277,39971208,39970742.5,+,932,376,2,116633
MafA_R1.macs2_peak_6316,Chr12,24921644,24922979,24922311.5,+,1336,425,7,40713
MafA_R1.macs2_peak_7606,Chr12,116806220,116807206,116806713,+,987,642,4,308176
MafA_R1.macs2_peak_7373,Chr12,99247242,99248360,99247801,+,1119,400,1,-118734
MafA_R1.macs2_peak_6710,Chr12,51607820,51609134,51608477,+,1315,364,33,-31647
MafA_R1.macs2_peak_6237,Chr12,15899921,15901044,15900482.5,+,1124,742,3,-33696
MafA_R1.macs2_peak_7640,Chr12,118149884,118151244,118150564,+,1361,685,1,12214
MafA_R1.macs2_peak_6922,Chr12,71937775,71938947,71938361,+,1173,598,3,2044
MafA_R1.macs2_peak_6747,Chr12,53879690,53880863,53880276.5,+,1174,436,2,370381
MafA_R1.macs2_peak_6317,Chr12,24939300,24940515,24939907.5,+,1216,832,5,58309
MafA_R1.macs2_peak_6321,Chr12,24998137,24998779,24998458,+,643,337,9,-26473
MafA_R1.macs2_peak_7371,Chr12,99239864,99240957,99240410.5,+,1094,301,2,-111343
MafA_R1.macs2_peak_6758,Chr12,54193519,54194338,54193928.5,+,820,400,16,56729
MafA_R1.macs2_peak_7613,Chr12,117070316,117071841,117071078.5,+,1526,425,4,43811
MafA_R1.macs2_peak_7609,Chr12,116934984,116935754,116935369,+,771,375,10,179520
MafA_R1.macs2_peak_7053,Chr12,79389628,79390839,79390233.5,+,1212,535,2,46108
MafA_R1.macs2_peak_6913,Chr12,71884778,71886569,71885673.5,+,1792,361,4,7831
MafA_R1.macs2_peak_7258,Chr12,89058506,89059388,89058947,+,883,314,1,138787
MafA_R1.macs2_peak_6901,Chr12,71384497,71385339,71384918,+,843,349,2,28260
MafA_R1.macs2_peak_6389,Chr12,29118290,29118878,29118584,+,589,399,11,-73344
MafA_R1.macs2_peak_6841,Chr12,65935467,65936820,65936143.5,+,1354,449,2,395032
MafA_R1.macs2_peak_7423,Chr12,102512430,102513654,102513042,+,1225,1043,3,-8158
MafA_R1.macs2_peak_6282,Chr12,17607000,17608470,17607735,+,1471,442,17,12861
MafA_R1.macs2_peak_6517,Chr12,35241942,35242821,35242381.5,+,880,325,13,2515
MafA_R1.macs2_peak_7259,Chr12,89072539,89074418,89073478.5,+,1880,853,2,153318
MafA_R1.macs2_peak_6373,Chr12,28735971,28737165,28736568,+,1195,427,20,7244
MafA_R1.macs2_peak_6307,Chr12,24691863,24693113,24692488,+,1251,392,15,-8882
MafA_R1.macs2_peak_6745,Chr12,53805329,53806368,53805848.5,+,1040,277,1,444809
MafA_R1.macs2_peak_6836,Chr12,65488367,65489319,65488843,+,953,252,1,216552
MafA_R1.macs2_peak_7251,Chr12,88982991,88984092,88983541.5,+,1102,313,1,63381
MafA_R1.macs2_peak_6637,Chr12,42183898,42186087,42184992.5,+,2190,355,1,-652152
MafA_R1.macs2_peak_6903,Chr12,71423129,71423843,71423486,+,715,230,4,7496
MafA_R1.macs2_peak_7033,Chr12,78136252,78136867,78136559.5,+,616,291,2,-136870
MafA_R1.macs2_peak_6388,Chr12,29098809,29099754,29099281.5,+,946,228,2,-92647
MafA_R1.macs2_peak_7105,Chr12,81291466,81292465,81291965.5,+,1000,343,8,16907
MafA_R1.macs2_peak_6627,Chr12,41282194,41283229,41282711.5,+,1036,331,6,208622
MafA_R1.macs2_peak_6285,Chr12,17671318,17672576,17671947,+,1259,393,8,-68863
MafA_R1.macs2_peak_7283,Chr12,91379255,91380127,91379691,+,873,266,1,11924
MafA_R1.macs2_peak_7130,Chr12,82443863,82445346,82444604.5,+,1484,533,2,86481
MafA_R1.macs2_peak_6200,Chr12,12859953,12861038,12860495.5,+,1086,475,4,131342
MafA_R1.macs2_peak_7353,Chr12,98961899,98963245,98962572,+,1347,289,2,75739
MafA_R1.macs2_peak_7546,Chr12,110899180,110899808,110899494,+,629,321,1,43796
MafA_R1.macs2_peak_6385,Chr12,28952811,28953649,28953230,+,839,242,18,-6998
MafA_R1.macs2_peak_6819,Chr12,62148269,62149439,62148854,+,1171,200,2,578901
MafA_R1.macs2_peak_6760,Chr12,54359758,54360524,54360141,+,767,401,7,77963
MafA_R1.macs2_peak_7243,Chr12,87512834,87513694,87513264,+,861,267,1,5805
MafA_R1.macs2_peak_7134,Chr12,82635370,82636279,82635824.5,+,910,204,2,-27875
MafA_R1.macs2_peak_6185,Chr12,11657851,11660106,11658978.5,+,2256,609,6,152922
MafA_R1.macs2_peak_6810,Chr12,58673357,58674974,58674165.5,+,1618,230,10,-358121
MafA_R1.macs2_peak_6429,Chr12,30004358,30005445,30004901.5,+,1088,473,21,16866
MafA_R1.macs2_peak_6912,Chr12,71882585,71883453,71883019,+,869,473,2,5177
MafA_R1.macs2_peak_6715,Chr12,51931538,51932170,51931854,+,633,195,3,-55535
MafA_R1.macs2_peak_6847,Chr12,68354927,68355668,68355297.5,+,742,216,1,850663
MafA_R1.macs2_peak_7274,Chr12,90696386,90696985,90696685.5,+,600,216,1,9127
MafA_R1.macs2_peak_6362,Chr12,26978707,26979460,26979083.5,+,754,188,10,-94533
MafA_R1.macs2_peak_7375,Chr12,99304867,99307143,99306005,+,2277,288,2,110328
MafA_R1.macs2_peak_7340,Chr12,98646582,98647701,98647141.5,+,1120,245,2,52740
MafA_R1.macs2_peak_6347,Chr12,26410976,26412079,26411527.5,+,1104,249,13,14818
MafA_R1.macs2_peak_6732,Chr12,53004664,53005770,53005217,+,1107,176,9,259051
MafA_R1.macs2_peak_6516,Chr12,35234051,35234437,35234244,+,387,236,10,10652
MafA_R1.macs2_peak_6306,Chr12,24680020,24680782,24680401,+,763,275,6,-20969
MafA_R1.macs2_peak_7215,Chr12,86847499,86849705,86848602,+,2207,1110,1,67459
MafA_R1.macs2_peak_6700,Chr12,51105120,51105771,51105445.5,+,652,193,1,53506
MafA_R1.macs2_peak_6833,Chr12,65234384,65235438,65234911,+,1055,193,20,-15557
MafA_R1.macs2_peak_7028,Chr12,77901043,77901595,77901319,+,553,187,1,-372110
MafA_R1.macs2_peak_6324,Chr12,25061236,25062369,25061802.5,+,1134,369,15,36871
MafA_R1.macs2_peak_6414,Chr12,29679797,29680537,29680167,+,741,258,2,56277
MafA_R1.macs2_peak_7172,Chr12,84553200,84554193,84553696.5,+,994,230,2,55414
MafA_R1.macs2_peak_6857,Chr12,69508833,69509677,69509255,+,845,338,1,13069
MafA_R1.macs2_peak_7424,Chr12,102516381,102518893,102517637,+,2513,626,7,-3563
MafA_R1.macs2_peak_6287,Chr12,17716357,17717319,17716838,+,963,164,8,-23972
MafA_R1.macs2_peak_6884,Chr12,70414083,70415008,70414545.5,+,926,844,1,-20157
MafA_R1.macs2_peak_6518,Chr12,35270221,35270586,35270403.5,+,366,233,2,-25507
MafA_R1.macs2_peak_7345,Chr12,98667694,98668391,98668042.5,+,698,233,5,32862
MafA_R1.macs2_peak_7110,Chr12,81648415,81649337,81648876,+,923,329,5,-7094
MafA_R1.macs2_peak_7182,Chr12,85518454,85519399,85518926.5,+,946,865,1,-1738
MafA_R1.macs2_peak_7337,Chr12,98593757,98594651,98594204,+,895,620,3,-197
MafA_R1.macs2_peak_7415,Chr12,102382676,102383014,102382845,+,339,158,8,23227
MafA_R1.macs2_peak_6283,Chr12,17625499,17626450,17625974.5,+,952,308,4,31100
MafA_R1.macs2_peak_6831,Chr12,65036490,65037411,65036950.5,+,922,287,1,24434
MafA_R1.macs2_peak_6430,Chr12,30006446,30007406,30006926,+,961,255,8,18891
MafA_R1.macs2_peak_6521,Chr12,35881150,35881438,35881294,+,289,142,1,-94326
MafA_R1.macs2_peak_6839,Chr12,65883269,65883819,65883544,+,551,142,1,447631
MafA_R1.macs2_peak_6303,Chr12,24575027,24575745,24575386,+,719,192,4,26806
MafA_R1.macs2_peak_7453,Chr12,103704510,103705098,103704804,+,589,192,11,-356
MafA_R1.macs2_peak_6375,Chr12,28774184,28774794,28774489,+,611,161,2,25904
MafA_R1.macs2_peak_7607,Chr12,116824806,116825699,116825252.5,+,894,164,11,289637
MafA_R1.macs2_peak_6393,Chr12,29178692,29179293,29178992.5,+,602,218,2,-12936
MafA_R1.macs2_peak_6620,Chr12,40844061,40844916,40844488.5,+,856,167,2,-229601
MafA_R1.macs2_peak_6916,Chr12,71892030,71892907,71892468.5,+,878,221,4,14626
MafA_R1.macs2_peak_7394,Chr12,100493261,100494480,100493870.5,+,1220,586,1,-6789
MafA_R1.macs2_peak_7537,Chr12,110351167,110353295,110352231,+,2129,377,2,-61427
MafA_R1.macs2_peak_6805,Chr12,58451793,58452286,58452039.5,+,494,131,5,-135995
MafA_R1.macs2_peak_7651,Chr12,119132338,119133316,119132827,+,979,433,8,69184
MafA_R1.macs2_peak_6843,Chr12,66570141,66570546,66570343.5,+,406,154,1,-239168
MafA_R1.macs2_peak_6357,Chr12,26607144,26607644,26607394,+,501,203,8,88180
MafA_R1.macs2_peak_6422,Chr12,29838116,29840202,29839159,+,2087,335,4,-102715
MafA_R1.macs2_peak_6436,Chr12,30342690,30343728,30343209,+,1039,175,12,80165
MafA_R1.macs2_peak_6305,Chr12,24643068,24643904,24643486,+,837,303,2,12768
MafA_R1.macs2_peak_7335,Chr12,98403453,98404265,98403859,+,813,248,3,-86244
MafA_R1.macs2_peak_7485,Chr12,105750310,105751394,105750852,+,1085,709,2,-104
MafA_R1.macs2_peak_6947,Chr12,73506865,73507342,73507103.5,+,478,125,1,-50766
MafA_R1.macs2_peak_7245,Chr12,88403684,88404364,88404024,+,681,125,4,-59931
MafA_R1.macs2_peak_7349,Chr12,98886596,98887234,98886915,+,639,835,3,82
MafA_R1.macs2_peak_6829,Chr12,64800326,64801084,64800705,+,759,120,2,-163980
MafA_R1.macs2_peak_7248,Chr12,88828666,88829615,88829140.5,+,950,120,3,67866
MafA_R1.macs2_peak_6398,Chr12,29288872,29290956,29289914,+,2085,373,18,97986
MafA_R1.macs2_peak_6691,Chr12,50604451,50605343,50604897,+,893,161,12,91109
MafA_R1.macs2_peak_7314,Chr12,95707038,95707554,95707296,+,517,147,4,48296
MafA_R1.macs2_peak_6391,Chr12,29133468,29134462,29133965,+,995,664,11,-57963
MafA_R1.macs2_peak_6755,Chr12,54046773,54047402,54047087.5,+,630,195,5,203570
MafA_R1.macs2_peak_6774,Chr12,54881131,54882104,54881617.5,+,974,174,3,28045
MafA_R1.macs2_peak_7630,Chr12,117728471,117729211,117728841,+,741,137,1,-78755
MafA_R1.macs2_peak_6698,Chr12,50901141,50902323,50901732,+,1183,463,1,-150207
MafA_R1.macs2_peak_6416,Chr12,29745006,29745690,29745348,+,685,118,3,-8904
MafA_R1.macs2_peak_6593,Chr12,39966283,39967050,39966666.5,+,768,131,1,120709
MafA_R1.macs2_peak_7420,Chr12,102490963,102491549,102491256,+,587,140,2,-29944
MafA_R1.macs2_peak_7429,Chr12,102532178,102533552,102532865,+,1375,162,7,11665
MafA_R1.macs2_peak_6820,Chr12,62895870,62896705,62896287.5,+,836,121,9,161714
MafA_R1.macs2_peak_6384,Chr12,28881030,28881506,28881268,+,477,133,5,-78960
MafA_R1.macs2_peak_6336,Chr12,25894171,25895161,25894666,+,991,327,6,365838
MafA_R1.macs2_peak_7333,Chr12,98283793,98285751,98284772,+,1959,210,46,49878
MafA_R1.macs2_peak_6322,Chr12,25021785,25022423,25022104,+,639,187,8,-2827
MafA_R1.macs2_peak_6353,Chr12,26547956,26548807,26548381.5,+,852,187,7,29167
MafA_R1.macs2_peak_6188,Chr12,11899005,11899759,11899382,+,755,164,3,33518
MafA_R1.macs2_peak_6870,Chr12,69862780,69863643,69863211.5,+,864,142,2,-25730
MafA_R1.macs2_peak_6873,Chr12,69898953,69899474,69899213.5,+,522,107,2,8753
MafA_R1.macs2_peak_6895,Chr12,71170034,71170608,71170321,+,575,120,5,12119
MafA_R1.macs2_peak_7382,Chr12,99802883,99803482,99803182.5,+,600,413,4,46519
MafA_R1.macs2_peak_6941,Chr12,73371594,73372867,73372230.5,+,1274,319,1,38608
MafA_R1.macs2_peak_6756,Chr12,54140610,54141039,54140824.5,+,430,153,2,109833
MafA_R1.macs2_peak_7627,Chr12,117711560,117712862,117712211,+,1303,248,7,-95385
MafA_R1.macs2_peak_6292,Chr12,21279211,21280091,21279651,+,881,207,3,56634
MafA_R1.macs2_peak_6359,Chr12,26814626,26815148,26814887,+,523,178,2,69663
MafA_R1.macs2_peak_7102,Chr12,81203521,81204252,81203886.5,+,732,133,3,-9039
MafA_R1.macs2_peak_6797,Chr12,57333336,57333826,57333581,+,491,99,10,56370
MafA_R1.macs2_peak_6399,Chr12,29308383,29308824,29308603.5,+,442,155,5,116675
MafA_R1.macs2_peak_6726,Chr12,52718043,52718713,52718378,+,671,132,3,-27788
MafA_R1.macs2_peak_7372,Chr12,99245617,99246665,99246141,+,1049,132,1,-117074
MafA_R1.macs2_peak_6320,Chr12,24977984,24979437,24978710.5,+,1454,311,11,-46221
MafA_R1.macs2_peak_7610,Chr12,116948804,116949350,116949077,+,547,110,4,165812
MafA_R1.macs2_peak_6249,Chr12,16200958,16201547,16201252.5,+,590,114,1,-334466
MafA_R1.macs2_peak_6394,Chr12,29187148,29187800,29187474,+,653,251,5,-4454
MafA_R1.macs2_peak_6432,Chr12,30172025,30172691,30172358,+,667,146,6,10265
MafA_R1.macs2_peak_6915,Chr12,71888718,71890191,71889454.5,+,1474,207,2,11612
MafA_R1.macs2_peak_7362,Chr12,99173164,99173895,99173529.5,+,732,124,1,-44462
MafA_R1.macs2_peak_6428,Chr12,29933092,29933660,29933376,+,569,162,2,-54659
MafA_R1.macs2_peak_7418,Chr12,102461898,102462221,102462059.5,+,324,95,3,25890
MafA_R1.macs2_peak_7136,Chr12,82969619,82970263,82969941,+,645,123,9,15988
MafA_R1.macs2_peak_6231,Chr12,15289739,15290535,15290137,+,797,89,4,-189747
MafA_R1.macs2_peak_6835,Chr12,65318551,65319067,65318809,+,517,89,5,46518
MafA_R1.macs2_peak_7078,Chr12,80150182,80150636,80150409,+,455,138,1,9378
MafA_R1.macs2_peak_7047,Chr12,79040165,79041246,79040705.5,+,1082,237,4,-10449
MafA_R1.macs2_peak_6709,Chr12,51477021,51477607,51477314,+,587,97,4,53018
MafA_R1.macs2_peak_6630,Chr12,41474881,41475631,41475256,+,751,104,1,60800
MafA_R1.macs2_peak_6748,Chr12,53912627,53913048,53912837.5,+,422,104,1,337820
MafA_R1.macs2_peak_6176,Chr12,10703677,10704277,10703977,+,601,100,4,207589
MafA_R1.macs2_peak_6441,Chr12,30655103,30655548,30655325.5,+,446,100,6,20883
MafA_R1.macs2_peak_7636,Chr12,117866114,117866848,117866481,+,735,145,3,58885
MafA_R1.macs2_peak_6298,Chr12,21476196,21476967,21476581.5,+,772,329,3,-9144
MafA_R1.macs2_peak_6338,Chr12,25976261,25976927,25976594,+,667,108,2,283910
MafA_R1.macs2_peak_7160,Chr12,84248099,84249066,84248582.5,+,968,191,1,-7793
MafA_R1.macs2_peak_6923,Chr12,71939889,71940398,71940143.5,+,510,111,1,3826
MafA_R1.macs2_peak_6405,Chr12,29570196,29570491,29570343.5,+,296,115,3,-8040
MafA_R1.macs2_peak_6380,Chr12,28854336,28855659,28854997.5,+,1324,190,13,53170
MafA_R1.macs2_peak_6337,Chr12,25920945,25921468,25921206.5,+,524,91,1,339298
MafA_R1.macs2_peak_6199,Chr12,12730488,12730888,12730688,+,401,114,2,-10770
MafA_R1.macs2_peak_6690,Chr12,50399052,50400186,50399619,+,1135,114,1,296387
MafA_R1.macs2_peak_6793,Chr12,56683858,56684182,56684020,+,325,114,1,-23951
MafA_R1.macs2_peak_7551,Chr12,111525176,111527245,111526210.5,+,2070,137,19,14626
MafA_R1.macs2_peak_6279,Chr12,17555817,17556658,17556237.5,+,842,128,7,-38637
MafA_R1.macs2_peak_6301,Chr12,21513266,21514063,21513664.5,+,798,128,2,-46227
MafA_R1.macs2_peak_7366,Chr12,99199399,99200193,99199796,+,795,128,2,-70729
MafA_R1.macs2_peak_6407,Chr12,29576647,29577974,29577310.5,+,1328,438,3,-1073
MafA_R1.macs2_peak_7001,Chr12,76681574,76682324,76681949,+,751,235,1,75372
MafA_R1.macs2_peak_7111,Chr12,81692260,81692788,81692524,+,529,84,4,14501
MafA_R1.macs2_peak_6427,Chr12,29887272,29887607,29887439.5,+,336,92,2,-100596
MafA_R1.macs2_peak_6354,Chr12,26574588,26575498,26575043,+,911,196,6,55829
MafA_R1.macs2_peak_6310,Chr12,24746439,24747729,24747084,+,1291,143,16,-11169
MafA_R1.macs2_peak_6855,Chr12,69465628,69466369,69465998.5,+,742,143,2,47074
MafA_R1.macs2_peak_6909,Chr12,71809758,71810400,71810079,+,643,91,5,-67763
MafA_R1.macs2_peak_6687,Chr12,50317262,50317806,50317534,+,545,80,2,378472
MafA_R1.macs2_peak_6821,Chr12,63111056,63111319,63111187.5,+,264,80,2,376614
MafA_R1.macs2_peak_7631,Chr12,117736412,117736945,117736678.5,+,534,102,3,-70918
MafA_R1.macs2_peak_6288,Chr12,17800436,17801008,17800722,+,573,106,4,59912
MafA_R1.macs2_peak_6828,Chr12,64683759,64684803,64684281,+,1045,158,5,-162609
MafA_R1.macs2_peak_7048,Chr12,79057446,79058168,79057807,+,723,158,2,-3756
MafA_R1.macs2_peak_6721,Chr12,52493247,52493919,52493583,+,673,109,3,33809
MafA_R1.macs2_peak_6349,Chr12,26504582,26505217,26504899.5,+,636,86,1,1552
MafA_R1.macs2_peak_6991,Chr12,76128401,76129152,76128776.5,+,752,173,6,95257
MafA_R1.macs2_peak_7416,Chr12,102392468,102393059,102392763.5,+,592,105,5,13309
MafA_R1.macs2_peak_7178,Chr12,85482822,85483801,85483311.5,+,980,136,1,-37353
MafA_R1.macs2_peak_6323,Chr12,25024651,25025570,25025110.5,+,920,359,15,179
MafA_R1.macs2_peak_6868,Chr12,69828051,69830202,69829126.5,+,2152,219,6,-7992
MafA_R1.macs2_peak_6248,Chr12,16189090,16189890,16189490,+,801,164,4,-322704
MafA_R1.macs2_peak_7419,Chr12,102464455,102465961,102465208,+,1507,164,16,29039
MafA_R1.macs2_peak_6772,Chr12,54842553,54842958,54842755.5,+,406,283,1,-308
MafA_R1.macs2_peak_6671,Chr12,46464291,46464613,46464452,+,323,76,1,401098
MafA_R1.macs2_peak_6744,Chr12,53693532,53693817,53693674.5,+,286,76,1,398459
MafA_R1.macs2_peak_6906,Chr12,71527724,71528115,71527919.5,+,392,76,4,-59462
MafA_R1.macs2_peak_6811,Chr12,58678939,58679562,58679250.5,+,624,79,1,-363206
MafA_R1.macs2_peak_7170,Chr12,84537859,84538106,84537982.5,+,248,79,1,39700
MafA_R1.macs2_peak_7201,Chr12,86356342,86356951,86356646.5,+,610,79,2,-51245
MafA_R1.macs2_peak_6278,Chr12,17491356,17492078,17491717,+,723,101,10,86324
MafA_R1.macs2_peak_6367,Chr12,28131679,28132177,28131928,+,499,82,11,466408
MafA_R1.macs2_peak_6325,Chr12,25084335,25085283,25084809,+,949,96,9,59878
MafA_R1.macs2_peak_6848,Chr12,68509568,68510193,68509880.5,+,626,96,5,696080
MafA_R1.macs2_peak_6889,Chr12,70741809,70742316,70742062.5,+,508,96,3,-130226
MafA_R1.macs2_peak_6236,Chr12,15894465,15895533,15894999,+,1069,111,4,-28213
MafA_R1.macs2_peak_6891,Chr12,70844052,70844528,70844290,+,477,111,1,-27998
MafA_R1.macs2_peak_6366,Chr12,27558096,27558423,27558259.5,+,328,141,5,-165542
MafA_R1.macs2_peak_6925,Chr12,71992831,71993830,71993330.5,+,1000,141,3,57013
MafA_R1.macs2_peak_6340,Chr12,26175492,26176194,26175843,+,703,156,6,84661
MafA_R1.macs2_peak_7503,Chr12,108579472,108580060,108579766,+,589,156,2,7741
MafA_R1.macs2_peak_6308,Chr12,24700742,24702076,24701409,+,1335,537,12,39
MafA_R1.macs2_peak_6173,Chr12,10675176,10675636,10675406,+,461,70,1,179018
MafA_R1.macs2_peak_6435,Chr12,30333612,30333859,30333735.5,+,248,70,9,89639
MafA_R1.macs2_peak_6616,Chr12,40672949,40673470,40673209.5,+,522,70,1,177157
MafA_R1.macs2_peak_7107,Chr12,81523144,81523394,81523269,+,251,70,1,8356
MafA_R1.macs2_peak_7137,Chr12,83043332,83044049,83043690.5,+,718,70,1,-57761
MafA_R1.macs2_peak_6400,Chr12,29340601,29341311,29340956,+,711,312,2,149028
MafA_R1.macs2_peak_6174,Chr12,10694876,10695459,10695167.5,+,584,69,3,198779
MafA_R1.macs2_peak_7253,Chr12,89002401,89003284,89002842.5,+,884,146,2,82682
MafA_R1.macs2_peak_7408,Chr12,101684421,101684773,101684597,+,353,146,1,185
MafA_R1.macs2_peak_7583,Chr12,112631384,112632543,112631963.5,+,1160,210,9,-6178
MafA_R1.macs2_peak_6919,Chr12,71927083,71927436,71927259.5,+,354,75,3,-9058
MafA_R1.macs2_peak_6613,Chr12,40618297,40619631,40618964,+,1335,179,9,122912
MafA_R1.macs2_peak_7650,Chr12,118992040,118992622,118992331,+,583,148,1,-62175
MafA_R1.macs2_peak_6865,Chr12,69812491,69812981,69812736,+,491,96,1,-2018
MafA_R1.macs2_peak_7030,Chr12,78017013,78017623,78017318,+,611,75,1,-256111
MafA_R1.macs2_peak_6844,Chr12,67058033,67058568,67058300.5,+,536,133,1,211023
MafA_R1.macs2_peak_7260,Chr12,89094594,89095722,89095158,+,1129,133,5,174998
MafA_R1.macs2_peak_6634,Chr12,41536103,41536420,41536261.5,+,318,92,2,-205
MafA_R1.macs2_peak_7138,Chr12,83119135,83119754,83119444.5,+,620,92,8,-133515
MafA_R1.macs2_peak_7629,Chr12,117727053,117727401,117727227,+,349,71,1,-80369
MafA_R1.macs2_peak_6885,Chr12,70451262,70451637,70451449.5,+,376,88,3,-48479
MafA_R1.macs2_peak_6917,Chr12,71902671,71903525,71903098,+,855,102,1,25256
MafA_R1.macs2_peak_7412,Chr12,102146392,102147598,102146995,+,1207,102,5,52009
MafA_R1.macs2_peak_6969,Chr12,74965393,74965813,74965603,+,421,81,1,258503
MafA_R1.macs2_peak_6934,Chr12,72741683,72742339,72742011,+,657,77,1,-30409
MafA_R1.macs2_peak_7151,Chr12,83923938,83924221,83924079.5,+,284,67,1,-493
MafA_R1.macs2_peak_6195,Chr12,12406143,12407253,12406698,+,1111,87,2,35778
MafA_R1.macs2_peak_6206,Chr12,13102467,13104103,13103285,+,1637,87,10,-111448
MafA_R1.macs2_peak_6622,Chr12,41073686,41074357,41074021.5,+,672,171,4,-68
MafA_R1.macs2_peak_6351,Chr12,26519241,26520304,26519772.5,+,1064,344,5,558
MafA_R1.macs2_peak_6290,Chr12,20514878,20515166,20515022,+,289,73,4,350758
MafA_R1.macs2_peak_6387,Chr12,29079486,29080112,29079799,+,627,73,1,-112129
MafA_R1.macs2_peak_6639,Chr12,42886998,42887342,42887170,+,345,73,3,193830
MafA_R1.macs2_peak_7639,Chr12,118035383,118035834,118035608.5,+,452,73,2,127170
MafA_R1.macs2_peak_7363,Chr12,99181971,99182220,99182095.5,+,250,90,1,-53028
MafA_R1.macs2_peak_7045,Chr12,79030378,79031306,79030842,+,929,195,4,-586
MafA_R1.macs2_peak_7149,Chr12,83559397,83560178,83559787.5,+,782,125,1,-7453
MafA_R1.macs2_peak_7492,Chr12,105995633,105996625,105996129,+,993,125,1,-847
MafA_R1.macs2_peak_6877,Chr12,70150014,70150417,70150215.5,+,404,81,1,-587
MafA_R1.macs2_peak_6824,Chr12,64496500,64497165,64496832.5,+,666,164,5,24840
MafA_R1.macs2_peak_7487,Chr12,105829648,105830080,105829864,+,433,138,4,78908
MafA_R1.macs2_peak_6418,Chr12,29752602,29753056,29752829,+,455,61,4,-16385
MafA_R1.macs2_peak_6442,Chr12,30697030,30697292,30697161,+,263,61,1,62719
MafA_R1.macs2_peak_7175,Chr12,85173756,85174309,85174032.5,+,554,61,2,16425
MafA_R1.macs2_peak_7308,Chr12,94413876,94414139,94414007.5,+,264,61,1,519895
MafA_R1.macs2_peak_6623,Chr12,41083117,41083816,41083466.5,+,700,94,6,9377
MafA_R1.macs2_peak_6728,Chr12,52881951,52882448,52882199.5,+,498,84,1,136033
MafA_R1.macs2_peak_6382,Chr12,28871634,28871901,28871767.5,+,268,67,1,69940
MafA_R1.macs2_peak_6771,Chr12,54838197,54838470,54838333.5,+,274,97,2,4114
MafA_R1.macs2_peak_7139,Chr12,83206919,83207229,83207074,+,311,66,3,-221145
MafA_R1.macs2_peak_7645,Chr12,118683742,118684843,118684292.5,+,1102,79,1,-125772
MafA_R1.macs2_peak_7041,Chr12,78965890,78966197,78966043.5,+,308,117,6,-12331
MafA_R1.macs2_peak_7351,Chr12,98940010,98941147,98940578.5,+,1138,117,9,53745
MafA_R1.macs2_peak_6837,Chr12,65537364,65537896,65537630,+,533,69,2,265339
MafA_R1.macs2_peak_6360,Chr12,26880059,26880839,26880449,+,781,102,5,4101
MafA_R1.macs2_peak_7257,Chr12,89053150,89053655,89053402.5,+,506,102,2,133242
MafA_R1.macs2_peak_6804,Chr12,58431881,58432587,58432234,+,707,61,12,-116190
MafA_R1.macs2_peak_6867,Chr12,69824771,69825116,69824943.5,+,346,74,1,-12175
MafA_R1.macs2_peak_7344,Chr12,98661254,98661778,98661516,+,525,61,3,39388
MafA_R1.macs2_peak_7542,Chr12,110673042,110673923,110673482.5,+,882,212,1,-10653
MafA_R1.macs2_peak_6401,Chr12,29387136,29388250,29387693,+,1115,86,6,-190690
MafA_R1.macs2_peak_6522,Chr12,36015688,36016738,36016213,+,1051,86,1,-26711
MafA_R1.macs2_peak_7367,Chr12,99211313,99212342,99211827.5,+,1030,109,9,-82760
MafA_R1.macs2_peak_6295,Chr12,21453014,21453354,21453184,+,341,63,1,14253
MafA_R1.macs2_peak_6342,Chr12,26241411,26241987,26241699,+,577,156,3,18805
MafA_R1.macs2_peak_6635,Chr12,41536866,41537375,41537120.5,+,510,72,1,-1064
MafA_R1.macs2_peak_6343,Chr12,26261537,26262021,26261779,+,485,56,3,513
MafA_R1.macs2_peak_6911,Chr12,71879071,71879777,71879424,+,707,165,3,1582
MafA_R1.macs2_peak_6327,Chr12,25142484,25142745,25142614.5,+,262,151,4,3477
MafA_R1.macs2_peak_6334,Chr12,25534126,25534536,25534331,+,411,52,2,355158
MafA_R1.macs2_peak_6818,Chr12,61889676,61890152,61889914,+,477,52,1,319961
MafA_R1.macs2_peak_6356,Chr12,26604501,26604817,26604659,+,317,55,3,85445
MafA_R1.macs2_peak_6250,Chr12,16255196,16255708,16255452,+,513,64,2,384319
MafA_R1.macs2_peak_7113,Chr12,81736308,81736814,81736561,+,507,64,9,58538
MafA_R1.macs2_peak_6376,Chr12,28777664,28777921,28777792.5,+,258,52,1,22601
MafA_R1.macs2_peak_6812,Chr12,58850951,58851409,58851180,+,459,173,1,207623
MafA_R1.macs2_peak_6326,Chr12,25097854,25098296,25098075,+,443,55,1,48016
MafA_R1.macs2_peak_6332,Chr12,25399411,25399896,25399653.5,+,486,60,5,220480
MafA_R1.macs2_peak_6413,Chr12,29678267,29678956,29678611.5,+,690,102,8,57833
MafA_R1.macs2_peak_7038,Chr12,78886583,78887073,78886828,+,491,76,3,21584
MafA_R1.macs2_peak_6514,Chr12,35096806,35097780,35097293,+,975,353,3,105
MafA_R1.macs2_peak_7046,Chr12,79034502,79034949,79034725.5,+,448,66,1,-4469
MafA_R1.macs2_peak_6423,Chr12,29845273,29846063,29845668,+,791,79,10,-109224
MafA_R1.macs2_peak_6776,Chr12,54914647,54915300,54914973.5,+,654,79,5,-5311
MafA_R1.macs2_peak_6177,Chr12,10704673,10705079,10704876,+,407,54,1,208488
MafA_R1.macs2_peak_6315,Chr12,24880406,24881446,24880926,+,1041,433,4,-672
MafA_R1.macs2_peak_6864,Chr12,69804480,69804794,69804637,+,315,110,1,6081
MafA_R1.macs2_peak_7255,Chr12,89029126,89029912,89029519,+,787,110,4,109359
MafA_R1.macs2_peak_6333,Chr12,25525069,25525664,25525366.5,+,596,231,8,346193
MafA_R1.macs2_peak_6670,Chr12,45208633,45208949,45208791,+,317,68,4,-87525
MafA_R1.macs2_peak_6251,Chr12,16257293,16258045,16257669,+,753,86,7,382102
MafA_R1.macs2_peak_6631,Chr12,41477331,41477974,41477652.5,+,644,86,1,58404
MafA_R1.macs2_peak_6878,Chr12,70150666,70151524,70151095,+,859,86,2,-1467
MafA_R1.macs2_peak_7581,Chr12,112582961,112583533,112583247,+,573,86,10,-3234
MafA_R1.macs2_peak_7079,Chr12,80179171,80179924,80179547.5,+,754,240,1,71
MafA_R1.macs2_peak_6786,Chr12,55584305,55585026,55584665.5,+,722,118,1,-27325
MafA_R1.macs2_peak_7161,Chr12,84266192,84267017,84266604.5,+,826,157,2,-949
MafA_R1.macs2_peak_6708,Chr12,51475788,51476246,51476017,+,459,52,11,51721
MafA_R1.macs2_peak_6907,Chr12,71580713,71581066,71580889.5,+,354,52,4,-6492
MafA_R1.macs2_peak_6284,Chr12,17645169,17645439,17645304,+,271,49,2,50430
MafA_R1.macs2_peak_7154,Chr12,84079404,84079919,84079661.5,+,516,49,1,-5492
MafA_R1.macs2_peak_7406,Chr12,100995415,100995869,100995642,+,455,355,8,-492
MafA_R1.macs2_peak_6186,Chr12,11665169,11665695,11665432,+,527,88,2,159376
MafA_R1.macs2_peak_6395,Chr12,29228392,29228929,29228660.5,+,538,103,2,36732
MafA_R1.macs2_peak_6860,Chr12,69583904,69584877,69584390.5,+,974,121,2,45412
MafA_R1.macs2_peak_6404,Chr12,29509178,29509707,29509442.5,+,530,53,3,-68941
MafA_R1.macs2_peak_6762,Chr12,54485229,54485846,54485537.5,+,618,68,2,-47433
MafA_R1.macs2_peak_7454,Chr12,103739673,103740131,103739902,+,459,71,3,-10
MafA_R1.macs2_peak_7608,Chr12,116889092,116889517,116889304.5,+,426,71,2,225585
MafA_R1.macs2_peak_7153,Chr12,84077481,84077850,84077665.5,+,370,80,2,-7488
MafA_R1.macs2_peak_6426,Chr12,29866148,29866598,29866373,+,451,47,3,-121662
MafA_R1.macs2_peak_6383,Chr12,28879579,28880302,28879940.5,+,724,87,11,78113
MafA_R1.macs2_peak_6920,Chr12,71933432,71934290,71933861,+,859,87,3,-2456
MafA_R1.macs2_peak_7510,Chr12,108801376,108802209,108801792.5,+,834,177,7,10
MafA_R1.macs2_peak_6697,Chr12,50897996,50898633,50898314.5,+,638,49,1,-153625
MafA_R1.macs2_peak_6346,Chr12,26339088,26339376,26339232,+,289,57,6,-36688
MafA_R1.macs2_peak_6511,Chr12,34810271,34810926,34810598.5,+,656,48,3,156496
MafA_R1.macs2_peak_7267,Chr12,89509624,89509910,89509767,+,287,48,1,-269486
MafA_R1.macs2_peak_6636,Chr12,41616525,41616910,41616717.5,+,386,56,1,-80661
MafA_R1.macs2_peak_7342,Chr12,98651803,98653619,98652711,+,1817,56,14,48193
MafA_R1.macs2_peak_7460,Chr12,104032473,104033000,104032736.5,+,528,56,1,-11482
MafA_R1.macs2_peak_7091,Chr12,80686631,80687844,80687237.5,+,1214,105,1,3648
MafA_R1.macs2_peak_7496,Chr12,108078116,108078462,108078289,+,347,42,1,67211
MafA_R1.macs2_peak_6344,Chr12,26263639,26263894,26263766.5,+,256,44,4,2500
MafA_R1.macs2_peak_6339,Chr12,25988517,25988812,25988664.5,+,296,52,5,271840
MafA_R1.macs2_peak_6908,Chr12,71688864,71689480,71689172,+,617,52,3,101791
MafA_R1.macs2_peak_6345,Chr12,26335303,26336130,26335716.5,+,828,111,3,-33172
MafA_R1.macs2_peak_6875,Chr12,70115247,70116226,70115736.5,+,980,64,8,33892
MafA_R1.macs2_peak_6314,Chr12,24829260,24829653,24829456.5,+,394,60,2,-52142
MafA_R1.macs2_peak_6419,Chr12,29762432,29762796,29762614,+,365,60,9,-26170
MafA_R1.macs2_peak_7582,Chr12,112619526,112619794,112619660,+,269,69,3,6125
MafA_R1.macs2_peak_7455,Chr12,103803135,103803556,103803345.5,+,422,41,7,26533
MafA_R1.macs2_peak_6234,Chr12,15861770,15862076,15861923,+,307,91,1,4863
MafA_R1.macs2_peak_6943,Chr12,73428188,73428751,73428469.5,+,564,88,3,27868
MafA_R1.macs2_peak_6280,Chr12,17557411,17557736,17557573.5,+,326,57,3,-37301
MafA_R1.macs2_peak_6372,Chr12,28724935,28725502,28725218.5,+,568,192,4,12
MafA_R1.macs2_peak_6609,Chr12,40520591,40520848,40520719.5,+,258,40,5,24667
MafA_R1.macs2_peak_7109,Chr12,81645579,81646069,81645824,+,491,54,1,-4042
MafA_R1.macs2_peak_6707,Chr12,51423811,51424112,51423961.5,+,302,110,1,-335
MafA_R1.macs2_peak_6900,Chr12,71380044,71380872,71380458,+,829,73,6,23800
MafA_R1.macs2_peak_6421,Chr12,29818367,29818650,29818508.5,+,284,70,1,-82064
MafA_R1.macs2_peak_7350,Chr12,98931954,98932203,98932078.5,+,250,41,4,45245
MafA_R1.macs2_peak_7612,Chr12,117007743,117008167,117007955,+,425,41,5,106934
MafA_R1.macs2_peak_6519,Chr12,35582390,35582964,35582677,+,575,56,4,2311
MafA_R1.macs2_peak_7176,Chr12,85387925,85388196,85388060.5,+,272,56,2,-1924
MafA_R1.macs2_peak_7404,Chr12,100974223,100974522,100974372.5,+,300,56,2,13655
MafA_R1.macs2_peak_6679,Chr12,47209769,47210160,47209964.5,+,392,36,1,-344414
MafA_R1.macs2_peak_6789,Chr12,55675201,55675642,55675421.5,+,442,36,1,29719
MafA_R1.macs2_peak_6822,Chr12,64388678,64388942,64388810,+,265,36,1,132862
MafA_R1.macs2_peak_7403,Chr12,100945517,100946017,100945767,+,501,36,1,42260
MafA_R1.macs2_peak_6175,Chr12,10696148,10696707,10696427.5,+,560,48,10,200039
MafA_R1.macs2_peak_6723,Chr12,52510805,52511151,52510978,+,347,48,2,16414
MafA_R1.macs2_peak_6761,Chr12,54471984,54472488,54472236,+,505,48,1,-34132
MafA_R1.macs2_peak_7141,Chr12,83239118,83239526,83239322,+,409,48,3,-253393
MafA_R1.macs2_peak_7326,Chr12,97625573,97626132,97625852.5,+,560,48,1,599866
MafA_R1.macs2_peak_7365,Chr12,99197590,99197890,99197740,+,301,48,1,-68673
MafA_R1.macs2_peak_6883,Chr12,70394261,70394810,70394535.5,+,550,367,1,-147
MafA_R1.macs2_peak_6281,Chr12,17599273,17599887,17599580,+,615,72,2,4706
MafA_R1.macs2_peak_6312,Chr12,24760405,24760829,24760617,+,425,75,5,2364
MafA_R1.macs2_peak_6396,Chr12,29276063,29276387,29276225,+,325,40,1,84297
MafA_R1.macs2_peak_6431,Chr12,30124358,30124605,30124481.5,+,248,40,3,58142
MafA_R1.macs2_peak_7128,Chr12,82315855,82316324,82316089.5,+,470,40,1,-42034
MafA_R1.macs2_peak_7409,Chr12,101805344,101805900,101805622,+,557,40,1,-20244
MafA_R1.macs2_peak_7486,Chr12,105820705,105821261,105820983,+,557,40,6,70027
MafA_R1.macs2_peak_7331,Chr12,98178563,98178949,98178756,+,387,36,6,46962
MafA_R1.macs2_peak_7040,Chr12,78933815,78934768,78934291.5,+,954,66,4,19421
MafA_R1.macs2_peak_7395,Chr12,100529422,100530107,100529764.5,+,686,40,3,-42683
MafA_R1.macs2_peak_6170,Chr12,10440790,10441339,10441064.5,+,550,136,1,284
MafA_R1.macs2_peak_6610,Chr12,40547652,40547912,40547782,+,261,35,1,51730
MafA_R1.macs2_peak_6329,Chr12,25148451,25150214,25149332.5,+,1764,217,12,-3241
MafA_R1.macs2_peak_6313,Chr12,24796569,24797545,24797057,+,977,92,4,38804
MafA_R1.macs2_peak_6440,Chr12,30633981,30634314,30634147.5,+,334,136,3,-295
MafA_R1.macs2_peak_6928,Chr12,72311618,72312241,72311929.5,+,624,84,2,-28428
MafA_R1.macs2_peak_6368,Chr12,28135591,28136000,28135795.5,+,410,34,4,462541
MafA_R1.macs2_peak_7244,Chr12,88327075,88327529,88327302,+,455,176,1,18
MafA_R1.macs2_peak_6361,Chr12,26904811,26905072,26904941.5,+,262,66,3,-20391
MafA_R1.macs2_peak_6425,Chr12,29855208,29856056,29855632,+,849,46,13,-119188
MafA_R1.macs2_peak_6632,Chr12,41519300,41519608,41519454,+,309,46,1,16602
MafA_R1.macs2_peak_6927,Chr12,72282982,72283675,72283328.5,+,694,103,1,173
MafA_R1.macs2_peak_6607,Chr12,40495422,40496292,40495857,+,871,280,3,-68
MafA_R1.macs2_peak_6729,Chr12,52894805,52895440,52895122.5,+,636,141,14,148956
MafA_R1.macs2_peak_6853,Chr12,69432372,69432629,69432500.5,+,258,50,4,13576
MafA_R1.macs2_peak_7039,Chr12,78908523,78908963,78908743,+,441,190,2,-103
MafA_R1.macs2_peak_7638,Chr12,117946687,117947187,117946937,+,501,42,9,139341
MafA_R1.macs2_peak_6437,Chr12,30419586,30419948,30419767,+,363,51,1,3607
MafA_R1.macs2_peak_6374,Chr12,28749722,28750069,28749895.5,+,348,41,3,20571
MafA_R1.macs2_peak_6443,Chr12,30758484,30758919,30758701.5,+,436,41,2,124259
MafA_R1.macs2_peak_6524,Chr12,36047448,36047975,36047711.5,+,528,41,4,4787
MafA_R1.macs2_peak_7458,Chr12,103966642,103967406,103967024,+,765,41,5,-10808
MafA_R1.macs2_peak_6739,Chr12,53397875,53398972,53398423.5,+,1098,69,3,103208
MafA_R1.macs2_peak_6914,Chr12,71887024,71887471,71887247.5,+,448,36,1,9405
MafA_R1.macs2_peak_6289,Chr12,17931475,17932076,17931775.5,+,602,204,3,190965
MafA_R1.macs2_peak_6330,Chr12,25320027,25320338,25320182.5,+,312,34,4,141009
MafA_R1.macs2_peak_6716,Chr12,52085190,52085532,52085361,+,343,34,2,-10515
MafA_R1.macs2_peak_6722,Chr12,52495048,52495327,52495187.5,+,280,60,1,32205
MafA_R1.macs2_peak_7341,Chr12,98649703,98650256,98649979.5,+,554,60,2,50925
MafA_R1.macs2_peak_7504,Chr12,108617248,108617756,108617502,+,509,38,3,-7377
MafA_R1.macs2_peak_6981,Chr12,75322408,75323570,75322989,+,1163,43,1,-32098
MafA_R1.macs2_peak_6171,Chr12,10586334,10586707,10586520.5,+,374,33,1,90132
MafA_R1.macs2_peak_6792,Chr12,56505576,56506818,56506197,+,1243,33,1,70008
MafA_R1.macs2_peak_7281,Chr12,91280978,91281366,91281172,+,389,33,1,70011
MafA_R1.macs2_peak_7461,Chr12,104046230,104046669,104046449.5,+,440,33,7,2231
MafA_R1.macs2_peak_7540,Chr12,110557597,110558014,110557805.5,+,418,239,3,-3
MafA_R1.macs2_peak_6355,Chr12,26582753,26583512,26583132.5,+,760,51,2,63918
MafA_R1.macs2_peak_7114,Chr12,81744485,81745339,81744912,+,855,51,3,66889
MafA_R1.macs2_peak_7354,Chr12,98992417,98992979,98992698,+,563,51,2,105865
MafA_R1.macs2_peak_6759,Chr12,54250296,54250670,54250483,+,375,71,2,177
MafA_R1.macs2_peak_6800,Chr12,57889673,57890005,57889839,+,333,28,1,-180142
MafA_R1.macs2_peak_7611,Chr12,116949618,116950006,116949812,+,389,28,1,165077
MafA_R1.macs2_peak_7200,Chr12,86343782,86344251,86344016.5,+,470,44,1,55384
MafA_R1.macs2_peak_6335,Chr12,25839807,25840097,25839952,+,291,28,3,420552
MafA_R1.macs2_peak_6801,Chr12,57978045,57978292,57978168.5,+,248,30,1,-268471
MafA_R1.macs2_peak_6854,Chr12,69457565,69457938,69457751.5,+,374,43,1,38827
MafA_R1.macs2_peak_7368,Chr12,99233679,99234389,99234034,+,711,43,1,-104967
MafA_R1.macs2_peak_6417,Chr12,29747701,29748114,29747907.5,+,414,27,4,-11463
MafA_R1.macs2_peak_6894,Chr12,71160397,71160723,71160560,+,327,27,3,2358
MafA_R1.macs2_peak_7379,Chr12,99529959,99530407,99530183,+,449,82,2,83
MafA_R1.macs2_peak_6893,Chr12,71021109,71021904,71021506.5,+,796,297,2,109
MafA_R1.macs2_peak_6348,Chr12,26464979,26465296,26465137.5,+,318,148,4,124
MafA_R1.macs2_peak_6377,Chr12,28783125,28783389,28783257,+,265,31,1,17136
MafA_R1.macs2_peak_6830,Chr12,64949659,64949917,64949788,+,259,31,5,-14897
MafA_R1.macs2_peak_6363,Chr12,27278282,27278760,27278521,+,479,35,4,-68006
MafA_R1.macs2_peak_6392,Chr12,29153947,29154268,29154107.5,+,322,35,11,-37821
MafA_R1.macs2_peak_6433,Chr12,30288088,30288343,30288215.5,+,256,35,6,-105592
MafA_R1.macs2_peak_6439,Chr12,30625942,30626303,30626122.5,+,362,35,2,-8320
MafA_R1.macs2_peak_6611,Chr12,40549781,40550360,40550070.5,+,580,35,1,54018
MafA_R1.macs2_peak_6684,Chr12,49998398,49998672,49998535,+,275,35,1,-470890
MafA_R1.macs2_peak_7617,Chr12,117348875,117349327,117349101,+,453,35,2,-48469
MafA_R1.macs2_peak_6328,Chr12,25145962,25146680,25146321,+,719,151,4,-230
MafA_R1.macs2_peak_6406,Chr12,29575988,29576257,29576122.5,+,270,69,1,-2261
MafA_R1.macs2_peak_6896,Chr12,71322754,71323486,71323120,+,733,45,1,-33538
MafA_R1.macs2_peak_7497,Chr12,108165885,108166656,108166270.5,+,772,45,6,20273
MafA_R1.macs2_peak_6619,Chr12,40739599,40740188,40739893.5,+,590,36,1,243841
MafA_R1.macs2_peak_7633,Chr12,117784078,117784676,117784377,+,599,36,11,-23219
MafA_R1.macs2_peak_6304,Chr12,24634841,24635632,24635236.5,+,792,56,6,4518
MafA_R1.macs2_peak_7634,Chr12,117820838,117821709,117821273.5,+,872,56,20,13677
MafA_R1.macs2_peak_7261,Chr12,89115772,89116044,89115908,+,273,31,2,195748
MafA_R1.macs2_peak_6203,Chr12,12988625,12988951,12988788,+,327,48,1,3049
MafA_R1.macs2_peak_7103,Chr12,81273099,81273381,81273240,+,283,48,3,-1818
MafA_R1.macs2_peak_7185,Chr12,85570380,85570970,85570675,+,591,48,10,50011
MafA_R1.macs2_peak_7462,Chr12,104140964,104141430,104141197,+,467,48,12,-21066
MafA_R1.macs2_peak_6276,Chr12,17374827,17375164,17374995.5,+,338,37,8,-264
MafA_R1.macs2_peak_6318,Chr12,24944055,24944488,24944271.5,+,434,37,1,62673
MafA_R1.macs2_peak_6699,Chr12,50982213,50982954,50982583.5,+,742,37,1,-69356
MafA_R1.macs2_peak_6403,Chr12,29420735,29421099,29420917,+,365,32,2,-157466
MafA_R1.macs2_peak_6712,Chr12,51862919,51863258,51863088.5,+,340,25,3,13231
MafA_R1.macs2_peak_7547,Chr12,110958231,110958892,110958561.5,+,662,130,4,-2271
MafA_R1.macs2_peak_6513,Chr12,35071043,35071441,35071242,+,399,26,6,-25946
MafA_R1.macs2_peak_6643,Chr12,43834624,43834986,43834805,+,363,26,2,422046
MafA_R1.macs2_peak_6705,Chr12,51323000,51323402,51323201,+,403,26,4,-71812
MafA_R1.macs2_peak_7262,Chr12,89123135,89123528,89123331.5,+,394,26,1,203171
MafA_R1.macs2_peak_7428,Chr12,102531008,102531515,102531261.5,+,508,34,1,10061
MafA_R1.macs2_peak_6832,Chr12,65120484,65121095,65120789.5,+,612,328,2,-77
MafA_R1.macs2_peak_7166,Chr12,84497560,84498502,84498031,+,943,219,3,-233
MafA_R1.macs2_peak_7425,Chr12,102519624,102520037,102519830.5,+,414,64,3,-1370
MafA_R1.macs2_peak_6410,Chr12,29596195,29596623,29596409,+,429,46,7,11188
MafA_R1.macs2_peak_6879,Chr12,70151844,70152268,70152056,+,425,31,1,-2428
MafA_R1.macs2_peak_6676,Chr12,46805669,46805968,46805818.5,+,300,39,1,59732
MafA_R1.macs2_peak_7369,Chr12,99235535,99235934,99235734.5,+,400,39,1,-106667
MafA_R1.macs2_peak_6641,Chr12,43587456,43587706,43587581,+,251,21,5,-506581
MafA_R1.macs2_peak_7249,Chr12,88880301,88880590,88880445.5,+,290,21,2,-39715
MafA_R1.macs2_peak_6358,Chr12,26692944,26693477,26693210.5,+,534,53,5,173996
MafA_R1.macs2_peak_6319,Chr12,24955601,24955928,24955764.5,+,328,28,2,-69167
MafA_R1.macs2_peak_6369,Chr12,28508062,28508537,28508299.5,+,476,28,6,90037
MafA_R1.macs2_peak_6859,Chr12,69519684,69520151,69519917.5,+,468,28,1,2407
MafA_R1.macs2_peak_6767,Chr12,54742361,54745392,54743876.5,+,3032,284,3,-1197
MafA_R1.macs2_peak_6378,Chr12,28809573,28810169,28809871,+,597,31,5,8044
MafA_R1.macs2_peak_6515,Chr12,35232664,35233079,35232871.5,+,416,31,2,12025
MafA_R1.macs2_peak_6743,Chr12,53635538,53635905,53635721.5,+,368,31,1,340506
MafA_R1.macs2_peak_7413,Chr12,102147936,102148196,102148066,+,261,31,5,53080
MafA_R1.macs2_peak_6775,Chr12,54909827,54910080,54909953.5,+,254,81,1,-291
MafA_R1.macs2_peak_6717,Chr12,52144266,52144733,52144499.5,+,468,47,1,-30
MafA_R1.macs2_peak_6778,Chr12,55126961,55127231,55127096,+,271,94,3,-185
MafA_R1.macs2_peak_7252,Chr12,88984464,88984777,88984620.5,+,314,33,1,64460
MafA_R1.macs2_peak_6510,Chr12,34763750,34764023,34763886.5,+,274,20,6,-184998
MafA_R1.macs2_peak_6331,Chr12,25394615,25395023,25394819,+,409,39,5,215646
MafA_R1.macs2_peak_6411,Chr12,29605593,29606033,29605813,+,441,22,1,20592
MafA_R1.macs2_peak_6794,Chr12,57231597,57231919,57231758,+,323,22,1,12499
MafA_R1.macs2_peak_6815,Chr12,61222400,61222833,61222616.5,+,434,22,3,345990
MafA_R1.macs2_peak_6193,Chr12,12373761,12374108,12373934.5,+,348,45,1,61756
MafA_R1.macs2_peak_6247,Chr12,16178958,16180137,16179547.5,+,1180,45,18,-312761
MafA_R1.macs2_peak_6350,Chr12,26510402,26510773,26510587.5,+,372,25,2,-4136
MafA_R1.macs2_peak_6370,Chr12,28560207,28560752,28560479.5,+,546,25,4,37857
MafA_R1.macs2_peak_6390,Chr12,29129173,29129457,29129315,+,285,25,8,-62613
MafA_R1.macs2_peak_6294,Chr12,21352106,21352419,21352262.5,+,314,30,1,-14131
MafA_R1.macs2_peak_6420,Chr12,29763062,29763634,29763348,+,573,51,13,-26904
MafA_R1.macs2_peak_6379,Chr12,28849949,28850224,28850086.5,+,276,31,3,48259
MafA_R1.macs2_peak_7507,Chr12,108723939,108724241,108724090,+,303,104,1,-35462
MafA_R1.macs2_peak_7322,Chr12,96788115,96788429,96788272,+,315,28,5,-774276
MafA_R1.macs2_peak_6438,Chr12,30423057,30423305,30423181,+,249,55,1,193
MafA_R1.macs2_peak_6713,Chr12,51896951,51897517,51897234,+,567,31,2,-20915
MafA_R1.macs2_peak_6852,Chr12,69418497,69418791,69418644,+,295,123,2,-280
MafA_R1.macs2_peak_6910,Chr12,71877918,71878259,71878088.5,+,342,115,1,246
MafA_R1.macs2_peak_7653,Chr12,119389833,119390638,119390235.5,+,806,43,11,-16910
MafA_R1.macs2_peak_6520,Chr12,35584822,35585475,35585148.5,+,654,73,9,-160
MafA_R1.macs2_peak_7426,Chr12,102520414,102521088,102520751,+,675,72,2,-449
MafA_R1.macs2_peak_6386,Chr12,29012838,29013464,29013151,+,627,32,12,52923
MafA_R1.macs2_peak_6886,Chr12,70477259,70477742,70477500.5,+,484,32,1,-22428
MafA_R1.macs2_peak_7457,Chr12,103871268,103871787,103871527.5,+,520,32,9,-318
MafA_R1.macs2_peak_6205,Chr12,12992294,12992796,12992545,+,503,58,2,-708
MafA_R1.macs2_peak_7346,Chr12,98700666,98701263,98700964.5,+,598,71,1,-60
MafA_R1.macs2_peak_6371,Chr12,28699398,28699997,28699697.5,+,600,91,11,96
MafA_R1.macs2_peak_6409,Chr12,29582994,29583804,29583399,+,811,105,1,15
MafA_R1.macs2_peak_7642,Chr12,118266013,118266338,118266175.5,+,326,84,1,-1000
MafA_R1.macs2_peak_6291,Chr12,20865414,20865680,20865547,+,267,34,1,233
MafA_R1.macs2_peak_6751,Chr12,53921858,53922285,53922071.5,+,428,34,3,328586
MafA_R1.macs2_peak_6408,Chr12,29580396,29581022,29580709,+,627,60,3,2326
MafA_R1.macs2_peak_7549,Chr12,111343845,111344507,111344176,+,663,96,1,-24
MafA_R1.macs2_peak_6706,Chr12,51394590,51394939,51394764.5,+,350,46,2,-249
MafA_R1.macs2_peak_6882,Chr12,70392618,70392933,70392775.5,+,316,55,2,1613
MafA_R1.macs2_peak_6512,Chr12,34957443,34958178,34957810.5,+,736,30,6,9284
MafA_R1.macs2_peak_7584,Chr12,112641513,112642123,112641818,+,611,35,7,-500
MafA_R1.macs2_peak_7550,Chr12,111503001,111504307,111503654,+,1307,46,7,-881
MafA_R1.macs2_peak_9247,Chr13,113768731,113771981,113770356,+,3251,2721,66,-15256
MafA_R1.macs2_peak_9012,Chr13,99684738,99687012,99685875,+,2275,2906,2,-32765
MafA_R1.macs2_peak_8914,Chr13,96097418,96099498,96098458,+,2081,5483,29,-70028
MafA_R1.macs2_peak_9006,Chr13,99527854,99528792,99528323,+,939,1122,4,21011
MafA_R1.macs2_peak_9146,Chr13,109429089,109430458,109429773.5,+,1370,889,1,-31505
MafA_R1.macs2_peak_8861,Chr13,93209434,93211013,93210223.5,+,1580,1126,10,411
MafA_R1.macs2_peak_8804,Chr13,89177452,89178894,89178173,+,1443,1191,13,208582
MafA_R1.macs2_peak_8983,Chr13,98028166,98029930,98029048,+,1765,1449,19,141428
MafA_R1.macs2_peak_8620,Chr13,64200956,64202567,64201761.5,+,1612,1054,8,35254
MafA_R1.macs2_peak_8665,Chr13,68406137,68406925,68406531,+,789,1027,8,-23681
MafA_R1.macs2_peak_9212,Chr13,112511584,112513091,112512337.5,+,1508,1154,31,87285
MafA_R1.macs2_peak_8546,Chr13,59043920,59045069,59044494.5,+,1150,632,1,88983
MafA_R1.macs2_peak_9208,Chr13,112463964,112465187,112464575.5,+,1224,687,10,39523
MafA_R1.macs2_peak_9209,Chr13,112467417,112468817,112468117,+,1401,581,4,43065
MafA_R1.macs2_peak_7887,Chr13,21342383,21344050,21343216.5,+,1668,1314,1,-15991
MafA_R1.macs2_peak_9306,Chr13,117370576,117373001,117371788.5,+,2426,892,2,14679
MafA_R1.macs2_peak_9239,Chr13,113644877,113646612,113645744.5,+,1736,642,18,-6364
MafA_R1.macs2_peak_7878,Chr13,20614484,20615824,20615154,+,1341,789,15,-42006
MafA_R1.macs2_peak_8802,Chr13,89119492,89120519,89120005.5,+,1028,438,9,150414
MafA_R1.macs2_peak_7793,Chr13,12554320,12558441,12556380.5,+,4122,1803,15,-21049
MafA_R1.macs2_peak_9157,Chr13,109704904,109706162,109705533,+,1259,593,5,244255
MafA_R1.macs2_peak_8466,Chr13,55330083,55331051,55330567,+,969,1161,2,-27028
MafA_R1.macs2_peak_7826,Chr13,16763075,16764024,16763549.5,+,950,580,10,-565541
MafA_R1.macs2_peak_9210,Chr13,112489115,112490398,112489756.5,+,1284,618,21,64704
MafA_R1.macs2_peak_8996,Chr13,99038253,99039896,99039074.5,+,1644,742,2,-11524
MafA_R1.macs2_peak_8751,Chr13,75997164,75997758,75997461,+,595,337,2,9456
MafA_R1.macs2_peak_8281,Chr13,45608331,45609964,45609147.5,+,1634,587,1,-51773
MafA_R1.macs2_peak_9207,Chr13,112451551,112452714,112452132.5,+,1164,446,14,27080
MafA_R1.macs2_peak_7847,Chr13,18497365,18499578,18498471.5,+,2214,821,1,58153
MafA_R1.macs2_peak_7852,Chr13,18927637,18929180,18928408.5,+,1544,434,3,26946
MafA_R1.macs2_peak_9211,Chr13,112491222,112492120,112491671,+,899,373,7,66619
MafA_R1.macs2_peak_7682,Chr13,4820513,4822811,4821662,+,2299,976,5,-162499
MafA_R1.macs2_peak_9287,Chr13,116395603,116396857,116396230,+,1255,375,1,49994
MafA_R1.macs2_peak_9241,Chr13,113733438,113734371,113733904.5,+,934,327,8,21196
MafA_R1.macs2_peak_8324,Chr13,46972587,46973583,46973085,+,997,489,2,-91760
MafA_R1.macs2_peak_7879,Chr13,20616862,20617790,20617326,+,929,314,7,-39834
MafA_R1.macs2_peak_8662,Chr13,68012335,68013682,68013008.5,+,1348,375,1,1563
MafA_R1.macs2_peak_7949,Chr13,23914268,23915069,23914668.5,+,802,456,9,-8122
MafA_R1.macs2_peak_9266,Chr13,115481893,115484257,115483075,+,2365,1050,13,-244575
MafA_R1.macs2_peak_8679,Chr13,69573681,69574755,69574218,+,1075,579,6,107765
MafA_R1.macs2_peak_8843,Chr13,91838052,91838473,91838262.5,+,422,279,1,-51378
MafA_R1.macs2_peak_8282,Chr13,45610575,45611563,45611069,+,989,315,3,-49851
MafA_R1.macs2_peak_8706,Chr13,72176832,72178158,72177495,+,1327,382,2,-65653
MafA_R1.macs2_peak_8908,Chr13,95913254,95914316,95913785,+,1063,516,8,80357
MafA_R1.macs2_peak_8689,Chr13,69971791,69972604,69972197.5,+,814,330,13,14196
MafA_R1.macs2_peak_8647,Chr13,67275801,67276902,67276351.5,+,1102,1008,23,59
MafA_R1.macs2_peak_8859,Chr13,93198574,93200159,93199366.5,+,1586,430,1,-10446
MafA_R1.macs2_peak_8247,Chr13,44270746,44271611,44271178.5,+,866,236,1,-3465
MafA_R1.macs2_peak_9023,Chr13,100015621,100016849,100016235,+,1229,282,3,20956
MafA_R1.macs2_peak_8646,Chr13,67256114,67257090,67256602,+,977,746,3,5490
MafA_R1.macs2_peak_9227,Chr13,112990143,112991070,112990606.5,+,928,219,16,53295
MafA_R1.macs2_peak_9246,Chr13,113758495,113759753,113759124,+,1259,410,8,-4024
MafA_R1.macs2_peak_9202,Chr13,112126955,112128121,112127538,+,1167,369,1,123068
MafA_R1.macs2_peak_8830,Chr13,91034576,91035264,91034920,+,689,245,4,18554
MafA_R1.macs2_peak_8873,Chr13,93958540,93959396,93958968,+,857,205,2,31683
MafA_R1.macs2_peak_7791,Chr13,12516762,12519603,12518182.5,+,2842,812,9,17149
MafA_R1.macs2_peak_8918,Chr13,96147136,96148338,96147737,+,1203,812,21,-119307
MafA_R1.macs2_peak_8806,Chr13,89523109,89525729,89524419,+,2621,234,5,-164336
MafA_R1.macs2_peak_7935,Chr13,23701137,23703707,23702422,+,2571,785,1,-12792
MafA_R1.macs2_peak_9232,Chr13,113482835,113483296,113483065.5,+,462,195,2,136872
MafA_R1.macs2_peak_9159,Chr13,109717688,109718497,109718092.5,+,810,238,3,256814
MafA_R1.macs2_peak_7676,Chr13,4666034,4666841,4666437.5,+,808,164,2,-7274
MafA_R1.macs2_peak_8159,Chr13,38965468,38966398,38965933,+,931,182,2,-122929
MafA_R1.macs2_peak_8656,Chr13,67785462,67786279,67785870.5,+,818,915,17,30
MafA_R1.macs2_peak_8822,Chr13,90518707,90519989,90519348,+,1283,213,13,281562
MafA_R1.macs2_peak_8217,Chr13,43245958,43246373,43246165.5,+,416,158,1,-30150
MafA_R1.macs2_peak_7890,Chr13,21351168,21352953,21352060.5,+,1786,639,4,-12041
MafA_R1.macs2_peak_8462,Chr13,55032320,55032864,55032592,+,545,222,1,-64632
MafA_R1.macs2_peak_9195,Chr13,111913629,111914615,111914122,+,987,273,15,31405
MafA_R1.macs2_peak_9151,Chr13,109576831,109578015,109577423,+,1185,257,2,116145
MafA_R1.macs2_peak_7680,Chr13,4762612,4763340,4762976,+,729,260,2,-103813
MafA_R1.macs2_peak_9092,Chr13,104287788,104289136,104288462,+,1349,142,3,26505
MafA_R1.macs2_peak_9238,Chr13,113631928,113632793,113632360.5,+,866,156,10,7020
MafA_R1.macs2_peak_8807,Chr13,89663936,89664693,89664314.5,+,758,146,1,-24441
MafA_R1.macs2_peak_8319,Chr13,46333758,46335258,46334508,+,1501,140,1,-92689
MafA_R1.macs2_peak_8939,Chr13,96879166,96880232,96879699,+,1067,199,4,-5102
MafA_R1.macs2_peak_9291,Chr13,116433550,116434930,116434240,+,1381,661,2,11984
MafA_R1.macs2_peak_9223,Chr13,112908098,112909338,112908718,+,1241,299,10,-28593
MafA_R1.macs2_peak_9097,Chr13,104627876,104628153,104628014.5,+,278,181,1,203671
MafA_R1.macs2_peak_9107,Chr13,105354976,105355635,105355305.5,+,660,181,2,74217
MafA_R1.macs2_peak_9153,Chr13,109585666,109586565,109586115.5,+,900,151,3,124837
MafA_R1.macs2_peak_9046,Chr13,101576093,101577250,101576671.5,+,1158,290,1,-42583
MafA_R1.macs2_peak_9014,Chr13,99698579,99699189,99698884,+,611,203,10,-45774
MafA_R1.macs2_peak_7926,Chr13,22219532,22220440,22219986,+,909,355,1,-5
MafA_R1.macs2_peak_8610,Chr13,64062967,64063851,64063409,+,885,139,6,100355
MafA_R1.macs2_peak_8420,Chr13,53128243,53129822,53129032.5,+,1580,368,2,6043
MafA_R1.macs2_peak_8664,Chr13,68321859,68322495,68322177,+,637,171,10,57762
MafA_R1.macs2_peak_9152,Chr13,109581484,109582645,109582064.5,+,1162,225,2,120786
MafA_R1.macs2_peak_8654,Chr13,67757456,67758105,67757780.5,+,650,503,11,46
MafA_R1.macs2_peak_9003,Chr13,99255493,99256173,99255833,+,681,193,2,-31404
MafA_R1.macs2_peak_9263,Chr13,115264174,115264495,115264334.5,+,322,198,1,-25834
MafA_R1.macs2_peak_7829,Chr13,16825823,16826779,16826301,+,957,271,1,-628293
MafA_R1.macs2_peak_9275,Chr13,115812625,115814177,115813401,+,1553,271,5,-574901
MafA_R1.macs2_peak_8644,Chr13,67080194,67081318,67080756,+,1125,439,8,-138
MafA_R1.macs2_peak_9318,Chr13,118306560,118307638,118307099,+,1079,216,11,216689
MafA_R1.macs2_peak_8820,Chr13,90236833,90238098,90237465.5,+,1266,607,4,262
MafA_R1.macs2_peak_9259,Chr13,114988954,114989735,114989344.5,+,782,120,8,34571
MafA_R1.macs2_peak_8434,Chr13,53546941,53548007,53547474,+,1067,419,5,-251
MafA_R1.macs2_peak_8317,Chr13,46212934,46214453,46213693.5,+,1520,443,1,-95226
MafA_R1.macs2_peak_7886,Chr13,21085195,21085932,21085563.5,+,738,169,1,107280
MafA_R1.macs2_peak_7948,Chr13,23894354,23894914,23894634,+,561,284,1,203
MafA_R1.macs2_peak_8627,Chr13,64352667,64353575,64353121,+,909,284,3,43231
MafA_R1.macs2_peak_8707,Chr13,72248838,72249420,72249129,+,583,172,2,-137287
MafA_R1.macs2_peak_8924,Chr13,96267525,96268180,96267852.5,+,656,668,2,1233
MafA_R1.macs2_peak_8611,Chr13,64066160,64066449,64066304.5,+,290,121,3,103250
MafA_R1.macs2_peak_8705,Chr13,72099495,72100081,72099788,+,587,153,2,12054
MafA_R1.macs2_peak_7662,Chr13,3704321,3704900,3704610.5,+,580,134,1,20578
MafA_R1.macs2_peak_8969,Chr13,97787897,97788901,97788399,+,1005,298,1,91891
MafA_R1.macs2_peak_9221,Chr13,112858814,112859661,112859237.5,+,848,156,3,61937
MafA_R1.macs2_peak_9198,Chr13,111935704,111935960,111935832,+,257,174,5,9695
MafA_R1.macs2_peak_8916,Chr13,96102931,96104699,96103815,+,1769,220,15,-75385
MafA_R1.macs2_peak_8254,Chr13,44662946,44663216,44663081,+,271,110,2,69878
MafA_R1.macs2_peak_9216,Chr13,112561699,112562344,112562021.5,+,646,110,2,-38583
MafA_R1.macs2_peak_9285,Chr13,116311059,116311706,116311382.5,+,648,110,1,134842
MafA_R1.macs2_peak_9272,Chr13,115644843,115646184,115645513.5,+,1342,266,1,-407013
MafA_R1.macs2_peak_9310,Chr13,117425958,117426610,117426284,+,653,266,10,69175
MafA_R1.macs2_peak_8222,Chr13,43365923,43366183,43366053,+,261,162,2,-41076
MafA_R1.macs2_peak_8729,Chr13,75009657,75010136,75009896.5,+,480,113,1,-53017
MafA_R1.macs2_peak_8686,Chr13,69785549,69786384,69785966.5,+,836,125,4,25831
MafA_R1.macs2_peak_7853,Chr13,18952462,18953375,18952918.5,+,914,142,3,51456
MafA_R1.macs2_peak_8919,Chr13,96160086,96160874,96160480,+,789,142,12,108605
MafA_R1.macs2_peak_9231,Chr13,113473650,113474278,113473964,+,629,120,2,127771
MafA_R1.macs2_peak_8687,Chr13,69866149,69866872,69866510.5,+,724,124,10,21506
MafA_R1.macs2_peak_8981,Chr13,98012989,98013379,98013184,+,391,176,1,125564
MafA_R1.macs2_peak_9205,Chr13,112423503,112424428,112423965.5,+,926,127,19,-1020
MafA_R1.macs2_peak_8151,Chr13,38411948,38413171,38412559.5,+,1224,248,1,23644
MafA_R1.macs2_peak_8668,Chr13,69212963,69213626,69213294.5,+,664,156,11,-65634
MafA_R1.macs2_peak_8637,Chr13,64610514,64611154,64610834,+,641,310,6,30467
MafA_R1.macs2_peak_8754,Chr13,76079309,76079720,76079514.5,+,412,99,2,12429
MafA_R1.macs2_peak_8758,Chr13,76363269,76363620,76363444.5,+,352,99,6,56619
MafA_R1.macs2_peak_7672,Chr13,4283164,4284270,4283717,+,1107,239,4,-22
MafA_R1.macs2_peak_8606,Chr13,63789683,63791236,63790459.5,+,1554,132,14,-69185
MafA_R1.macs2_peak_9063,Chr13,102718647,102719496,102719071.5,+,850,132,2,-110984
MafA_R1.macs2_peak_9256,Chr13,114816787,114817432,114817109.5,+,646,216,6,73345
MafA_R1.macs2_peak_8215,Chr13,43167270,43168165,43167717.5,+,896,192,4,-108598
MafA_R1.macs2_peak_8425,Chr13,53240642,53241418,53241030,+,777,192,3,-105955
MafA_R1.macs2_peak_7679,Chr13,4756881,4757639,4757260,+,759,114,1,-98097
MafA_R1.macs2_peak_8245,Chr13,44214390,44215108,44214749,+,719,114,2,-59894
MafA_R1.macs2_peak_9206,Chr13,112447978,112448368,112448173,+,391,144,4,23121
MafA_R1.macs2_peak_7809,Chr13,14031961,14032781,14032371,+,821,174,2,73479
MafA_R1.macs2_peak_8631,Chr13,64518203,64518689,64518446,+,487,661,6,-112
MafA_R1.macs2_peak_8842,Chr13,91831570,91832352,91831961,+,783,117,2,-57679
MafA_R1.macs2_peak_8899,Chr13,95683032,95684337,95683684.5,+,1306,331,20,-21936
MafA_R1.macs2_peak_9230,Chr13,113458704,113458984,113458844,+,281,183,3,112651
MafA_R1.macs2_peak_8640,Chr13,64721365,64721683,64721524,+,319,98,6,-75918
MafA_R1.macs2_peak_8984,Chr13,98037003,98037339,98037171,+,337,89,6,149551
MafA_R1.macs2_peak_9271,Chr13,115587745,115588336,115588040.5,+,592,89,1,-349540
MafA_R1.macs2_peak_8902,Chr13,95780238,95780812,95780525,+,575,104,3,-25551
MafA_R1.macs2_peak_9128,Chr13,107967551,107968618,107968084.5,+,1068,104,5,58515
MafA_R1.macs2_peak_7954,Chr13,23946469,23947798,23947133.5,+,1330,431,6,-518
MafA_R1.macs2_peak_7812,Chr13,14200662,14201683,14201172.5,+,1022,137,1,13051
MafA_R1.macs2_peak_8897,Chr13,95667363,95668904,95668133.5,+,1542,213,16,-6385
MafA_R1.macs2_peak_8426,Chr13,53274008,53274269,53274138.5,+,262,149,1,-139063
MafA_R1.macs2_peak_8666,Chr13,68736393,68736966,68736679.5,+,574,153,4,6350
MafA_R1.macs2_peak_9080,Chr13,103534579,103535096,103534837.5,+,518,153,7,-63837
MafA_R1.macs2_peak_8688,Chr13,69887249,69887991,69887620,+,743,423,9,396
MafA_R1.macs2_peak_7928,Chr13,22226943,22227888,22227415.5,+,946,379,4,47
MafA_R1.macs2_peak_9257,Chr13,114954519,114955631,114955075,+,1113,431,6,302
MafA_R1.macs2_peak_8931,Chr13,96524104,96525050,96524577,+,947,257,3,-225
MafA_R1.macs2_peak_8623,Chr13,64255253,64256825,64256039,+,1573,151,25,-19024
MafA_R1.macs2_peak_8316,Chr13,46196489,46197673,46197081,+,1185,328,2,-78614
MafA_R1.macs2_peak_9077,Chr13,103258475,103259361,103258918,+,887,144,3,212082
MafA_R1.macs2_peak_9078,Chr13,103281683,103282833,103282258,+,1151,143,2,188742
MafA_R1.macs2_peak_9233,Chr13,113491325,113491841,113491583,+,517,143,4,145390
MafA_R1.macs2_peak_8797,Chr13,84496265,84496716,84496490.5,+,452,163,3,126075
MafA_R1.macs2_peak_8690,Chr13,70087916,70088217,70088066.5,+,302,91,1,-19886
MafA_R1.macs2_peak_8904,Chr13,95843011,95843616,95843313.5,+,606,91,7,9885
MafA_R1.macs2_peak_8655,Chr13,67772428,67773035,67772731.5,+,608,80,17,13169
MafA_R1.macs2_peak_9065,Chr13,102736235,102736886,102736560.5,+,652,80,1,-93495
MafA_R1.macs2_peak_9280,Chr13,115894123,115894381,115894252,+,259,80,3,551972
MafA_R1.macs2_peak_9154,Chr13,109617687,109618765,109618226,+,1079,211,4,156948
MafA_R1.macs2_peak_7674,Chr13,4347707,4348354,4348030.5,+,648,102,1,-18632
MafA_R1.macs2_peak_8421,Chr13,53130372,53131458,53130915,+,1087,257,2,4160
MafA_R1.macs2_peak_7683,Chr13,4826645,4826980,4826812.5,+,336,86,1,-167649
MafA_R1.macs2_peak_7790,Chr13,12499935,12500882,12500408.5,+,948,105,1,-23789
MafA_R1.macs2_peak_8674,Chr13,69533101,69533430,69533265.5,+,330,105,2,148718
MafA_R1.macs2_peak_9222,Chr13,112891365,112892015,112891690,+,651,105,6,-45621
MafA_R1.macs2_peak_9137,Chr13,108949748,108950047,108949897.5,+,300,132,1,159186
MafA_R1.macs2_peak_9234,Chr13,113527904,113528580,113528242,+,677,188,12,111134
MafA_R1.macs2_peak_7884,Chr13,20733939,20734860,20734399.5,+,922,119,2,77239
MafA_R1.macs2_peak_8211,Chr13,43052681,43053296,43052988.5,+,616,119,1,33265
MafA_R1.macs2_peak_9200,Chr13,111996608,111997172,111996890,+,565,119,1,-7580
MafA_R1.macs2_peak_8660,Chr13,67961912,67962271,67962091.5,+,360,260,6,156
MafA_R1.macs2_peak_7669,Chr13,4082261,4083159,4082710,+,899,170,2,-26881
MafA_R1.macs2_peak_9082,Chr13,103823180,103823798,103823489,+,619,84,3,20652
MafA_R1.macs2_peak_8650,Chr13,67454116,67454773,67454444.5,+,658,185,1,32
MafA_R1.macs2_peak_8910,Chr13,95926970,95927726,95927348,+,757,149,14,93920
MafA_R1.macs2_peak_8671,Chr13,69357977,69358705,69358341,+,729,84,13,-210681
MafA_R1.macs2_peak_8613,Chr13,64099880,64100141,64100010.5,+,262,164,1,136956
MafA_R1.macs2_peak_8616,Chr13,64140508,64141219,64140863.5,+,712,94,9,96152
MafA_R1.macs2_peak_8755,Chr13,76140441,76141149,76140795,+,709,86,3,24937
MafA_R1.macs2_peak_9150,Chr13,109575864,109576321,109576092.5,+,458,86,2,114814
MafA_R1.macs2_peak_8868,Chr13,93439985,93440550,93440267.5,+,566,735,1,2
MafA_R1.macs2_peak_9061,Chr13,102641289,102641669,102641479,+,381,90,2,-188576
MafA_R1.macs2_peak_8728,Chr13,74489410,74489800,74489605,+,391,93,3,8754
MafA_R1.macs2_peak_8938,Chr13,96868077,96868657,96868367,+,581,116,2,-16434
MafA_R1.macs2_peak_8920,Chr13,96167847,96168877,96168362,+,1031,131,20,100723
MafA_R1.macs2_peak_8950,Chr13,97376885,97377519,97377202,+,635,288,9,-411
MafA_R1.macs2_peak_8953,Chr13,97500135,97500652,97500393.5,+,518,104,2,-71085
MafA_R1.macs2_peak_7776,Chr13,11581633,11581975,11581804,+,343,82,6,44866
MafA_R1.macs2_peak_8249,Chr13,44417014,44417423,44417218.5,+,410,82,1,-47255
MafA_R1.macs2_peak_8958,Chr13,97616884,97617391,97617137.5,+,508,82,1,-2072
MafA_R1.macs2_peak_7867,Chr13,19803010,19803964,19803487,+,955,201,1,513
MafA_R1.macs2_peak_9213,Chr13,112517416,112517879,112517647.5,+,464,74,3,-82957
MafA_R1.macs2_peak_8941,Chr13,97108031,97108737,97108384,+,707,96,1,47187
MafA_R1.macs2_peak_8896,Chr13,95613365,95614130,95613747.5,+,766,111,5,1416
MafA_R1.macs2_peak_7868,Chr13,20222599,20223186,20222892.5,+,588,126,3,-51785
MafA_R1.macs2_peak_8635,Chr13,64595992,64596372,64596182,+,381,126,7,15815
MafA_R1.macs2_peak_9020,Chr13,99951192,99952017,99951604.5,+,826,141,9,85587
MafA_R1.macs2_peak_8900,Chr13,95684958,95685257,95685107.5,+,300,203,4,-23359
MafA_R1.macs2_peak_9255,Chr13,114498320,114498692,114498506,+,373,70,3,26124
MafA_R1.macs2_peak_9273,Chr13,115772876,115773125,115773000.5,+,250,70,8,-534500
MafA_R1.macs2_peak_9309,Chr13,117423812,117424119,117423965.5,+,308,80,5,66856
MafA_R1.macs2_peak_9253,Chr13,114013956,114014580,114014268,+,625,76,5,83224
MafA_R1.macs2_peak_9322,Chr13,118523950,118524316,118524133,+,367,210,9,-345
MafA_R1.macs2_peak_8932,Chr13,96568195,96569327,96568761,+,1133,164,17,38907
MafA_R1.macs2_peak_8832,Chr13,91077910,91078362,91078136,+,453,82,1,6895
MafA_R1.macs2_peak_8794,Chr13,83892906,83893580,83893243,+,675,148,1,-6248
MafA_R1.macs2_peak_8276,Chr13,45327362,45327803,45327582.5,+,442,100,3,-172010
MafA_R1.macs2_peak_9243,Chr13,113751044,113753080,113752062,+,2037,367,19,3038
MafA_R1.macs2_peak_8607,Chr13,63880429,63881777,63881103,+,1349,102,10,1009
MafA_R1.macs2_peak_8633,Chr13,64564955,64565276,64565115.5,+,322,102,2,-15252
MafA_R1.macs2_peak_7832,Chr13,16911169,16911779,16911474,+,611,71,7,-713466
MafA_R1.macs2_peak_7673,Chr13,4329024,4330278,4329651,+,1255,218,12,-253
MafA_R1.macs2_peak_9113,Chr13,106892268,106892577,106892422.5,+,310,74,1,181044
MafA_R1.macs2_peak_7843,Chr13,18157293,18157949,18157621,+,657,70,23,10315
MafA_R1.macs2_peak_8265,Chr13,44951768,44952537,44952152.5,+,770,70,1,67405
MafA_R1.macs2_peak_8612,Chr13,64077175,64077484,64077329.5,+,310,73,3,114275
MafA_R1.macs2_peak_8946,Chr13,97236063,97236459,97236261,+,397,73,2,28110
MafA_R1.macs2_peak_8649,Chr13,67416789,67417469,67417129,+,681,177,4,3
MafA_R1.macs2_peak_9217,Chr13,112600147,112600962,112600554.5,+,816,423,6,-50
MafA_R1.macs2_peak_8432,Chr13,53452340,53453456,53452898,+,1117,125,4,-12738
MafA_R1.macs2_peak_8634,Chr13,64580330,64580598,64580464,+,269,748,2,97
MafA_R1.macs2_peak_9242,Chr13,113749937,113750779,113750358,+,843,305,6,4742
MafA_R1.macs2_peak_8667,Chr13,68753637,68754498,68754067.5,+,862,110,12,8509
MafA_R1.macs2_peak_8164,Chr13,40518350,40519097,40518723.5,+,748,61,1,-77236
MafA_R1.macs2_peak_9288,Chr13,116420726,116421394,116421060,+,669,61,1,25164
MafA_R1.macs2_peak_9237,Chr13,113600994,113601507,113601250.5,+,514,61,3,38130
MafA_R1.macs2_peak_8915,Chr13,96101301,96101608,96101454.5,+,308,84,3,-73024
MafA_R1.macs2_peak_8993,Chr13,98905078,98905331,98905204.5,+,254,67,1,46753
MafA_R1.macs2_peak_9203,Chr13,112210146,112210820,112210483,+,675,70,1,206013
MafA_R1.macs2_peak_9262,Chr13,115226514,115227281,115226897.5,+,768,226,9,-203
MafA_R1.macs2_peak_8677,Chr13,69550979,69551389,69551184,+,411,79,1,130799
MafA_R1.macs2_peak_9228,Chr13,113172374,113173020,113172697,+,647,72,10,180
MafA_R1.macs2_peak_7664,Chr13,3714251,3715544,3714897.5,+,1294,107,1,30865
MafA_R1.macs2_peak_8824,Chr13,90547444,90547961,90547702.5,+,518,69,2,309916
MafA_R1.macs2_peak_9313,Chr13,117604044,117604391,117604217.5,+,348,59,1,-134639
MafA_R1.macs2_peak_8312,Chr13,46118335,46119791,46119063,+,1457,386,1,-596
MafA_R1.macs2_peak_9140,Chr13,109254752,109255663,109255207.5,+,912,122,2,-206071
MafA_R1.macs2_peak_7686,Chr13,5109631,5109938,5109784.5,+,308,64,4,-450621
MafA_R1.macs2_peak_8927,Chr13,96379459,96379826,96379642.5,+,368,64,1,-110557
MafA_R1.macs2_peak_9215,Chr13,112520017,112520933,112520475,+,917,64,11,-80129
MafA_R1.macs2_peak_8632,Chr13,64536208,64537000,64536604,+,793,87,6,-18270
MafA_R1.macs2_peak_8418,Chr13,53096510,53097634,53097072,+,1125,188,5,-13359
MafA_R1.macs2_peak_8261,Chr13,44887155,44887772,44887463.5,+,618,417,2,2716
MafA_R1.macs2_peak_8246,Chr13,44268022,44268659,44268340.5,+,638,86,8,-6303
MafA_R1.macs2_peak_9067,Chr13,102881204,102881888,102881546,+,685,86,1,-15217
MafA_R1.macs2_peak_8866,Chr13,93404531,93404835,93404683,+,305,57,3,-35582
MafA_R1.macs2_peak_8149,Chr13,38195941,38196959,38196450,+,1019,103,1,-18266
MafA_R1.macs2_peak_9187,Chr13,110804121,110804386,110804253.5,+,266,76,9,-235780
MafA_R1.macs2_peak_7872,Chr13,20308444,20309211,20308827.5,+,768,95,2,34150
MafA_R1.macs2_peak_8428,Chr13,53332294,53333304,53332799,+,1011,204,3,107361
MafA_R1.macs2_peak_9276,Chr13,115814755,115815040,115814897.5,+,286,68,1,-576397
MafA_R1.macs2_peak_9058,Chr13,102103816,102104460,102104138,+,645,91,1,-199413
MafA_R1.macs2_peak_8162,Chr13,39551640,39552410,39552025,+,771,71,4,-407170
MafA_R1.macs2_peak_8619,Chr13,64183936,64184558,64184247,+,623,71,4,52768
MafA_R1.macs2_peak_8216,Chr13,43172723,43173347,43173035,+,625,94,7,-103280
MafA_R1.macs2_peak_9286,Chr13,116392325,116393144,116392734.5,+,820,117,9,53490
MafA_R1.macs2_peak_9278,Chr13,115824028,115825008,115824518,+,981,261,15,-586018
MafA_R1.macs2_peak_8680,Chr13,69596410,69597014,69596712,+,605,87,3,85271
MafA_R1.macs2_peak_9007,Chr13,99533125,99534331,99533728,+,1207,127,7,15606
MafA_R1.macs2_peak_8275,Chr13,45252061,45252344,45252202.5,+,284,52,4,-96630
MafA_R1.macs2_peak_8213,Chr13,43136732,43137111,43136921.5,+,380,55,5,117198
MafA_R1.macs2_peak_8150,Chr13,38388622,38389229,38388925.5,+,608,302,1,10
MafA_R1.macs2_peak_8980,Chr13,97989654,97990187,97989920.5,+,534,79,1,102300
MafA_R1.macs2_peak_9220,Chr13,112810488,112810986,112810737,+,499,79,7,13437
MafA_R1.macs2_peak_9009,Chr13,99637685,99638656,99638170.5,+,972,57,2,14940
MafA_R1.macs2_peak_8423,Chr13,53134420,53135469,53134944.5,+,1050,395,1,131
MafA_R1.macs2_peak_8683,Chr13,69734299,69735079,69734689,+,781,110,13,24893
MafA_R1.macs2_peak_8937,Chr13,96840992,96841865,96841428.5,+,874,110,3,-33984
MafA_R1.macs2_peak_9260,Chr13,115060035,115060561,115060298,+,527,110,6,8338
MafA_R1.macs2_peak_7875,Chr13,20433990,20434748,20434369,+,759,56,16,159692
MafA_R1.macs2_peak_8233,Chr13,43888015,43888288,43888151.5,+,274,56,1,17884
MafA_R1.macs2_peak_8871,Chr13,93860033,93860334,93860183.5,+,302,56,1,-4500
MafA_R1.macs2_peak_9224,Chr13,112936897,112937631,112937264,+,735,288,4,-47
MafA_R1.macs2_peak_8945,Chr13,97224468,97225142,97224805,+,675,53,6,16654
MafA_R1.macs2_peak_8250,Chr13,44455401,44455976,44455688.5,+,576,68,3,-85725
MafA_R1.macs2_peak_8330,Chr13,48204114,48204453,48204283.5,+,340,50,1,-32199
MafA_R1.macs2_peak_7923,Chr13,22205457,22206436,22205946.5,+,980,206,1,-12035
MafA_R1.macs2_peak_8895,Chr13,95555575,95556084,95555829.5,+,510,80,1,25510
MafA_R1.macs2_peak_8943,Chr13,97209542,97209982,97209762,+,441,57,1,1611
MafA_R1.macs2_peak_8743,Chr13,75689247,75690651,75689949,+,1405,94,7,-103216
MafA_R1.macs2_peak_8732,Chr13,75099642,75100545,75100093.5,+,904,52,1,-137883
MafA_R1.macs2_peak_7820,Chr13,15821661,15822325,15821993,+,665,63,1,155222
MafA_R1.macs2_peak_8223,Chr13,43368277,43368994,43368635.5,+,718,63,15,-43658
MafA_R1.macs2_peak_9139,Chr13,109123324,109123690,109123507,+,367,63,1,332796
MafA_R1.macs2_peak_8875,Chr13,94026247,94026772,94026509.5,+,526,49,2,99224
MafA_R1.macs2_peak_8747,Chr13,75941070,75941603,75941336.5,+,534,88,2,-46668
MafA_R1.macs2_peak_8749,Chr13,75987699,75988447,75988073,+,749,340,3,68
MafA_R1.macs2_peak_8419,Chr13,53124275,53124737,53124506,+,463,56,3,10569
MafA_R1.macs2_peak_8810,Chr13,89696278,89696703,89696490.5,+,426,56,2,7735
MafA_R1.macs2_peak_9193,Chr13,111792654,111792904,111792779,+,251,56,1,-29933
MafA_R1.macs2_peak_9249,Chr13,113800359,113800978,113800668.5,+,620,56,1,-456
MafA_R1.macs2_peak_9258,Chr13,114985696,114986326,114986011,+,631,71,6,31238
MafA_R1.macs2_peak_7840,Chr13,18013476,18013838,18013657,+,363,53,7,-33975
MafA_R1.macs2_peak_7792,Chr13,12552678,12553395,12553036.5,+,718,79,12,-17705
MafA_R1.macs2_peak_8661,Chr13,67992123,67992424,67992273.5,+,302,79,1,11424
MafA_R1.macs2_peak_8801,Chr13,89117456,89119003,89118229.5,+,1548,79,3,148638
MafA_R1.macs2_peak_8653,Chr13,67673890,67674747,67674318.5,+,858,169,4,32
MafA_R1.macs2_peak_8942,Chr13,97144914,97145335,97145124.5,+,422,128,1,25746
MafA_R1.macs2_peak_8669,Chr13,69222110,69222422,69222266,+,313,44,1,-74606
MafA_R1.macs2_peak_8818,Chr13,90124265,90124603,90124434,+,339,44,3,113293
MafA_R1.macs2_peak_8944,Chr13,97222839,97223410,97223124.5,+,572,44,3,14973
MafA_R1.macs2_peak_8762,Chr13,77475722,77475976,77475849,+,255,49,5,192194
MafA_R1.macs2_peak_9214,Chr13,112518557,112518987,112518772,+,431,44,4,-81832
MafA_R1.macs2_peak_9149,Chr13,109453605,109454188,109453896.5,+,584,51,1,-7382
MafA_R1.macs2_peak_7876,Chr13,20472557,20473248,20472902.5,+,692,95,15,-184258
MafA_R1.macs2_peak_8318,Chr13,46315233,46315853,46315543,+,621,104,1,-111654
MafA_R1.macs2_peak_9181,Chr13,110296602,110297053,110296827.5,+,452,48,1,119913
MafA_R1.macs2_peak_8161,Chr13,39529123,39529576,39529349.5,+,454,56,2,-384494
MafA_R1.macs2_peak_9250,Chr13,113864505,113865333,113864919,+,829,56,13,-64707
MafA_R1.macs2_peak_8430,Chr13,53419460,53419746,53419603,+,287,42,1,20557
MafA_R1.macs2_peak_9013,Chr13,99692109,99692640,99692374.5,+,532,52,5,-39264
MafA_R1.macs2_peak_7660,Chr13,3691854,3692181,3692017.5,+,328,64,1,7985
MafA_R1.macs2_peak_8752,Chr13,75998036,75998621,75998328.5,+,586,72,7,10323
MafA_R1.macs2_peak_9008,Chr13,99554711,99556177,99555444,+,1467,72,3,-6110
MafA_R1.macs2_peak_9236,Chr13,113554579,113555674,113555126.5,+,1096,72,17,84254
MafA_R1.macs2_peak_9327,Chr13,120057763,120058796,120058279.5,+,1034,72,1,-27076
MafA_R1.macs2_peak_8912,Chr13,95968092,95968638,95968365,+,547,80,6,60065
MafA_R1.macs2_peak_9027,Chr13,100106359,100106848,100106603.5,+,490,80,2,45544
MafA_R1.macs2_peak_9112,Chr13,106827996,106828367,106828181.5,+,372,49,1,245285
MafA_R1.macs2_peak_8657,Chr13,67831312,67831988,67831650,+,677,225,8,-19
MafA_R1.macs2_peak_9268,Chr13,115516068,115516567,115516317.5,+,500,41,5,-277817
MafA_R1.macs2_peak_8793,Chr13,83878867,83879162,83879014.5,+,296,78,1,-1598
MafA_R1.macs2_peak_9265,Chr13,115458733,115459178,115458955.5,+,446,53,7,-220455
MafA_R1.macs2_peak_8865,Chr13,93401163,93401494,93401328.5,+,332,45,1,-38937
MafA_R1.macs2_peak_7927,Chr13,22225038,22225860,22225449,+,823,151,3,83
MafA_R1.macs2_peak_9240,Chr13,113720175,113720472,113720323.5,+,298,41,4,34777
MafA_R1.macs2_peak_8903,Chr13,95839518,95840183,95839850.5,+,666,65,3,6422
MafA_R1.macs2_peak_9064,Chr13,102732444,102732755,102732599.5,+,312,65,3,-97456
MafA_R1.macs2_peak_7661,Chr13,3695654,3696024,3695839,+,371,56,1,11807
MafA_R1.macs2_peak_8617,Chr13,64142598,64143309,64142953.5,+,712,56,5,94062
MafA_R1.macs2_peak_8911,Chr13,95962439,95963160,95962799.5,+,722,56,8,65631
MafA_R1.macs2_peak_9269,Chr13,115519058,115519906,115519482,+,849,56,5,-280982
MafA_R1.macs2_peak_7850,Chr13,18883201,18883460,18883330.5,+,260,36,1,-18132
MafA_R1.macs2_peak_9135,Chr13,108425671,108426201,108425936,+,531,36,1,-26935
MafA_R1.macs2_peak_8692,Chr13,70237372,70237825,70237598.5,+,454,48,1,-61131
MafA_R1.macs2_peak_8809,Chr13,89691132,89691566,89691349,+,435,48,2,2594
MafA_R1.macs2_peak_9114,Chr13,107041344,107041848,107041596,+,505,48,2,31870
MafA_R1.macs2_peak_8639,Chr13,64641468,64641870,64641669,+,403,40,6,3937
MafA_R1.macs2_peak_9136,Chr13,108471702,108472184,108471943,+,483,40,4,19072
MafA_R1.macs2_peak_8608,Chr13,64033057,64033425,64033241,+,369,36,1,70187
MafA_R1.macs2_peak_9290,Chr13,116431304,116431610,116431457,+,307,69,3,14767
MafA_R1.macs2_peak_8307,Chr13,46089060,46089603,46089331.5,+,544,40,1,29136
MafA_R1.macs2_peak_9138,Chr13,109112719,109113005,109112862,+,287,35,3,322151
MafA_R1.macs2_peak_7805,Chr13,13846053,13846357,13846205,+,305,37,1,81211
MafA_R1.macs2_peak_8412,Chr13,52955014,52955575,52955294.5,+,562,50,5,-44053
MafA_R1.macs2_peak_8225,Chr13,43388696,43389409,43389052.5,+,714,63,2,-64075
MafA_R1.macs2_peak_8906,Chr13,95909450,95910271,95909860.5,+,822,47,4,76432
MafA_R1.macs2_peak_7681,Chr13,4774211,4774517,4774364,+,307,35,3,-115201
MafA_R1.macs2_peak_9307,Chr13,117385175,117385550,117385362.5,+,376,35,3,28253
MafA_R1.macs2_peak_7895,Chr13,21418296,21418689,21418492.5,+,394,147,1,54391
MafA_R1.macs2_peak_9301,Chr13,117339354,117340141,117339747.5,+,788,46,1,-17362
MafA_R1.macs2_peak_8670,Chr13,69344710,69345058,69344884,+,349,58,3,-197224
MafA_R1.macs2_peak_8907,Chr13,95911632,95912259,95911945.5,+,628,58,3,78517
MafA_R1.macs2_peak_9021,Chr13,99978653,99979268,99978960.5,+,616,58,1,58231
MafA_R1.macs2_peak_9134,Chr13,108365342,108366616,108365979,+,1275,95,7,15041
MafA_R1.macs2_peak_9245,Chr13,113757426,113757784,113757605,+,359,76,2,-2505
MafA_R1.macs2_peak_9235,Chr13,113530237,113530793,113530515,+,557,37,14,108861
MafA_R1.macs2_peak_9270,Chr13,115563991,115564677,115564334,+,687,50,4,-325834
MafA_R1.macs2_peak_9274,Chr13,115789098,115789988,115789543,+,891,50,2,-551043
MafA_R1.macs2_peak_9320,Chr13,118408779,118409544,118409161.5,+,766,50,11,114627
MafA_R1.macs2_peak_8982,Chr13,98026938,98027279,98027108.5,+,342,42,1,139488
MafA_R1.macs2_peak_7894,Chr13,21384051,21384782,21384416.5,+,732,210,2,20315
MafA_R1.macs2_peak_8622,Chr13,64250421,64250687,64250554,+,267,39,5,-13539
MafA_R1.macs2_peak_8272,Chr13,45184496,45184755,45184625.5,+,260,60,2,-29053
MafA_R1.macs2_peak_9004,Chr13,99514771,99515232,99515001.5,+,462,60,2,33707
MafA_R1.macs2_peak_7869,Chr13,20274428,20275008,20274718,+,581,137,3,41
MafA_R1.macs2_peak_8763,Chr13,77480700,77481223,77480961.5,+,524,33,3,197306
MafA_R1.macs2_peak_8823,Chr13,90524376,90524641,90524508.5,+,266,33,2,286722
MafA_R1.macs2_peak_7918,Chr13,22124748,22125586,22125167,+,839,189,1,-4097
MafA_R1.macs2_peak_8860,Chr13,93207253,93207647,93207450,+,395,51,6,-2362
MafA_R1.macs2_peak_9226,Chr13,112970349,112970628,112970488.5,+,280,51,2,33177
MafA_R1.macs2_peak_9248,Chr13,113775350,113775816,113775583,+,467,51,7,-20483
MafA_R1.macs2_peak_8798,Chr13,85437032,85437885,85437458.5,+,854,271,5,147
MafA_R1.macs2_peak_8917,Chr13,96106098,96106414,96106256,+,317,33,1,-77826
MafA_R1.macs2_peak_7951,Chr13,23929213,23929528,23929370.5,+,316,88,2,134
MafA_R1.macs2_peak_8753,Chr13,76042127,76042379,76042253,+,253,28,5,49690
MafA_R1.macs2_peak_8760,Chr13,76552820,76553088,76552954,+,269,28,1,19874
MafA_R1.macs2_peak_9319,Chr13,118374418,118374942,118374680,+,525,28,4,149108
MafA_R1.macs2_peak_8651,Chr13,67508316,67508715,67508515.5,+,400,111,5,176
MafA_R1.macs2_peak_8681,Chr13,69608154,69608550,69608352,+,397,53,7,73631
MafA_R1.macs2_peak_8673,Chr13,69385993,69386348,69386170.5,+,356,32,1,-238510
MafA_R1.macs2_peak_8833,Chr13,91081015,91081291,91081153,+,277,34,1,9912
MafA_R1.macs2_peak_7882,Chr13,20696259,20697136,20696697.5,+,878,62,9,39537
MafA_R1.macs2_peak_8628,Chr13,64405140,64405418,64405279,+,279,43,3,8765
MafA_R1.macs2_peak_8819,Chr13,90206030,90206546,90206288,+,517,43,6,31439
MafA_R1.macs2_peak_9252,Chr13,114001440,114002448,114001944,+,1009,43,25,70900
MafA_R1.macs2_peak_9264,Chr13,115402468,115403108,115402788,+,641,43,4,-164288
MafA_R1.macs2_peak_7893,Chr13,21363806,21364351,21364078.5,+,546,281,2,-23
MafA_R1.macs2_peak_8207,Chr13,42950950,42951475,42951212.5,+,526,73,1,-68511
MafA_R1.macs2_peak_8748,Chr13,75945575,75946011,75945793,+,437,65,1,-42211
MafA_R1.macs2_peak_8417,Chr13,53083413,53084149,53083781,+,737,123,15,-68
MafA_R1.macs2_peak_7870,Chr13,20281731,20282150,20281940.5,+,420,35,7,7263
MafA_R1.macs2_peak_9022,Chr13,99986240,99986520,99986380,+,281,35,3,50811
MafA_R1.macs2_peak_9312,Chr13,117518308,117518867,117518587.5,+,560,35,2,161478
MafA_R1.macs2_peak_9277,Chr13,115816099,115816595,115816347,+,497,76,7,-577847
MafA_R1.macs2_peak_7952,Chr13,23930186,23930955,23930570.5,+,770,218,1,-147
MafA_R1.macs2_peak_7863,Chr13,19549573,19550255,19549914,+,683,45,12,30069
MafA_R1.macs2_peak_7789,Chr13,12493264,12493644,12493454,+,381,56,1,-16835
MafA_R1.macs2_peak_7946,Chr13,23881648,23882350,23881999,+,703,122,4,442
MafA_R1.macs2_peak_9311,Chr13,117442348,117443180,117442764,+,833,67,1,85655
MafA_R1.macs2_peak_8433,Chr13,53463700,53464217,53463958.5,+,518,79,3,-23798
MafA_R1.macs2_peak_7904,Chr13,21901899,21902984,21902441.5,+,1086,70,1,643
MafA_R1.macs2_peak_8759,Chr13,76532350,76533024,76532687,+,675,88,4,-393
MafA_R1.macs2_peak_8905,Chr13,95904938,95905255,95905096.5,+,318,59,8,71668
MafA_R1.macs2_peak_8429,Chr13,53343190,53343537,53343363.5,+,348,48,1,96797
MafA_R1.macs2_peak_8614,Chr13,64100485,64100823,64100654,+,339,48,5,136361
MafA_R1.macs2_peak_7860,Chr13,19274755,19275634,19275194.5,+,880,37,1,142673
MafA_R1.macs2_peak_8693,Chr13,70273453,70273770,70273611.5,+,318,26,1,-97144
MafA_R1.macs2_peak_9218,Chr13,112603300,112603587,112603443.5,+,288,47,2,2839
MafA_R1.macs2_peak_8684,Chr13,69759367,69760106,69759736.5,+,740,154,4,-154
MafA_R1.macs2_peak_9219,Chr13,112645988,112646426,112646207,+,439,38,5,45603
MafA_R1.macs2_peak_8220,Chr13,43336634,43337034,43336834,+,401,85,1,-11857
MafA_R1.macs2_peak_9117,Chr13,107199615,107199956,107199785.5,+,342,34,6,40707
MafA_R1.macs2_peak_8244,Chr13,44196724,44197541,44197132.5,+,818,62,2,-77511
MafA_R1.macs2_peak_7915,Chr13,21970684,21971868,21971276,+,1185,111,1,142
MafA_R1.macs2_peak_7810,Chr13,14064350,14064636,14064493,+,287,50,6,-64766
MafA_R1.macs2_peak_8658,Chr13,67872077,67872793,67872435,+,717,88,7,4857
MafA_R1.macs2_peak_9015,Chr13,99729299,99729731,99729515,+,433,39,1,-76405
MafA_R1.macs2_peak_9130,Chr13,108125923,108126179,108126051,+,257,29,1,-54957
MafA_R1.macs2_peak_9016,Chr13,99734366,99734776,99734571,+,411,64,9,-81461
MafA_R1.macs2_peak_9244,Chr13,113754705,113755480,113755092.5,+,776,155,7,8
MafA_R1.macs2_peak_7950,Chr13,23923886,23924420,23924153,+,535,111,4,1363
MafA_R1.macs2_peak_8831,Chr13,91070737,91071252,91070994.5,+,516,115,8,-247
MafA_R1.macs2_peak_8142,Chr13,37698128,37698568,37698348,+,441,31,1,169027
MafA_R1.macs2_peak_8803,Chr13,89173511,89173866,89173688.5,+,356,31,3,204097
MafA_R1.macs2_peak_9261,Chr13,115100601,115100915,115100758,+,315,33,5,-32122
MafA_R1.macs2_peak_9091,Chr13,104247005,104247334,104247169.5,+,330,74,2,920
MafA_R1.macs2_peak_8424,Chr13,53136233,53136512,53136372.5,+,280,68,1,-1297
MafA_R1.macs2_peak_8648,Chr13,67342558,67343031,67342794.5,+,474,47,2,224
MafA_R1.macs2_peak_8621,Chr13,64216511,64216805,64216658,+,295,33,10,20357
MafA_R1.macs2_peak_8874,Chr13,93975532,93976079,93975805.5,+,548,33,4,48520
MafA_R1.macs2_peak_8869,Chr13,93635993,93636265,93636129,+,273,152,1,187
MafA_R1.macs2_peak_9254,Chr13,114136193,114136511,114136352,+,319,20,1,151776
MafA_R1.macs2_peak_7911,Chr13,21963137,21963971,21963554,+,835,79,1,1241
MafA_R1.macs2_peak_8286,Chr13,45662869,45663188,45663028.5,+,320,39,1,2108
MafA_R1.macs2_peak_7953,Chr13,23941004,23941433,23941218.5,+,430,78,4,298
MafA_R1.macs2_peak_8280,Chr13,45503211,45503463,45503337,+,253,22,6,-39881
MafA_R1.macs2_peak_8659,Chr13,67948262,67948553,67948407.5,+,292,22,3,-13528
MafA_R1.macs2_peak_8963,Chr13,97683705,97684037,97683871,+,333,22,1,-12637
MafA_R1.macs2_peak_9005,Chr13,99518345,99518644,99518494.5,+,300,22,4,30840
MafA_R1.macs2_peak_9281,Chr13,115896369,115896738,115896553.5,+,370,22,2,549671
MafA_R1.macs2_peak_9086,Chr13,103910465,103910973,103910719,+,509,192,1,397
MafA_R1.macs2_peak_8636,Chr13,64596706,64597678,64597192,+,973,45,11,16825
MafA_R1.macs2_peak_9267,Chr13,115498199,115498580,115498389.5,+,382,45,2,-259889
MafA_R1.macs2_peak_7803,Chr13,13765021,13765302,13765161.5,+,282,158,1,167
MafA_R1.macs2_peak_7929,Chr13,22234991,22235403,22235197,+,413,91,1,7829
MafA_R1.macs2_peak_8283,Chr13,45613434,45613847,45613640.5,+,414,22,2,-47280
MafA_R1.macs2_peak_8210,Chr13,43012637,43012995,43012816,+,359,25,4,-6907
MafA_R1.macs2_peak_8898,Chr13,95678021,95678532,95678276.5,+,512,25,3,-16528
MafA_R1.macs2_peak_9025,Chr13,100088077,100088390,100088233.5,+,314,25,1,-51042
MafA_R1.macs2_peak_9199,Chr13,111945777,111946259,111946018,+,483,122,5,-491
MafA_R1.macs2_peak_7891,Chr13,21355695,21356432,21356063.5,+,738,59,1,-8038
MafA_R1.macs2_peak_8954,Chr13,97501802,97502723,97502262.5,+,922,51,5,-69216
MafA_R1.macs2_peak_8214,Chr13,43165239,43165537,43165388,+,299,28,1,-110927
MafA_R1.macs2_peak_9229,Chr13,113257146,113257423,113257284.5,+,278,28,2,-15326
MafA_R1.macs2_peak_8652,Chr13,67648339,67648612,67648475.5,+,274,58,1,166
MafA_R1.macs2_peak_9018,Chr13,99765269,99765712,99765490.5,+,444,31,7,-112380
MafA_R1.macs2_peak_9076,Chr13,103246217,103246834,103246525.5,+,618,31,3,224475
MafA_R1.macs2_peak_7844,Chr13,18330976,18331276,18331126,+,301,21,1,-56339
MafA_R1.macs2_peak_8934,Chr13,96728544,96728874,96728709,+,331,21,1,49466
MafA_R1.macs2_peak_9160,Chr13,109746415,109746692,109746553.5,+,278,37,4,285275
MafA_R1.macs2_peak_8935,Chr13,96807645,96807896,96807770.5,+,252,73,2,-326
MafA_R1.macs2_peak_7880,Chr13,20645716,20646156,20645936,+,441,20,5,-11224
MafA_R1.macs2_peak_8909,Chr13,95915023,95915280,95915151.5,+,258,20,4,81723
MafA_R1.macs2_peak_8994,Chr13,98951818,98952127,98951972.5,+,310,134,1,-15
MafA_R1.macs2_peak_7980,Chr13,25121415,25121685,25121550,+,271,57,1,94
MafA_R1.macs2_peak_9194,Chr13,111861728,111862364,111862046,+,637,109,2,39334
MafA_R1.macs2_peak_7896,Chr13,21586698,21587141,21586919.5,+,444,40,1,6
MafA_R1.macs2_peak_8285,Chr13,45623056,45623673,45623364.5,+,618,40,3,-37556
MafA_R1.macs2_peak_8930,Chr13,96488059,96488450,96488254.5,+,392,40,2,-36548
MafA_R1.macs2_peak_7906,Chr13,21907270,21907593,21907431.5,+,324,30,1,1217
MafA_R1.macs2_peak_8872,Chr13,93908067,93908624,93908345.5,+,558,83,1,158
MafA_R1.macs2_peak_8465,Chr13,55319619,55320176,55319897.5,+,558,63,3,19266
MafA_R1.macs2_peak_7656,Chr13,3593667,3594102,3593884.5,+,436,20,1,5809
MafA_R1.macs2_peak_9131,Chr13,108177941,108178376,108178158.5,+,436,20,1,-2850
MafA_R1.macs2_peak_9326,Chr13,119598432,119598708,119598570,+,277,20,1,-725
MafA_R1.macs2_peak_9251,Chr13,113930564,113931487,113931025.5,+,924,55,17,-19
MafA_R1.macs2_peak_7945,Chr13,23867750,23868268,23868009,+,519,39,2,-67
MafA_R1.macs2_peak_8260,Chr13,44884289,44884716,44884502.5,+,428,127,1,-245
MafA_R1.macs2_peak_8951,Chr13,97377783,97378144,97377963.5,+,362,44,6,350
MafA_R1.macs2_peak_9325,Chr13,119566533,119566942,119566737.5,+,410,29,1,1299
MafA_R1.macs2_peak_7658,Chr13,3683734,3684268,3684001,+,535,32,2,-31
MafA_R1.macs2_peak_8626,Chr13,64301419,64301798,64301608.5,+,380,41,3,-595
MafA_R1.macs2_peak_8629,Chr13,64459432,64459749,64459590.5,+,318,23,9,934
MafA_R1.macs2_peak_7756,Chr13,10410796,10411421,10411108.5,+,626,41,1,-269
MafA_R1.macs2_peak_8682,Chr13,69683096,69683350,69683223,+,255,35,2,-1240
MafA_R1.macs2_peak_8327,Chr13,47196409,47197228,47196818.5,+,820,28,6,-125
MafA_R1.macs2_peak_9866,Chr14,55074145,55075729,55074937,+,1585,1338,17,23010
MafA_R1.macs2_peak_9748,Chr14,36567065,36569044,36568054.5,+,1980,2082,5,73438
MafA_R1.macs2_peak_10170,Chr14,75710253,75711461,75710857,+,1209,1256,1,17435
MafA_R1.macs2_peak_10329,Chr14,91058931,91059714,91059322.5,+,784,1388,7,694995
MafA_R1.macs2_peak_9804,Chr14,47770830,47771608,47771219,+,779,1672,11,34672
MafA_R1.macs2_peak_9815,Chr14,49245674,49246910,49246292,+,1237,570,8,-57714
MafA_R1.macs2_peak_9760,Chr14,36886784,36887656,36887220,+,873,610,1,-29941
MafA_R1.macs2_peak_10124,Chr14,70750182,70752067,70751124.5,+,1886,1682,7,6576
MafA_R1.macs2_peak_10486,Chr14,112000252,112002220,112001236,+,1969,514,5,88689
MafA_R1.macs2_peak_10318,Chr14,89849073,89849937,89849505,+,865,495,20,-284155
MafA_R1.macs2_peak_10089,Chr14,68455692,68457293,68456492.5,+,1602,938,17,-94039
MafA_R1.macs2_peak_9848,Chr14,54624675,54625551,54625113,+,877,643,8,21816
MafA_R1.macs2_peak_9778,Chr14,39600904,39601735,39601319.5,+,832,418,1,223699
MafA_R1.macs2_peak_9826,Chr14,51263820,51264322,51264071,+,503,438,7,15253
MafA_R1.macs2_peak_10158,Chr14,73682710,73683816,73683263,+,1107,783,2,-60534
MafA_R1.macs2_peak_9600,Chr14,25371881,25372747,25372314,+,867,683,1,-87295
MafA_R1.macs2_peak_10253,Chr14,78837783,78838439,78838111,+,657,394,1,28619
MafA_R1.macs2_peak_9771,Chr14,38831362,38832583,38831972.5,+,1222,354,1,211713
MafA_R1.macs2_peak_10385,Chr14,98887369,98889133,98888251,+,1765,415,19,395321
MafA_R1.macs2_peak_10225,Chr14,77218853,77220274,77219563.5,+,1422,584,3,54494
MafA_R1.macs2_peak_9805,Chr14,47835436,47836020,47835728,+,585,716,4,-29837
MafA_R1.macs2_peak_10332,Chr14,91563790,91564872,91564331,+,1083,483,9,1200004
MafA_R1.macs2_peak_9658,Chr14,30192222,30193806,30193014,+,1585,328,2,-8508
MafA_R1.macs2_peak_10242,Chr14,78171170,78172431,78171800.5,+,1262,300,12,30121
MafA_R1.macs2_peak_10020,Chr14,65624995,65626064,65625529.5,+,1070,805,1,29404
MafA_R1.macs2_peak_9810,Chr14,48738075,48738712,48738393.5,+,638,532,6,54584
MafA_R1.macs2_peak_10260,Chr14,79115819,79116948,79116383.5,+,1130,436,4,29765
MafA_R1.macs2_peak_9509,Chr14,21271702,21272876,21272289,+,1175,474,6,146069
MafA_R1.macs2_peak_9347,Chr14,14375028,14377038,14376033,+,2011,1061,16,-4471
MafA_R1.macs2_peak_10081,Chr14,68281870,68282654,68282262,+,785,288,15,-39050
MafA_R1.macs2_peak_10231,Chr14,77273871,77274967,77274419,+,1097,1712,13,207
MafA_R1.macs2_peak_9512,Chr14,21310442,21311835,21311138.5,+,1394,858,4,184918
MafA_R1.macs2_peak_9764,Chr14,38422764,38424054,38423409,+,1291,300,1,-196850
MafA_R1.macs2_peak_10314,Chr14,87498824,87499536,87499180,+,713,261,6,-120520
MafA_R1.macs2_peak_10380,Chr14,98342523,98344024,98343273.5,+,1502,349,1,63928
MafA_R1.macs2_peak_9822,Chr14,50023051,50023750,50023400.5,+,700,289,1,-2560
MafA_R1.macs2_peak_10078,Chr14,68274219,68275269,68274744,+,1051,564,12,-46568
MafA_R1.macs2_peak_9631,Chr14,27438854,27440265,27439559.5,+,1412,615,24,95195
MafA_R1.macs2_peak_9840,Chr14,52580845,52581215,52581030,+,371,501,13,6471
MafA_R1.macs2_peak_9833,Chr14,52241177,52242069,52241623,+,893,337,2,10392
MafA_R1.macs2_peak_10361,Chr14,97045186,97045896,97045541,+,711,266,6,-289071
MafA_R1.macs2_peak_9392,Chr14,9884552,9886782,9885667,+,2231,438,9,-238231
MafA_R1.macs2_peak_10222,Chr14,77112183,77114044,77113113.5,+,1862,782,11,115542
MafA_R1.macs2_peak_10370,Chr14,98103634,98104433,98104033.5,+,800,261,5,303168
MafA_R1.macs2_peak_10196,Chr14,76483930,76485281,76484605.5,+,1352,530,8,-4297
MafA_R1.macs2_peak_10363,Chr14,97680317,97682298,97681307.5,+,1982,530,6,725894
MafA_R1.macs2_peak_9375,Chr14,11343521,11345031,11344276,+,1511,530,7,36538
MafA_R1.macs2_peak_9513,Chr14,21328609,21329801,21329205,+,1193,511,1,202985
MafA_R1.macs2_peak_10372,Chr14,98121244,98122439,98121841.5,+,1196,263,3,285360
MafA_R1.macs2_peak_10028,Chr14,65770763,65773595,65772179,+,2833,435,2,58382
MafA_R1.macs2_peak_10518,Chr14,117462846,117464098,117463472,+,1253,265,1,300763
MafA_R1.macs2_peak_10376,Chr14,98301352,98302368,98301860,+,1017,253,4,105341
MafA_R1.macs2_peak_10264,Chr14,79209784,79210590,79210187,+,807,341,4,123569
MafA_R1.macs2_peak_10147,Chr14,73251412,73252218,73251815,+,807,254,1,-11228
MafA_R1.macs2_peak_10189,Chr14,76269618,76271162,76270390,+,1545,756,1,-22085
MafA_R1.macs2_peak_10223,Chr14,77120112,77121211,77120661.5,+,1100,566,4,123090
MafA_R1.macs2_peak_10302,Chr14,86491138,86492201,86491669.5,+,1064,267,2,8259
MafA_R1.macs2_peak_10123,Chr14,70745908,70747022,70746465,+,1115,525,1,11235
MafA_R1.macs2_peak_10018,Chr14,65611913,65612737,65612325,+,825,312,2,16200
MafA_R1.macs2_peak_9511,Chr14,21301843,21303857,21302850,+,2015,1072,2,176630
MafA_R1.macs2_peak_10381,Chr14,98345631,98346831,98346231,+,1201,340,7,60970
MafA_R1.macs2_peak_9798,Chr14,47330829,47331712,47331270.5,+,884,297,7,22348
MafA_R1.macs2_peak_10066,Chr14,67425951,67426645,67426298,+,695,925,2,-44443
MafA_R1.macs2_peak_10526,Chr14,117959812,117960504,117960158,+,693,192,3,231101
MafA_R1.macs2_peak_9793,Chr14,45959821,45960988,45960404.5,+,1168,290,13,-64804
MafA_R1.macs2_peak_9386,Chr14,10389353,10389842,10389597.5,+,490,203,1,-109778
MafA_R1.macs2_peak_9613,Chr14,25574317,25575099,25574708,+,783,321,2,-12520
MafA_R1.macs2_peak_10327,Chr14,90959394,90960126,90959760,+,733,176,10,595433
MafA_R1.macs2_peak_10504,Chr14,116016680,116017612,116017146,+,933,193,1,-370182
MafA_R1.macs2_peak_9750,Chr14,36585626,36586478,36586052,+,853,443,4,55440
MafA_R1.macs2_peak_10238,Chr14,77864473,77864792,77864632.5,+,320,327,1,-120324
MafA_R1.macs2_peak_9854,Chr14,54758116,54759255,54758685.5,+,1140,254,1,-3758
MafA_R1.macs2_peak_10378,Chr14,98310156,98310593,98310374.5,+,438,182,1,96827
MafA_R1.macs2_peak_10482,Chr14,111486448,111487562,111487005,+,1115,153,5,-425542
MafA_R1.macs2_peak_9548,Chr14,23614891,23615587,23615239,+,697,153,2,439034
MafA_R1.macs2_peak_9537,Chr14,22595949,22597178,22596563.5,+,1230,328,2,-3697
MafA_R1.macs2_peak_10489,Chr14,112232927,112234164,112233545.5,+,1238,188,2,320998
MafA_R1.macs2_peak_9784,Chr14,45563047,45563695,45563371,+,649,262,1,-3910
MafA_R1.macs2_peak_9799,Chr14,47371142,47372211,47371676.5,+,1070,425,7,-18058
MafA_R1.macs2_peak_9859,Chr14,54847495,54848007,54847751,+,513,210,2,-4386
MafA_R1.macs2_peak_10247,Chr14,78440197,78441672,78440934.5,+,1476,276,2,-12016
MafA_R1.macs2_peak_10201,Chr14,76740798,76742198,76741498,+,1401,749,2,-168
MafA_R1.macs2_peak_9868,Chr14,55081102,55081485,55081293.5,+,384,150,1,16654
MafA_R1.macs2_peak_9800,Chr14,47374054,47374760,47374407,+,707,245,4,-20789
MafA_R1.macs2_peak_9870,Chr14,55316650,55317437,55317043.5,+,788,285,1,6495
MafA_R1.macs2_peak_10387,Chr14,99088184,99089346,99088765,+,1163,213,5,194807
MafA_R1.macs2_peak_10208,Chr14,76836027,76836554,76836290.5,+,528,332,1,-41934
MafA_R1.macs2_peak_9752,Chr14,36605499,36606442,36605970.5,+,944,332,2,35522
MafA_R1.macs2_peak_9864,Chr14,55059686,55060530,55060108,+,845,332,5,8501
MafA_R1.macs2_peak_10355,Chr14,95671540,95672484,95672012,+,945,181,5,-446678
MafA_R1.macs2_peak_10143,Chr14,73045102,73045850,73045476,+,749,151,1,-98033
MafA_R1.macs2_peak_10229,Chr14,77262488,77263005,77262746.5,+,518,131,9,11311
MafA_R1.macs2_peak_10383,Chr14,98773243,98774826,98774034.5,+,1584,131,3,-366833
MafA_R1.macs2_peak_10399,Chr14,100682059,100682658,100682358.5,+,600,131,1,-295126
MafA_R1.macs2_peak_9811,Chr14,48845655,48846594,48846124.5,+,940,173,4,54067
MafA_R1.macs2_peak_10334,Chr14,92502964,92504200,92503582,+,1237,225,6,1624523
MafA_R1.macs2_peak_10368,Chr14,98094428,98096062,98095245,+,1635,225,3,311956
MafA_R1.macs2_peak_10391,Chr14,99603494,99605014,99604254,+,1521,250,14,68127
MafA_R1.macs2_peak_10455,Chr14,105720271,105721211,105720741,+,941,248,4,-15481
MafA_R1.macs2_peak_9354,Chr14,14143552,14144191,14143871.5,+,640,193,1,-8294
MafA_R1.macs2_peak_9965,Chr14,63036017,63036415,63036216,+,399,140,1,-37655
MafA_R1.macs2_peak_10145,Chr14,73220275,73221445,73220860,+,1171,300,5,-42183
MafA_R1.macs2_peak_9790,Chr14,45928110,45928812,45928461,+,703,294,3,-32861
MafA_R1.macs2_peak_10386,Chr14,99053112,99053732,99053422,+,621,120,4,230150
MafA_R1.macs2_peak_10030,Chr14,65779807,65780910,65780358.5,+,1104,161,1,50203
MafA_R1.macs2_peak_9803,Chr14,47766085,47766593,47766339,+,509,128,5,39552
MafA_R1.macs2_peak_9967,Chr14,63116814,63118090,63117452,+,1277,387,7,14461
MafA_R1.macs2_peak_9614,Chr14,25594512,25594775,25594643.5,+,264,126,1,7415
MafA_R1.macs2_peak_10004,Chr14,64963545,64966005,64964775,+,2461,331,1,74785
MafA_R1.macs2_peak_9520,Chr14,21613732,21614136,21613934,+,405,153,1,64081
MafA_R1.macs2_peak_10360,Chr14,96934511,96935341,96934926,+,831,121,2,-178456
MafA_R1.macs2_peak_10178,Chr14,76081708,76083173,76082440.5,+,1466,806,1,-36
MafA_R1.macs2_peak_10240,Chr14,78013550,78014184,78013867,+,635,175,2,22541
MafA_R1.macs2_peak_9363,Chr14,12711299,12711723,12711511,+,425,110,1,-125833
MafA_R1.macs2_peak_9968,Chr14,63125144,63125446,63125295,+,303,110,6,22304
MafA_R1.macs2_peak_10352,Chr14,94568833,94569260,94569046.5,+,428,118,1,-440931
MafA_R1.macs2_peak_10065,Chr14,67423521,67424282,67423901.5,+,762,143,4,-46840
MafA_R1.macs2_peak_10393,Chr14,99725373,99726143,99725758,+,771,210,4,189631
MafA_R1.macs2_peak_9654,Chr14,29918511,29919648,29919079.5,+,1138,164,3,156364
MafA_R1.macs2_peak_9808,Chr14,48689400,48690137,48689768.5,+,738,142,1,5959
MafA_R1.macs2_peak_10197,Chr14,76516408,76516952,76516680,+,545,124,3,27778
MafA_R1.macs2_peak_9637,Chr14,28795505,28795932,28795718.5,+,428,173,1,55553
MafA_R1.macs2_peak_9641,Chr14,29018500,29019290,29018895,+,791,150,5,278730
MafA_R1.macs2_peak_9977,Chr14,63673373,63674193,63673783,+,821,366,1,-60
MafA_R1.macs2_peak_10392,Chr14,99611240,99611819,99611529.5,+,580,127,13,75402
MafA_R1.macs2_peak_9339,Chr14,14695496,14696078,14695787,+,583,153,3,-43971
MafA_R1.macs2_peak_9855,Chr14,54760886,54761683,54761284.5,+,798,248,2,-6357
MafA_R1.macs2_peak_9586,Chr14,25074564,25074980,25074772,+,417,178,1,-34913
MafA_R1.macs2_peak_9821,Chr14,49976486,49977140,49976813,+,655,178,14,44027
MafA_R1.macs2_peak_10048,Chr14,66730961,66733311,66732136,+,2351,269,6,-140564
MafA_R1.macs2_peak_10400,Chr14,100695628,100696955,100696291.5,+,1328,300,2,-309059
MafA_R1.macs2_peak_10163,Chr14,74284390,74284744,74284567,+,355,99,3,-308400
MafA_R1.macs2_peak_9638,Chr14,28878384,28878726,28878555,+,343,99,2,138390
MafA_R1.macs2_peak_9747,Chr14,36524304,36524881,36524592.5,+,578,155,2,116900
MafA_R1.macs2_peak_10027,Chr14,65684282,65684688,65684485,+,407,110,1,-21564
MafA_R1.macs2_peak_10307,Chr14,87099741,87100726,87100233.5,+,986,110,7,278427
MafA_R1.macs2_peak_9348,Chr14,14337024,14338061,14337542.5,+,1038,230,6,34019
MafA_R1.macs2_peak_9962,Chr14,62875312,62876056,62875684,+,745,230,4,-25432
MafA_R1.macs2_peak_10005,Chr14,64968687,64969904,64969295.5,+,1218,158,1,79305
MafA_R1.macs2_peak_9796,Chr14,47276253,47276818,47276535.5,+,566,99,6,-29899
MafA_R1.macs2_peak_10478,Chr14,110779847,110781625,110780736,+,1779,299,3,211845
MafA_R1.macs2_peak_10310,Chr14,87206007,87206276,87206141.5,+,270,89,2,172519
MafA_R1.macs2_peak_9632,Chr14,27568923,27569259,27569091,+,337,89,1,224727
MafA_R1.macs2_peak_10064,Chr14,67407074,67407381,67407227.5,+,308,101,2,-63514
MafA_R1.macs2_peak_9364,Chr14,12657614,12658521,12658067.5,+,908,101,1,-72390
MafA_R1.macs2_peak_9634,Chr14,28120957,28121574,28121265.5,+,618,101,4,-106165
MafA_R1.macs2_peak_10303,Chr14,86587962,86588476,86588219,+,515,89,3,104813
MafA_R1.macs2_peak_10364,Chr14,97726294,97727100,97726697,+,807,100,1,680504
MafA_R1.macs2_peak_10509,Chr14,116310075,116310771,116310423,+,697,108,1,-663459
MafA_R1.macs2_peak_9349,Chr14,14334024,14335130,14334577,+,1107,195,1,36985
MafA_R1.macs2_peak_10311,Chr14,87310513,87311283,87310898,+,771,95,4,67762
MafA_R1.macs2_peak_10524,Chr14,117793748,117794574,117794161,+,827,151,6,397098
MafA_R1.macs2_peak_9629,Chr14,27112050,27113078,27112564,+,1029,114,1,29218
MafA_R1.macs2_peak_10598,Chr14,121975279,121977072,121976175.5,+,1794,274,12,166
MafA_R1.macs2_peak_10298,Chr14,84680492,84681214,84680853,+,723,328,8,-150
MafA_R1.macs2_peak_10150,Chr14,73367477,73368009,73367743,+,533,92,10,-12207
MafA_R1.macs2_peak_9385,Chr14,10398229,10398897,10398563,+,669,92,3,-118743
MafA_R1.macs2_peak_9497,Chr14,20529408,20530275,20529841.5,+,868,225,1,360
MafA_R1.macs2_peak_10198,Chr14,76649763,76650351,76650057,+,589,175,4,-2344
MafA_R1.macs2_peak_10452,Chr14,105500112,105500967,105500539.5,+,856,134,2,4481
MafA_R1.macs2_peak_10508,Chr14,116304232,116304909,116304570.5,+,678,91,2,-657606
MafA_R1.macs2_peak_10515,Chr14,117259637,117259889,117259763,+,253,91,1,97054
MafA_R1.macs2_peak_9483,Chr14,19635519,19635809,19635664,+,291,91,2,16991
MafA_R1.macs2_peak_10551,Chr14,119620415,119620662,119620538.5,+,248,80,4,244861
MafA_R1.macs2_peak_9807,Chr14,47945426,47946179,47945802.5,+,754,80,3,44589
MafA_R1.macs2_peak_10209,Chr14,76847756,76848107,76847931.5,+,352,95,6,-53575
MafA_R1.macs2_peak_9849,Chr14,54635973,54636619,54636296,+,647,109,7,10633
MafA_R1.macs2_peak_9806,Chr14,47899611,47899938,47899774.5,+,328,77,1,-1439
MafA_R1.macs2_peak_10546,Chr14,119276364,119276699,119276531.5,+,336,84,1,-59846
MafA_R1.macs2_peak_9873,Chr14,55721353,55722533,55721943,+,1181,281,2,5728
MafA_R1.macs2_peak_9843,Chr14,54469712,54470063,54469887.5,+,352,195,5,21499
MafA_R1.macs2_peak_9756,Chr14,36816564,36816861,36816712.5,+,298,101,5,3592
MafA_R1.macs2_peak_10214,Chr14,76965675,76965953,76965814,+,279,79,1,-31757
MafA_R1.macs2_peak_10263,Chr14,79138082,79138430,79138256,+,349,86,3,51638
MafA_R1.macs2_peak_9358,Chr14,13786983,13787446,13787214.5,+,464,86,3,16168
MafA_R1.macs2_peak_10317,Chr14,87659754,87660397,87660075.5,+,644,93,3,6056
MafA_R1.macs2_peak_10373,Chr14,98197791,98198306,98198048.5,+,516,127,2,209153
MafA_R1.macs2_peak_10312,Chr14,87361966,87362497,87362231.5,+,532,82,2,16429
MafA_R1.macs2_peak_10324,Chr14,90288743,90289072,90288907.5,+,330,82,9,-75420
MafA_R1.macs2_peak_10395,Chr14,99742212,99742770,99742491,+,559,82,6,206364
MafA_R1.macs2_peak_9809,Chr14,48705753,48706407,48706080,+,655,82,3,22271
MafA_R1.macs2_peak_10321,Chr14,90042073,90042593,90042333,+,521,96,3,-91327
MafA_R1.macs2_peak_10326,Chr14,90492497,90493134,90492815.5,+,638,96,3,128488
MafA_R1.macs2_peak_9820,Chr14,49971114,49971722,49971418,+,609,96,6,49422
MafA_R1.macs2_peak_9991,Chr14,64316503,64317025,64316764,+,523,96,2,6095
MafA_R1.macs2_peak_10109,Chr14,69218830,69219092,69218961,+,263,111,1,-47777
MafA_R1.macs2_peak_9817,Chr14,49567978,49569357,49568667.5,+,1380,156,10,-85782
MafA_R1.macs2_peak_10215,Chr14,77029439,77030306,77029872.5,+,868,172,3,32301
MafA_R1.macs2_peak_10092,Chr14,68592526,68593864,68593195,+,1339,187,27,177943
MafA_R1.macs2_peak_10083,Chr14,68288276,68289431,68288853.5,+,1156,203,15,-32459
MafA_R1.macs2_peak_10053,Chr14,66943156,66943576,66943366,+,421,70,1,70666
MafA_R1.macs2_peak_10090,Chr14,68517817,68518113,68517965,+,297,70,2,-155512
MafA_R1.macs2_peak_10211,Chr14,76869044,76869529,76869286.5,+,486,70,2,-45722
MafA_R1.macs2_peak_10243,Chr14,78218662,78219495,78219078.5,+,834,70,20,77399
MafA_R1.macs2_peak_10367,Chr14,97824608,97824866,97824737,+,259,70,3,582464
MafA_R1.macs2_peak_10520,Chr14,117478701,117479297,117478999,+,597,70,1,316290
MafA_R1.macs2_peak_9369,Chr14,12233738,12234267,12234002.5,+,530,70,2,217688
MafA_R1.macs2_peak_9823,Chr14,50515721,50516403,50516062,+,683,70,2,3666
MafA_R1.macs2_peak_10304,Chr14,86590075,86590426,86590250.5,+,352,70,4,106844
MafA_R1.macs2_peak_9528,Chr14,22038214,22038473,22038343.5,+,260,232,2,1326
MafA_R1.macs2_peak_9391,Chr14,9888397,9888833,9888615,+,437,158,1,-235283
MafA_R1.macs2_peak_9630,Chr14,27149795,27151638,27150716.5,+,1844,273,3,-75
MafA_R1.macs2_peak_10154,Chr14,73500059,73500459,73500259,+,401,72,3,24928
MafA_R1.macs2_peak_10511,Chr14,116586284,116586958,116586621,+,675,148,1,-576088
MafA_R1.macs2_peak_10161,Chr14,74089919,74090832,74090375.5,+,914,118,3,300149
MafA_R1.macs2_peak_10210,Chr14,76848364,76848678,76848521,+,315,78,3,-54165
MafA_R1.macs2_peak_10585,Chr14,121299824,121300328,121300076,+,505,74,1,27090
MafA_R1.macs2_peak_10517,Chr14,117433890,117434889,117434389.5,+,1000,102,1,271680
MafA_R1.macs2_peak_9340,Chr14,14643114,14643755,14643434.5,+,642,71,2,8381
MafA_R1.macs2_peak_9374,Chr14,11502128,11502573,11502350.5,+,446,77,7,194613
MafA_R1.macs2_peak_9761,Chr14,36993572,36994280,36993926,+,709,77,2,-136647
MafA_R1.macs2_peak_10165,Chr14,75068937,75069303,75069120,+,367,67,1,99383
MafA_R1.macs2_peak_10362,Chr14,97565630,97566183,97565906.5,+,554,74,3,-809436
MafA_R1.macs2_peak_10503,Chr14,115853978,115855122,115854550,+,1145,87,9,-207586
MafA_R1.macs2_peak_10207,Chr14,76819730,76820398,76820064,+,669,70,2,-25708
MafA_R1.macs2_peak_9831,Chr14,52031273,52031787,52031530,+,515,66,5,-5973
MafA_R1.macs2_peak_10175,Chr14,76002078,76002805,76002441.5,+,728,125,3,-10508
MafA_R1.macs2_peak_10584,Chr14,121290616,121290943,121290779.5,+,328,68,2,17793
MafA_R1.macs2_peak_9835,Chr14,52247799,52248691,52248245,+,893,250,1,3770
MafA_R1.macs2_peak_10516,Chr14,117378449,117379272,117378860.5,+,824,95,2,216151
MafA_R1.macs2_peak_10331,Chr14,91064173,91064693,91064433,+,521,61,4,700106
MafA_R1.macs2_peak_10507,Chr14,116299509,116300060,116299784.5,+,552,61,1,-652820
MafA_R1.macs2_peak_10555,Chr14,119819212,119819541,119819376.5,+,330,61,1,-167263
MafA_R1.macs2_peak_9523,Chr14,21741910,21742248,21742079,+,339,64,1,22565
MafA_R1.macs2_peak_10451,Chr14,105496684,105497451,105497067.5,+,768,158,6,1009
MafA_R1.macs2_peak_10087,Chr14,68388646,68389444,68389045,+,799,132,10,-26592
MafA_R1.macs2_peak_10044,Chr14,66615593,66615853,66615723,+,261,79,2,33978
MafA_R1.macs2_peak_10322,Chr14,90183205,90184051,90183628,+,847,79,5,49968
MafA_R1.macs2_peak_10323,Chr14,90225838,90226563,90226200.5,+,726,79,2,92540
MafA_R1.macs2_peak_10379,Chr14,98335742,98337326,98336534,+,1585,79,3,70667
MafA_R1.macs2_peak_10501,Chr14,115814981,115815495,115815238,+,515,79,8,-168274
MafA_R1.macs2_peak_9549,Chr14,23615923,23616702,23616312.5,+,780,79,4,437961
MafA_R1.macs2_peak_9830,Chr14,52024408,52025024,52024716,+,617,72,1,-12787
MafA_R1.macs2_peak_9344,Chr14,14567406,14568113,14567759.5,+,708,156,1,-55287
MafA_R1.macs2_peak_10168,Chr14,75588620,75589475,75589047.5,+,856,69,1,36539
MafA_R1.macs2_peak_10487,Chr14,112031174,112031663,112031418.5,+,490,69,9,118871
MafA_R1.macs2_peak_9791,Chr14,45944758,45945076,45944917,+,319,65,2,-49317
MafA_R1.macs2_peak_10144,Chr14,73106445,73107092,73106768.5,+,648,126,1,-156275
MafA_R1.macs2_peak_10180,Chr14,76114049,76115229,76114639,+,1181,126,1,29276
MafA_R1.macs2_peak_10597,Chr14,121962943,121963429,121963186,+,487,59,1,13155
MafA_R1.macs2_peak_10146,Chr14,73237780,73238222,73238001,+,443,64,1,-25042
MafA_R1.macs2_peak_10495,Chr14,115076785,115077354,115077069.5,+,570,64,2,7672
MafA_R1.macs2_peak_10591,Chr14,121682215,121683071,121682643,+,857,64,2,60023
MafA_R1.macs2_peak_10088,Chr14,68449848,68450244,68450046,+,397,87,1,-87593
MafA_R1.macs2_peak_10390,Chr14,99411519,99412609,99412064,+,1091,125,11,-74858
MafA_R1.macs2_peak_9643,Chr14,29206858,29208045,29207451.5,+,1188,125,5,236370
MafA_R1.macs2_peak_10306,Chr14,86912302,86913217,86912759.5,+,916,58,17,429353
MafA_R1.macs2_peak_10328,Chr14,90974656,90975531,90975093.5,+,876,58,21,610766
MafA_R1.macs2_peak_9379,Chr14,10851108,10851397,10851252.5,+,290,58,2,64967
MafA_R1.macs2_peak_9851,Chr14,54713581,54714145,54713863,+,565,172,1,306
MafA_R1.macs2_peak_10547,Chr14,119281437,119281857,119281647,+,421,76,1,-54730
MafA_R1.macs2_peak_9994,Chr14,64437116,64438020,64437568,+,905,135,1,95796
MafA_R1.macs2_peak_9535,Chr14,22474727,22475165,22474946,+,439,71,1,117920
MafA_R1.macs2_peak_9861,Chr14,54992010,54992308,54992159,+,299,71,3,27184
MafA_R1.macs2_peak_10054,Chr14,67021981,67022483,67022232,+,503,94,2,83817
MafA_R1.macs2_peak_9640,Chr14,28990462,28991165,28990813.5,+,704,94,4,250648
MafA_R1.macs2_peak_10129,Chr14,71657566,71657905,71657735.5,+,340,52,3,169022
MafA_R1.macs2_peak_10357,Chr14,96165736,96166066,96165901,+,331,52,2,47199
MafA_R1.macs2_peak_10492,Chr14,113706580,113707043,113706811.5,+,464,52,14,-1362586
MafA_R1.macs2_peak_9950,Chr14,62128835,62129306,62129070.5,+,472,52,1,-209248
MafA_R1.macs2_peak_9824,Chr14,51107849,51108337,51108093,+,489,196,1,-82
MafA_R1.macs2_peak_10262,Chr14,79120850,79121203,79121026.5,+,354,79,2,34408
MafA_R1.macs2_peak_10079,Chr14,68275597,68275978,68275787.5,+,382,54,4,-45525
MafA_R1.macs2_peak_10595,Chr14,121826175,121827185,121826680,+,1011,57,3,-84014
MafA_R1.macs2_peak_9754,Chr14,36754643,36755229,36754936,+,587,72,3,16035
MafA_R1.macs2_peak_9795,Chr14,47246216,47246661,47246438.5,+,446,72,3,7641
MafA_R1.macs2_peak_10172,Chr14,75764869,75765579,75765224,+,711,110,1,64201
MafA_R1.macs2_peak_10002,Chr14,64691222,64691501,64691361.5,+,280,56,1,1991
MafA_R1.macs2_peak_10437,Chr14,103781088,103781960,103781524,+,873,56,9,30747
MafA_R1.macs2_peak_10025,Chr14,65660842,65661511,65661176.5,+,670,86,1,1745
MafA_R1.macs2_peak_9612,Chr14,25566009,25566616,25566312.5,+,608,112,1,-20916
MafA_R1.macs2_peak_9534,Chr14,22473101,22473782,22473441.5,+,682,50,1,119425
MafA_R1.macs2_peak_10382,Chr14,98349035,98349337,98349186,+,303,64,4,58015
MafA_R1.macs2_peak_9485,Chr14,19756674,19756949,19756811.5,+,276,64,3,-44514
MafA_R1.macs2_peak_10203,Chr14,76770185,76770817,76770501,+,633,191,1,-12206
MafA_R1.macs2_peak_10022,Chr14,65630935,65631614,65631274.5,+,680,63,1,31647
MafA_R1.macs2_peak_10592,Chr14,121757569,121757870,121757719.5,+,302,63,7,-15053
MafA_R1.macs2_peak_9366,Chr14,12316843,12317292,12317067.5,+,450,63,2,268610
MafA_R1.macs2_peak_9792,Chr14,45951431,45952332,45951881.5,+,902,63,4,-56281
MafA_R1.macs2_peak_9846,Chr14,54537528,54538071,54537799.5,+,544,63,7,-17417
MafA_R1.macs2_peak_10369,Chr14,98096657,98097053,98096855,+,397,60,1,310346
MafA_R1.macs2_peak_10164,Chr14,74878265,74878533,74878399,+,269,63,2,85
MafA_R1.macs2_peak_9852,Chr14,54731929,54732177,54732053,+,249,72,6,18496
MafA_R1.macs2_peak_10050,Chr14,66892196,66892797,66892496.5,+,602,103,1,19796
MafA_R1.macs2_peak_10218,Chr14,77054434,77055432,77054933,+,999,103,1,57362
MafA_R1.macs2_peak_9775,Chr14,39135371,39135914,39135642.5,+,544,56,3,-58744
MafA_R1.macs2_peak_10160,Chr14,73712013,73712589,73712301,+,577,71,2,-35188
MafA_R1.macs2_peak_10552,Chr14,119646883,119647534,119647208.5,+,652,71,10,271531
MafA_R1.macs2_peak_10130,Chr14,71894363,71894656,71894509.5,+,294,47,1,-199640
MafA_R1.macs2_peak_10159,Chr14,73690300,73690671,73690485.5,+,372,76,6,-57004
MafA_R1.macs2_peak_10224,Chr14,77186171,77187016,77186593.5,+,846,64,9,87464
MafA_R1.macs2_peak_10384,Chr14,98775354,98776014,98775684,+,661,52,1,-368483
MafA_R1.macs2_peak_9782,Chr14,40757087,40757477,40757282,+,391,52,1,-21492
MafA_R1.macs2_peak_9832,Chr14,52121032,52121607,52121319.5,+,576,169,5,-980
MafA_R1.macs2_peak_10046,Chr14,66660788,66661209,66660998.5,+,422,44,2,79253
MafA_R1.macs2_peak_10236,Chr14,77535624,77536319,77535971.5,+,696,44,2,141768
MafA_R1.macs2_peak_10356,Chr14,96103402,96103865,96103633.5,+,464,44,3,-15057
MafA_R1.macs2_peak_10449,Chr14,105086944,105087374,105087159,+,431,44,1,210579
MafA_R1.macs2_peak_10496,Chr14,115115859,115116117,115115988,+,259,44,1,46591
MafA_R1.macs2_peak_9365,Chr14,12628153,12628539,12628346,+,387,44,1,-42668
MafA_R1.macs2_peak_9813,Chr14,48988261,48988532,48988396.5,+,272,44,1,81651
MafA_R1.macs2_peak_10086,Chr14,68384293,68384749,68384521,+,457,60,4,-22068
MafA_R1.macs2_peak_10497,Chr14,115255247,115255509,115255378,+,263,60,4,-25725
MafA_R1.macs2_peak_9762,Chr14,37078175,37078433,37078304,+,259,60,2,-221025
MafA_R1.macs2_peak_10120,Chr14,70510674,70511028,70510851,+,355,49,9,16095
MafA_R1.macs2_peak_10082,Chr14,68286741,68287290,68287015.5,+,550,51,8,-34297
MafA_R1.macs2_peak_10499,Chr14,115650831,115651231,115651031,+,401,48,1,-4067
MafA_R1.macs2_peak_9883,Chr14,56616443,56616880,56616661.5,+,438,48,4,14136
MafA_R1.macs2_peak_10320,Chr14,89898780,89899097,89898938.5,+,318,43,1,-234722
MafA_R1.macs2_peak_10371,Chr14,98105747,98107041,98106394,+,1295,56,4,300807
MafA_R1.macs2_peak_9865,Chr14,55060937,55061532,55061234.5,+,596,56,2,9627
MafA_R1.macs2_peak_10034,Chr14,65858514,65858887,65858700.5,+,374,42,1,15984
MafA_R1.macs2_peak_10406,Chr14,101569550,101570008,101569779,+,459,52,1,-132274
MafA_R1.macs2_peak_10045,Chr14,66618338,66618817,66618577.5,+,480,88,5,36832
MafA_R1.macs2_peak_9841,Chr14,54302208,54302643,54302425.5,+,436,65,2,188961
MafA_R1.macs2_peak_10031,Chr14,65794124,65794675,65794399.5,+,552,41,2,36162
MafA_R1.macs2_peak_9860,Chr14,54951458,54952102,54951780,+,645,122,4,-2149
MafA_R1.macs2_peak_10016,Chr14,65565300,65565812,65565556,+,513,61,1,-30569
MafA_R1.macs2_peak_10407,Chr14,101655037,101655525,101655281,+,489,45,2,191346
MafA_R1.macs2_peak_10117,Chr14,70443874,70444610,70444242,+,737,82,2,-771
MafA_R1.macs2_peak_10261,Chr14,79117199,79118090,79117644.5,+,892,82,2,31026
MafA_R1.macs2_peak_9867,Chr14,55078839,55079108,55078973.5,+,270,39,6,18974
MafA_R1.macs2_peak_10149,Chr14,73359912,73360524,73360218,+,613,73,1,-19732
MafA_R1.macs2_peak_10435,Chr14,103709909,103710385,103710147,+,477,73,3,-40630
MafA_R1.macs2_peak_10026,Chr14,65683674,65684006,65683840,+,333,56,2,-20919
MafA_R1.macs2_peak_10319,Chr14,89876414,89876840,89876627,+,427,56,2,-257033
MafA_R1.macs2_peak_9394,Chr14,9845241,9845714,9845477.5,+,474,56,4,198794
MafA_R1.macs2_peak_9937,Chr14,61410076,61410880,61410478,+,805,393,1,34572
MafA_R1.macs2_peak_10221,Chr14,77067791,77068141,77067966,+,351,36,1,70395
MafA_R1.macs2_peak_10228,Chr14,77254506,77254774,77254640,+,269,36,1,19417
MafA_R1.macs2_peak_10330,Chr14,91060570,91060896,91060733,+,327,36,2,696406
MafA_R1.macs2_peak_10500,Chr14,115712929,115713212,115713070.5,+,284,36,1,-66106
MafA_R1.macs2_peak_10502,Chr14,115837739,115838048,115837893.5,+,310,36,6,-190929
MafA_R1.macs2_peak_10579,Chr14,120805071,120805351,120805211,+,281,36,1,89338
MafA_R1.macs2_peak_9661,Chr14,30484177,30484497,30484337,+,321,36,1,46765
MafA_R1.macs2_peak_9765,Chr14,38485001,38485390,38485195.5,+,390,36,1,-135064
MafA_R1.macs2_peak_10047,Chr14,66710242,66710612,66710427,+,371,48,1,128682
MafA_R1.macs2_peak_9510,Chr14,21273235,21274106,21273670.5,+,872,48,2,147450
MafA_R1.macs2_peak_9838,Chr14,52356099,52356850,52356474.5,+,752,48,14,8114
MafA_R1.macs2_peak_9345,Chr14,14438520,14438999,14438759.5,+,480,40,1,28047
MafA_R1.macs2_peak_9777,Chr14,39195230,39195713,39195471.5,+,484,94,1,-426
MafA_R1.macs2_peak_9540,Chr14,22637949,22638252,22638100.5,+,304,37,1,-45234
MafA_R1.macs2_peak_10199,Chr14,76651371,76652087,76651729,+,717,150,3,-672
MafA_R1.macs2_peak_10068,Chr14,68069923,68071001,68070462,+,1079,84,1,26732
MafA_R1.macs2_peak_10244,Chr14,78261202,78261579,78261390.5,+,378,54,1,65057
MafA_R1.macs2_peak_10176,Chr14,76024111,76024796,76024453.5,+,686,151,5,24
MafA_R1.macs2_peak_9776,Chr14,39160537,39160869,39160703,+,333,34,4,-33683
MafA_R1.macs2_peak_10366,Chr14,97734245,97735147,97734696,+,903,66,2,672505
MafA_R1.macs2_peak_9858,Chr14,54840640,54841279,54840959.5,+,640,196,2,2406
MafA_R1.macs2_peak_10308,Chr14,87102606,87103151,87102878.5,+,546,58,12,275782
MafA_R1.macs2_peak_9486,Chr14,19801128,19801554,19801341,+,427,58,4,16
MafA_R1.macs2_peak_9514,Chr14,21370721,21371498,21371109.5,+,778,58,6,-178729
MafA_R1.macs2_peak_9857,Chr14,54790682,54792131,54791406.5,+,1450,254,9,412
MafA_R1.macs2_peak_9507,Chr14,21193333,21193615,21193474,+,283,37,1,67254
MafA_R1.macs2_peak_10394,Chr14,99732636,99732977,99732806.5,+,342,50,7,196679
MafA_R1.macs2_peak_10153,Chr14,73464333,73465046,73464689.5,+,714,35,1,-10642
MafA_R1.macs2_peak_9460,Chr14,5829731,5830310,5830020.5,+,580,106,1,-64266
MafA_R1.macs2_peak_10590,Chr14,121505278,121505535,121505406.5,+,258,41,1,19288
MafA_R1.macs2_peak_9763,Chr14,38287946,38288680,38288313,+,735,41,4,-331946
MafA_R1.macs2_peak_9757,Chr14,36820004,36820257,36820130.5,+,254,97,4,174
MafA_R1.macs2_peak_10358,Chr14,96756473,96757408,96756940.5,+,936,126,10,-470
MafA_R1.macs2_peak_9963,Chr14,62991677,62991923,62991800,+,247,32,1,-6150
MafA_R1.macs2_peak_9818,Chr14,49570816,49571216,49571016,+,401,38,1,-88131
MafA_R1.macs2_peak_10077,Chr14,68271903,68272265,68272084,+,363,31,1,-49228
MafA_R1.macs2_peak_9423,Chr14,8123164,8123955,8123559.5,+,792,80,1,-292
MafA_R1.macs2_peak_9653,Chr14,29906401,29906892,29906646.5,+,492,33,1,162056
MafA_R1.macs2_peak_9856,Chr14,54765861,54766327,54766094,+,467,51,2,-11167
MafA_R1.macs2_peak_9785,Chr14,45626538,45626855,45626696.5,+,318,104,8,-443
MafA_R1.macs2_peak_10333,Chr14,91571165,91571433,91571299,+,269,28,1,1206972
MafA_R1.macs2_peak_10353,Chr14,95106286,95106615,95106450.5,+,330,28,3,-978335
MafA_R1.macs2_peak_10578,Chr14,120798708,120799097,120798902.5,+,390,28,1,83029
MafA_R1.macs2_peak_9812,Chr14,48866165,48866674,48866419.5,+,510,28,1,33772
MafA_R1.macs2_peak_10241,Chr14,78112130,78112730,78112430,+,601,111,1,-73
MafA_R1.macs2_peak_10265,Chr14,79211115,79211536,79211325.5,+,422,32,2,124707
MafA_R1.macs2_peak_9527,Chr14,22037618,22037950,22037784,+,333,126,5,1885
MafA_R1.macs2_peak_9844,Chr14,54481541,54482303,54481922,+,763,44,3,9464
MafA_R1.macs2_peak_9797,Chr14,47324356,47324866,47324611,+,511,100,6,18177
MafA_R1.macs2_peak_9610,Chr14,25520049,25521457,25520753,+,1409,75,2,-14110
MafA_R1.macs2_peak_10055,Chr14,67028358,67028671,67028514.5,+,314,62,4,77535
MafA_R1.macs2_peak_10017,Chr14,65580863,65581187,65581025,+,325,309,2,-15100
MafA_R1.macs2_peak_9827,Chr14,51300616,51301265,51300940.5,+,650,174,1,-6241
MafA_R1.macs2_peak_10396,Chr14,100477241,100477635,100477438,+,395,43,2,-90206
MafA_R1.macs2_peak_9839,Chr14,52576128,52576529,52576328.5,+,402,43,2,-10201
MafA_R1.macs2_peak_9660,Chr14,30443940,30444363,30444151.5,+,424,31,1,6579
MafA_R1.macs2_peak_10252,Chr14,78620376,78621158,78620767,+,783,73,2,-75284
MafA_R1.macs2_peak_9393,Chr14,9876380,9877470,9876925,+,1091,54,3,230241
MafA_R1.macs2_peak_10266,Chr14,79538235,79539325,79538780,+,1091,85,8,295
MafA_R1.macs2_peak_9694,Chr14,33540903,33541238,33541070.5,+,336,27,10,-7830
MafA_R1.macs2_peak_9639,Chr14,28900476,28901174,28900825,+,699,65,4,160660
MafA_R1.macs2_peak_10093,Chr14,68595804,68596115,68595959.5,+,312,31,12,175179
MafA_R1.macs2_peak_10446,Chr14,104775374,104775650,104775512,+,277,31,1,-15410
MafA_R1.macs2_peak_9836,Chr14,52257278,52257526,52257402,+,249,303,2,-232
MafA_R1.macs2_peak_10091,Chr14,68572731,68572980,68572855.5,+,250,35,3,198283
MafA_R1.macs2_peak_10581,Chr14,120897990,120898284,120898137,+,295,35,2,182264
MafA_R1.macs2_peak_10235,Chr14,77433911,77434271,77434091,+,361,28,1,39888
MafA_R1.macs2_peak_10439,Chr14,103886309,103886627,103886468,+,319,54,1,-1196
MafA_R1.macs2_peak_9532,Chr14,22460458,22461089,22460773.5,+,632,45,1,132093
MafA_R1.macs2_peak_10167,Chr14,75291791,75292093,75291942,+,303,56,4,38475
MafA_R1.macs2_peak_9390,Chr14,9909935,9910218,9910076.5,+,284,56,1,-213821
MafA_R1.macs2_peak_9499,Chr14,20723312,20724231,20723771.5,+,920,122,1,-618
MafA_R1.macs2_peak_10206,Chr14,76795007,76795289,76795148,+,283,42,1,-792
MafA_R1.macs2_peak_10388,Chr14,99188933,99189449,99189191,+,517,67,1,94381
MafA_R1.macs2_peak_10519,Chr14,117464438,117464740,117464589,+,303,27,1,301880
MafA_R1.macs2_peak_9828,Chr14,51326427,51326865,51326646,+,439,198,4,-1888
MafA_R1.macs2_peak_10230,Chr14,77271893,77272209,77272051,+,317,37,3,2006
MafA_R1.macs2_peak_9547,Chr14,23561504,23561962,23561733,+,459,37,1,-417094
MafA_R1.macs2_peak_9652,Chr14,29778192,29778500,29778346,+,309,37,2,33756
MafA_R1.macs2_peak_10593,Chr14,121769651,121770174,121769912.5,+,524,32,2,-27246
MafA_R1.macs2_peak_9816,Chr14,49265445,49265868,49265656.5,+,424,32,2,-38350
MafA_R1.macs2_peak_10389,Chr14,99378585,99378837,99378711,+,253,26,1,-41505
MafA_R1.macs2_peak_9545,Chr14,23503109,23503428,23503268.5,+,320,26,4,-358629
MafA_R1.macs2_peak_9935,Chr14,61337331,61337798,61337564.5,+,468,26,8,-38342
MafA_R1.macs2_peak_9850,Chr14,54701287,54702625,54701956,+,1339,99,6,352
MafA_R1.macs2_peak_9755,Chr14,36769299,36769573,36769436,+,275,21,2,1535
MafA_R1.macs2_peak_10596,Chr14,121951631,121951896,121951763.5,+,266,21,3,-15934
MafA_R1.macs2_peak_10246,Chr14,78435211,78435556,78435383.5,+,346,28,4,-6465
MafA_R1.macs2_peak_10315,Chr14,87506647,87507452,87507049.5,+,806,28,6,-128389
MafA_R1.macs2_peak_10485,Chr14,111928319,111928723,111928521,+,405,28,1,15974
MafA_R1.macs2_peak_9876,Chr14,55797493,55798157,55797825,+,665,280,6,339
MafA_R1.macs2_peak_9376,Chr14,11307713,11308179,11307946,+,467,120,2,208
MafA_R1.macs2_peak_10514,Chr14,117248738,117249087,117248912.5,+,350,30,1,86203
MafA_R1.macs2_peak_10258,Chr14,79086318,79086896,79086607,+,579,123,2,-11
MafA_R1.macs2_peak_10374,Chr14,98277416,98277787,98277601.5,+,372,31,1,129600
MafA_R1.macs2_peak_10377,Chr14,98309068,98309397,98309232.5,+,330,31,3,97969
MafA_R1.macs2_peak_10604,Chr14,122061886,122062162,122062024,+,277,31,2,-26878
MafA_R1.macs2_peak_10248,Chr14,78453172,78454260,78453716,+,1089,59,2,-24798
MafA_R1.macs2_peak_9517,Chr14,21484542,21485386,21484964,+,845,59,6,-64874
MafA_R1.macs2_peak_10135,Chr14,72609349,72609747,72609548,+,399,33,1,337895
MafA_R1.macs2_peak_10126,Chr14,70896456,70896944,70896700,+,489,63,1,-6176
MafA_R1.macs2_peak_10488,Chr14,112032411,112032713,112032562,+,303,20,1,120015
MafA_R1.macs2_peak_10498,Chr14,115256064,115256346,115256205,+,283,20,6,-24898
MafA_R1.macs2_peak_10095,Chr14,68662394,68662899,68662646.5,+,506,36,1,108492
MafA_R1.macs2_peak_9966,Chr14,63076894,63077567,63077230.5,+,674,41,1,2060
MafA_R1.macs2_peak_10140,Chr14,72948144,72948546,72948345,+,403,74,2,-902
MafA_R1.macs2_peak_10085,Chr14,68381452,68382057,68381754.5,+,606,39,4,-19301
MafA_R1.macs2_peak_10080,Chr14,68278313,68278787,68278550,+,475,22,8,-42762
MafA_R1.macs2_peak_10184,Chr14,76204960,76205266,76205113,+,307,22,1,12670
MafA_R1.macs2_peak_9530,Chr14,22309259,22310127,22309693,+,869,22,1,239913
MafA_R1.macs2_peak_10313,Chr14,87372549,87373016,87372782.5,+,468,25,1,5878
MafA_R1.macs2_peak_10359,Chr14,96770029,96770400,96770214.5,+,372,25,5,-13744
MafA_R1.macs2_peak_9387,Chr14,10367683,10368013,10367848,+,331,25,1,-88028
MafA_R1.macs2_peak_10568,Chr14,120512317,120513370,120512843.5,+,1054,86,1,-238
MafA_R1.macs2_peak_9372,Chr14,12016079,12016579,12016329,+,501,31,2,14
MafA_R1.macs2_peak_9837,Chr14,52260357,52260683,52260520,+,327,41,2,-2330
MafA_R1.macs2_peak_9872,Chr14,55324880,55325457,55325168.5,+,578,44,1,4337
MafA_R1.macs2_peak_10440,Chr14,103887009,103887311,103887160,+,303,57,1,-504
MafA_R1.macs2_peak_10534,Chr14,118926084,118926505,118926294.5,+,422,20,1,-11951
MafA_R1.macs2_peak_9396,Chr14,9788494,9788931,9788712.5,+,438,23,1,142029
MafA_R1.macs2_peak_9595,Chr14,25200899,25201526,25201212.5,+,628,26,1,-57547
MafA_R1.macs2_peak_10212,Chr14,76894830,76895475,76895152.5,+,646,29,1,-19856
MafA_R1.macs2_peak_9525,Chr14,21903660,21903910,21903785,+,251,67,5,-4807
MafA_R1.macs2_peak_9869,Chr14,55130859,55131205,55131032,+,347,45,1,-568
MafA_R1.macs2_peak_9519,Chr14,21573223,21573770,21573496.5,+,548,27,1,23643
MafA_R1.macs2_peak_9853,Chr14,54754598,54755009,54754803.5,+,412,52,2,124
MafA_R1.macs2_peak_10177,Chr14,76071476,76072028,76071752,+,553,26,1,10652
MafA_R1.macs2_peak_10297,Chr14,84675416,84675962,84675689,+,547,38,2,-5314
MafA_R1.macs2_peak_9780,Chr14,40688695,40689406,40689050.5,+,712,64,6,-197
MafA_R1.macs2_peak_9845,Chr14,54496392,54496978,54496685,+,587,36,5,-55
MafA_R1.macs2_peak_9753,Chr14,36690421,36691251,36690836,+,831,64,5,-115
MafA_R1.macs2_peak_10450,Chr14,105495746,105496011,105495878.5,+,266,31,1,-180
MafA_R1.macs2_peak_9351,Chr14,14295984,14296544,14296264,+,561,54,3,-517
MafA_R1.macs2_peak_9863,Chr14,55019232,55019638,55019435,+,407,25,3,-92
MafA_R1.macs2_peak_10174,Chr14,75991742,75991990,75991866,+,249,30,2,67
MafA_R1.macs2_peak_9802,Chr14,47655099,47655579,47655339,+,481,22,8,525
MafA_R1.macs2_peak_9829,Chr14,51327605,51328446,51328025.5,+,842,32,6,-509
MafA_R1.macs2_peak_9801,Chr14,47426694,47427189,47426941.5,+,496,34,3,-71
MafA_R1.macs2_peak_11086,Chr15,52232802,52234459,52233630.5,+,1658,2516,4,74681
MafA_R1.macs2_peak_10681,Chr15,7223911,7226124,7225017.5,+,2214,3741,1,54994
MafA_R1.macs2_peak_10931,Chr15,36960328,36961696,36961012,+,1369,2186,4,46634
MafA_R1.macs2_peak_11637,Chr15,83217725,83218856,83218290.5,+,1132,1228,5,7769
MafA_R1.macs2_peak_11667,Chr15,84496478,84498894,84497686,+,2417,2895,43,-49721
MafA_R1.macs2_peak_10823,Chr15,30382942,30384546,30383744,+,1605,669,17,211064
MafA_R1.macs2_peak_11800,Chr15,92478245,92479465,92478855,+,1221,1190,1,-16135
MafA_R1.macs2_peak_11684,Chr15,84895879,84898417,84897148,+,2539,1272,6,-4194
MafA_R1.macs2_peak_10839,Chr15,31279240,31280616,31279928,+,1377,1014,22,55397
MafA_R1.macs2_peak_11560,Chr15,79868031,79868786,79868408.5,+,756,793,14,14819
MafA_R1.macs2_peak_11090,Chr15,52326755,52328833,52327794,+,2079,771,8,168845
MafA_R1.macs2_peak_10740,Chr15,22030251,22031327,22030789,+,1077,439,1,684281
MafA_R1.macs2_peak_10842,Chr15,31284824,31285946,31285385,+,1123,496,2,60854
MafA_R1.macs2_peak_11828,Chr15,95654850,95655737,95655293.5,+,888,469,12,-5821
MafA_R1.macs2_peak_11537,Chr15,79210920,79213063,79211991.5,+,2144,2374,2,580
MafA_R1.macs2_peak_11112,Chr15,55000570,55003338,55001954,+,2769,974,7,5122
MafA_R1.macs2_peak_10751,Chr15,24969201,24970353,24969777,+,1153,706,7,444073
MafA_R1.macs2_peak_11826,Chr15,95211310,95212597,95211953.5,+,1288,464,4,-164754
MafA_R1.macs2_peak_11650,Chr15,84122397,84124154,84123275.5,+,1758,1259,1,7031
MafA_R1.macs2_peak_11827,Chr15,95433879,95435058,95434468.5,+,1180,338,8,-7829
MafA_R1.macs2_peak_10833,Chr15,31176834,31177301,31177067.5,+,468,532,7,-47464
MafA_R1.macs2_peak_11367,Chr15,71412693,71415100,71413896.5,+,2408,437,2,185791
MafA_R1.macs2_peak_11797,Chr15,92377999,92380724,92379361.5,+,2726,559,6,84670
MafA_R1.macs2_peak_11679,Chr15,84768004,84768584,84768294,+,581,350,1,-27964
MafA_R1.macs2_peak_11712,Chr15,86269595,86270693,86270144,+,1099,598,1,108268
MafA_R1.macs2_peak_11664,Chr15,84425230,84426573,84425901.5,+,1344,461,3,16123
MafA_R1.macs2_peak_11799,Chr15,92468936,92469788,92469362,+,853,429,5,-25628
MafA_R1.macs2_peak_11660,Chr15,84327812,84329116,84328464,+,1305,379,3,2347
MafA_R1.macs2_peak_12010,Chr15,103450176,103451338,103450757,+,1163,623,8,-4338
MafA_R1.macs2_peak_11532,Chr15,78921952,78923196,78922574,+,1245,642,5,-3511
MafA_R1.macs2_peak_10935,Chr15,37019657,37020564,37020110.5,+,908,251,6,-12464
MafA_R1.macs2_peak_10749,Chr15,23904085,23904968,23904526.5,+,884,212,10,867977
MafA_R1.macs2_peak_10720,Chr15,12083838,12085130,12084484,+,1293,704,1,-33453
MafA_R1.macs2_peak_11042,Chr15,46625796,46627011,46626403.5,+,1216,208,1,139702
MafA_R1.macs2_peak_11764,Chr15,90217395,90218493,90217944,+,1099,255,8,-19969
MafA_R1.macs2_peak_11587,Chr15,81062483,81064261,81063372,+,1779,236,3,11565
MafA_R1.macs2_peak_11794,Chr15,92174874,92175190,92175032,+,317,205,4,-67208
MafA_R1.macs2_peak_11635,Chr15,83206873,83208011,83207442,+,1139,390,1,18617
MafA_R1.macs2_peak_11335,Chr15,68734956,68735857,68735406.5,+,902,206,4,-14758
MafA_R1.macs2_peak_11654,Chr15,84182745,84184587,84183666,+,1843,601,4,-25255
MafA_R1.macs2_peak_10748,Chr15,23739243,23739662,23739452.5,+,420,164,2,702903
MafA_R1.macs2_peak_11719,Chr15,86621999,86623221,86622610,+,1223,359,6,460734
MafA_R1.macs2_peak_11698,Chr15,85537488,85538757,85538122.5,+,1270,1149,7,-49852
MafA_R1.macs2_peak_11326,Chr15,67973623,67974979,67974301,+,1357,381,3,156404
MafA_R1.macs2_peak_10918,Chr15,36442330,36443221,36442775.5,+,892,244,1,54105
MafA_R1.macs2_peak_11787,Chr15,91955253,91956212,91955732.5,+,960,265,6,6686
MafA_R1.macs2_peak_11109,Chr15,54984024,54984965,54984494.5,+,942,899,7,-7516
MafA_R1.macs2_peak_10828,Chr15,30463142,30464009,30463575.5,+,868,202,5,290895
MafA_R1.macs2_peak_11359,Chr15,70865176,70866002,70865589,+,827,267,6,734098
MafA_R1.macs2_peak_11323,Chr15,67903602,67904241,67903921.5,+,640,131,1,226784
MafA_R1.macs2_peak_11689,Chr15,85194940,85196102,85195521,+,1163,290,1,-24935
MafA_R1.macs2_peak_10845,Chr15,31315619,31316435,31316027,+,817,157,19,51878
MafA_R1.macs2_peak_11693,Chr15,85287233,85287895,85287564,+,663,216,1,67108
MafA_R1.macs2_peak_10712,Chr15,11366731,11367443,11367087,+,713,175,1,32657
MafA_R1.macs2_peak_11774,Chr15,91255745,91256837,91256291,+,1093,183,2,-180081
MafA_R1.macs2_peak_11089,Chr15,52321898,52323516,52322707,+,1619,281,11,163758
MafA_R1.macs2_peak_11640,Chr15,83310068,83310490,83310279,+,423,156,3,6772
MafA_R1.macs2_peak_11655,Chr15,84250111,84251156,84250633.5,+,1046,137,2,40313
MafA_R1.macs2_peak_10904,Chr15,35928457,35929292,35928874.5,+,836,220,1,9518
MafA_R1.macs2_peak_11592,Chr15,81194906,81195765,81195335.5,+,860,205,6,49631
MafA_R1.macs2_peak_10819,Chr15,30029285,30030334,30029809.5,+,1050,110,1,-142871
MafA_R1.macs2_peak_11821,Chr15,94498981,94499948,94499464.5,+,968,118,2,-11759
MafA_R1.macs2_peak_11554,Chr15,79654528,79655542,79655035,+,1015,238,2,3633
MafA_R1.macs2_peak_10825,Chr15,30403496,30404308,30403902,+,813,164,13,231222
MafA_R1.macs2_peak_10937,Chr15,37099247,37100036,37099641.5,+,790,113,4,-91995
MafA_R1.macs2_peak_10754,Chr15,25230215,25230874,25230544.5,+,660,178,4,183306
MafA_R1.macs2_peak_11334,Chr15,68316887,68317742,68317314.5,+,856,155,6,-104176
MafA_R1.macs2_peak_11114,Chr15,55131463,55132450,55131956.5,+,988,192,6,-39191
MafA_R1.macs2_peak_10827,Chr15,30457354,30458209,30457781.5,+,856,185,7,285101
MafA_R1.macs2_peak_11328,Chr15,68065913,68066865,68066389,+,953,146,1,64316
MafA_R1.macs2_peak_11767,Chr15,90897286,90897585,90897435.5,+,300,98,1,36719
MafA_R1.macs2_peak_11330,Chr15,68129896,68131823,68130859.5,+,1928,299,1,-154
MafA_R1.macs2_peak_11688,Chr15,84959719,84960130,84959924.5,+,412,89,4,32981
MafA_R1.macs2_peak_11332,Chr15,68287330,68288723,68288026.5,+,1394,117,2,-74888
MafA_R1.macs2_peak_10829,Chr15,30526408,30527001,30526704.5,+,594,137,1,354024
MafA_R1.macs2_peak_11536,Chr15,79108548,79109019,79108783.5,+,472,137,4,-4590
MafA_R1.macs2_peak_11621,Chr15,82805090,82807062,82806076,+,1973,156,6,-9741
MafA_R1.macs2_peak_10705,Chr15,10421163,10422048,10421605.5,+,886,203,14,48997
MafA_R1.macs2_peak_11113,Chr15,55128745,55130123,55129434,+,1379,391,9,-41713
MafA_R1.macs2_peak_10846,Chr15,31318262,31319196,31318729,+,935,129,13,49176
MafA_R1.macs2_peak_10675,Chr15,7158146,7159443,7158794.5,+,1298,516,2,-259
MafA_R1.macs2_peak_11818,Chr15,94441136,94441709,94441422.5,+,574,402,1,-34
MafA_R1.macs2_peak_12012,Chr15,103459173,103459904,103459538.5,+,732,92,1,-13119
MafA_R1.macs2_peak_11087,Chr15,52248754,52249413,52249083.5,+,660,91,1,90134
MafA_R1.macs2_peak_11985,Chr15,102335428,102336015,102335721.5,+,588,91,2,-17716
MafA_R1.macs2_peak_10747,Chr15,23052360,23052627,23052493.5,+,268,80,2,15944
MafA_R1.macs2_peak_11569,Chr15,80371643,80372442,80372042.5,+,800,98,3,-49238
MafA_R1.macs2_peak_11792,Chr15,91983510,91983936,91983723,+,427,105,1,34677
MafA_R1.macs2_peak_11720,Chr15,86626517,86627087,86626802,+,571,124,2,464926
MafA_R1.macs2_peak_11400,Chr15,72672456,72673827,72673141.5,+,1372,273,1,9032
MafA_R1.macs2_peak_11807,Chr15,93408394,93409075,93408734.5,+,682,134,2,8667
MafA_R1.macs2_peak_10902,Chr15,35773129,35774012,35773570.5,+,884,195,1,-112377
MafA_R1.macs2_peak_11812,Chr15,93648763,93649267,93649015,+,505,90,1,-155232
MafA_R1.macs2_peak_11805,Chr15,93173307,93173710,93173508.5,+,404,405,1,-448
MafA_R1.macs2_peak_10688,Chr15,7998584,7999169,7998876.5,+,586,93,3,129814
MafA_R1.macs2_peak_11603,Chr15,81712827,81713493,81713160,+,667,96,1,17545
MafA_R1.macs2_peak_12011,Chr15,103456560,103456817,103456688.5,+,258,81,1,-10269
MafA_R1.macs2_peak_11517,Chr15,77952758,77953925,77953341.5,+,1168,111,3,50139
MafA_R1.macs2_peak_11716,Chr15,86466639,86467499,86467069,+,861,156,3,305193
MafA_R1.macs2_peak_11100,Chr15,54249729,54250316,54250022.5,+,588,70,1,-24148
MafA_R1.macs2_peak_11561,Chr15,79967775,79968506,79968140.5,+,732,296,1,-533
MafA_R1.macs2_peak_11651,Chr15,84129142,84129746,84129444,+,605,86,2,13200
MafA_R1.macs2_peak_11813,Chr15,93746903,93747913,93747408,+,1011,148,1,77584
MafA_R1.macs2_peak_10678,Chr15,7175888,7176389,7176138.5,+,502,77,2,6115
MafA_R1.macs2_peak_11101,Chr15,54783566,54783928,54783747,+,363,87,1,-205
MafA_R1.macs2_peak_10713,Chr15,11380030,11380532,11380281,+,503,66,1,19463
MafA_R1.macs2_peak_11353,Chr15,70523317,70523630,70523473.5,+,314,66,2,727391
MafA_R1.macs2_peak_10679,Chr15,7208428,7208951,7208689.5,+,524,73,2,38666
MafA_R1.macs2_peak_10837,Chr15,31235348,31236814,31236081,+,1467,226,20,11550
MafA_R1.macs2_peak_11518,Chr15,77979544,77979936,77979740,+,393,75,2,23740
MafA_R1.macs2_peak_11653,Chr15,84168442,84168798,84168620,+,357,78,2,-40301
MafA_R1.macs2_peak_10755,Chr15,25236302,25236613,25236457.5,+,312,61,4,177393
MafA_R1.macs2_peak_11324,Chr15,67915694,67916258,67915976,+,565,61,1,214729
MafA_R1.macs2_peak_11362,Chr15,71004232,71004851,71004541.5,+,620,61,6,595146
MafA_R1.macs2_peak_11815,Chr15,93872570,93873133,93872851.5,+,564,67,1,-47859
MafA_R1.macs2_peak_11067,Chr15,51847010,51847562,51847286,+,553,94,1,7870
MafA_R1.macs2_peak_11810,Chr15,93414878,93415467,93415172.5,+,590,104,4,2229
MafA_R1.macs2_peak_11528,Chr15,78416248,78417528,78416888,+,1281,306,2,-3037
MafA_R1.macs2_peak_11540,Chr15,79231287,79231917,79231602,+,631,330,1,-118
MafA_R1.macs2_peak_11111,Chr15,54998289,54999024,54998656.5,+,736,117,2,1824
MafA_R1.macs2_peak_11628,Chr15,82940774,82941136,82940955,+,363,117,1,-23357
MafA_R1.macs2_peak_10834,Chr15,31184919,31185329,31185124,+,411,69,4,-39407
MafA_R1.macs2_peak_11715,Chr15,86439863,86440115,86439989,+,253,65,5,278113
MafA_R1.macs2_peak_11683,Chr15,84859790,84860701,84860245.5,+,912,102,2,11927
MafA_R1.macs2_peak_10832,Chr15,31139816,31140299,31140057.5,+,484,64,4,-84474
MafA_R1.macs2_peak_11791,Chr15,91982585,91983077,91982831,+,493,64,1,33785
MafA_R1.macs2_peak_11095,Chr15,53059605,53059951,53059778,+,347,67,6,149801
MafA_R1.macs2_peak_10719,Chr15,11992905,11993254,11993079.5,+,350,125,2,3014
MafA_R1.macs2_peak_10820,Chr15,30285937,30286852,30286394.5,+,916,125,12,113714
MafA_R1.macs2_peak_11701,Chr15,85565915,85566493,85566204,+,579,148,3,-21770
MafA_R1.macs2_peak_11591,Chr15,81189190,81189983,81189586.5,+,794,109,3,-53523
MafA_R1.macs2_peak_11793,Chr15,92011156,92011585,92011370.5,+,430,57,6,-14639
MafA_R1.macs2_peak_10674,Chr15,7078237,7078841,7078539,+,605,72,2,-80514
MafA_R1.macs2_peak_11099,Chr15,53543756,53544148,53543952,+,393,72,1,-66277
MafA_R1.macs2_peak_10844,Chr15,31292579,31293164,31292871.5,+,586,117,6,68340
MafA_R1.macs2_peak_11766,Chr15,90894588,90895152,90894870,+,565,58,10,39284
MafA_R1.macs2_peak_10835,Chr15,31207387,31208101,31207744,+,715,107,13,-16787
MafA_R1.macs2_peak_11102,Chr15,54785419,54785728,54785573.5,+,310,52,1,-2031
MafA_R1.macs2_peak_11703,Chr15,85586453,85587652,85587052.5,+,1200,103,7,-922
MafA_R1.macs2_peak_11110,Chr15,54986050,54986322,54986186,+,273,79,2,-9208
MafA_R1.macs2_peak_11092,Chr15,52638532,52639294,52638913,+,763,79,2,63072
MafA_R1.macs2_peak_11567,Chr15,80285445,80286110,80285777.5,+,666,79,2,37027
MafA_R1.macs2_peak_11622,Chr15,82807662,82808173,82807917.5,+,512,79,2,-11582
MafA_R1.macs2_peak_11358,Chr15,70816268,70816865,70816566.5,+,598,57,2,783121
MafA_R1.macs2_peak_11988,Chr15,102366993,102367376,102367184.5,+,384,134,1,-421
MafA_R1.macs2_peak_10756,Chr15,25301904,25302178,25302041,+,275,87,1,111809
MafA_R1.macs2_peak_10750,Chr15,24589262,24589580,24589421,+,319,56,4,824429
MafA_R1.macs2_peak_10843,Chr15,31286802,31287302,31287052,+,501,53,2,62521
MafA_R1.macs2_peak_11809,Chr15,93413402,93413654,93413528,+,253,86,1,3873
MafA_R1.macs2_peak_10933,Chr15,36987386,36987814,36987600,+,429,52,1,20046
MafA_R1.macs2_peak_11625,Chr15,82836327,82836880,82836603.5,+,554,118,2,6894
MafA_R1.macs2_peak_12002,Chr15,103213849,103214686,103214267.5,+,838,190,1,4598
MafA_R1.macs2_peak_10932,Chr15,36979576,36980225,36979900.5,+,650,167,1,27746
MafA_R1.macs2_peak_11376,Chr15,71923059,71923466,71923262.5,+,408,111,1,-17186
MafA_R1.macs2_peak_11088,Chr15,52263771,52264389,52264080,+,619,47,2,105131
MafA_R1.macs2_peak_11636,Chr15,83215960,83216262,83216111,+,303,49,1,9948
MafA_R1.macs2_peak_11582,Chr15,80933573,80935087,80934330,+,1515,84,1,54918
MafA_R1.macs2_peak_11768,Chr15,90918069,90918391,90918230,+,323,48,6,15924
MafA_R1.macs2_peak_11994,Chr15,102601318,102602571,102601944.5,+,1254,121,6,-21643
MafA_R1.macs2_peak_11690,Chr15,85214437,85214712,85214574.5,+,276,64,1,-5882
MafA_R1.macs2_peak_10938,Chr15,37134835,37136329,37135582,+,1495,164,19,-97698
MafA_R1.macs2_peak_10838,Chr15,31253285,31253624,31253454.5,+,340,52,3,28923
MafA_R1.macs2_peak_11115,Chr15,55139349,55140417,55139883,+,1069,49,5,-31264
MafA_R1.macs2_peak_10831,Chr15,30852190,30852675,30852432.5,+,486,57,5,-186840
MafA_R1.macs2_peak_10714,Chr15,11399564,11400409,11399986.5,+,846,149,8,-242
MafA_R1.macs2_peak_11772,Chr15,91242666,91243264,91242965,+,599,53,5,-166755
MafA_R1.macs2_peak_10766,Chr15,25956582,25957078,25956830,+,497,91,1,8517
MafA_R1.macs2_peak_11627,Chr15,82921112,82922402,82921757,+,1291,186,8,-4159
MafA_R1.macs2_peak_11623,Chr15,82813712,82814652,82814182,+,941,168,1,-17847
MafA_R1.macs2_peak_11697,Chr15,85519003,85519250,85519126.5,+,248,294,1,-53104
MafA_R1.macs2_peak_11331,Chr15,68249810,68250119,68249964.5,+,310,62,1,-36826
MafA_R1.macs2_peak_10830,Chr15,30587487,30587868,30587677.5,+,382,36,8,414997
MafA_R1.macs2_peak_11044,Chr15,47142341,47142621,47142481,+,281,36,3,655780
MafA_R1.macs2_peak_10757,Chr15,25414473,25414985,25414729,+,513,120,3,451
MafA_R1.macs2_peak_10847,Chr15,31320331,31320909,31320620,+,579,50,8,47285
MafA_R1.macs2_peak_11790,Chr15,91977093,91977349,91977221,+,257,50,1,28175
MafA_R1.macs2_peak_10673,Chr15,6939078,6939551,6939314.5,+,474,41,2,-35520
MafA_R1.macs2_peak_11702,Chr15,85571056,85571541,85571298.5,+,486,75,3,-16676
MafA_R1.macs2_peak_11543,Chr15,79252983,79253258,79253120.5,+,276,87,1,6380
MafA_R1.macs2_peak_10883,Chr15,34331270,34331519,34331394.5,+,250,33,1,24567
MafA_R1.macs2_peak_11091,Chr15,52476223,52476550,52476386.5,+,328,37,1,-99455
MafA_R1.macs2_peak_10733,Chr15,14341916,14342179,14342047.5,+,264,50,2,-1168286
MafA_R1.macs2_peak_10745,Chr15,22980054,22980488,22980271,+,435,50,7,-56278
MafA_R1.macs2_peak_11506,Chr15,77706116,77706395,77706255.5,+,280,50,1,20120
MafA_R1.macs2_peak_10929,Chr15,36938518,36939129,36938823.5,+,612,190,2,68823
MafA_R1.macs2_peak_11728,Chr15,86951903,86952386,86952144.5,+,484,51,1,-476356
MafA_R1.macs2_peak_10841,Chr15,31284086,31284539,31284312.5,+,454,39,1,59781
MafA_R1.macs2_peak_11986,Chr15,102357742,102358090,102357916,+,349,51,1,4114
MafA_R1.macs2_peak_10758,Chr15,25469200,25469483,25469341.5,+,284,28,3,55063
MafA_R1.macs2_peak_10826,Chr15,30419657,30420036,30419846.5,+,380,28,12,247166
MafA_R1.macs2_peak_10746,Chr15,23035834,23036723,23036278.5,+,890,91,2,-271
MafA_R1.macs2_peak_11816,Chr15,94112110,94112377,94112243.5,+,268,30,1,-32840
MafA_R1.macs2_peak_11559,Chr15,79834662,79834978,79834820,+,317,55,4,-17973
MafA_R1.macs2_peak_11624,Chr15,82817432,82817738,82817585,+,307,73,1,-21250
MafA_R1.macs2_peak_11777,Chr15,91457056,91457778,91457417,+,723,125,1,47
MafA_R1.macs2_peak_11668,Chr15,84500408,84501221,84500814.5,+,814,42,11,-46593
MafA_R1.macs2_peak_11530,Chr15,78494808,78495148,78494978,+,341,31,9,13731
MafA_R1.macs2_peak_11327,Chr15,68002047,68002621,68002334,+,575,35,5,128371
MafA_R1.macs2_peak_11700,Chr15,85553911,85554284,85554097.5,+,374,236,2,-33877
MafA_R1.macs2_peak_11771,Chr15,91052453,91052942,91052697.5,+,490,27,2,23513
MafA_R1.macs2_peak_11634,Chr15,83107398,83108209,83107803.5,+,812,70,2,28127
MafA_R1.macs2_peak_11770,Chr15,90988629,90989239,90988934,+,611,37,1,-54780
MafA_R1.macs2_peak_11609,Chr15,81897953,81898255,81898104,+,303,64,1,2317
MafA_R1.macs2_peak_11633,Chr15,83093569,83093878,83093723.5,+,310,40,2,-37339
MafA_R1.macs2_peak_11649,Chr15,84119263,84119551,84119407,+,289,42,1,3163
MafA_R1.macs2_peak_11329,Chr15,68110885,68111386,68111135.5,+,502,39,1,19570
MafA_R1.macs2_peak_10836,Chr15,31224205,31224900,31224552.5,+,696,108,6,21
MafA_R1.macs2_peak_11665,Chr15,84441595,84441985,84441790,+,391,108,3,234
MafA_R1.macs2_peak_11520,Chr15,78056157,78056551,78056354,+,395,42,3,1927
MafA_R1.macs2_peak_11687,Chr15,84954597,84954879,84954738,+,283,31,7,27795
MafA_R1.macs2_peak_11785,Chr15,91946728,91947075,91946901.5,+,348,45,1,-2145
MafA_R1.macs2_peak_11333,Chr15,68300517,68300848,68300682.5,+,332,50,2,-87544
MafA_R1.macs2_peak_10822,Chr15,30381960,30382391,30382175.5,+,432,20,12,209495
MafA_R1.macs2_peak_10718,Chr15,11992165,11992590,11992377.5,+,426,34,1,3716
MafA_R1.macs2_peak_11630,Chr15,83053106,83054416,83053761,+,1311,92,3,2623
MafA_R1.macs2_peak_11343,Chr15,69118371,69118866,69118618.5,+,496,22,2,-23764
MafA_R1.macs2_peak_11558,Chr15,79759271,79759590,79759430.5,+,320,22,6,-17179
MafA_R1.macs2_peak_10680,Chr15,7209490,7209950,7209720,+,461,25,1,39697
MafA_R1.macs2_peak_11704,Chr15,85694988,85695883,85695435.5,+,896,147,1,463
MafA_R1.macs2_peak_11541,Chr15,79232260,79232561,79232410.5,+,302,84,1,149
MafA_R1.macs2_peak_11632,Chr15,83089116,83089417,83089266.5,+,302,31,1,-32882
MafA_R1.macs2_peak_11535,Chr15,78946816,78947148,78946982,+,333,91,1,77
MafA_R1.macs2_peak_11556,Chr15,79658320,79658639,79658479.5,+,320,131,2,189
MafA_R1.macs2_peak_11107,Chr15,54975411,54976032,54975721.5,+,622,99,1,8
MafA_R1.macs2_peak_11588,Chr15,81083849,81084194,81084021.5,+,346,20,2,8967
MafA_R1.macs2_peak_11984,Chr15,102314776,102315209,102314992.5,+,434,137,1,241
MafA_R1.macs2_peak_10840,Chr15,31281083,31281504,31281293.5,+,422,26,5,56762
MafA_R1.macs2_peak_10934,Chr15,37007615,37007982,37007798.5,+,368,82,3,-152
MafA_R1.macs2_peak_11533,Chr15,78928971,78929541,78929256,+,571,39,1,3171
MafA_R1.macs2_peak_11691,Chr15,85219899,85220213,85220056,+,315,20,1,-400
MafA_R1.macs2_peak_11550,Chr15,79572209,79572968,79572588.5,+,760,58,4,-515
MafA_R1.macs2_peak_11989,Chr15,102426661,102427110,102426885.5,+,450,53,1,258
MafA_R1.macs2_peak_11601,Chr15,81694508,81694956,81694732,+,449,23,1,-883
MafA_R1.macs2_peak_12875,Chr16,73880706,73883040,73881873,+,2335,1300,4,257082
MafA_R1.macs2_peak_13016,Chr16,90050685,90051612,90051148.5,+,928,864,1,30226
MafA_R1.macs2_peak_12071,Chr16,6869864,6871243,6870553.5,+,1380,989,5,13319
MafA_R1.macs2_peak_12984,Chr16,87461870,87462827,87462348.5,+,958,694,2,-33494
MafA_R1.macs2_peak_12809,Chr16,59367675,59369545,59368610,+,1871,1014,6,52800
MafA_R1.macs2_peak_12076,Chr16,6975836,6977144,6976490,+,1309,841,9,88791
MafA_R1.macs2_peak_12872,Chr16,73850791,73853085,73851938,+,2295,775,13,287017
MafA_R1.macs2_peak_12396,Chr16,29572933,29574305,29573619,+,1373,1050,4,175467
MafA_R1.macs2_peak_12059,Chr16,6067033,6068546,6067789.5,+,1514,601,6,274338
MafA_R1.macs2_peak_12617,Chr16,41565227,41566113,41565670,+,887,444,2,212481
MafA_R1.macs2_peak_12965,Chr16,85753295,85754813,85754054,+,1519,911,12,-56041
MafA_R1.macs2_peak_13056,Chr16,92748366,92750073,92749219.5,+,1708,642,18,-126257
MafA_R1.macs2_peak_12850,Chr16,72381546,72382927,72382236.5,+,1382,389,4,-77801
MafA_R1.macs2_peak_13065,Chr16,93250898,93251747,93251322.5,+,850,300,2,4438
MafA_R1.macs2_peak_13063,Chr16,93121413,93122811,93122112,+,1399,373,9,27965
MafA_R1.macs2_peak_12946,Chr16,80069288,80070155,80069721.5,+,868,586,1,273457
MafA_R1.macs2_peak_13082,Chr16,93996263,93997618,93996940.5,+,1356,644,2,94210
MafA_R1.macs2_peak_12087,Chr16,7593502,7594161,7593831.5,+,660,375,17,649169
MafA_R1.macs2_peak_12431,Chr16,30421488,30422085,30421786.5,+,598,534,2,3245
MafA_R1.macs2_peak_13075,Chr16,93674752,93675422,93675087,+,671,248,1,-5702
MafA_R1.macs2_peak_12943,Chr16,79246273,79247311,79246792,+,1039,228,3,-358807
MafA_R1.macs2_peak_12826,Chr16,64427620,64428344,64427982,+,725,279,1,-5288
MafA_R1.macs2_peak_12435,Chr16,30564594,30565759,30565176.5,+,1166,561,4,146635
MafA_R1.macs2_peak_13020,Chr16,90209008,90209872,90209440,+,865,412,3,26155
MafA_R1.macs2_peak_12689,Chr16,46196588,46197314,46196951,+,727,219,2,120379
MafA_R1.macs2_peak_12389,Chr16,28579271,28581729,28580500,+,2459,588,20,-8505
MafA_R1.macs2_peak_12976,Chr16,87279444,87280356,87279900,+,913,228,1,12857
MafA_R1.macs2_peak_12980,Chr16,87407257,87407622,87407439.5,+,366,202,4,57221
MafA_R1.macs2_peak_12974,Chr16,87150960,87151614,87151287,+,655,767,1,214
MafA_R1.macs2_peak_12690,Chr16,46254133,46255119,46254626,+,987,245,2,62704
MafA_R1.macs2_peak_12958,Chr16,84933886,84934838,84934362,+,953,356,4,36233
MafA_R1.macs2_peak_12979,Chr16,87399242,87400170,87399706,+,929,256,1,49488
MafA_R1.macs2_peak_12868,Chr16,73678310,73680094,73679202,+,1785,297,1,459753
MafA_R1.macs2_peak_12767,Chr16,55141389,55142934,55142161.5,+,1546,546,5,-38561
MafA_R1.macs2_peak_12983,Chr16,87442497,87443946,87443221.5,+,1450,202,7,-52621
MafA_R1.macs2_peak_12082,Chr16,7324179,7325523,7324851,+,1345,348,1,437152
MafA_R1.macs2_peak_12930,Chr16,78033784,78034160,78033972,+,377,199,2,18370
MafA_R1.macs2_peak_12945,Chr16,80062732,80063655,80063193.5,+,924,193,2,266929
MafA_R1.macs2_peak_13107,Chr16,94627705,94628687,94628196,+,983,369,5,29353
MafA_R1.macs2_peak_12982,Chr16,87440794,87441737,87441265.5,+,944,212,5,-54577
MafA_R1.macs2_peak_13182,Chr16,97191653,97194091,97192872,+,2439,762,1,34944
MafA_R1.macs2_peak_12085,Chr16,7464698,7465853,7465275.5,+,1156,285,2,577576
MafA_R1.macs2_peak_12456,Chr16,31293299,31294034,31293666.5,+,736,214,1,-45072
MafA_R1.macs2_peak_12772,Chr16,55534380,55534941,55534660.5,+,562,171,1,107841
MafA_R1.macs2_peak_12429,Chr16,30394964,30396081,30395522.5,+,1118,202,3,10885
MafA_R1.macs2_peak_13121,Chr16,95655678,95656968,95656323,+,1291,270,1,43590
MafA_R1.macs2_peak_12491,Chr16,32688301,32689201,32688751,+,901,1020,6,-15
MafA_R1.macs2_peak_12948,Chr16,80997657,80999000,80998328.5,+,1344,223,1,743
MafA_R1.macs2_peak_12956,Chr16,84903194,84904352,84903773,+,1159,266,2,66822
MafA_R1.macs2_peak_12895,Chr16,75627911,75628970,75628440.5,+,1060,213,13,-64734
MafA_R1.macs2_peak_13084,Chr16,94005937,94006877,94006407,+,941,170,3,84743
MafA_R1.macs2_peak_12803,Chr16,59180210,59180760,59180485,+,551,136,1,2094
MafA_R1.macs2_peak_12765,Chr16,55063610,55064160,55063885,+,551,131,1,39715
MafA_R1.macs2_peak_12480,Chr16,32249073,32249663,32249368,+,591,463,1,-371
MafA_R1.macs2_peak_12565,Chr16,35581357,35581919,35581638,+,563,152,9,8102
MafA_R1.macs2_peak_12072,Chr16,6917526,6918314,6917920,+,789,171,4,30221
MafA_R1.macs2_peak_13106,Chr16,94603600,94604237,94603918.5,+,638,134,5,53631
MafA_R1.macs2_peak_12563,Chr16,35401808,35402123,35401965.5,+,316,125,1,40233
MafA_R1.macs2_peak_12673,Chr16,45291907,45293288,45292597.5,+,1382,120,2,20735
MafA_R1.macs2_peak_12077,Chr16,7069875,7070454,7070164.5,+,580,161,13,182465
MafA_R1.macs2_peak_13013,Chr16,89951808,89952753,89952280.5,+,946,284,1,13155
MafA_R1.macs2_peak_12888,Chr16,74209499,74210114,74209806.5,+,616,387,1,-1093
MafA_R1.macs2_peak_12580,Chr16,37245834,37246628,37246231,+,795,229,5,-40911
MafA_R1.macs2_peak_12955,Chr16,84889168,84890543,84889855.5,+,1376,130,3,80740
MafA_R1.macs2_peak_12069,Chr16,6867412,6868367,6867889.5,+,956,298,1,10655
MafA_R1.macs2_peak_12079,Chr16,7192127,7193065,7192596,+,939,151,4,304897
MafA_R1.macs2_peak_13097,Chr16,94309386,94309885,94309635.5,+,500,159,1,17853
MafA_R1.macs2_peak_12614,Chr16,41385348,41386873,41386110.5,+,1526,229,16,32922
MafA_R1.macs2_peak_12671,Chr16,45252122,45252976,45252549,+,855,289,2,-23133
MafA_R1.macs2_peak_12062,Chr16,6244985,6245613,6245299,+,629,121,8,451848
MafA_R1.macs2_peak_13077,Chr16,93714964,93715667,93715315.5,+,704,187,7,11140
MafA_R1.macs2_peak_12892,Chr16,74680555,74681491,74681023,+,937,164,11,208635
MafA_R1.macs2_peak_12386,Chr16,28336794,28337202,28336998,+,409,146,7,46249
MafA_R1.macs2_peak_12773,Chr16,55553458,55554931,55554194.5,+,1474,396,11,88307
MafA_R1.macs2_peak_12463,Chr16,31442223,31442472,31442347.5,+,250,98,2,5396
MafA_R1.macs2_peak_13130,Chr16,96130507,96131097,96130802,+,591,117,12,-32155
MafA_R1.macs2_peak_12973,Chr16,86825318,86826166,86825742,+,849,146,1,99585
MafA_R1.macs2_peak_12721,Chr16,50184468,50185347,50184907.5,+,880,169,1,67845
MafA_R1.macs2_peak_12890,Chr16,74409279,74410376,74409827.5,+,1098,160,15,-201114
MafA_R1.macs2_peak_12795,Chr16,57837156,57837895,57837525.5,+,740,93,15,-262425
MafA_R1.macs2_peak_12464,Chr16,31472311,31472965,31472638,+,655,89,1,-9623
MafA_R1.macs2_peak_12934,Chr16,78229790,78230102,78229946,+,313,101,3,-55877
MafA_R1.macs2_peak_12567,Chr16,35589837,35590993,35590415,+,1157,494,4,-341
MafA_R1.macs2_peak_12074,Chr16,6964298,6965208,6964753,+,911,142,9,77054
MafA_R1.macs2_peak_12986,Chr16,87496681,87497519,87497100,+,839,262,1,1258
MafA_R1.macs2_peak_12812,Chr16,59424247,59425590,59424918.5,+,1344,392,5,-3508
MafA_R1.macs2_peak_12874,Chr16,73870368,73870709,73870538.5,+,342,104,3,268417
MafA_R1.macs2_peak_12659,Chr16,43928971,43929565,43929268,+,595,100,1,30354
MafA_R1.macs2_peak_12960,Chr16,85007326,85008026,85007676,+,701,100,4,-37081
MafA_R1.macs2_peak_12068,Chr16,6862937,6863426,6863181.5,+,490,111,1,5947
MafA_R1.macs2_peak_12086,Chr16,7544751,7545880,7545315.5,+,1130,151,8,657616
MafA_R1.macs2_peak_12462,Chr16,31418980,31419253,31419116.5,+,274,114,1,-17835
MafA_R1.macs2_peak_12935,Chr16,78239986,78240308,78240147,+,323,126,2,-66078
MafA_R1.macs2_peak_12020,Chr16,4264815,4267023,4265919,+,2209,205,1,-27557
MafA_R1.macs2_peak_12080,Chr16,7215535,7215920,7215727.5,+,386,100,4,328028
MafA_R1.macs2_peak_12873,Chr16,73867519,73868150,73867834.5,+,632,128,3,271121
MafA_R1.macs2_peak_12778,Chr16,55667930,55668448,55668189,+,519,80,5,-9185
MafA_R1.macs2_peak_12885,Chr16,74111604,74112213,74111908.5,+,610,83,1,27047
MafA_R1.macs2_peak_12679,Chr16,45805276,45805747,45805511.5,+,472,83,1,25265
MafA_R1.macs2_peak_13018,Chr16,90121522,90121937,90121729.5,+,416,105,3,-40338
MafA_R1.macs2_peak_13019,Chr16,90176717,90177272,90176994.5,+,556,105,1,-6291
MafA_R1.macs2_peak_13199,Chr16,97459757,97461088,97460422.5,+,1332,188,3,-48027
MafA_R1.macs2_peak_12438,Chr16,30609613,30610002,30609807.5,+,390,93,1,191266
MafA_R1.macs2_peak_13096,Chr16,94252751,94253118,94252934.5,+,368,97,2,74554
MafA_R1.macs2_peak_12866,Chr16,73444222,73444779,73444500.5,+,558,162,2,694455
MafA_R1.macs2_peak_12057,Chr16,5966916,5967357,5967136.5,+,442,82,5,173685
MafA_R1.macs2_peak_12496,Chr16,32843996,32844696,32844346,+,701,96,4,32210
MafA_R1.macs2_peak_12381,Chr16,28034184,28035488,28034836,+,1305,187,1,229991
MafA_R1.macs2_peak_12841,Chr16,70126625,70126965,70126795,+,341,70,1,15958
MafA_R1.macs2_peak_12889,Chr16,74346020,74346483,74346251.5,+,464,70,2,-137538
MafA_R1.macs2_peak_12693,Chr16,46318633,46319591,46319112,+,959,216,3,-1782
MafA_R1.macs2_peak_12971,Chr16,86679317,86679821,86679569,+,505,73,1,-76168
MafA_R1.macs2_peak_12466,Chr16,31569215,31569491,31569353,+,277,82,2,-3815
MafA_R1.macs2_peak_13046,Chr16,92133007,92133622,92133314.5,+,616,127,5,-3205
MafA_R1.macs2_peak_12483,Chr16,32357129,32357876,32357502.5,+,748,100,1,42403
MafA_R1.macs2_peak_13113,Chr16,94776148,94777326,94776737,+,1179,100,14,21818
MafA_R1.macs2_peak_12716,Chr16,49866119,49866946,49866532.5,+,828,133,3,26683
MafA_R1.macs2_peak_12619,Chr16,41647311,41648000,41647655.5,+,690,102,1,294466
MafA_R1.macs2_peak_12603,Chr16,39050224,39051071,39050647.5,+,848,81,13,-41335
MafA_R1.macs2_peak_12817,Chr16,62667020,62667809,62667414.5,+,790,252,1,-11
MafA_R1.macs2_peak_12067,Chr16,6719591,6719844,6719717.5,+,254,66,1,-137517
MafA_R1.macs2_peak_12966,Chr16,86200984,86201476,86201230,+,493,66,1,402171
MafA_R1.macs2_peak_12060,Chr16,6077545,6078047,6077796,+,503,73,10,284345
MafA_R1.macs2_peak_12883,Chr16,74066199,74067050,74066624.5,+,852,73,1,72331
MafA_R1.macs2_peak_13190,Chr16,97224265,97224671,97224468,+,407,79,2,39637
MafA_R1.macs2_peak_12687,Chr16,46119336,46119991,46119663.5,+,656,125,5,-144223
MafA_R1.macs2_peak_12088,Chr16,7639367,7640091,7639729,+,725,110,2,603271
MafA_R1.macs2_peak_12061,Chr16,6166412,6167067,6166739.5,+,656,61,1,373288
MafA_R1.macs2_peak_12451,Chr16,30874379,30874700,30874539.5,+,322,61,3,25711
MafA_R1.macs2_peak_12871,Chr16,73798354,73798607,73798480.5,+,254,61,1,340475
MafA_R1.macs2_peak_13043,Chr16,91759265,91760320,91759792.5,+,1056,88,5,-31274
MafA_R1.macs2_peak_13180,Chr16,97189431,97189832,97189631.5,+,402,108,1,31703
MafA_R1.macs2_peak_12595,Chr16,38220050,38220696,38220373,+,647,132,2,33134
MafA_R1.macs2_peak_12437,Chr16,30594124,30595059,30594591.5,+,936,79,1,176050
MafA_R1.macs2_peak_12713,Chr16,49790797,49791049,49790923,+,253,79,1,-9900
MafA_R1.macs2_peak_12078,Chr16,7125853,7126110,7125981.5,+,258,69,5,238282
MafA_R1.macs2_peak_13057,Chr16,92752671,92752984,92752827.5,+,314,68,5,-129865
MafA_R1.macs2_peak_12394,Chr16,29553394,29553747,29553570.5,+,354,91,2,155418
MafA_R1.macs2_peak_12052,Chr16,5713670,5714277,5713973.5,+,608,61,5,11316
MafA_R1.macs2_peak_12457,Chr16,31307897,31308408,31308152.5,+,512,64,1,-59558
MafA_R1.macs2_peak_12432,Chr16,30464622,30465279,30464950.5,+,658,87,1,46409
MafA_R1.macs2_peak_12384,Chr16,28095769,28096475,28096122,+,707,111,6,168705
MafA_R1.macs2_peak_12942,Chr16,79240798,79241162,79240980,+,365,58,1,-352995
MafA_R1.macs2_peak_12846,Chr16,70859805,70861028,70860416.5,+,1224,86,1,-67548
MafA_R1.macs2_peak_12694,Chr16,46400549,46401577,46401063,+,1029,76,10,-83733
MafA_R1.macs2_peak_12065,Chr16,6561220,6561771,6561495.5,+,552,71,1,-295739
MafA_R1.macs2_peak_13061,Chr16,93069296,93069894,93069595,+,599,117,1,80482
MafA_R1.macs2_peak_12726,Chr16,50537818,50538656,50538237,+,839,189,1,-9258
MafA_R1.macs2_peak_12928,Chr16,77994340,77994633,77994486.5,+,294,55,1,57856
MafA_R1.macs2_peak_12073,Chr16,6954850,6955197,6955023.5,+,348,64,5,67324
MafA_R1.macs2_peak_12599,Chr16,38764433,38765059,38764746,+,627,64,3,42039
MafA_R1.macs2_peak_13036,Chr16,91443714,91444979,91444346.5,+,1266,397,4,-366
MafA_R1.macs2_peak_12660,Chr16,43943195,43944339,43943767,+,1145,99,1,15855
MafA_R1.macs2_peak_12769,Chr16,55289490,55290061,55289775.5,+,572,102,2,-25319
MafA_R1.macs2_peak_12492,Chr16,32693520,32693974,32693747,+,455,75,4,-4407
MafA_R1.macs2_peak_12081,Chr16,7276921,7277637,7277279,+,717,72,3,389580
MafA_R1.macs2_peak_12886,Chr16,74200300,74200934,74200617,+,635,51,1,8096
MafA_R1.macs2_peak_12820,Chr16,63098522,63099064,63098793,+,543,116,1,424123
MafA_R1.macs2_peak_12670,Chr16,44978394,44979008,44978701,+,615,243,2,335
MafA_R1.macs2_peak_13112,Chr16,94775410,94775825,94775617.5,+,416,64,6,22938
MafA_R1.macs2_peak_12975,Chr16,87251912,87252436,87252174,+,525,228,1,301
MafA_R1.macs2_peak_12398,Chr16,29590304,29590745,29590524.5,+,442,63,2,192372
MafA_R1.macs2_peak_12947,Chr16,80114995,80115469,80115232,+,475,63,1,318968
MafA_R1.macs2_peak_12070,Chr16,6868769,6869419,6869094,+,651,60,2,11860
MafA_R1.macs2_peak_12674,Chr16,45508670,45509080,45508875,+,411,60,5,5146
MafA_R1.macs2_peak_13078,Chr16,93824984,93825274,93825129,+,291,57,1,-15433
MafA_R1.macs2_peak_12676,Chr16,45588509,45588861,45588685,+,353,71,10,-25367
MafA_R1.macs2_peak_12700,Chr16,48200364,48200764,48200564,+,401,71,1,32215
MafA_R1.macs2_peak_12682,Chr16,45853932,45854583,45854257.5,+,652,111,1,-23481
MafA_R1.macs2_peak_12698,Chr16,46635666,46636438,46636052,+,773,79,4,-318722
MafA_R1.macs2_peak_12572,Chr16,36041795,36042049,36041922,+,255,44,7,-10
MafA_R1.macs2_peak_12796,Chr16,57900803,57901330,57901066.5,+,528,44,3,-325966
MafA_R1.macs2_peak_12842,Chr16,70207752,70208185,70207968.5,+,434,44,5,97131
MafA_R1.macs2_peak_12893,Chr16,74750187,74750796,74750491.5,+,610,44,2,139167
MafA_R1.macs2_peak_12944,Chr16,79478117,79478660,79478388.5,+,544,44,2,-317876
MafA_R1.macs2_peak_12959,Chr16,84970735,84970994,84970864.5,+,260,156,4,-269
MafA_R1.macs2_peak_12821,Chr16,63209149,63209722,63209435.5,+,574,48,3,475103
MafA_R1.macs2_peak_12784,Chr16,56501280,56501889,56501584.5,+,610,45,3,36229
MafA_R1.macs2_peak_12055,Chr16,5938925,5939558,5939241.5,+,634,50,1,145790
MafA_R1.macs2_peak_12409,Chr16,29929165,29929742,29929453.5,+,578,47,1,45278
MafA_R1.macs2_peak_13136,Chr16,96289546,96289803,96289674.5,+,258,64,1,20868
MafA_R1.macs2_peak_12940,Chr16,79132812,79133856,79133334,+,1045,72,5,-245349
MafA_R1.macs2_peak_12802,Chr16,58810017,58810296,58810156.5,+,280,41,4,-5611
MafA_R1.macs2_peak_12880,Chr16,73979535,73980384,73979959.5,+,850,114,1,158996
MafA_R1.macs2_peak_12933,Chr16,78224436,78225245,78224840.5,+,810,114,3,-50771
MafA_R1.macs2_peak_13178,Chr16,97171286,97172373,97171829.5,+,1088,114,1,13901
MafA_R1.macs2_peak_12581,Chr16,37367321,37367654,37367487.5,+,334,43,7,7231
MafA_R1.macs2_peak_12066,Chr16,6609628,6609877,6609752.5,+,250,53,2,-247482
MafA_R1.macs2_peak_12672,Chr16,45255616,45255935,45255775.5,+,320,45,1,-26359
MafA_R1.macs2_peak_12388,Chr16,28571818,28572609,28572213.5,+,792,127,2,-218
MafA_R1.macs2_peak_12397,Chr16,29583299,29583666,29583482.5,+,368,42,5,185330
MafA_R1.macs2_peak_13127,Chr16,96001316,96001831,96001573.5,+,516,125,5,-97
MafA_R1.macs2_peak_13017,Chr16,90109567,90109919,90109743,+,353,56,3,-28352
MafA_R1.macs2_peak_12688,Chr16,46177008,46177439,46177223.5,+,432,36,4,140107
MafA_R1.macs2_peak_12718,Chr16,50038255,50038708,50038481.5,+,454,36,2,-145266
MafA_R1.macs2_peak_12824,Chr16,63655860,63656177,63656018.5,+,318,36,1,28520
MafA_R1.macs2_peak_13022,Chr16,90365227,90365599,90365413,+,373,36,2,158846
MafA_R1.macs2_peak_12937,Chr16,78449021,78449380,78449200.5,+,360,48,2,-75624
MafA_R1.macs2_peak_13066,Chr16,93340920,93341175,93341047.5,+,256,48,3,59656
MafA_R1.macs2_peak_13115,Chr16,94922939,94923793,94923366,+,855,48,8,-124811
MafA_R1.macs2_peak_13201,Chr16,97557986,97558525,97558255.5,+,540,48,1,6724
MafA_R1.macs2_peak_12562,Chr16,35390103,35390466,35390284.5,+,364,40,1,28552
MafA_R1.macs2_peak_12452,Chr16,30888835,30890187,30889511,+,1353,136,8,10739
MafA_R1.macs2_peak_12852,Chr16,72459617,72460418,72460017.5,+,802,127,4,-20
MafA_R1.macs2_peak_12728,Chr16,50552822,50553438,50553130,+,617,208,6,6
MafA_R1.macs2_peak_12075,Chr16,6968386,6968744,6968565,+,359,42,4,80866
MafA_R1.macs2_peak_12454,Chr16,31248348,31249230,31248789,+,883,366,3,-195
MafA_R1.macs2_peak_12056,Chr16,5953675,5954267,5953971,+,593,66,8,160520
MafA_R1.macs2_peak_12770,Chr16,55297206,55297483,55297344.5,+,278,46,3,-17750
MafA_R1.macs2_peak_12835,Chr16,67417526,67418184,67417855,+,659,120,2,-59
MafA_R1.macs2_peak_12711,Chr16,49695877,49696195,49696036,+,319,37,4,20012
MafA_R1.macs2_peak_12600,Chr16,38841497,38841958,38841727.5,+,462,50,1,119020
MafA_R1.macs2_peak_13110,Chr16,94732743,94734005,94733374,+,1263,123,1,65181
MafA_R1.macs2_peak_13191,Chr16,97236098,97236521,97236309.5,+,424,37,1,27796
MafA_R1.macs2_peak_12620,Chr16,41744370,41744684,41744527,+,315,32,2,379305
MafA_R1.macs2_peak_12615,Chr16,41521190,41521743,41521466.5,+,554,38,1,168277
MafA_R1.macs2_peak_12777,Chr16,55659047,55659737,55659392,+,691,137,6,-388
MafA_R1.macs2_peak_13032,Chr16,91269687,91270017,91269852,+,331,47,2,7860
MafA_R1.macs2_peak_12822,Chr16,63461651,63462437,63462044,+,787,33,3,222494
MafA_R1.macs2_peak_12049,Chr16,5464688,5465053,5464870.5,+,366,28,5,-237787
MafA_R1.macs2_peak_12597,Chr16,38638101,38638358,38638229.5,+,258,28,2,10882
MafA_R1.macs2_peak_12864,Chr16,73014588,73014847,73014717.5,+,260,28,1,554680
MafA_R1.macs2_peak_12727,Chr16,50543573,50544046,50543809.5,+,474,43,1,-3686
MafA_R1.macs2_peak_13176,Chr16,97169216,97169484,97169350,+,269,36,1,11422
MafA_R1.macs2_peak_12677,Chr16,45710988,45711978,45711483,+,991,54,3,-46369
MafA_R1.macs2_peak_13111,Chr16,94757265,94757668,94757466.5,+,404,33,1,41089
MafA_R1.macs2_peak_12722,Chr16,50225324,50225576,50225450,+,253,36,1,27302
MafA_R1.macs2_peak_12709,Chr16,49623867,49624462,49624164.5,+,596,53,1,-51853
MafA_R1.macs2_peak_12051,Chr16,5532714,5532978,5532846,+,265,27,1,-169811
MafA_R1.macs2_peak_12430,Chr16,30415645,30416290,30415967.5,+,646,137,1,-2574
MafA_R1.macs2_peak_12978,Chr16,87394335,87395005,87394670,+,671,82,1,44452
MafA_R1.macs2_peak_12391,Chr16,28713809,28714150,28713979.5,+,342,37,1,34471
MafA_R1.macs2_peak_12613,Chr16,41377330,41377904,41377617,+,575,37,1,24429
MafA_R1.macs2_peak_12766,Chr16,55137650,55137951,55137800.5,+,302,26,1,-34200
MafA_R1.macs2_peak_12601,Chr16,38858068,38858318,38858193,+,251,28,1,135486
MafA_R1.macs2_peak_12794,Chr16,57506472,57506888,57506680,+,417,50,1,68420
MafA_R1.macs2_peak_12458,Chr16,31319938,31320211,31320074.5,+,274,39,1,-71480
MafA_R1.macs2_peak_12488,Chr16,32479657,32480049,32479853,+,393,39,1,7162
MafA_R1.macs2_peak_13150,Chr16,96522251,96522504,96522377.5,+,254,23,1,253571
MafA_R1.macs2_peak_12385,Chr16,28309052,28309342,28309197,+,291,21,4,-44370
MafA_R1.macs2_peak_12589,Chr16,37973813,37974153,37973983,+,341,21,2,-64361
MafA_R1.macs2_peak_12729,Chr16,50557034,50558032,50557533,+,999,82,3,-4397
MafA_R1.macs2_peak_13015,Chr16,90017340,90018093,90017716.5,+,754,132,8,66
MafA_R1.macs2_peak_12695,Chr16,46402230,46402766,46402498,+,537,25,7,-85168
MafA_R1.macs2_peak_12058,Chr16,5998505,5999063,5998784,+,559,31,7,205333
MafA_R1.macs2_peak_13197,Chr16,97394359,97394812,97394585.5,+,454,31,4,17810
MafA_R1.macs2_peak_13047,Chr16,92137752,92138557,92138154.5,+,806,77,8,-8045
MafA_R1.macs2_peak_12936,Chr16,78249203,78249600,78249401.5,+,398,47,9,-75332
MafA_R1.macs2_peak_12884,Chr16,74089612,74090252,74089932,+,641,33,1,49023
MafA_R1.macs2_peak_12610,Chr16,41077465,41077728,41077596.5,+,264,20,3,-275592
MafA_R1.macs2_peak_12845,Chr16,70839999,70840930,70840464.5,+,932,53,1,-87500
MafA_R1.macs2_peak_12887,Chr16,74208135,74209068,74208601.5,+,934,112,6,112
MafA_R1.macs2_peak_12870,Chr16,73703166,73703476,73703321,+,311,22,1,435634
MafA_R1.macs2_peak_13069,Chr16,93400482,93400984,93400733,+,503,133,3,-30
MafA_R1.macs2_peak_12084,Chr16,7346094,7346874,7346484,+,781,45,10,458785
MafA_R1.macs2_peak_12018,Chr16,4144351,4144780,4144565.5,+,430,25,1,93797
MafA_R1.macs2_peak_12564,Chr16,35567660,35568368,35568014,+,709,25,1,21726
MafA_R1.macs2_peak_12664,Chr16,44214865,44215509,44215187,+,645,25,2,25
MafA_R1.macs2_peak_12851,Chr16,72446426,72446816,72446621,+,391,25,1,-13416
MafA_R1.macs2_peak_12891,Chr16,74536580,74537156,74536868,+,577,28,3,-328155
MafA_R1.macs2_peak_12931,Chr16,78173722,78173972,78173847,+,251,61,1,-149
MafA_R1.macs2_peak_12598,Chr16,38722627,38723063,38722845,+,437,68,1,138
MafA_R1.macs2_peak_12487,Chr16,32478190,32478788,32478489,+,599,37,2,8526
MafA_R1.macs2_peak_12786,Chr16,56941469,56942015,56941742,+,547,150,1,-335
MafA_R1.macs2_peak_12390,Chr16,28669824,28670640,28670232,+,817,40,2,78218
MafA_R1.macs2_peak_12675,Chr16,45563087,45563638,45563362.5,+,552,54,6,-44
MafA_R1.macs2_peak_12064,Chr16,6328686,6329001,6328843.5,+,316,20,1,-528391
MafA_R1.macs2_peak_12678,Chr16,45772743,45773126,45772934.5,+,384,23,1,6965
MafA_R1.macs2_peak_12063,Chr16,6298153,6298596,6298374.5,+,444,38,2,504923
MafA_R1.macs2_peak_12428,Chr16,30369178,30369648,30369413,+,471,50,1,-17
MafA_R1.macs2_peak_12436,Chr16,30587611,30588103,30587857,+,493,27,2,169316
MafA_R1.macs2_peak_13126,Chr16,95993229,95993869,95993549,+,641,51,2,-92
MafA_R1.macs2_peak_13174,Chr16,97157976,97158234,97158105,+,259,49,2,177
MafA_R1.macs2_peak_12894,Chr16,75563804,75564245,75564024.5,+,442,42,7,-318
MafA_R1.macs2_peak_12797,Chr16,58228932,58230073,58229502.5,+,1142,44,3,604
MafA_R1.macs2_peak_12801,Chr16,58548373,58548786,58548579.5,+,414,58,3,306
MafA_R1.macs2_peak_12222,Chr16,17622418,17622907,17622662.5,+,490,26,1,7516
MafA_R1.macs2_peak_13094,Chr16,94171247,94171829,94171538,+,583,55,3,31
MafA_R1.macs2_peak_13125,Chr16,95929252,95929507,95929379.5,+,256,30,4,-454
MafA_R1.macs2_peak_12692,Chr16,46317745,46318133,46317939,+,389,48,5,-609
MafA_R1.macs2_peak_13785,Chr17,36149256,36150780,36150018,+,1525,6324,1,-825
MafA_R1.macs2_peak_13701,Chr17,30808708,30810296,30809502,+,1589,2320,4,-14241
MafA_R1.macs2_peak_13724,Chr17,31699656,31700702,31700179,+,1047,1179,15,31282
MafA_R1.macs2_peak_13917,Chr17,50361202,50362352,50361777,+,1151,1069,1,135748
MafA_R1.macs2_peak_13934,Chr17,51890944,51892203,51891573.5,+,1260,2536,2,-136276
MafA_R1.macs2_peak_14404,Chr17,86636562,86637708,86637135,+,1147,849,11,-42529
MafA_R1.macs2_peak_14352,Chr17,85202358,85206377,85204367.5,+,4020,3539,4,-59802
MafA_R1.macs2_peak_13795,Chr17,36624952,36627087,36626019.5,+,2136,2149,4,11023
MafA_R1.macs2_peak_14180,Chr17,71320071,71321179,71320625,+,1109,1084,15,-5927
MafA_R1.macs2_peak_13537,Chr17,26320046,26322822,26321434,+,2777,1272,1,-6990
MafA_R1.macs2_peak_13689,Chr17,30596167,30598148,30597157.5,+,1982,1015,3,17997
MafA_R1.macs2_peak_13220,Chr17,4690657,4692576,4691616.5,+,1920,694,2,6361
MafA_R1.macs2_peak_14323,Chr17,83947590,83948548,83948069,+,959,696,6,-8745
MafA_R1.macs2_peak_13574,Chr17,27535801,27538786,27537293.5,+,2986,950,2,-1224
MafA_R1.macs2_peak_13843,Chr17,45429414,45431356,45430385,+,1943,1121,16,-238613
MafA_R1.macs2_peak_14318,Chr17,83849195,83850017,83849606,+,823,823,3,-27844
MafA_R1.macs2_peak_14120,Chr17,68038575,68039770,68039172.5,+,1196,931,1,34912
MafA_R1.macs2_peak_13238,Chr17,5200535,5202756,5201645.5,+,2222,1013,20,156296
MafA_R1.macs2_peak_14110,Chr17,67630606,67631809,67631207.5,+,1204,484,7,30247
MafA_R1.macs2_peak_14425,Chr17,87765844,87767918,87766881,+,2075,797,6,-12518
MafA_R1.macs2_peak_13899,Chr17,48152883,48153801,48153342,+,919,653,4,-7726
MafA_R1.macs2_peak_14093,Chr17,67063977,67064836,67064406.5,+,860,578,3,42955
MafA_R1.macs2_peak_13221,Chr17,4776213,4778647,4777430,+,2435,906,6,92175
MafA_R1.macs2_peak_13631,Chr17,29159543,29161110,29160326.5,+,1568,979,1,910
MafA_R1.macs2_peak_13864,Chr17,46274674,46276382,46275528,+,1709,1845,11,60561
MafA_R1.macs2_peak_14012,Chr17,63090840,63091594,63091217,+,755,949,1,97095
MafA_R1.macs2_peak_13893,Chr17,47812693,47813776,47813234.5,+,1084,2018,8,-18
MafA_R1.macs2_peak_13242,Chr17,5239537,5241286,5240411.5,+,1750,2179,6,195062
MafA_R1.macs2_peak_13589,Chr17,28058351,28059388,28058869.5,+,1038,1127,2,-192
MafA_R1.macs2_peak_14210,Chr17,73133418,73134313,73133865.5,+,896,428,2,-9758
MafA_R1.macs2_peak_13428,Chr17,13228355,13229465,13228910,+,1111,597,2,2184
MafA_R1.macs2_peak_13476,Chr17,21754446,21756298,21755372,+,1853,1028,6,-429
MafA_R1.macs2_peak_13861,Chr17,46241921,46242767,46242344,+,847,557,4,-49966
MafA_R1.macs2_peak_13595,Chr17,28173331,28174328,28173829.5,+,998,862,1,45549
MafA_R1.macs2_peak_14108,Chr17,67559854,67561118,67560486,+,1265,391,8,100968
MafA_R1.macs2_peak_14310,Chr17,83595057,83596318,83595687.5,+,1262,391,12,-62673
MafA_R1.macs2_peak_14098,Chr17,67326387,67327306,67326846.5,+,920,438,1,6384
MafA_R1.macs2_peak_13266,Chr17,5623134,5624198,5623666,+,1065,535,1,80791
MafA_R1.macs2_peak_13355,Chr17,9090847,9091695,9091271,+,849,520,4,22454
MafA_R1.macs2_peak_13269,Chr17,5661712,5663077,5662394.5,+,1366,594,3,119519
MafA_R1.macs2_peak_13977,Chr17,56989571,56990458,56990014.5,+,888,474,1,9789
MafA_R1.macs2_peak_13520,Chr17,25667274,25668449,25667861.5,+,1176,444,6,-15104
MafA_R1.macs2_peak_13208,Chr17,3606786,3608488,3607637,+,1703,1718,20,393
MafA_R1.macs2_peak_13501,Chr17,24985320,24988592,24986956,+,3273,412,29,14994
MafA_R1.macs2_peak_13887,Chr17,47638408,47640719,47639563.5,+,2312,621,36,-40250
MafA_R1.macs2_peak_14391,Chr17,86439781,86441575,86440678,+,1795,621,1,11925
MafA_R1.macs2_peak_13808,Chr17,42195339,42196396,42195867.5,+,1058,274,2,-430971
MafA_R1.macs2_peak_13503,Chr17,25096007,25097250,25096628.5,+,1244,838,15,-190
MafA_R1.macs2_peak_13591,Chr17,28146307,28147844,28147075.5,+,1538,775,1,18795
MafA_R1.macs2_peak_13540,Chr17,26491528,26492266,26491897,+,739,321,1,20013
MafA_R1.macs2_peak_13728,Chr17,31813585,31815713,31814649,+,2129,473,18,30902
MafA_R1.macs2_peak_13873,Chr17,46479287,46480102,46479694.5,+,816,503,4,6704
MafA_R1.macs2_peak_13688,Chr17,30593847,30594593,30594220,+,747,301,1,20934
MafA_R1.macs2_peak_13628,Chr17,29094066,29095031,29094548.5,+,966,604,6,17163
MafA_R1.macs2_peak_13265,Chr17,5619441,5621417,5620429,+,1977,760,1,77554
MafA_R1.macs2_peak_13773,Chr17,35901568,35902390,35901979,+,823,801,15,23597
MafA_R1.macs2_peak_13739,Chr17,32310178,32311414,32310796,+,1237,958,6,-399
MafA_R1.macs2_peak_13215,Chr17,4322861,4323371,4323116,+,511,236,1,-150739
MafA_R1.macs2_peak_14016,Chr17,63189238,63190512,63189875,+,1275,1491,1,-1563
MafA_R1.macs2_peak_14363,Chr17,85487516,85489102,85488309,+,1587,873,1,90255
MafA_R1.macs2_peak_13698,Chr17,30755425,30756766,30756095.5,+,1342,459,29,39166
MafA_R1.macs2_peak_13891,Chr17,47739179,47740356,47739767.5,+,1178,810,8,-6962
MafA_R1.macs2_peak_14419,Chr17,87576532,87577046,87576789,+,515,420,2,-3414
MafA_R1.macs2_peak_13213,Chr17,4270137,4272008,4271072.5,+,1872,913,12,-98695
MafA_R1.macs2_peak_13228,Chr17,4990538,4992218,4991378,+,1681,673,1,-53971
MafA_R1.macs2_peak_14346,Chr17,85056182,85058237,85057209.5,+,2056,727,2,41005
MafA_R1.macs2_peak_13781,Chr17,36105638,36106519,36106078.5,+,882,207,3,22736
MafA_R1.macs2_peak_13918,Chr17,50436639,50437400,50437019.5,+,762,246,1,60506
MafA_R1.macs2_peak_13677,Chr17,30491526,30492346,30491936,+,821,251,1,123218
MafA_R1.macs2_peak_13354,Chr17,9083582,9084335,9083958.5,+,754,442,7,15141
MafA_R1.macs2_peak_13693,Chr17,30686384,30687530,30686957,+,1147,349,4,-71803
MafA_R1.macs2_peak_13418,Chr17,12942756,12943878,12943317,+,1123,473,1,-16881
MafA_R1.macs2_peak_13437,Chr17,14384839,14386611,14385725,+,1773,473,2,38368
MafA_R1.macs2_peak_13399,Chr17,11825685,11826207,11825946,+,523,218,1,276130
MafA_R1.macs2_peak_14445,Chr17,89988952,89989717,89989334.5,+,766,194,9,302665
MafA_R1.macs2_peak_13840,Chr17,45268668,45269021,45268844.5,+,354,216,2,-77072
MafA_R1.macs2_peak_13947,Chr17,55763923,55764886,55764404.5,+,964,260,9,12021
MafA_R1.macs2_peak_14443,Chr17,89939448,89939817,89939632.5,+,370,186,1,252963
MafA_R1.macs2_peak_13356,Chr17,9116848,9118748,9117798,+,1901,327,3,48981
MafA_R1.macs2_peak_13842,Chr17,45320412,45322079,45321245.5,+,1668,245,15,-129473
MafA_R1.macs2_peak_13686,Chr17,30580894,30581742,30581318,+,849,188,2,33836
MafA_R1.macs2_peak_13564,Chr17,27362220,27363588,27362904,+,1369,210,15,-10039
MafA_R1.macs2_peak_14126,Chr17,68917916,68919274,68918595,+,1359,176,25,-225536
MafA_R1.macs2_peak_13737,Chr17,32250087,32251059,32250573,+,973,282,2,2909
MafA_R1.macs2_peak_13379,Chr17,9978654,9979634,9979144,+,981,172,7,15651
MafA_R1.macs2_peak_14309,Chr17,83578827,83579662,83579244.5,+,836,203,6,56532
MafA_R1.macs2_peak_13740,Chr17,32321927,32322572,32322249.5,+,646,164,1,-11852
MafA_R1.macs2_peak_13699,Chr17,30757322,30758710,30758016,+,1389,359,21,37245
MafA_R1.macs2_peak_13251,Chr17,5345329,5346353,5345841,+,1025,391,2,123201
MafA_R1.macs2_peak_14102,Chr17,67493485,67494129,67493807,+,645,285,10,-160577
MafA_R1.macs2_peak_13545,Chr17,26721516,26723714,26722615,+,2199,831,1,4831
MafA_R1.macs2_peak_13811,Chr17,43254030,43254521,43254275.5,+,492,244,2,-66960
MafA_R1.macs2_peak_13665,Chr17,30264106,30264801,30264453.5,+,696,195,1,40440
MafA_R1.macs2_peak_13890,Chr17,47736500,47737216,47736858,+,717,188,3,-4053
MafA_R1.macs2_peak_13670,Chr17,30329083,30330777,30329930,+,1695,412,5,105917
MafA_R1.macs2_peak_13667,Chr17,30290075,30291061,30290568,+,987,202,3,66555
MafA_R1.macs2_peak_13430,Chr17,13713060,13713332,13713196,+,273,297,1,-28522
MafA_R1.macs2_peak_14208,Chr17,73094611,73095387,73094999,+,777,206,1,-48624
MafA_R1.macs2_peak_13508,Chr17,25235045,25235327,25235186,+,283,1314,1,126
MafA_R1.macs2_peak_13871,Chr17,46471132,46471769,46471450.5,+,638,1017,4,-508
MafA_R1.macs2_peak_13742,Chr17,32336601,32337800,32337200.5,+,1200,666,13,-26803
MafA_R1.macs2_peak_14456,Chr17,91003858,91004522,91004190,+,665,142,1,96714
MafA_R1.macs2_peak_13829,Chr17,44263058,44264048,44263553,+,991,312,2,-337
MafA_R1.macs2_peak_13244,Chr17,5252386,5252743,5252564.5,+,358,161,2,207215
MafA_R1.macs2_peak_13517,Chr17,25629720,25630513,25630116.5,+,794,247,2,22641
MafA_R1.macs2_peak_14073,Chr17,66599802,66600481,66600141.5,+,680,231,1,156604
MafA_R1.macs2_peak_14403,Chr17,86631258,86632104,86631681,+,847,429,1,-37075
MafA_R1.macs2_peak_14014,Chr17,63157254,63158867,63158060.5,+,1614,299,1,30252
MafA_R1.macs2_peak_14449,Chr17,90653733,90654969,90654351,+,1237,142,16,108957
MafA_R1.macs2_peak_13914,Chr17,50057450,50058200,50057825,+,751,186,1,135625
MafA_R1.macs2_peak_13466,Chr17,16559787,16560639,16560213,+,853,203,11,-513365
MafA_R1.macs2_peak_14385,Chr17,86188623,86190025,86189324,+,1403,263,2,-193642
MafA_R1.macs2_peak_14305,Chr17,83542377,83544276,83543326.5,+,1900,173,1,20614
MafA_R1.macs2_peak_13671,Chr17,30336941,30337664,30337302.5,+,724,148,2,113289
MafA_R1.macs2_peak_13830,Chr17,44337021,44337933,44337477,+,913,479,10,-52216
MafA_R1.macs2_peak_13211,Chr17,4247064,4248085,4247574.5,+,1022,447,4,-75197
MafA_R1.macs2_peak_13570,Chr17,27437978,27438586,27438282,+,609,133,1,-14870
MafA_R1.macs2_peak_13964,Chr17,56583886,56584440,56584163,+,555,336,1,-396
MafA_R1.macs2_peak_13717,Chr17,31350161,31350727,31350444,+,567,216,3,-1859
MafA_R1.macs2_peak_14007,Chr17,63007770,63008602,63008186,+,833,188,2,180126
MafA_R1.macs2_peak_13812,Chr17,43301081,43302697,43301889,+,1617,457,2,-25557
MafA_R1.macs2_peak_14316,Chr17,83832725,83834279,83833502,+,1555,258,5,-11740
MafA_R1.macs2_peak_14255,Chr17,79662544,79663628,79663086,+,1085,305,8,-566
MafA_R1.macs2_peak_13246,Chr17,5267258,5267962,5267610,+,705,134,9,201432
MafA_R1.macs2_peak_13682,Chr17,30565714,30566731,30566222.5,+,1018,345,3,48932
MafA_R1.macs2_peak_13495,Chr17,24501904,24502689,24502296.5,+,786,197,27,-31913
MafA_R1.macs2_peak_14227,Chr17,74007753,74008716,74008234.5,+,964,266,3,9212
MafA_R1.macs2_peak_13469,Chr17,17644940,17646791,17645865.5,+,1852,313,1,22917
MafA_R1.macs2_peak_13839,Chr17,45124641,45125502,45125071.5,+,862,118,1,443
MafA_R1.macs2_peak_13547,Chr17,26725641,26728435,26727038,+,2795,905,2,408
MafA_R1.macs2_peak_13710,Chr17,31210847,31211116,31210981.5,+,270,120,2,37324
MafA_R1.macs2_peak_13884,Chr17,47450807,47452635,47451721,+,1829,1078,4,-147
MafA_R1.macs2_peak_13834,Chr17,44689236,44689698,44689467,+,463,127,1,190008
MafA_R1.macs2_peak_13747,Chr17,33048743,33049260,33049001.5,+,518,295,6,234
MafA_R1.macs2_peak_14089,Chr17,67027665,67028386,67028025.5,+,722,272,1,6574
MafA_R1.macs2_peak_13552,Chr17,26839782,26841233,26840507.5,+,1452,475,2,-54863
MafA_R1.macs2_peak_13515,Chr17,25441580,25442217,25441898.5,+,638,310,2,342
MafA_R1.macs2_peak_13854,Chr17,46163404,46163859,46163631.5,+,456,108,1,28747
MafA_R1.macs2_peak_14200,Chr17,72596920,72597804,72597362,+,885,99,3,313940
MafA_R1.macs2_peak_14221,Chr17,73517690,73518375,73518032.5,+,686,99,1,103052
MafA_R1.macs2_peak_14452,Chr17,90863556,90864220,90863888,+,665,99,2,-100580
MafA_R1.macs2_peak_13791,Chr17,36308120,36308695,36308407.5,+,576,263,6,3011
MafA_R1.macs2_peak_13256,Chr17,5457041,5458028,5457534.5,+,988,132,3,11508
MafA_R1.macs2_peak_13696,Chr17,30727034,30727641,30727337.5,+,608,132,2,67924
MafA_R1.macs2_peak_14006,Chr17,63005664,63006352,63006008,+,689,110,1,182304
MafA_R1.macs2_peak_13815,Chr17,43379929,43380185,43380057,+,257,114,1,52611
MafA_R1.macs2_peak_13451,Chr17,15573312,15573569,15573440.5,+,258,144,1,1283
MafA_R1.macs2_peak_13902,Chr17,48220290,48220797,48220543.5,+,508,358,3,15014
MafA_R1.macs2_peak_13483,Chr17,22533643,22534182,22533912.5,+,540,254,11,-89
MafA_R1.macs2_peak_13403,Chr17,12211947,12212310,12212128.5,+,364,117,1,-110052
MafA_R1.macs2_peak_13207,Chr17,3400484,3400851,3400667.5,+,368,101,6,23819
MafA_R1.macs2_peak_13235,Chr17,5157610,5158083,5157846.5,+,474,124,3,112497
MafA_R1.macs2_peak_14179,Chr17,71309237,71309896,71309566.5,+,660,622,1,-38
MafA_R1.macs2_peak_14233,Chr17,74504168,74505177,74504672.5,+,1010,200,1,97186
MafA_R1.macs2_peak_13681,Chr17,30527331,30528831,30528081,+,1501,123,1,87073
MafA_R1.macs2_peak_14105,Chr17,67519978,67520483,67520230.5,+,506,123,5,141224
MafA_R1.macs2_peak_14203,Chr17,72640260,72640557,72640408.5,+,298,123,4,270894
MafA_R1.macs2_peak_13885,Chr17,47543986,47544458,47544222,+,473,106,4,3066
MafA_R1.macs2_peak_13757,Chr17,34514815,34515531,34515173,+,717,89,1,-8376
MafA_R1.macs2_peak_13932,Chr17,51611244,51611753,51611498.5,+,510,89,1,26482
MafA_R1.macs2_peak_14231,Chr17,74501806,74502145,74501975.5,+,340,100,1,99883
MafA_R1.macs2_peak_13262,Chr17,5594594,5595084,5594839,+,491,137,6,51964
MafA_R1.macs2_peak_14092,Chr17,67062307,67062751,67062529,+,445,252,4,41078
MafA_R1.macs2_peak_14182,Chr17,71471593,71472692,71472142.5,+,1100,118,2,-18385
MafA_R1.macs2_peak_13222,Chr17,4782999,4783889,4783444,+,891,151,1,98189
MafA_R1.macs2_peak_14398,Chr17,86525042,86525840,86525441,+,799,214,6,50228
MafA_R1.macs2_peak_14178,Chr17,71288393,71288885,71288639,+,493,86,3,8872
MafA_R1.macs2_peak_14350,Chr17,85185513,85186895,85186204,+,1383,205,7,-77965
MafA_R1.macs2_peak_13583,Chr17,27940695,27941286,27940990.5,+,592,152,2,6935
MafA_R1.macs2_peak_13434,Chr17,14056147,14056799,14056473,+,653,99,2,-74808
MafA_R1.macs2_peak_14416,Chr17,87414345,87414678,87414511.5,+,334,386,2,-596
MafA_R1.macs2_peak_13241,Chr17,5229098,5229764,5229431,+,667,91,1,184082
MafA_R1.macs2_peak_13973,Chr17,56691808,56692643,56692225.5,+,836,227,2,33684
MafA_R1.macs2_peak_14414,Chr17,87344187,87344612,87344399.5,+,426,113,1,11410
MafA_R1.macs2_peak_13507,Chr17,25179345,25180058,25179701.5,+,714,649,7,-104
MafA_R1.macs2_peak_14079,Chr17,66743715,66744364,66744039.5,+,650,173,2,12706
MafA_R1.macs2_peak_13859,Chr17,46207179,46208335,46207757,+,1157,328,7,-15379
MafA_R1.macs2_peak_13297,Chr17,6367140,6368117,6367628.5,+,978,258,1,121
MafA_R1.macs2_peak_13301,Chr17,7036890,7037434,7037162,+,545,128,5,13017
MafA_R1.macs2_peak_13956,Chr17,56266147,56266427,56266287,+,281,601,1,100
MafA_R1.macs2_peak_13585,Chr17,27978734,27979384,27979059,+,651,119,3,-29082
MafA_R1.macs2_peak_14442,Chr17,89864482,89864808,89864645,+,327,119,8,177976
MafA_R1.macs2_peak_13454,Chr17,15719661,15720038,15719849.5,+,378,289,1,-301
MafA_R1.macs2_peak_14090,Chr17,67059708,67060017,67059862.5,+,310,99,1,38411
MafA_R1.macs2_peak_13668,Chr17,30303165,30303577,30303371,+,413,80,2,79358
MafA_R1.macs2_peak_13865,Chr17,46284183,46284888,46284535.5,+,706,87,4,51554
MafA_R1.macs2_peak_13431,Chr17,13888887,13889579,13889233,+,693,86,2,-91570
MafA_R1.macs2_peak_13912,Chr17,50029514,50030178,50029846,+,665,93,1,107646
MafA_R1.macs2_peak_14254,Chr17,78994787,78995280,78995033.5,+,494,93,4,48957
MafA_R1.macs2_peak_13421,Chr17,12970032,12970632,12970332,+,601,97,1,10134
MafA_R1.macs2_peak_13499,Chr17,24777984,24778460,24778222,+,477,119,2,9298
MafA_R1.macs2_peak_13512,Chr17,25394033,25394805,25394419,+,773,146,2,187
MafA_R1.macs2_peak_13218,Chr17,4651400,4651671,4651535.5,+,272,96,1,-33720
MafA_R1.macs2_peak_13422,Chr17,12976769,12977991,12977380,+,1223,96,1,11213
MafA_R1.macs2_peak_14397,Chr17,86515637,86516569,86516103,+,933,141,3,40890
MafA_R1.macs2_peak_14011,Chr17,63080620,63081223,63080921.5,+,604,81,2,107391
MafA_R1.macs2_peak_13700,Chr17,30771392,30772764,30772078,+,1373,156,13,23183
MafA_R1.macs2_peak_13470,Chr17,17682370,17682804,17682587,+,435,70,3,59639
MafA_R1.macs2_peak_13933,Chr17,51629082,51629449,51629265.5,+,368,70,2,44249
MafA_R1.macs2_peak_13847,Chr17,45722499,45723884,45723191.5,+,1386,234,1,21442
MafA_R1.macs2_peak_13897,Chr17,48106595,48106975,48106785,+,381,91,3,10116
MafA_R1.macs2_peak_13600,Chr17,28299751,28300470,28300110.5,+,720,185,1,-497
MafA_R1.macs2_peak_13505,Chr17,25153701,25154348,25154024.5,+,648,165,5,1927
MafA_R1.macs2_peak_13587,Chr17,28029032,28029495,28029263.5,+,464,69,1,10253
MafA_R1.macs2_peak_13577,Chr17,27608365,27608820,27608592.5,+,456,119,3,31521
MafA_R1.macs2_peak_13435,Chr17,14087610,14088309,14087959.5,+,700,103,1,-80676
MafA_R1.macs2_peak_13736,Chr17,32223222,32224270,32223746,+,1049,75,3,29736
MafA_R1.macs2_peak_13630,Chr17,29148892,29150442,29149667,+,1551,296,2,11569
MafA_R1.macs2_peak_13827,Chr17,44226927,44227993,44227460,+,1067,92,1,-36430
MafA_R1.macs2_peak_13522,Chr17,25756719,25757076,25756897.5,+,358,88,1,19334
MafA_R1.macs2_peak_14368,Chr17,85702044,85703047,85702545.5,+,1004,85,1,223279
MafA_R1.macs2_peak_14304,Chr17,83521127,83522527,83521827,+,1401,451,1,-885
MafA_R1.macs2_peak_13459,Chr17,15936251,15936765,15936508,+,515,71,2,11279
MafA_R1.macs2_peak_14348,Chr17,85181718,85183015,85182366.5,+,1298,202,4,-81803
MafA_R1.macs2_peak_14347,Chr17,85097992,85098270,85098131,+,279,659,4,83
MafA_R1.macs2_peak_13678,Chr17,30515093,30515769,30515431,+,677,187,1,99723
MafA_R1.macs2_peak_13831,Chr17,44340419,44341016,44340717.5,+,598,80,7,-48976
MafA_R1.macs2_peak_14340,Chr17,84957949,84958696,84958322.5,+,748,156,4,24419
MafA_R1.macs2_peak_13765,Chr17,35384108,35384422,35384265,+,315,428,2,-412
MafA_R1.macs2_peak_13875,Chr17,46739097,46739888,46739492.5,+,792,72,1,-376
MafA_R1.macs2_peak_13226,Chr17,4957455,4957870,4957662.5,+,416,154,1,-87687
MafA_R1.macs2_peak_13364,Chr17,9370880,9371196,9371038,+,317,61,1,15816
MafA_R1.macs2_peak_13380,Chr17,9981295,9981763,9981529,+,469,61,5,13266
MafA_R1.macs2_peak_14096,Chr17,67164733,67165076,67164904.5,+,344,61,2,143453
MafA_R1.macs2_peak_13877,Chr17,47001767,47002751,47002259,+,985,88,19,10153
MafA_R1.macs2_peak_14308,Chr17,83574821,83575497,83575159,+,677,148,6,52447
MafA_R1.macs2_peak_14312,Chr17,83683986,83686275,83685130.5,+,2290,122,1,26770
MafA_R1.macs2_peak_13258,Chr17,5541451,5542087,5541769,+,637,222,1,-1106
MafA_R1.macs2_peak_13401,Chr17,12104606,12105088,12104847,+,483,60,1,-2771
MafA_R1.macs2_peak_13683,Chr17,30573516,30573786,30573651,+,271,79,1,41503
MafA_R1.macs2_peak_13941,Chr17,53935428,53935743,53935585.5,+,316,79,1,44431
MafA_R1.macs2_peak_13836,Chr17,44730411,44731242,44730826.5,+,832,69,7,231367
MafA_R1.macs2_peak_13357,Chr17,9122344,9123121,9122732.5,+,778,62,3,53915
MafA_R1.macs2_peak_13750,Chr17,33170691,33171223,33170957,+,533,180,6,-4622
MafA_R1.macs2_peak_13516,Chr17,25616761,25618125,25617443,+,1365,140,5,27916
MafA_R1.macs2_peak_14460,Chr17,93584802,93586139,93585470.5,+,1338,102,4,78874
MafA_R1.macs2_peak_13514,Chr17,25440894,25441276,25441085,+,383,267,2,-471
MafA_R1.macs2_peak_13284,Chr17,5880298,5880756,5880527,+,459,125,8,-11072
MafA_R1.macs2_peak_13479,Chr17,22066041,22066307,22066174,+,267,61,1,-1434
MafA_R1.macs2_peak_13900,Chr17,48184327,48184843,48184585,+,517,148,5,-38969
MafA_R1.macs2_peak_13862,Chr17,46259159,46259744,46259451.5,+,586,86,1,-67073
MafA_R1.macs2_peak_13712,Chr17,31285826,31286617,31286221.5,+,792,109,8,9553
MafA_R1.macs2_peak_13397,Chr17,11058821,11060187,11059504,+,1367,389,4,258
MafA_R1.macs2_peak_13245,Chr17,5263298,5263988,5263643,+,691,65,8,205399
MafA_R1.macs2_peak_13755,Chr17,34320412,34320793,34320602.5,+,382,68,7,-6319
MafA_R1.macs2_peak_13809,Chr17,42914094,42914418,42914256,+,325,71,5,7948
MafA_R1.macs2_peak_14078,Chr17,66733974,66734468,66734221,+,495,71,5,22524
MafA_R1.macs2_peak_13254,Chr17,5380836,5381525,5381180.5,+,690,94,1,87862
MafA_R1.macs2_peak_13845,Chr17,45640146,45640637,45640391.5,+,492,94,2,104242
MafA_R1.macs2_peak_14113,Chr17,67697515,67698303,67697909,+,789,94,4,-36423
MafA_R1.macs2_peak_13255,Chr17,5452745,5453093,5452919,+,349,141,1,16123
MafA_R1.macs2_peak_14049,Chr17,64906889,64907849,64907369,+,961,165,2,-1275
MafA_R1.macs2_peak_14349,Chr17,85184577,85184939,85184758,+,363,87,1,-79411
MafA_R1.macs2_peak_13837,Chr17,45087547,45087941,45087744,+,395,127,11,-309
MafA_R1.macs2_peak_13949,Chr17,55824329,55824715,55824522,+,387,52,3,72139
MafA_R1.macs2_peak_14074,Chr17,66620220,66620596,66620408,+,377,52,1,136337
MafA_R1.macs2_peak_14091,Chr17,67061176,67061919,67061547.5,+,744,99,9,40096
MafA_R1.macs2_peak_13511,Chr17,25354573,25355251,25354912,+,679,79,6,-693
MafA_R1.macs2_peak_13762,Chr17,35161993,35162488,35162240.5,+,496,76,6,7744
MafA_R1.macs2_peak_13726,Chr17,31738529,31738959,31738744,+,431,258,1,-345
MafA_R1.macs2_peak_13911,Chr17,49988488,49988773,49988630.5,+,286,57,2,66430
MafA_R1.macs2_peak_14408,Chr17,86763925,86764252,86764088.5,+,328,57,4,-169482
MafA_R1.macs2_peak_14396,Chr17,86492202,86492773,86492487.5,+,572,134,1,17274
MafA_R1.macs2_peak_13467,Chr17,17613226,17614970,17614098,+,1745,110,11,-8850
MafA_R1.macs2_peak_14050,Chr17,64926241,64926571,64926406,+,331,56,2,17762
MafA_R1.macs2_peak_13898,Chr17,48116139,48116402,48116270.5,+,264,56,3,19601
MafA_R1.macs2_peak_13799,Chr17,37211567,37212091,37211829,+,525,68,3,2807
MafA_R1.macs2_peak_13471,Chr17,17844959,17845630,17845294.5,+,672,494,5,-543
MafA_R1.macs2_peak_13882,Chr17,47282025,47282551,47282288,+,527,80,3,39170
MafA_R1.macs2_peak_13841,Chr17,45290504,45290856,45290680,+,353,49,1,-98908
MafA_R1.macs2_peak_14209,Chr17,73120490,73121001,73120745.5,+,512,76,1,-22878
MafA_R1.macs2_peak_13774,Chr17,35946355,35946952,35946653.5,+,598,94,6,7934
MafA_R1.macs2_peak_14410,Chr17,86853936,86854387,86854161.5,+,452,60,1,-207131
MafA_R1.macs2_peak_13445,Chr17,15288295,15288639,15288467,+,345,51,1,26565
MafA_R1.macs2_peak_13588,Chr17,28044768,28045467,28045117.5,+,700,143,1,-5601
MafA_R1.macs2_peak_13889,Chr17,47706505,47706754,47706629.5,+,250,68,1,4902
MafA_R1.macs2_peak_13673,Chr17,30407548,30407936,30407742,+,389,71,3,183729
MafA_R1.macs2_peak_14253,Chr17,78707503,78708126,78707814.5,+,624,71,2,17767
MafA_R1.macs2_peak_13853,Chr17,46006157,46006612,46006384.5,+,456,80,5,9109
MafA_R1.macs2_peak_13482,Chr17,22444431,22444956,22444693.5,+,526,152,4,-98
MafA_R1.macs2_peak_13565,Chr17,27366048,27366363,27366205.5,+,316,52,2,-13340
MafA_R1.macs2_peak_13538,Chr17,26443965,26444983,26444474,+,1019,128,2,18742
MafA_R1.macs2_peak_13231,Chr17,5064283,5064815,5064549,+,533,44,5,19200
MafA_R1.macs2_peak_14052,Chr17,64990989,64991481,64991235,+,493,44,14,82591
MafA_R1.macs2_peak_14307,Chr17,83553284,83554020,83553652,+,737,44,1,30940
MafA_R1.macs2_peak_14088,Chr17,67025311,67025560,67025435.5,+,250,46,1,3984
MafA_R1.macs2_peak_13623,Chr17,28909917,28910197,28910057,+,281,278,1,-259
MafA_R1.macs2_peak_13411,Chr17,12418933,12419410,12419171.5,+,478,60,1,81000
MafA_R1.macs2_peak_14237,Chr17,74623486,74623747,74623616.5,+,262,245,1,-188
MafA_R1.macs2_peak_13412,Chr17,12449313,12449559,12449436,+,247,49,1,88111
MafA_R1.macs2_peak_13248,Chr17,5312063,5312612,5312337.5,+,550,101,2,156705
MafA_R1.macs2_peak_14355,Chr17,85264225,85265013,85264619,+,789,491,3,232
MafA_R1.macs2_peak_13697,Chr17,30748943,30749211,30749077,+,269,48,4,46184
MafA_R1.macs2_peak_14106,Chr17,67531631,67532013,67531822,+,383,48,7,129632
MafA_R1.macs2_peak_14107,Chr17,67549582,67550135,67549858.5,+,554,48,5,111596
MafA_R1.macs2_peak_13764,Chr17,35266883,35267505,35267194,+,623,174,6,-1473
MafA_R1.macs2_peak_13776,Chr17,36015648,36015945,36015796.5,+,298,238,1,-305
MafA_R1.macs2_peak_13441,Chr17,14423836,14424571,14424203.5,+,736,166,2,-110
MafA_R1.macs2_peak_13961,Chr17,56540481,56541585,56541033,+,1105,147,3,-7683
MafA_R1.macs2_peak_14187,Chr17,71833393,71834429,71833911,+,1037,198,2,-59
MafA_R1.macs2_peak_13572,Chr17,27469386,27469681,27469533.5,+,296,72,1,-2493
MafA_R1.macs2_peak_13784,Chr17,36140586,36141138,36140862,+,553,72,1,6613
MafA_R1.macs2_peak_13440,Chr17,14412879,14413452,14413165.5,+,574,69,5,10928
MafA_R1.macs2_peak_13916,Chr17,50355151,50355780,50355465.5,+,630,80,6,142060
MafA_R1.macs2_peak_13783,Chr17,36133643,36134355,36133999,+,713,190,2,-250
MafA_R1.macs2_peak_14422,Chr17,87702836,87703140,87702988,+,305,41,2,32181
MafA_R1.macs2_peak_13965,Chr17,56598357,56598629,56598493,+,273,106,1,-982
MafA_R1.macs2_peak_14345,Chr17,85047657,85047935,85047796,+,279,41,1,50418
MafA_R1.macs2_peak_14446,Chr17,90394237,90395000,90394618.5,+,764,51,1,1178
MafA_R1.macs2_peak_14055,Chr17,65920417,65921578,65920997.5,+,1162,582,2,-447
MafA_R1.macs2_peak_13919,Chr17,50479880,50480383,50480131.5,+,504,43,1,17394
MafA_R1.macs2_peak_13672,Chr17,30379935,30380400,30380167.5,+,466,45,1,156154
MafA_R1.macs2_peak_13754,Chr17,34187729,34188050,34187889.5,+,322,195,1,9876
MafA_R1.macs2_peak_14118,Chr17,68003922,68004559,68004240.5,+,638,119,1,-20
MafA_R1.macs2_peak_13879,Chr17,47143655,47143968,47143811.5,+,314,36,2,-1472
MafA_R1.macs2_peak_14302,Chr17,83372676,83373261,83372968.5,+,586,36,3,12686
MafA_R1.macs2_peak_13510,Chr17,25345981,25346339,25346160,+,359,48,9,-6205
MafA_R1.macs2_peak_13676,Chr17,30489774,30490493,30490133.5,+,720,48,2,125021
MafA_R1.macs2_peak_13690,Chr17,30655237,30655550,30655393.5,+,314,48,1,-40239
MafA_R1.macs2_peak_13756,Chr17,34457408,34457896,34457652,+,489,41,6,-227
MafA_R1.macs2_peak_14103,Chr17,67507855,67508194,67508024.5,+,340,40,1,153430
MafA_R1.macs2_peak_14005,Chr17,62962624,62963202,62962913,+,579,66,1,225399
MafA_R1.macs2_peak_13763,Chr17,35171606,35171949,35171777.5,+,344,208,5,-330
MafA_R1.macs2_peak_13866,Chr17,46305318,46306221,46305769.5,+,904,110,6,30320
MafA_R1.macs2_peak_13792,Chr17,36353618,36354072,36353845,+,455,84,15,-8
MafA_R1.macs2_peak_13856,Chr17,46182749,46184822,46183785.5,+,2074,147,8,8593
MafA_R1.macs2_peak_13797,Chr17,37136725,37137327,37137026,+,603,75,14,-11012
MafA_R1.macs2_peak_14392,Chr17,86443143,86443747,86443445,+,605,66,1,9158
MafA_R1.macs2_peak_13894,Chr17,47911034,47911647,47911340.5,+,614,46,6,6948
MafA_R1.macs2_peak_14226,Chr17,74006883,74007383,74007133,+,501,46,1,10313
MafA_R1.macs2_peak_13480,Chr17,22128443,22128947,22128695,+,505,103,1,212
MafA_R1.macs2_peak_13896,Chr17,48104573,48104874,48104723.5,+,302,50,2,8054
MafA_R1.macs2_peak_13417,Chr17,12843954,12844291,12844122.5,+,338,38,1,41046
MafA_R1.macs2_peak_13502,Chr17,25068878,25069711,25069294.5,+,834,377,5,-18
MafA_R1.macs2_peak_13424,Chr17,13179334,13179583,13179458.5,+,250,245,2,154
MafA_R1.macs2_peak_13881,Chr17,47244205,47244514,47244359.5,+,310,50,6,22955
MafA_R1.macs2_peak_14384,Chr17,86165491,86166082,86165786.5,+,592,50,1,-170104
MafA_R1.macs2_peak_13491,Chr17,24349011,24349275,24349143,+,265,35,1,11425
MafA_R1.macs2_peak_13267,Chr17,5634003,5634254,5634128.5,+,252,41,2,91253
MafA_R1.macs2_peak_13358,Chr17,9123568,9124023,9123795.5,+,456,41,1,54978
MafA_R1.macs2_peak_14454,Chr17,90935799,90936426,90936112.5,+,628,41,1,164792
MafA_R1.macs2_peak_13234,Chr17,5140061,5141309,5140685,+,1249,69,2,95336
MafA_R1.macs2_peak_13876,Chr17,46863947,46864215,46864081,+,269,253,1,734
MafA_R1.macs2_peak_13219,Chr17,4669170,4669481,4669325.5,+,312,60,2,-15930
MafA_R1.macs2_peak_13868,Chr17,46325459,46326483,46325971,+,1025,60,5,10118
MafA_R1.macs2_peak_14202,Chr17,72639654,72639983,72639818.5,+,330,38,3,271484
MafA_R1.macs2_peak_13225,Chr17,4828380,4828875,4828627.5,+,496,47,2,143372
MafA_R1.macs2_peak_14015,Chr17,63169368,63170027,63169697.5,+,660,33,1,18615
MafA_R1.macs2_peak_14204,Chr17,72643535,72643888,72643711.5,+,354,33,3,267591
MafA_R1.macs2_peak_13816,Chr17,43387591,43388590,43388090.5,+,1000,51,1,60644
MafA_R1.macs2_peak_13844,Chr17,45506927,45507210,45507068.5,+,284,28,2,237526
MafA_R1.macs2_peak_14399,Chr17,86567445,86567744,86567594.5,+,300,28,1,27012
MafA_R1.macs2_peak_13780,Chr17,36060976,36061302,36061139,+,327,63,1,-22203
MafA_R1.macs2_peak_13814,Chr17,43327431,43327747,43327589,+,317,151,1,143
MafA_R1.macs2_peak_13886,Chr17,47605005,47605287,47605146,+,283,32,2,63990
MafA_R1.macs2_peak_14412,Chr17,87263741,87264049,87263895,+,309,32,7,-6644
MafA_R1.macs2_peak_13768,Chr17,35473948,35474245,35474096.5,+,298,44,2,3831
MafA_R1.macs2_peak_14010,Chr17,63055526,63056359,63055942.5,+,834,39,4,132370
MafA_R1.macs2_peak_13494,Chr17,24439885,24440333,24440109,+,449,100,4,-284
MafA_R1.macs2_peak_13624,Chr17,28916280,28917777,28917028.5,+,1498,62,3,5486
MafA_R1.macs2_peak_13439,Chr17,14408088,14408596,14408342,+,509,64,1,15751
MafA_R1.macs2_peak_13846,Chr17,45648808,45649409,45649108.5,+,602,43,5,95525
MafA_R1.macs2_peak_14207,Chr17,72911364,72912242,72911803,+,879,105,5,-501
MafA_R1.macs2_peak_13544,Chr17,26706059,26706506,26706282.5,+,448,54,2,21164
MafA_R1.macs2_peak_13490,Chr17,23990851,23991189,23991020,+,339,85,1,-444
MafA_R1.macs2_peak_13237,Chr17,5188984,5190008,5189496,+,1025,96,3,144147
MafA_R1.macs2_peak_14205,Chr17,72644419,72644802,72644610.5,+,384,35,1,266692
MafA_R1.macs2_peak_13443,Chr17,14773253,14773572,14773412.5,+,320,26,4,141112
MafA_R1.macs2_peak_13820,Chr17,43650096,43650430,43650263,+,335,26,2,-21059
MafA_R1.macs2_peak_13261,Chr17,5589291,5590093,5589692,+,803,45,1,46817
MafA_R1.macs2_peak_13835,Chr17,44708236,44708616,44708426,+,381,45,7,208967
MafA_R1.macs2_peak_13855,Chr17,46181864,46182180,46182022,+,317,45,1,10356
MafA_R1.macs2_peak_14415,Chr17,87412153,87412976,87412564.5,+,824,46,1,-2543
MafA_R1.macs2_peak_13209,Chr17,3969900,3970160,3970030,+,261,27,2,163240
MafA_R1.macs2_peak_13243,Chr17,5245928,5246682,5246305,+,755,37,3,200956
MafA_R1.macs2_peak_13497,Chr17,24752468,24753002,24752735,+,535,50,3,-14
MafA_R1.macs2_peak_13685,Chr17,30579881,30580144,30580012.5,+,264,26,1,35142
MafA_R1.macs2_peak_13948,Chr17,55786322,55786579,55786450.5,+,258,26,1,34067
MafA_R1.macs2_peak_14315,Chr17,83815287,83816227,83815757,+,941,32,3,6005
MafA_R1.macs2_peak_14447,Chr17,90395351,90396488,90395919.5,+,1138,108,1,-123
MafA_R1.macs2_peak_13410,Chr17,12406506,12407923,12407214.5,+,1418,96,4,69043
MafA_R1.macs2_peak_13858,Chr17,46206167,46206457,46206312,+,291,34,7,-13934
MafA_R1.macs2_peak_13867,Chr17,46309196,46309609,46309402.5,+,414,50,3,26687
MafA_R1.macs2_peak_14444,Chr17,89961537,89962669,89962103,+,1133,50,4,275434
MafA_R1.macs2_peak_13239,Chr17,5204297,5204574,5204435.5,+,278,25,3,159086
MafA_R1.macs2_peak_13753,Chr17,34138635,34139875,34139255,+,1241,214,1,803
MafA_R1.macs2_peak_13594,Chr17,28169430,28169738,28169584,+,309,27,2,41304
MafA_R1.macs2_peak_13481,Chr17,22384688,22385173,22384930.5,+,486,76,3,28
MafA_R1.macs2_peak_13500,Chr17,24964447,24965394,24964920.5,+,948,39,6,-7042
MafA_R1.macs2_peak_14409,Chr17,86772353,86772721,86772537,+,369,39,2,-177931
MafA_R1.macs2_peak_13692,Chr17,30683151,30683470,30683310.5,+,320,29,1,-68156
MafA_R1.macs2_peak_13679,Chr17,30520208,30520564,30520386,+,357,64,1,94768
MafA_R1.macs2_peak_14376,Chr17,85971933,85972512,85972222.5,+,580,64,1,23460
MafA_R1.macs2_peak_13442,Chr17,14438469,14438753,14438611,+,285,25,6,-14518
MafA_R1.macs2_peak_13874,Chr17,46638690,46639257,46638973.5,+,568,105,3,-24
MafA_R1.macs2_peak_14386,Chr17,86202945,86203249,86203097,+,305,28,4,-207415
MafA_R1.macs2_peak_14448,Chr17,90449260,90449556,90449408,+,297,28,6,-53612
MafA_R1.macs2_peak_13236,Chr17,5186769,5187072,5186920.5,+,304,30,3,141571
MafA_R1.macs2_peak_13629,Chr17,29123683,29124114,29123898.5,+,432,30,10,-341
MafA_R1.macs2_peak_13733,Chr17,32012636,32013185,32012910.5,+,550,42,1,61868
MafA_R1.macs2_peak_13738,Chr17,32294137,32294657,32294397,+,521,42,1,16000
MafA_R1.macs2_peak_14453,Chr17,90891744,90892475,90892109.5,+,732,42,2,-128801
MafA_R1.macs2_peak_13518,Chr17,25642884,25643874,25643379,+,991,97,5,9378
MafA_R1.macs2_peak_13563,Chr17,27349088,27349707,27349397.5,+,620,56,11,3468
MafA_R1.macs2_peak_13852,Chr17,45940759,45942099,45941429,+,1341,56,8,-28401
MafA_R1.macs2_peak_13506,Chr17,25172224,25172745,25172484.5,+,522,45,6,7113
MafA_R1.macs2_peak_13775,Chr17,36011068,36011320,36011194,+,253,91,2,288
MafA_R1.macs2_peak_13416,Chr17,12814763,12815306,12815034.5,+,544,31,3,11958
MafA_R1.macs2_peak_13598,Chr17,28213149,28214031,28213590,+,883,31,2,85310
MafA_R1.macs2_peak_13883,Chr17,47321766,47322030,47321898,+,265,65,2,-440
MafA_R1.macs2_peak_13590,Chr17,28127920,28128191,28128055.5,+,272,123,1,161
MafA_R1.macs2_peak_13851,Chr17,45907378,45908166,45907772,+,789,62,8,-944
MafA_R1.macs2_peak_13493,Chr17,24424667,24425785,24425226,+,1119,109,3,-690
MafA_R1.macs2_peak_13593,Chr17,28164645,28165064,28164854.5,+,420,33,1,36574
MafA_R1.macs2_peak_13888,Chr17,47697786,47698077,47697931.5,+,292,33,1,1613
MafA_R1.macs2_peak_13920,Chr17,50497438,50498047,50497742.5,+,610,33,1,-217
MafA_R1.macs2_peak_13305,Chr17,7075868,7076341,7076104.5,+,474,21,1,-25925
MafA_R1.macs2_peak_14062,Chr17,66192123,66192369,66192246,+,247,131,1,-328
MafA_R1.macs2_peak_13796,Chr17,37034334,37034595,37034464.5,+,262,20,6,-49338
MafA_R1.macs2_peak_13752,Chr17,33979011,33979261,33979136,+,251,159,1,324
MafA_R1.macs2_peak_13438,Chr17,14393711,14393994,14393852.5,+,284,30,3,30241
MafA_R1.macs2_peak_13498,Chr17,24767677,24769689,24768683,+,2013,187,4,-241
MafA_R1.macs2_peak_13857,Chr17,46194959,46195371,46195165,+,413,57,7,-2787
MafA_R1.macs2_peak_14225,Chr17,73993365,73993814,73993589.5,+,450,39,2,23857
MafA_R1.macs2_peak_14388,Chr17,86347583,86347976,86347779.5,+,394,42,1,104824
MafA_R1.macs2_peak_13907,Chr17,48350568,48350985,48350776.5,+,418,38,3,-1674
MafA_R1.macs2_peak_13849,Chr17,45817062,45817326,45817194,+,265,27,1,-564
MafA_R1.macs2_peak_14104,Chr17,67513588,67514013,67513800.5,+,426,25,10,147654
MafA_R1.macs2_peak_13425,Chr17,13210806,13211806,13211306,+,1001,146,2,120
MafA_R1.macs2_peak_13247,Chr17,5271334,5271846,5271590,+,513,28,1,197452
MafA_R1.macs2_peak_13819,Chr17,43576032,43576638,43576335,+,607,28,5,-4903
MafA_R1.macs2_peak_13863,Chr17,46268936,46269846,46269391,+,911,28,8,66698
MafA_R1.macs2_peak_13779,Chr17,36048663,36049290,36048976.5,+,628,31,3,-33485
MafA_R1.macs2_peak_13903,Chr17,48235798,48236079,48235938.5,+,282,74,5,-381
MafA_R1.macs2_peak_13519,Chr17,25661747,25662356,25662051.5,+,610,43,1,-9294
MafA_R1.macs2_peak_13509,Chr17,25334728,25334975,25334851.5,+,248,84,2,28
MafA_R1.macs2_peak_13895,Chr17,47940188,47940740,47940464,+,553,211,5,-1151
MafA_R1.macs2_peak_13307,Chr17,7094865,7095699,7095282,+,835,114,2,-45103
MafA_R1.macs2_peak_13521,Chr17,25693532,25693790,25693661,+,259,86,2,3097
MafA_R1.macs2_peak_13496,Chr17,24632984,24633554,24633269,+,571,78,17,218
MafA_R1.macs2_peak_14013,Chr17,63107863,63108214,63108038.5,+,352,20,1,80274
MafA_R1.macs2_peak_13909,Chr17,48750141,48750499,48750320,+,359,23,2,8209
MafA_R1.macs2_peak_13423,Chr17,13011258,13011891,13011574.5,+,634,41,1,-22981
MafA_R1.macs2_peak_13880,Chr17,47168848,47169331,47169089.5,+,484,64,2,-26750
MafA_R1.macs2_peak_13869,Chr17,46343366,46343745,46343555.5,+,380,112,1,-252
MafA_R1.macs2_peak_14394,Chr17,86469306,86469758,86469532,+,453,30,1,-5681
MafA_R1.macs2_peak_13769,Chr17,35477072,35477644,35477358,+,573,32,12,-4712
MafA_R1.macs2_peak_13751,Chr17,33938111,33938574,33938342.5,+,464,23,2,-691
MafA_R1.macs2_peak_13878,Chr17,47093707,47094041,47093874,+,335,61,2,-292
MafA_R1.macs2_peak_14395,Chr17,86474463,86474829,86474646,+,367,90,1,-567
MafA_R1.macs2_peak_13743,Chr17,32608283,32608901,32608592,+,619,46,1,-179
MafA_R1.macs2_peak_13850,Chr17,45859313,45859570,45859441.5,+,258,30,2,1162
MafA_R1.macs2_peak_13761,Chr17,35056808,35057280,35057044,+,473,39,1,1049
MafA_R1.macs2_peak_13794,Chr17,36582084,36582770,36582427,+,687,100,1,-102
MafA_R1.macs2_peak_14228,Chr17,74016785,74017534,74017159.5,+,750,42,1,287
MafA_R1.macs2_peak_14211,Chr17,73143056,73143924,73143490,+,869,81,2,-133
MafA_R1.macs2_peak_13848,Chr17,45744782,45745072,45744927,+,291,66,5,170
MafA_R1.macs2_peak_14234,Chr17,74600870,74601683,74601276.5,+,814,33,1,582
MafA_R1.macs2_peak_13767,Chr17,35460473,35461007,35460740,+,535,28,5,18
MafA_R1.macs2_peak_15430,Chr18,68367087,68368462,68367774.5,+,1376,2549,7,6757
MafA_R1.macs2_peak_15370,Chr18,64853834,64856257,64855045.5,+,2424,4210,15,-60974
MafA_R1.macs2_peak_15554,Chr18,78534112,78536060,78535086,+,1949,1834,5,105079
MafA_R1.macs2_peak_15067,Chr18,43008852,43011594,43010223,+,2743,2981,4,22348
MafA_R1.macs2_peak_15602,Chr18,82194920,82196574,82195747,+,1655,2766,26,-160452
MafA_R1.macs2_peak_15377,Chr18,65124197,65124809,65124503,+,613,2668,1,-32095
MafA_R1.macs2_peak_15373,Chr18,64982929,64984541,64983735,+,1613,1033,10,-37092
MafA_R1.macs2_peak_14588,Chr18,13358089,13359929,13359009,+,1841,1219,2,218962
MafA_R1.macs2_peak_15223,Chr18,55473078,55474469,55473773.5,+,1392,907,1,-348110
MafA_R1.macs2_peak_15103,Chr18,44930714,44931810,44931262,+,1097,1014,1,13987
MafA_R1.macs2_peak_15390,Chr18,66210841,66211750,66211295.5,+,910,554,7,-75589
MafA_R1.macs2_peak_15108,Chr18,45255543,45256792,45256167.5,+,1250,558,2,-145759
MafA_R1.macs2_peak_15317,Chr18,61746844,61748077,61747460.5,+,1234,790,1,-25264
MafA_R1.macs2_peak_15410,Chr18,67901001,67901871,67901436,+,871,611,1,-6510
MafA_R1.macs2_peak_15488,Chr18,74147292,74148544,74147918,+,1253,710,10,-3060
MafA_R1.macs2_peak_15273,Chr18,57382733,57383794,57383263.5,+,1062,847,14,-104542
MafA_R1.macs2_peak_15500,Chr18,75148494,75149431,75148962.5,+,938,634,5,-2873
MafA_R1.macs2_peak_15536,Chr18,77879347,77880167,77879757,+,821,632,1,-2493
MafA_R1.macs2_peak_15290,Chr18,58801178,58802256,58801717,+,1079,489,4,9163
MafA_R1.macs2_peak_15475,Chr18,73192395,73193572,73192983.5,+,1178,520,7,-512793
MafA_R1.macs2_peak_14773,Chr18,30444658,30445552,30445105,+,895,541,5,39187
MafA_R1.macs2_peak_15246,Chr18,56172908,56174329,56173618.5,+,1422,442,2,-359794
MafA_R1.macs2_peak_15222,Chr18,55381077,55382152,55381614.5,+,1076,490,7,-255951
MafA_R1.macs2_peak_15144,Chr18,49395713,49396559,49396136,+,847,453,5,-260220
MafA_R1.macs2_peak_14863,Chr18,35441402,35443046,35442224,+,1645,609,1,-94147
MafA_R1.macs2_peak_14964,Chr18,38464180,38465076,38464628,+,897,404,7,7418
MafA_R1.macs2_peak_14967,Chr18,38481392,38484178,38482785,+,2787,950,7,-10739
MafA_R1.macs2_peak_15084,Chr18,43411946,43414677,43413311.5,+,2732,1149,3,72549
MafA_R1.macs2_peak_14854,Chr18,34824594,34825539,34825066.5,+,946,410,4,28374
MafA_R1.macs2_peak_15053,Chr18,42687154,42688228,42687691,+,1075,339,3,25026
MafA_R1.macs2_peak_15100,Chr18,44857213,44858318,44857765.5,+,1106,412,4,-62432
MafA_R1.macs2_peak_15236,Chr18,55679922,55681345,55680633.5,+,1424,624,2,-554970
MafA_R1.macs2_peak_14982,Chr18,38999738,39000867,39000302.5,+,1130,650,2,-25207
MafA_R1.macs2_peak_15619,Chr18,82735154,82737580,82736367,+,2427,621,4,-2039
MafA_R1.macs2_peak_15482,Chr18,74005235,74006083,74005659,+,849,387,9,8993
MafA_R1.macs2_peak_15303,Chr18,61058239,61058980,61058609.5,+,742,412,1,-95
MafA_R1.macs2_peak_15473,Chr18,72858801,72860999,72859900,+,2199,300,1,-375760
MafA_R1.macs2_peak_15507,Chr18,75377841,75378786,75378313.5,+,946,410,7,52075
MafA_R1.macs2_peak_15487,Chr18,74144283,74145138,74144710.5,+,856,638,3,-6268
MafA_R1.macs2_peak_14598,Chr18,13897600,13898731,13898165.5,+,1132,323,1,207625
MafA_R1.macs2_peak_15481,Chr18,73996268,73997328,73996798,+,1061,615,1,132
MafA_R1.macs2_peak_15276,Chr18,57519586,57521173,57520379.5,+,1588,501,5,-18108
MafA_R1.macs2_peak_14749,Chr18,25816939,25818488,25817713.5,+,1550,441,3,-4908
MafA_R1.macs2_peak_15112,Chr18,46031262,46031846,46031554,+,585,378,2,146773
MafA_R1.macs2_peak_15241,Chr18,55756467,55757605,55757036,+,1139,378,2,-631373
MafA_R1.macs2_peak_15474,Chr18,73021230,73022656,73021943,+,1427,645,1,-537803
MafA_R1.macs2_peak_15678,Chr18,85508161,85509125,85508643,+,965,275,3,538402
MafA_R1.macs2_peak_14670,Chr18,22073066,22074657,22073861.5,+,1592,530,2,230592
MafA_R1.macs2_peak_15219,Chr18,55173486,55174592,55174039,+,1107,519,7,-48376
MafA_R1.macs2_peak_14732,Chr18,25645209,25646212,25645710.5,+,1004,415,4,167095
MafA_R1.macs2_peak_14594,Chr18,13569249,13570140,13569694.5,+,892,364,1,429647
MafA_R1.macs2_peak_14566,Chr18,11943646,11944446,11944046,+,801,368,4,-28285
MafA_R1.macs2_peak_14662,Chr18,21831788,21832680,21832234,+,893,368,3,-44164
MafA_R1.macs2_peak_15538,Chr18,77908165,77908779,77908472,+,615,303,1,-24382
MafA_R1.macs2_peak_15364,Chr18,64813540,64814377,64813958.5,+,838,341,1,-19887
MafA_R1.macs2_peak_15313,Chr18,61637590,61639116,61638353,+,1527,464,2,-20675
MafA_R1.macs2_peak_14622,Chr18,16841005,16843151,16842078,+,2147,323,6,100225
MafA_R1.macs2_peak_15427,Chr18,68290084,68291548,68290816,+,1465,442,8,-70201
MafA_R1.macs2_peak_15497,Chr18,75124026,75124351,75124188.5,+,326,297,1,-9360
MafA_R1.macs2_peak_14569,Chr18,11993273,11993871,11993572,+,599,267,1,-20077
MafA_R1.macs2_peak_15409,Chr18,67878636,67879662,67879149,+,1027,308,2,-21458
MafA_R1.macs2_peak_14819,Chr18,33596001,33597760,33596880.5,+,1760,1124,3,-128
MafA_R1.macs2_peak_15212,Chr18,55073363,55075224,55074293.5,+,1862,338,1,48959
MafA_R1.macs2_peak_14843,Chr18,34249127,34251597,34250362,+,2471,385,1,-103675
MafA_R1.macs2_peak_15369,Chr18,64832690,64833913,64833301.5,+,1224,536,11,-39230
MafA_R1.macs2_peak_15230,Chr18,55590266,55591835,55591050.5,+,1570,419,1,-465387
MafA_R1.macs2_peak_15002,Chr18,39388137,39389136,39388636.5,+,1000,201,2,233696
MafA_R1.macs2_peak_15059,Chr18,42920580,42921407,42920993.5,+,828,295,1,111578
MafA_R1.macs2_peak_15553,Chr18,78531805,78532831,78532318,+,1027,527,2,107847
MafA_R1.macs2_peak_14682,Chr18,22782430,22783216,22782823,+,787,265,1,304677
MafA_R1.macs2_peak_14776,Chr18,30651740,30652738,30652239,+,999,197,2,246321
MafA_R1.macs2_peak_15547,Chr18,78342562,78343472,78343017,+,911,296,1,-93362
MafA_R1.macs2_peak_15545,Chr18,78221807,78222432,78222119.5,+,626,227,2,268
MafA_R1.macs2_peak_15367,Chr18,64817741,64818939,64818340,+,1199,359,3,-24269
MafA_R1.macs2_peak_14812,Chr18,33251499,33252519,33252009,+,1021,391,8,94906
MafA_R1.macs2_peak_14998,Chr18,39357547,39358401,39357974,+,855,245,1,231776
MafA_R1.macs2_peak_14623,Chr18,16852144,16852662,16852403,+,519,213,1,89900
MafA_R1.macs2_peak_14945,Chr18,38200664,38201545,38201104.5,+,882,244,1,-69082
MafA_R1.macs2_peak_14608,Chr18,15170936,15171757,15171346.5,+,822,217,3,25293
MafA_R1.macs2_peak_15677,Chr18,85496787,85497625,85497206,+,839,248,1,526965
MafA_R1.macs2_peak_15072,Chr18,43048556,43049068,43048812,+,513,157,2,-16241
MafA_R1.macs2_peak_15228,Chr18,55545493,55546219,55545856,+,727,265,4,-420193
MafA_R1.macs2_peak_15233,Chr18,55617910,55619466,55618688,+,1557,265,19,-493025
MafA_R1.macs2_peak_15209,Chr18,55044048,55045853,55044950.5,+,1806,297,1,78302
MafA_R1.macs2_peak_15429,Chr18,68347609,68349175,68348392,+,1567,425,8,-12625
MafA_R1.macs2_peak_15047,Chr18,42299278,42300140,42299709,+,863,150,1,30065
MafA_R1.macs2_peak_15620,Chr18,82751108,82751768,82751438,+,661,169,1,13032
MafA_R1.macs2_peak_15470,Chr18,72808463,72809589,72809026,+,1127,308,8,-324886
MafA_R1.macs2_peak_14621,Chr18,16833649,16834939,16834294,+,1291,287,12,108009
MafA_R1.macs2_peak_15680,Chr18,85980393,85980805,85980599,+,413,142,4,-432478
MafA_R1.macs2_peak_15627,Chr18,82816615,82817390,82817002.5,+,776,494,3,-39838
MafA_R1.macs2_peak_15570,Chr18,79152434,79153655,79153044.5,+,1222,1010,1,-438
MafA_R1.macs2_peak_15229,Chr18,55548635,55549014,55548824.5,+,380,213,3,-423161
MafA_R1.macs2_peak_15312,Chr18,61633690,61634390,61634040,+,701,181,3,-16362
MafA_R1.macs2_peak_15472,Chr18,72857944,72858466,72858205,+,523,181,1,-374065
MafA_R1.macs2_peak_14757,Chr18,27749639,27750695,27750167,+,1057,150,1,-943050
MafA_R1.macs2_peak_15477,Chr18,73255073,73256541,73255807,+,1469,368,8,-449969
MafA_R1.macs2_peak_15134,Chr18,47990319,47991741,47991030,+,1423,171,13,-64878
MafA_R1.macs2_peak_14974,Chr18,38603802,38605526,38604664,+,1725,280,6,52704
MafA_R1.macs2_peak_15237,Chr18,55681606,55683611,55682608.5,+,2006,425,6,-556945
MafA_R1.macs2_peak_15096,Chr18,44686309,44687650,44686979.5,+,1342,359,5,-107753
MafA_R1.macs2_peak_14751,Chr18,26148330,26148783,26148556.5,+,454,273,5,-261342
MafA_R1.macs2_peak_15294,Chr18,60624277,60625343,60624810,+,1067,145,2,10245
MafA_R1.macs2_peak_15381,Chr18,65369676,65370254,65369965,+,579,140,1,-11967
MafA_R1.macs2_peak_15535,Chr18,77874334,77874925,77874629.5,+,592,139,3,-7621
MafA_R1.macs2_peak_15218,Chr18,55161277,55161848,55161562.5,+,572,163,2,-35899
MafA_R1.macs2_peak_15496,Chr18,75118875,75119352,75119113.5,+,478,129,2,-4495
MafA_R1.macs2_peak_15225,Chr18,55512503,55513880,55513191.5,+,1378,294,2,-387528
MafA_R1.macs2_peak_15261,Chr18,56695249,56695688,56695468.5,+,440,244,2,-98
MafA_R1.macs2_peak_15126,Chr18,47288112,47289228,47288670,+,1117,238,2,196727
MafA_R1.macs2_peak_14607,Chr18,14452860,14453760,14453310,+,901,120,3,87947
MafA_R1.macs2_peak_14795,Chr18,31891904,31892873,31892388.5,+,970,694,1,-489
MafA_R1.macs2_peak_14970,Chr18,38503436,38504410,38503923,+,975,117,5,-31877
MafA_R1.macs2_peak_15443,Chr18,69639259,69640023,69639641,+,765,238,2,160410
MafA_R1.macs2_peak_14814,Chr18,33295070,33295836,33295453,+,767,130,5,51462
MafA_R1.macs2_peak_15272,Chr18,57377928,57379412,57378670,+,1485,174,11,-109135
MafA_R1.macs2_peak_14587,Chr18,13354230,13355959,13355094.5,+,1730,369,5,215047
MafA_R1.macs2_peak_15113,Chr18,46033605,46034343,46033974,+,739,197,2,144353
MafA_R1.macs2_peak_14560,Chr18,11459640,11461049,11460344.5,+,1410,220,1,-274720
MafA_R1.macs2_peak_14669,Chr18,22025670,22026784,22026227,+,1115,266,1,-238157
MafA_R1.macs2_peak_15331,Chr18,62914700,62916904,62915802,+,2205,289,10,-26384
MafA_R1.macs2_peak_15286,Chr18,58122399,58123033,58122716,+,635,118,2,110966
MafA_R1.macs2_peak_14700,Chr18,23887344,23888148,23887746,+,805,336,12,964
MafA_R1.macs2_peak_14850,Chr18,34604218,34605697,34604957.5,+,1480,142,3,34919
MafA_R1.macs2_peak_15081,Chr18,43380456,43381429,43380942.5,+,974,124,15,40180
MafA_R1.macs2_peak_15244,Chr18,55918391,55919542,55918966.5,+,1152,200,4,-614446
MafA_R1.macs2_peak_15489,Chr18,74167032,74167689,74167360.5,+,658,230,9,16382
MafA_R1.macs2_peak_15231,Chr18,55612632,55613081,55612856.5,+,450,113,3,-487193
MafA_R1.macs2_peak_14487,Chr18,4514808,4516350,4515579,+,1543,225,1,-119350
MafA_R1.macs2_peak_15591,Chr18,80579241,80579962,80579601.5,+,722,148,1,8160
MafA_R1.macs2_peak_15043,Chr18,41692065,41693499,41692782,+,1435,178,3,391477
MafA_R1.macs2_peak_14963,Chr18,38429409,38430190,38429799.5,+,782,931,1,-59
MafA_R1.macs2_peak_14809,Chr18,33101194,33102244,33101719,+,1051,155,2,29625
MafA_R1.macs2_peak_15426,Chr18,68283071,68283871,68283471,+,801,132,9,-77546
MafA_R1.macs2_peak_14821,Chr18,33653622,33654173,33653897.5,+,552,110,2,56681
MafA_R1.macs2_peak_15544,Chr18,78018855,78019814,78019334.5,+,960,264,9,37653
MafA_R1.macs2_peak_14626,Chr18,16912812,16914547,16913679.5,+,1736,97,5,28624
MafA_R1.macs2_peak_15555,Chr18,78564189,78565510,78564849.5,+,1322,174,4,75316
MafA_R1.macs2_peak_15506,Chr18,75355197,75356329,75355763,+,1133,213,3,74625
MafA_R1.macs2_peak_14568,Chr18,11990980,11991501,11991240.5,+,522,121,1,-17745
MafA_R1.macs2_peak_15014,Chr18,39722197,39723130,39722663.5,+,934,146,10,-70189
MafA_R1.macs2_peak_15042,Chr18,41417692,41418592,41418142,+,901,207,2,666105
MafA_R1.macs2_peak_14788,Chr18,31444716,31445119,31444917.5,+,404,104,1,5264
MafA_R1.macs2_peak_14820,Chr18,33642749,33643952,33643350.5,+,1204,183,9,46134
MafA_R1.macs2_peak_15104,Chr18,44932516,44932869,44932692.5,+,354,102,1,12557
MafA_R1.macs2_peak_15015,Chr18,39726113,39726501,39726307,+,389,101,1,-73833
MafA_R1.macs2_peak_14599,Chr18,13905153,13905833,13905493,+,681,109,1,200297
MafA_R1.macs2_peak_15454,Chr18,70678436,70678711,70678573.5,+,276,142,4,-15181
MafA_R1.macs2_peak_15309,Chr18,61464610,61464909,61464759.5,+,300,100,1,66212
MafA_R1.macs2_peak_14948,Chr18,38213756,38214022,38213889,+,267,137,3,-81867
MafA_R1.macs2_peak_15388,Chr18,66172737,66173508,66173122.5,+,772,291,12,-37416
MafA_R1.macs2_peak_15382,Chr18,65873193,65873448,65873320.5,+,256,91,2,41981
MafA_R1.macs2_peak_14744,Chr18,25778419,25779466,25778942.5,+,1048,166,1,33863
MafA_R1.macs2_peak_15095,Chr18,44677256,44677994,44677625,+,739,128,3,-117107
MafA_R1.macs2_peak_15234,Chr18,55623668,55624518,55624093,+,851,128,3,-498430
MafA_R1.macs2_peak_15368,Chr18,64825628,64826178,64825903,+,551,128,1,-31832
MafA_R1.macs2_peak_14966,Chr18,38476384,38477178,38476781,+,795,136,2,-4735
MafA_R1.macs2_peak_14701,Chr18,23906138,23907033,23906585.5,+,896,99,4,1461
MafA_R1.macs2_peak_14627,Chr18,16930257,16931105,16930681,+,849,91,9,11622
MafA_R1.macs2_peak_15039,Chr18,40915546,40916196,40915871,+,651,91,2,525819
MafA_R1.macs2_peak_14606,Chr18,14394157,14394439,14394298,+,283,80,1,28935
MafA_R1.macs2_peak_14624,Chr18,16871721,16872670,16872195.5,+,950,105,3,70108
MafA_R1.macs2_peak_14613,Chr18,16170837,16171497,16171167,+,661,158,3,-277953
MafA_R1.macs2_peak_14781,Chr18,31091508,31092479,31091993.5,+,972,219,1,358188
MafA_R1.macs2_peak_15142,Chr18,49325397,49326693,49326045,+,1297,79,5,-330311
MafA_R1.macs2_peak_14597,Chr18,13896687,13897136,13896911.5,+,450,86,3,208879
MafA_R1.macs2_peak_14668,Chr18,22017126,22018011,22017568.5,+,886,104,1,-229498
MafA_R1.macs2_peak_14625,Chr18,16873702,16874117,16873909.5,+,416,123,2,68394
MafA_R1.macs2_peak_15055,Chr18,42722450,42723093,42722771.5,+,644,82,2,-10054
MafA_R1.macs2_peak_15485,Chr18,74130009,74130500,74130254.5,+,492,111,7,-20724
MafA_R1.macs2_peak_15302,Chr18,61054508,61055545,61055026.5,+,1038,141,1,-3678
MafA_R1.macs2_peak_15408,Chr18,67857362,67857964,67857663,+,603,641,1,28
MafA_R1.macs2_peak_15155,Chr18,50111631,50112829,50112230,+,1199,203,1,-264
MafA_R1.macs2_peak_14684,Chr18,22807090,22808141,22807615.5,+,1052,70,5,329469
MafA_R1.macs2_peak_15097,Chr18,44767204,44767455,44767329.5,+,252,70,6,-27403
MafA_R1.macs2_peak_15493,Chr18,74427776,74428148,74427962,+,373,70,3,11791
MafA_R1.macs2_peak_15201,Chr18,54979660,54980668,54980164,+,1009,280,1,143088
MafA_R1.macs2_peak_14789,Chr18,31449325,31450672,31449998.5,+,1348,226,1,183
MafA_R1.macs2_peak_14823,Chr18,33806734,33807947,33807340.5,+,1214,148,6,-120605
MafA_R1.macs2_peak_15586,Chr18,80504400,80505286,80504843,+,887,133,2,8064
MafA_R1.macs2_peak_14960,Chr18,38373949,38374840,38374394.5,+,892,88,1,8857
MafA_R1.macs2_peak_14813,Chr18,33253182,33253573,33253377.5,+,392,78,2,93538
MafA_R1.macs2_peak_15019,Chr18,39894172,39895000,39894586,+,829,68,1,-11964
MafA_R1.macs2_peak_15001,Chr18,39386148,39386555,39386351.5,+,408,102,2,235981
MafA_R1.macs2_peak_15557,Chr18,78810050,78811210,78810630,+,1161,102,1,-170465
MafA_R1.macs2_peak_15499,Chr18,75145753,75146046,75145899.5,+,294,71,2,-5936
MafA_R1.macs2_peak_15421,Chr18,68214162,68215172,68214667,+,1011,87,1,-146350
MafA_R1.macs2_peak_15278,Chr18,57742232,57742992,57742612,+,761,69,3,29045
MafA_R1.macs2_peak_15259,Chr18,56641415,56641673,56641544,+,259,72,2,-29667
MafA_R1.macs2_peak_15198,Chr18,54954322,54955401,54954861.5,+,1080,99,3,168391
MafA_R1.macs2_peak_14559,Chr18,11249447,11249764,11249605.5,+,318,68,1,-197038
MafA_R1.macs2_peak_15355,Chr18,64489008,64489867,64489437.5,+,860,110,1,16002
MafA_R1.macs2_peak_14855,Chr18,34839001,34839800,34839400.5,+,800,91,1,14040
MafA_R1.macs2_peak_15013,Chr18,39652061,39652704,39652382.5,+,644,61,1,92
MafA_R1.macs2_peak_15035,Chr18,40472365,40472881,40472623,+,517,61,2,82571
MafA_R1.macs2_peak_15086,Chr18,43432750,43433049,43432899.5,+,300,84,3,73438
MafA_R1.macs2_peak_15169,Chr18,53513607,53514181,53513894,+,575,84,2,37185
MafA_R1.macs2_peak_15227,Chr18,55539708,55540539,55540123.5,+,832,132,1,-414460
MafA_R1.macs2_peak_15455,Chr18,70691865,70692896,70692380.5,+,1032,132,9,-8983
MafA_R1.macs2_peak_15105,Chr18,44941448,44942173,44941810.5,+,726,86,2,3439
MafA_R1.macs2_peak_14572,Chr18,12206103,12206350,12206226.5,+,248,66,1,48368
MafA_R1.macs2_peak_15330,Chr18,62882455,62882743,62882599,+,289,72,1,6819
MafA_R1.macs2_peak_15568,Chr18,79094339,79095108,79094723.5,+,770,156,1,57883
MafA_R1.macs2_peak_15232,Chr18,55616131,55617171,55616651,+,1041,103,18,-490988
MafA_R1.macs2_peak_15288,Chr18,58722368,58722748,58722558,+,381,65,1,33246
MafA_R1.macs2_peak_14965,Chr18,38471468,38472499,38471983.5,+,1032,481,1,63
MafA_R1.macs2_peak_15242,Chr18,55831145,55831798,55831471.5,+,654,118,2,-701941
MafA_R1.macs2_peak_15438,Chr18,69349113,69349699,69349406,+,587,64,1,-128157
MafA_R1.macs2_peak_15114,Chr18,46117719,46118011,46117865,+,293,58,3,60462
MafA_R1.macs2_peak_15393,Chr18,66653110,66653847,66653478.5,+,738,80,1,16229
MafA_R1.macs2_peak_15054,Chr18,42692194,42692563,42692378.5,+,370,76,1,20339
MafA_R1.macs2_peak_15491,Chr18,74292605,74293419,74293012,+,815,156,3,47877
MafA_R1.macs2_peak_15327,Chr18,62684578,62685057,62684817.5,+,480,84,3,2835
MafA_R1.macs2_peak_15332,Chr18,62935313,62935915,62935614,+,603,71,8,-46196
MafA_R1.macs2_peak_15065,Chr18,42994496,42995121,42994808.5,+,626,94,3,37763
MafA_R1.macs2_peak_14666,Chr18,21977796,21978685,21978240.5,+,890,141,2,-190170
MafA_R1.macs2_peak_14743,Chr18,25739960,25740476,25740218,+,517,141,1,72587
MafA_R1.macs2_peak_15102,Chr18,44898305,44898701,44898503,+,397,52,3,46746
MafA_R1.macs2_peak_15132,Chr18,47757106,47757407,47757256.5,+,302,52,1,86454
MafA_R1.macs2_peak_15467,Chr18,72161748,72162505,72162126.5,+,758,52,3,322014
MafA_R1.macs2_peak_15268,Chr18,57058064,57059049,57058556.5,+,986,351,1,64
MafA_R1.macs2_peak_14616,Chr18,16426073,16426560,16426316.5,+,488,52,2,515987
MafA_R1.macs2_peak_15498,Chr18,75138217,75139172,75138694.5,+,956,261,6,-216
MafA_R1.macs2_peak_15087,Chr18,43435291,43435805,43435548,+,515,55,2,70789
MafA_R1.macs2_peak_15049,Chr18,42364389,42364657,42364523,+,269,79,2,30667
MafA_R1.macs2_peak_15541,Chr18,77977214,77977962,77977588,+,749,79,3,-4093
MafA_R1.macs2_peak_15439,Chr18,69469241,69469959,69469600,+,719,91,1,-7963
MafA_R1.macs2_peak_15389,Chr18,66208405,66209046,66208725.5,+,642,57,11,-73019
MafA_R1.macs2_peak_15003,Chr18,39393179,39393698,39393438.5,+,520,56,1,228894
MafA_R1.macs2_peak_14746,Chr18,25789151,25790424,25789787.5,+,1274,142,3,23018
MafA_R1.macs2_peak_14780,Chr18,30899603,30900214,30899908.5,+,612,63,1,493990
MafA_R1.macs2_peak_15197,Chr18,54874845,54875278,54875061.5,+,434,60,7,130245
MafA_R1.macs2_peak_15007,Chr18,39451291,39452239,39451765,+,949,72,2,170567
MafA_R1.macs2_peak_15588,Chr18,80512966,80513611,80513288.5,+,646,237,2,-381
MafA_R1.macs2_peak_15406,Chr18,67839471,67839847,67839659,+,377,56,1,18032
MafA_R1.macs2_peak_15610,Chr18,82390693,82391092,82390892.5,+,400,71,4,34010
MafA_R1.macs2_peak_15562,Chr18,78915928,78917056,78916492,+,1129,111,1,236114
MafA_R1.macs2_peak_14866,Chr18,35535068,35535950,35535509,+,883,119,2,67496
MafA_R1.macs2_peak_15157,Chr18,50179245,50179724,50179484.5,+,480,79,3,-6865
MafA_R1.macs2_peak_15300,Chr18,60862507,60862983,60862745,+,477,79,1,-2107
MafA_R1.macs2_peak_15502,Chr18,75174314,75174966,75174640,+,653,79,1,22805
MafA_R1.macs2_peak_15170,Chr18,53639256,53639656,53639456,+,401,44,2,41838
MafA_R1.macs2_peak_15608,Chr18,82364142,82364501,82364321.5,+,360,44,1,60581
MafA_R1.macs2_peak_14777,Chr18,30663425,30664021,30663723,+,597,72,2,257805
MafA_R1.macs2_peak_14957,Chr18,38303659,38303955,38303807,+,297,60,1,39008
MafA_R1.macs2_peak_15577,Chr18,80124387,80124640,80124513.5,+,254,60,7,34403
MafA_R1.macs2_peak_15277,Chr18,57668510,57669009,57668759.5,+,500,46,2,1861
MafA_R1.macs2_peak_15069,Chr18,43016349,43017058,43016703.5,+,710,48,3,15868
MafA_R1.macs2_peak_15567,Chr18,79093195,79093649,79093422,+,455,59,2,59184
MafA_R1.macs2_peak_15214,Chr18,55115518,55116570,55116044,+,1053,85,1,7208
MafA_R1.macs2_peak_14851,Chr18,34615131,34615645,34615388,+,515,45,2,24488
MafA_R1.macs2_peak_15582,Chr18,80233590,80233850,80233720,+,261,49,1,4266
MafA_R1.macs2_peak_14793,Chr18,31837206,31837604,31837405,+,399,80,1,-55472
MafA_R1.macs2_peak_15483,Chr18,74031101,74032286,74031693.5,+,1186,114,26,35027
MafA_R1.macs2_peak_14564,Chr18,11928834,11929501,11929167.5,+,668,45,11,-43164
MafA_R1.macs2_peak_15611,Chr18,82408781,82409270,82409025.5,+,490,90,3,15877
MafA_R1.macs2_peak_14944,Chr18,38150290,38150940,38150615,+,651,73,2,-18593
MafA_R1.macs2_peak_15243,Chr18,55896928,55897952,55897440,+,1025,73,3,-635972
MafA_R1.macs2_peak_15392,Chr18,66652212,66652774,66652493,+,563,73,1,15244
MafA_R1.macs2_peak_15486,Chr18,74139012,74139430,74139221,+,419,73,2,-11757
MafA_R1.macs2_peak_14770,Chr18,29431296,29431979,29431637.5,+,684,65,1,-143616
MafA_R1.macs2_peak_14865,Chr18,35520849,35521352,35521100.5,+,504,56,1,81905
MafA_R1.macs2_peak_14993,Chr18,39268531,39269023,39268777,+,493,56,2,142579
MafA_R1.macs2_peak_15366,Chr18,64816184,64816692,64816438,+,509,56,2,-22367
MafA_R1.macs2_peak_15357,Chr18,64621838,64622832,64622335,+,995,232,6,-166
MafA_R1.macs2_peak_15052,Chr18,42676066,42676386,42676226,+,321,36,1,31674
MafA_R1.macs2_peak_15407,Chr18,67844131,67844499,67844315,+,369,48,3,13376
MafA_R1.macs2_peak_15274,Chr18,57388345,57388884,57388614.5,+,540,53,1,-99191
MafA_R1.macs2_peak_15380,Chr18,65303382,65304207,65303794.5,+,826,40,2,-78138
MafA_R1.macs2_peak_14665,Chr18,21954924,21955402,21955163,+,479,45,4,-167093
MafA_R1.macs2_peak_14618,Chr18,16551749,16552010,16551879.5,+,262,37,1,390424
MafA_R1.macs2_peak_15271,Chr18,57218432,57219082,57218757,+,651,50,1,-47405
MafA_R1.macs2_peak_15083,Chr18,43408290,43408873,43408581.5,+,584,49,1,67819
MafA_R1.macs2_peak_15440,Chr18,69526276,69527410,69526843,+,1135,84,2,47612
MafA_R1.macs2_peak_15297,Chr18,60739013,60739610,60739311.5,+,598,112,1,3865
MafA_R1.macs2_peak_15016,Chr18,39753778,39754296,39754037,+,519,34,3,-101563
MafA_R1.macs2_peak_15258,Chr18,56629334,56629721,56629527.5,+,388,34,1,-41684
MafA_R1.macs2_peak_15495,Chr18,74911652,74912247,74911949.5,+,596,163,1,-334
MafA_R1.macs2_peak_14696,Chr18,23631129,23631538,23631333.5,+,410,103,1,794
MafA_R1.macs2_peak_15247,Chr18,56265562,56265953,56265757.5,+,392,36,1,-267655
MafA_R1.macs2_peak_14971,Chr18,38522202,38522764,38522483,+,563,58,1,-29477
MafA_R1.macs2_peak_15604,Chr18,82293151,82294061,82293606,+,911,58,17,131296
MafA_R1.macs2_peak_15618,Chr18,82723815,82724248,82724031.5,+,434,33,2,-13172
MafA_R1.macs2_peak_14916,Chr18,36858795,36859186,36858990.5,+,392,50,1,878
MafA_R1.macs2_peak_15681,Chr18,86434006,86434389,86434197.5,+,384,50,1,21120
MafA_R1.macs2_peak_15251,Chr18,56420337,56421013,56420675,+,677,86,3,-112737
MafA_R1.macs2_peak_15569,Chr18,79111608,79111996,79111802,+,389,35,1,40804
MafA_R1.macs2_peak_14870,Chr18,35631626,35631878,35631752,+,253,210,1,226
MafA_R1.macs2_peak_14794,Chr18,31837857,31838437,31838147,+,581,46,1,-54730
MafA_R1.macs2_peak_15093,Chr18,44587138,44587422,44587280,+,285,41,2,73713
MafA_R1.macs2_peak_15318,Chr18,61759324,61759708,61759516,+,385,41,1,-13208
MafA_R1.macs2_peak_14796,Chr18,32043519,32044290,32043904.5,+,772,213,3,1052
MafA_R1.macs2_peak_14956,Chr18,38293042,38293363,38293202.5,+,322,36,2,49613
MafA_R1.macs2_peak_15091,Chr18,43975012,43975496,43975254,+,485,38,2,-49309
MafA_R1.macs2_peak_15252,Chr18,56495871,56496258,56496064.5,+,388,38,1,-37348
MafA_R1.macs2_peak_15005,Chr18,39433192,39436034,39434613,+,2843,128,8,187719
MafA_R1.macs2_peak_15432,Chr18,68607926,68608246,68608086,+,321,148,3,-45695
MafA_R1.macs2_peak_15609,Chr18,82365709,82366057,82365883,+,349,28,2,59019
MafA_R1.macs2_peak_14988,Chr18,39200316,39200699,39200507.5,+,384,39,1,74309
MafA_R1.macs2_peak_15073,Chr18,43066429,43067281,43066855,+,853,82,4,-34284
MafA_R1.macs2_peak_15564,Chr18,78987876,78988716,78988296,+,841,62,1,164310
MafA_R1.macs2_peak_15158,Chr18,50186108,50186421,50186264.5,+,314,86,2,-85
MafA_R1.macs2_peak_14702,Chr18,23929341,23929830,23929585.5,+,490,54,2,-7442
MafA_R1.macs2_peak_14952,Chr18,38244615,38245263,38244939,+,649,54,5,97876
MafA_R1.macs2_peak_15501,Chr18,75151485,75152183,75151834,+,699,116,2,-1
MafA_R1.macs2_peak_15534,Chr18,77859675,77860230,77859952.5,+,556,53,1,1369
MafA_R1.macs2_peak_15405,Chr18,67795810,67796064,67795937,+,255,31,2,21280
MafA_R1.macs2_peak_15089,Chr18,43455004,43455479,43455241.5,+,476,46,1,51096
MafA_R1.macs2_peak_15494,Chr18,74460011,74460388,74460199.5,+,378,26,4,44028
MafA_R1.macs2_peak_15045,Chr18,42143948,42144436,42144192,+,489,35,2,-12078
MafA_R1.macs2_peak_14628,Chr18,16941299,16941940,16941619.5,+,642,169,2,684
MafA_R1.macs2_peak_14815,Chr18,33346683,33347367,33347025,+,685,128,1,-110
MafA_R1.macs2_peak_15532,Chr18,77820762,77821169,77820965.5,+,408,70,1,205
MafA_R1.macs2_peak_14590,Chr18,13448615,13448972,13448793.5,+,358,37,1,308746
MafA_R1.macs2_peak_15606,Chr18,82324298,82324735,82324516.5,+,438,37,1,100386
MafA_R1.macs2_peak_14768,Chr18,29170001,29170276,29170138.5,+,276,32,3,164869
MafA_R1.macs2_peak_15347,Chr18,64100152,64100648,64100400,+,497,26,1,258634
MafA_R1.macs2_peak_15605,Chr18,82320018,82320282,82320150,+,265,26,1,104752
MafA_R1.macs2_peak_14629,Chr18,16942415,16942711,16942563,+,297,166,2,-260
MafA_R1.macs2_peak_14565,Chr18,11940482,11940751,11940616.5,+,270,26,1,-31715
MafA_R1.macs2_peak_14942,Chr18,38147019,38147429,38147224,+,411,85,6,-15202
MafA_R1.macs2_peak_15107,Chr18,45148747,45149245,45148996,+,499,62,2,187264
MafA_R1.macs2_peak_15260,Chr18,56645451,56645956,56645703.5,+,506,28,11,-25508
MafA_R1.macs2_peak_15371,Chr18,64864746,64865093,64864919.5,+,348,28,1,-70848
MafA_R1.macs2_peak_14871,Chr18,35638017,35638598,35638307.5,+,582,42,5,-6329
MafA_R1.macs2_peak_15573,Chr18,79432175,79432427,79432301,+,253,20,1,-279695
MafA_R1.macs2_peak_15583,Chr18,80279715,80280102,80279908.5,+,388,85,3,10409
MafA_R1.macs2_peak_15023,Chr18,40008752,40009033,40008892.5,+,282,31,1,102342
MafA_R1.macs2_peak_15607,Chr18,82332006,82332485,82332245.5,+,480,47,1,92657
MafA_R1.macs2_peak_15008,Chr18,39452524,39452870,39452697,+,347,50,1,169635
MafA_R1.macs2_peak_15006,Chr18,39444931,39445242,39445086.5,+,312,20,1,177246
MafA_R1.macs2_peak_15164,Chr18,52924266,52924529,52924397.5,+,264,20,1,23181
MafA_R1.macs2_peak_15235,Chr18,55665382,55665840,55665611,+,459,53,3,-539948
MafA_R1.macs2_peak_15416,Chr18,68066412,68067290,68066851,+,879,183,4,607
MafA_R1.macs2_peak_14953,Chr18,38277301,38277645,38277473,+,345,67,1,65342
MafA_R1.macs2_peak_15262,Chr18,56702200,56702670,56702435,+,471,42,5,-3508
MafA_R1.macs2_peak_14950,Chr18,38222229,38222727,38222478,+,499,25,2,-90456
MafA_R1.macs2_peak_14962,Chr18,38411035,38411307,38411171,+,273,25,3,6283
MafA_R1.macs2_peak_15385,Chr18,66054928,66055486,66055207,+,559,25,9,16953
MafA_R1.macs2_peak_14760,Chr18,27969813,27970132,27969972.5,+,320,28,1,-723245
MafA_R1.macs2_peak_14561,Chr18,11484984,11485812,11485398,+,829,86,2,-280935
MafA_R1.macs2_peak_14775,Chr18,30588418,30588742,30588580,+,325,31,1,182662
MafA_R1.macs2_peak_14808,Chr18,33071546,33072066,33071806,+,521,46,3,-288
MafA_R1.macs2_peak_15533,Chr18,77830321,77830636,77830478.5,+,316,33,1,-9308
MafA_R1.macs2_peak_14930,Chr18,37776987,37777780,37777383.5,+,794,66,1,-126
MafA_R1.macs2_peak_14852,Chr18,34757211,34757901,34757556,+,691,118,1,-121
MafA_R1.macs2_peak_14563,Chr18,11668024,11668491,11668257.5,+,468,20,2,-98076
MafA_R1.macs2_peak_14955,Chr18,38292262,38292637,38292449.5,+,376,23,8,50366
MafA_R1.macs2_peak_15301,Chr18,60920124,60920502,60920313,+,379,26,1,12645
MafA_R1.macs2_peak_15110,Chr18,45401297,45401684,45401490.5,+,388,21,7,-436
MafA_R1.macs2_peak_15363,Chr18,64793975,64794304,64794139.5,+,330,97,1,-68
MafA_R1.macs2_peak_15585,Chr18,80480427,80480821,80480624,+,395,24,3,32283
MafA_R1.macs2_peak_15378,Chr18,65208301,65209217,65208759,+,917,20,4,52161
MafA_R1.macs2_peak_15336,Chr18,63109827,63110666,63110246.5,+,840,28,2,-741
MafA_R1.macs2_peak_15376,Chr18,65078200,65078842,65078521,+,643,39,6,57694
MafA_R1.macs2_peak_15597,Chr18,80977008,80977711,80977359.5,+,704,34,1,-86
MafA_R1.macs2_peak_14803,Chr18,32295846,32296379,32296112.5,+,534,60,1,-30
MafA_R1.macs2_peak_14703,Chr18,23936641,23937253,23936947,+,613,52,2,-80
MafA_R1.macs2_peak_15106,Chr18,44961590,44961946,44961768,+,357,60,1,36
MafA_R1.macs2_peak_15092,Chr18,44513182,44513758,44513470,+,577,28,1,-97
MafA_R1.macs2_peak_16642,Chr19,52239712,52242606,52241159,+,2895,1227,1,-11576
MafA_R1.macs2_peak_15753,Chr19,4542674,4543902,4543288,+,1229,1552,7,5323
MafA_R1.macs2_peak_16680,Chr19,53817931,53821786,53819858.5,+,3856,4507,2,-60804
MafA_R1.macs2_peak_16682,Chr19,53824032,53826125,53825078.5,+,2094,3523,1,-55584
MafA_R1.macs2_peak_16519,Chr19,44696736,44698240,44697488,+,1505,1612,6,-37552
MafA_R1.macs2_peak_15801,Chr19,5895624,5901016,5898320,+,5393,4128,4,-2812
MafA_R1.macs2_peak_16684,Chr19,53840522,53842229,53841375.5,+,1708,2052,6,-39287
MafA_R1.macs2_peak_15755,Chr19,4610178,4611634,4610906,+,1457,1629,1,-33441
MafA_R1.macs2_peak_16696,Chr19,54094692,54096426,54095559,+,1735,3105,1,61869
MafA_R1.macs2_peak_16753,Chr19,57391381,57393226,57392303.5,+,1846,729,2,42862
MafA_R1.macs2_peak_16004,Chr19,17055182,17056970,17056076,+,1789,3002,8,122594
MafA_R1.macs2_peak_16417,Chr19,38232773,38235137,38233955,+,2365,2227,1,-19180
MafA_R1.macs2_peak_16612,Chr19,47474550,47475093,47474821.5,+,544,460,3,-21971
MafA_R1.macs2_peak_16122,Chr19,24403692,24405753,24404722.5,+,2062,1183,8,50116
MafA_R1.macs2_peak_15760,Chr19,4720366,4721631,4720998.5,+,1266,636,1,27698
MafA_R1.macs2_peak_16549,Chr19,45410491,45411645,45411068,+,1155,949,2,58895
MafA_R1.macs2_peak_15997,Chr19,16927015,16928816,16927915.5,+,1802,460,2,-5567
MafA_R1.macs2_peak_16569,Chr19,46203569,46204480,46204024.5,+,912,510,2,63027
MafA_R1.macs2_peak_16471,Chr19,43422927,43424578,43423752.5,+,1652,1745,19,-5123
MafA_R1.macs2_peak_15939,Chr19,14217496,14219196,14218346,+,1701,933,4,194968
MafA_R1.macs2_peak_16131,Chr19,24958527,24959397,24958962,+,871,404,4,-17931
MafA_R1.macs2_peak_16444,Chr19,41713571,41714191,41713881,+,621,495,3,18414
MafA_R1.macs2_peak_16374,Chr19,37036663,37037987,37037325,+,1325,1051,6,-113918
MafA_R1.macs2_peak_16602,Chr19,47106908,47107767,47107337.5,+,860,483,2,19396
MafA_R1.macs2_peak_16402,Chr19,38003699,38004883,38004291,+,1185,712,27,27734
MafA_R1.macs2_peak_16707,Chr19,54573311,54574470,54573890.5,+,1160,644,5,514018
MafA_R1.macs2_peak_16148,Chr19,26442650,26445308,26443979,+,2659,2445,5,-138581
MafA_R1.macs2_peak_16542,Chr19,45283349,45284236,45283792.5,+,888,547,3,-58512
MafA_R1.macs2_peak_16528,Chr19,44793969,44795160,44794564.5,+,1192,362,3,-2281
MafA_R1.macs2_peak_15793,Chr19,5864467,5868025,5866246,+,3559,712,1,-13546
MafA_R1.macs2_peak_16584,Chr19,46550466,46552194,46551330,+,1729,718,4,10291
MafA_R1.macs2_peak_16454,Chr19,42068146,42069087,42068616.5,+,942,554,2,6193
MafA_R1.macs2_peak_16443,Chr19,41701500,41701969,41701734.5,+,470,309,2,30561
MafA_R1.macs2_peak_16382,Chr19,37219444,37220887,37220165.5,+,1444,512,1,21329
MafA_R1.macs2_peak_16153,Chr19,26522988,26525457,26524222.5,+,2470,1012,20,-58338
MafA_R1.macs2_peak_16772,Chr19,58357300,58358075,58357687.5,+,776,279,11,73051
MafA_R1.macs2_peak_15709,Chr19,3500888,3503267,3502077.5,+,2380,457,2,-37533
MafA_R1.macs2_peak_16469,Chr19,42740522,42741490,42741006,+,969,893,10,208
MafA_R1.macs2_peak_16611,Chr19,47460147,47462559,47461353,+,2413,622,2,-8503
MafA_R1.macs2_peak_16439,Chr19,41594690,41595542,41595116,+,853,444,4,18026
MafA_R1.macs2_peak_16595,Chr19,46834441,46835292,46834866.5,+,852,292,2,84818
MafA_R1.macs2_peak_16614,Chr19,47479189,47481089,47480139,+,1901,714,7,-21282
MafA_R1.macs2_peak_16156,Chr19,26542725,26544316,26543520.5,+,1592,1702,2,-39040
MafA_R1.macs2_peak_16457,Chr19,42184588,42185541,42185064.5,+,954,375,7,5627
MafA_R1.macs2_peak_16134,Chr19,25197651,25198400,25198025.5,+,750,319,1,-16314
MafA_R1.macs2_peak_16617,Chr19,47532950,47533716,47533333,+,767,494,8,-7775
MafA_R1.macs2_peak_16730,Chr19,55566619,55567566,55567092.5,+,948,401,1,123544
MafA_R1.macs2_peak_16556,Chr19,45463260,45465931,45464595.5,+,2672,558,6,84408
MafA_R1.macs2_peak_15728,Chr19,3882836,3883728,3883282,+,893,1008,4,17534
MafA_R1.macs2_peak_16119,Chr19,24383880,24386584,24385232,+,2705,369,15,69606
MafA_R1.macs2_peak_16768,Chr19,57915230,57916136,57915683,+,907,210,4,-123916
MafA_R1.macs2_peak_16165,Chr19,26757306,26758291,26757798.5,+,986,790,1,31995
MafA_R1.macs2_peak_16600,Chr19,46977228,46977659,46977443.5,+,432,275,2,-19437
MafA_R1.macs2_peak_15714,Chr19,3527326,3528513,3527919.5,+,1188,388,2,-63375
MafA_R1.macs2_peak_16476,Chr19,43683837,43684415,43684126,+,579,228,1,5998
MafA_R1.macs2_peak_16587,Chr19,46608708,46609543,46609125.5,+,836,227,2,-2715
MafA_R1.macs2_peak_15999,Chr19,16936829,16937594,16937211.5,+,766,448,1,3729
MafA_R1.macs2_peak_16779,Chr19,58817576,58818564,58818070,+,989,465,6,31346
MafA_R1.macs2_peak_16403,Chr19,38041648,38042419,38042033.5,+,772,346,12,-1399
MafA_R1.macs2_peak_15718,Chr19,3659818,3661449,3660633.5,+,1632,455,11,-34884
MafA_R1.macs2_peak_16643,Chr19,52251708,52253830,52252769,+,2123,455,1,34
MafA_R1.macs2_peak_16619,Chr19,47824186,47824472,47824329,+,287,181,2,1471
MafA_R1.macs2_peak_15771,Chr19,5206561,5207254,5206907.5,+,694,261,6,-38581
MafA_R1.macs2_peak_16601,Chr19,47076150,47076935,47076542.5,+,786,374,1,2544
MafA_R1.macs2_peak_15894,Chr19,10413111,10413877,10413494,+,767,445,2,21317
MafA_R1.macs2_peak_15799,Chr19,5885111,5890802,5887956.5,+,5692,527,3,7550
MafA_R1.macs2_peak_15707,Chr19,3469104,3469893,3469498.5,+,790,480,3,-4954
MafA_R1.macs2_peak_15998,Chr19,16932529,16933574,16933051.5,+,1046,1136,1,-431
MafA_R1.macs2_peak_15973,Chr19,16204922,16205921,16205421.5,+,1000,228,2,63959
MafA_R1.macs2_peak_16607,Chr19,47377804,47378791,47378297.5,+,988,181,1,74553
MafA_R1.macs2_peak_16704,Chr19,54428262,54428853,54428557.5,+,592,161,1,394867
MafA_R1.macs2_peak_15883,Chr19,10333702,10334906,10334304,+,1205,374,6,-32150
MafA_R1.macs2_peak_16050,Chr19,21715518,21716374,21715946,+,857,245,22,-39758
MafA_R1.macs2_peak_16728,Chr19,55462811,55463369,55463090,+,559,245,5,158601
MafA_R1.macs2_peak_16780,Chr19,58819567,58820737,58820152,+,1171,484,1,29264
MafA_R1.macs2_peak_16436,Chr19,41484023,41484799,41484411,+,777,183,1,13290
MafA_R1.macs2_peak_16118,Chr19,24380483,24381516,24380999.5,+,1034,328,2,73839
MafA_R1.macs2_peak_16399,Chr19,37958364,37959037,37958700.5,+,674,140,4,73325
MafA_R1.macs2_peak_16589,Chr19,46715151,46717239,46716195,+,2089,368,3,20298
MafA_R1.macs2_peak_15899,Chr19,10464668,10465364,10465016,+,697,176,8,-4724
MafA_R1.macs2_peak_16731,Chr19,55581257,55581684,55581470.5,+,428,142,2,109166
MafA_R1.macs2_peak_15786,Chr19,5842878,5844320,5843599,+,1443,521,3,2410
MafA_R1.macs2_peak_16014,Chr19,17445144,17445928,17445536,+,785,248,1,74129
MafA_R1.macs2_peak_16546,Chr19,45376638,45377528,45377083,+,891,193,1,24910
MafA_R1.macs2_peak_16594,Chr19,46798815,46799411,46799113,+,597,271,2,49065
MafA_R1.macs2_peak_16465,Chr19,42449301,42450529,42449915,+,1229,405,4,-29688
MafA_R1.macs2_peak_16005,Chr19,17070997,17072462,17071729.5,+,1466,349,4,138247
MafA_R1.macs2_peak_16562,Chr19,45818914,45819393,45819153.5,+,480,144,2,-14651
MafA_R1.macs2_peak_15741,Chr19,4170709,4172107,4171408,+,1399,785,1,167
MafA_R1.macs2_peak_16686,Chr19,53891137,53891686,53891411.5,+,550,1232,7,-371
MafA_R1.macs2_peak_15896,Chr19,10434283,10435205,10434744,+,923,826,2,67
MafA_R1.macs2_peak_16545,Chr19,45336565,45337308,45336936.5,+,744,252,3,-15237
MafA_R1.macs2_peak_16006,Chr19,17073879,17076197,17075038,+,2319,275,10,141556
MafA_R1.macs2_peak_16763,Chr19,57804975,57806433,57805704,+,1459,134,10,206238
MafA_R1.macs2_peak_16181,Chr19,27174002,27175284,27174643,+,1283,622,6,-19241
MafA_R1.macs2_peak_16570,Chr19,46224946,46225804,46225375,+,859,243,1,-67801
MafA_R1.macs2_peak_16615,Chr19,47488734,47489308,47489021,+,575,252,4,-12400
MafA_R1.macs2_peak_16456,Chr19,42183025,42184211,42183618,+,1187,140,2,7073
MafA_R1.macs2_peak_16406,Chr19,38065864,38066759,38066311.5,+,896,232,2,-19216
MafA_R1.macs2_peak_16486,Chr19,44183813,44184189,44184001,+,377,216,1,-3120
MafA_R1.macs2_peak_16413,Chr19,38160405,38161388,38160896.5,+,984,280,4,39667
MafA_R1.macs2_peak_16187,Chr19,27313705,27314779,27314242,+,1075,482,2,14223
MafA_R1.macs2_peak_15705,Chr19,3443717,3444711,3444214,+,995,153,2,4836
MafA_R1.macs2_peak_15996,Chr19,16857593,16858044,16857818.5,+,452,207,1,-6624
MafA_R1.macs2_peak_16621,Chr19,47922464,47923506,47922985,+,1043,324,1,-3166
MafA_R1.macs2_peak_16040,Chr19,21083825,21084802,21084313.5,+,978,178,3,2239
MafA_R1.macs2_peak_15776,Chr19,5537752,5539560,5538656,+,1809,816,3,-249
MafA_R1.macs2_peak_16685,Chr19,53873800,53874363,53874081.5,+,564,155,1,-6581
MafA_R1.macs2_peak_16391,Chr19,37502880,37503954,37503417,+,1075,263,1,-35449
MafA_R1.macs2_peak_16766,Chr19,57899896,57900761,57900328.5,+,866,216,6,-139271
MafA_R1.macs2_peak_16599,Chr19,46965603,46966518,46966060.5,+,916,139,1,-8054
MafA_R1.macs2_peak_16373,Chr19,37021485,37022368,37021926.5,+,884,254,1,118447
MafA_R1.macs2_peak_15729,Chr19,3895906,3896450,3896178,+,545,169,2,4638
MafA_R1.macs2_peak_15730,Chr19,3900713,3901671,3901192,+,959,990,1,-376
MafA_R1.macs2_peak_15803,Chr19,6005427,6006805,6006116,+,1379,409,2,8118
MafA_R1.macs2_peak_15967,Chr19,15813536,15815354,15814445,+,1819,362,1,87541
MafA_R1.macs2_peak_15702,Chr19,3382965,3384164,3383564.5,+,1200,338,1,10263
MafA_R1.macs2_peak_16125,Chr19,24428938,24429884,24429411,+,947,176,2,25427
MafA_R1.macs2_peak_15900,Chr19,10474802,10475580,10475191,+,779,237,3,-14899
MafA_R1.macs2_peak_16139,Chr19,25766829,25767337,25767083,+,509,100,1,117308
MafA_R1.macs2_peak_16184,Chr19,27237215,27238319,27237767,+,1105,522,3,43347
MafA_R1.macs2_peak_16571,Chr19,46232835,46233319,46233077,+,485,137,1,-60099
MafA_R1.macs2_peak_16582,Chr19,46511783,46512979,46512381,+,1197,345,1,22294
MafA_R1.macs2_peak_15749,Chr19,4477432,4478025,4477728.5,+,594,235,2,-11623
MafA_R1.macs2_peak_16598,Chr19,46957973,46959906,46958939.5,+,1934,288,8,-933
MafA_R1.macs2_peak_16009,Chr19,17121259,17122267,17121763,+,1009,143,4,188281
MafA_R1.macs2_peak_16509,Chr19,44596124,44597080,44596602,+,957,143,1,45309
MafA_R1.macs2_peak_15777,Chr19,5560048,5561023,5560535.5,+,976,900,4,10
MafA_R1.macs2_peak_15778,Chr19,5579611,5579962,5579786.5,+,352,586,1,-19241
MafA_R1.macs2_peak_16744,Chr19,56810200,56810913,56810556.5,+,714,406,1,75
MafA_R1.macs2_peak_16747,Chr19,57101054,57101679,57101366.5,+,626,98,7,6090
MafA_R1.macs2_peak_16480,Chr19,43820824,43821345,43821084.5,+,522,227,1,-6158
MafA_R1.macs2_peak_15765,Chr19,5042770,5043854,5043312,+,1085,214,2,-3313
MafA_R1.macs2_peak_15724,Chr19,3742333,3742915,3742624,+,583,101,1,-6060
MafA_R1.macs2_peak_16574,Chr19,46309793,46310349,46310071,+,557,173,1,5234
MafA_R1.macs2_peak_16603,Chr19,47145105,47145668,47145386.5,+,564,134,13,-12773
MafA_R1.macs2_peak_16778,Chr19,58809521,58809995,58809758,+,475,102,2,-26912
MafA_R1.macs2_peak_16683,Chr19,53838592,53839579,53839085.5,+,988,195,10,-41577
MafA_R1.macs2_peak_16447,Chr19,41734471,41735134,41734802.5,+,664,179,1,-598
MafA_R1.macs2_peak_16554,Chr19,45449135,45449745,45449440,+,611,101,1,97267
MafA_R1.macs2_peak_16504,Chr19,44538727,44539775,44539251,+,1049,288,1,4630
MafA_R1.macs2_peak_15769,Chr19,5138056,5138351,5138203.5,+,296,727,2,-363
MafA_R1.macs2_peak_16196,Chr19,27469572,27470379,27469975.5,+,808,304,3,62538
MafA_R1.macs2_peak_16484,Chr19,44134455,44135258,44134856.5,+,804,96,8,29
MafA_R1.macs2_peak_16395,Chr19,37684780,37685266,37685023,+,487,111,3,-1233
MafA_R1.macs2_peak_16159,Chr19,26607781,26608855,26608318,+,1075,476,1,25758
MafA_R1.macs2_peak_16527,Chr19,44791055,44791728,44791391.5,+,674,126,2,-5454
MafA_R1.macs2_peak_16729,Chr19,55479645,55480210,55479927.5,+,566,156,11,175438
MafA_R1.macs2_peak_16717,Chr19,54930066,54930820,54930443,+,755,118,1,157466
MafA_R1.macs2_peak_15738,Chr19,4117613,4117870,4117741.5,+,258,88,2,-8294
MafA_R1.macs2_peak_16705,Chr19,54466628,54468162,54467395,+,1535,249,2,433705
MafA_R1.macs2_peak_16458,Chr19,42222060,42222308,42222184,+,249,81,1,-13833
MafA_R1.macs2_peak_16010,Chr19,17131436,17131712,17131574,+,277,84,1,185295
MafA_R1.macs2_peak_16477,Chr19,43686992,43688003,43687497.5,+,1012,202,2,9369
MafA_R1.macs2_peak_15892,Chr19,10386861,10387601,10387231,+,741,80,2,20777
MafA_R1.macs2_peak_16623,Chr19,48169074,48169528,48169301,+,455,66,5,-25163
MafA_R1.macs2_peak_16175,Chr19,27052286,27053163,27052724.5,+,878,392,11,-141160
MafA_R1.macs2_peak_15734,Chr19,4083757,4084410,4084083.5,+,654,118,1,3829
MafA_R1.macs2_peak_16361,Chr19,36750452,36750984,36750718,+,533,125,1,-36714
MafA_R1.macs2_peak_16506,Chr19,44577967,44578862,44578414.5,+,896,95,3,27121
MafA_R1.macs2_peak_16639,Chr19,51527457,51527733,51527595,+,277,61,4,-725140
MafA_R1.macs2_peak_16143,Chr19,26159091,26159613,26159352,+,523,177,2,-423208
MafA_R1.macs2_peak_16023,Chr19,17577348,17577878,17577613,+,531,77,1,206206
MafA_R1.macs2_peak_16743,Chr19,56806443,56807194,56806818.5,+,752,94,5,3813
MafA_R1.macs2_peak_16540,Chr19,45270779,45271153,45270966,+,375,132,1,-45686
MafA_R1.macs2_peak_16124,Chr19,24412766,24414088,24413427,+,1323,290,3,41411
MafA_R1.macs2_peak_16198,Chr19,27576871,27578150,27577510.5,+,1280,290,2,170073
MafA_R1.macs2_peak_16126,Chr19,24430817,24431586,24431201.5,+,770,107,3,23637
MafA_R1.macs2_peak_15796,Chr19,5878894,5880250,5879572,+,1357,178,1,15934
MafA_R1.macs2_peak_16520,Chr19,44712173,44712944,44712558.5,+,772,134,2,-22482
MafA_R1.macs2_peak_16015,Chr19,17459716,17460789,17460252.5,+,1074,102,4,88845
MafA_R1.macs2_peak_16021,Chr19,17544408,17545557,17544982.5,+,1150,102,1,173575
MafA_R1.macs2_peak_16392,Chr19,37519897,37520623,37520260,+,727,71,4,-18606
MafA_R1.macs2_peak_15978,Chr19,16302991,16303665,16303328,+,675,91,1,-10960
MafA_R1.macs2_peak_16690,Chr19,53932223,53932950,53932586.5,+,728,658,1,-151
MafA_R1.macs2_peak_16049,Chr19,21673976,21674327,21674151.5,+,352,58,2,43478
MafA_R1.macs2_peak_16441,Chr19,41644181,41644544,41644362.5,+,364,125,5,67272
MafA_R1.macs2_peak_16773,Chr19,58366233,58366805,58366519,+,573,125,1,77311
MafA_R1.macs2_peak_16460,Chr19,42314902,42315262,42315082,+,361,80,1,-46473
MafA_R1.macs2_peak_16687,Chr19,53893543,53894943,53894243,+,1401,198,1,2461
MafA_R1.macs2_peak_15710,Chr19,3517765,3518650,3518207.5,+,886,111,1,-53663
MafA_R1.macs2_peak_16608,Chr19,47409665,47410117,47409891,+,453,212,3,42959
MafA_R1.macs2_peak_16363,Chr19,36793195,36794018,36793606.5,+,824,148,1,-18026
MafA_R1.macs2_peak_16535,Chr19,45165182,45165982,45165582,+,801,86,16,26428
MafA_R1.macs2_peak_16178,Chr19,27139057,27140184,27139620.5,+,1128,292,11,-54264
MafA_R1.macs2_peak_15740,Chr19,4146466,4147142,4146804,+,677,736,1,-547
MafA_R1.macs2_peak_15708,Chr19,3472408,3473011,3472709.5,+,604,81,1,-8165
MafA_R1.macs2_peak_16524,Chr19,44763308,44763636,44763472,+,329,74,1,18127
MafA_R1.macs2_peak_15704,Chr19,3438896,3439788,3439342,+,893,351,3,-36
MafA_R1.macs2_peak_16541,Chr19,45271545,45271913,45271729,+,369,125,1,-46449
MafA_R1.macs2_peak_16496,Chr19,44271725,44273282,44272503.5,+,1558,359,1,-9612
MafA_R1.macs2_peak_16767,Chr19,57902977,57903708,57903342.5,+,732,102,7,-136257
MafA_R1.macs2_peak_15732,Chr19,4000202,4000892,4000547,+,691,75,8,-8261
MafA_R1.macs2_peak_16422,Chr19,38976597,38976942,38976769.5,+,346,57,3,-18694
MafA_R1.macs2_peak_16411,Chr19,38138688,38139521,38139104.5,+,834,60,2,17875
MafA_R1.macs2_peak_16637,Chr19,50602513,50602759,50602636,+,247,56,1,64448
MafA_R1.macs2_peak_16154,Chr19,26537862,26539106,26538484,+,1245,255,1,-44076
MafA_R1.macs2_peak_16568,Chr19,46157699,46158259,46157979,+,561,62,1,16982
MafA_R1.macs2_peak_15715,Chr19,3543669,3543936,3543802.5,+,268,83,1,-79258
MafA_R1.macs2_peak_16500,Chr19,44289454,44290557,44290005.5,+,1104,112,3,-1605
MafA_R1.macs2_peak_16566,Chr19,46044606,46045253,46044929.5,+,648,272,1,-49
MafA_R1.macs2_peak_16775,Chr19,58384730,58385157,58384943.5,+,428,64,4,58887
MafA_R1.macs2_peak_16199,Chr19,27581542,27583321,27582431.5,+,1780,388,3,174994
MafA_R1.macs2_peak_15747,Chr19,4383375,4383954,4383664.5,+,580,257,5,-27414
MafA_R1.macs2_peak_16449,Chr19,41941948,41942498,41942223,+,551,60,2,20339
MafA_R1.macs2_peak_16613,Chr19,47476082,47477286,47476684,+,1205,71,1,-23834
MafA_R1.macs2_peak_15742,Chr19,4219225,4219941,4219583,+,717,293,3,5895
MafA_R1.macs2_peak_15976,Chr19,16269392,16270008,16269700,+,617,76,2,22668
MafA_R1.macs2_peak_16405,Chr19,38064787,38065059,38064923,+,273,79,1,-20604
MafA_R1.macs2_peak_16776,Chr19,58457800,58458237,58458018.5,+,438,60,1,-14188
MafA_R1.macs2_peak_16296,Chr19,32363833,32364386,32364109.5,+,554,104,1,1340
MafA_R1.macs2_peak_16024,Chr19,17637907,17638423,17638165,+,517,104,1,176831
MafA_R1.macs2_peak_16464,Chr19,42430568,42431124,42430846,+,557,59,1,-10619
MafA_R1.macs2_peak_16726,Chr19,55457677,55459085,55458381,+,1409,121,3,153892
MafA_R1.macs2_peak_16123,Chr19,24409483,24409921,24409702,+,439,58,7,45136
MafA_R1.macs2_peak_16503,Chr19,44376782,44377368,44377075,+,587,145,4,19073
MafA_R1.macs2_peak_16414,Chr19,38221040,38221635,38221337.5,+,596,73,3,-8737
MafA_R1.macs2_peak_16396,Chr19,37858762,37859030,37858896,+,269,44,7,172640
MafA_R1.macs2_peak_15731,Chr19,3962484,3962768,3962626,+,285,308,3,148
MafA_R1.macs2_peak_16560,Chr19,45735717,45736045,45735881,+,329,64,2,2123
MafA_R1.macs2_peak_16359,Chr19,36607046,36607545,36607295.5,+,500,55,1,59584
MafA_R1.macs2_peak_16354,Chr19,36355052,36355631,36355341.5,+,580,77,1,-1126
MafA_R1.macs2_peak_16350,Chr19,35890063,35890392,35890227.5,+,330,41,1,11751
MafA_R1.macs2_peak_16793,Chr19,59641802,59642730,59642266,+,929,88,6,160698
MafA_R1.macs2_peak_16020,Chr19,17535925,17536403,17536164,+,479,49,3,164757
MafA_R1.macs2_peak_16152,Chr19,26515554,26515853,26515703.5,+,300,112,1,-66857
MafA_R1.macs2_peak_15961,Chr19,15339880,15340157,15340018.5,+,278,46,1,561968
MafA_R1.macs2_peak_15781,Chr19,5760261,5760540,5760400.5,+,280,65,2,5901
MafA_R1.macs2_peak_15735,Chr19,4084775,4085187,4084981,+,413,76,2,2931
MafA_R1.macs2_peak_15901,Chr19,10477645,10478283,10477964,+,639,62,10,-17672
MafA_R1.macs2_peak_15938,Chr19,14197225,14197523,14197374,+,299,40,1,215940
MafA_R1.macs2_peak_16538,Chr19,45209245,45210005,45209625,+,761,113,14,15655
MafA_R1.macs2_peak_16485,Chr19,44177401,44178020,44177710.5,+,620,61,1,3171
MafA_R1.macs2_peak_15979,Chr19,16305261,16305977,16305619,+,717,57,3,-13251
MafA_R1.macs2_peak_16164,Chr19,26740337,26741018,26740677.5,+,682,151,1,14874
MafA_R1.macs2_peak_15743,Chr19,4231603,4232338,4231970.5,+,736,108,4,-6492
MafA_R1.macs2_peak_15739,Chr19,4118908,4119269,4119088.5,+,362,99,1,-9641
MafA_R1.macs2_peak_16434,Chr19,41299411,41299947,41299679,+,537,90,1,-47236
MafA_R1.macs2_peak_15895,Chr19,10427249,10427525,10427387,+,277,82,1,7424
MafA_R1.macs2_peak_15884,Chr19,10336828,10337948,10337388,+,1121,73,1,-29066
MafA_R1.macs2_peak_16358,Chr19,36579831,36580563,36580197,+,733,65,2,48158
MafA_R1.macs2_peak_15748,Chr19,4399307,4399851,4399579,+,545,49,1,-43329
MafA_R1.macs2_peak_16401,Chr19,37985344,37985618,37985481,+,275,56,1,46544
MafA_R1.macs2_peak_16275,Chr19,30267104,30267414,30267259,+,311,48,1,56931
MafA_R1.macs2_peak_16355,Chr19,36442948,36443230,36443089,+,283,43,6,55941
MafA_R1.macs2_peak_16470,Chr19,42892933,42893349,42893141,+,417,36,2,-124724
MafA_R1.macs2_peak_15775,Chr19,5527461,5527731,5527596,+,271,64,1,2833
MafA_R1.macs2_peak_16423,Chr19,40577645,40578289,40577967,+,645,228,1,-1060
MafA_R1.macs2_peak_16665,Chr19,53484928,53485894,53485411,+,967,84,2,-32165
MafA_R1.macs2_peak_16412,Chr19,38143533,38144241,38143887,+,709,86,4,22658
MafA_R1.macs2_peak_15975,Chr19,16262760,16263418,16263089,+,659,75,5,29279
MafA_R1.macs2_peak_16757,Chr19,57433144,57433794,57433469,+,651,75,2,-7869
MafA_R1.macs2_peak_15725,Chr19,3757580,3758777,3758178.5,+,1198,240,6,-115
MafA_R1.macs2_peak_16045,Chr19,21548372,21548641,21548506.5,+,270,59,2,81649
MafA_R1.macs2_peak_16588,Chr19,46659015,46659516,46659265.5,+,502,66,1,2174
MafA_R1.macs2_peak_15770,Chr19,5201292,5201958,5201625,+,667,196,1,-33299
MafA_R1.macs2_peak_15737,Chr19,4095741,4096655,4096198,+,915,149,1,-3977
MafA_R1.macs2_peak_16537,Chr19,45204534,45205156,45204845,+,623,58,3,20435
MafA_R1.macs2_peak_16179,Chr19,27144945,27145538,27145241.5,+,594,216,1,-48643
MafA_R1.macs2_peak_16622,Chr19,47925098,47926468,47925783,+,1371,106,1,-368
MafA_R1.macs2_peak_16036,Chr19,20365402,20365845,20365623.5,+,444,41,5,2412
MafA_R1.macs2_peak_16482,Chr19,43914033,43914636,43914334.5,+,604,41,1,14303
MafA_R1.macs2_peak_15881,Chr19,10310832,10311336,10311084,+,505,88,1,-28843
MafA_R1.macs2_peak_16597,Chr19,46922587,46922924,46922755.5,+,338,38,1,28035
MafA_R1.macs2_peak_16578,Chr19,46395463,46395928,46395695.5,+,466,52,5,10360
MafA_R1.macs2_peak_15898,Chr19,10463704,10464262,10463983,+,559,80,3,-3691
MafA_R1.macs2_peak_16596,Chr19,46916360,46918094,46917227,+,1735,80,1,33563
MafA_R1.macs2_peak_16017,Chr19,17491884,17492273,17492078.5,+,390,51,1,120671
MafA_R1.macs2_peak_15754,Chr19,4609303,4609578,4609440.5,+,276,47,1,-34907
MafA_R1.macs2_peak_16410,Chr19,38120116,38120777,38120446.5,+,662,62,6,-783
MafA_R1.macs2_peak_16605,Chr19,47208392,47208689,47208540.5,+,298,43,4,-8742
MafA_R1.macs2_peak_16130,Chr19,24819424,24819850,24819637,+,427,34,5,19569
MafA_R1.macs2_peak_16415,Chr19,38224088,38224410,38224249,+,323,54,2,-11649
MafA_R1.macs2_peak_16452,Chr19,42005541,42005854,42005697.5,+,314,103,1,-18769
MafA_R1.macs2_peak_15766,Chr19,5052038,5052288,5052163,+,251,347,1,-12164
MafA_R1.macs2_peak_16047,Chr19,21589374,21589740,21589557,+,367,35,1,40598
MafA_R1.macs2_peak_15890,Chr19,10378498,10378980,10378739,+,483,51,1,12285
MafA_R1.macs2_peak_16547,Chr19,45386968,45387631,45387299.5,+,664,45,1,35126
MafA_R1.macs2_peak_16706,Chr19,54534862,54535623,54535242.5,+,762,45,1,501552
MafA_R1.macs2_peak_16536,Chr19,45198204,45198781,45198492.5,+,578,56,12,26788
MafA_R1.macs2_peak_15762,Chr19,4833585,4834158,4833871.5,+,574,33,2,10058
MafA_R1.macs2_peak_15987,Chr19,16505808,16506060,16505934,+,253,33,4,92903
MafA_R1.macs2_peak_16440,Chr19,41629108,41629437,41629272.5,+,330,29,3,52182
MafA_R1.macs2_peak_15972,Chr19,16176394,16176740,16176567,+,347,37,1,35105
MafA_R1.macs2_peak_16472,Chr19,43513232,43513685,43513458.5,+,454,213,1,-414
MafA_R1.macs2_peak_16573,Chr19,46292754,46293013,46292883.5,+,260,255,1,-293
MafA_R1.macs2_peak_15897,Chr19,10462002,10462329,10462165.5,+,328,34,1,-1873
MafA_R1.macs2_peak_15726,Chr19,3788055,3788303,3788179,+,249,28,1,-29242
MafA_R1.macs2_peak_16771,Chr19,58353263,58353617,58353440,+,355,34,3,68804
MafA_R1.macs2_peak_16727,Chr19,55460009,55460297,55460153,+,289,29,4,155664
MafA_R1.macs2_peak_15717,Chr19,3625850,3626119,3625984.5,+,270,259,2,-235
MafA_R1.macs2_peak_16404,Chr19,38042806,38043825,38043315.5,+,1020,208,18,-117
MafA_R1.macs2_peak_16176,Chr19,27053691,27054455,27054073,+,765,124,5,-139811
MafA_R1.macs2_peak_15751,Chr19,4492270,4492613,4492441.5,+,344,79,2,2854
MafA_R1.macs2_peak_16616,Chr19,47491954,47492489,47492221.5,+,536,53,1,-9200
MafA_R1.macs2_peak_16625,Chr19,48456901,48457444,48457172.5,+,544,37,2,262708
MafA_R1.macs2_peak_16192,Chr19,27406948,27407727,27407337.5,+,780,546,1,-29
MafA_R1.macs2_peak_15761,Chr19,4733769,4734248,4734008.5,+,480,31,1,14688
MafA_R1.macs2_peak_16120,Chr19,24386970,24387772,24387371,+,803,45,3,67467
MafA_R1.macs2_peak_16819,Chr19,61319050,61319342,61319196,+,293,45,1,-102340
MafA_R1.macs2_peak_15706,Chr19,3446989,3447271,3447130,+,283,31,1,7752
MafA_R1.macs2_peak_16483,Chr19,44096765,44097085,44096925,+,321,40,3,-1009
MafA_R1.macs2_peak_16618,Chr19,47719672,47719998,47719835,+,327,169,1,-360
MafA_R1.macs2_peak_16026,Chr19,17853130,17853588,17853359,+,459,47,3,-38363
MafA_R1.macs2_peak_16046,Chr19,21553542,21553985,21553763.5,+,444,33,23,76392
MafA_R1.macs2_peak_16298,Chr19,32374771,32375170,32374970.5,+,400,33,1,8354
MafA_R1.macs2_peak_15789,Chr19,5852883,5854355,5853619,+,1473,267,1,-919
MafA_R1.macs2_peak_16394,Chr19,37592553,37592825,37592689,+,273,29,1,53823
MafA_R1.macs2_peak_16141,Chr19,25907282,25907767,25907524.5,+,486,53,7,257749
MafA_R1.macs2_peak_16523,Chr19,44762185,44762799,44762492,+,615,53,5,17147
MafA_R1.macs2_peak_15780,Chr19,5738798,5739592,5739195,+,795,202,6,36
MafA_R1.macs2_peak_15719,Chr19,3673564,3674135,3673849.5,+,572,105,8,-48100
MafA_R1.macs2_peak_16186,Chr19,27294175,27294967,27294571,+,793,79,3,-5448
MafA_R1.macs2_peak_16473,Chr19,43518859,43520069,43519464,+,1211,167,13,-6420
MafA_R1.macs2_peak_16140,Chr19,25904564,25904870,25904717,+,307,41,3,254942
MafA_R1.macs2_peak_16150,Chr19,26507659,26508190,26507924.5,+,532,56,1,-74636
MafA_R1.macs2_peak_15700,Chr19,3372512,3373237,3372874.5,+,726,108,2,-427
MafA_R1.macs2_peak_16315,Chr19,33369221,33369695,33369458,+,475,82,3,237
MafA_R1.macs2_peak_16576,Chr19,46345980,46346517,46346248.5,+,538,57,4,929
MafA_R1.macs2_peak_16695,Chr19,54088138,54088618,54088378,+,481,29,1,54688
MafA_R1.macs2_peak_16462,Chr19,42410465,42410848,42410656.5,+,384,35,5,9277
MafA_R1.macs2_peak_15767,Chr19,5054950,5055397,5055173.5,+,448,41,2,-15174
MafA_R1.macs2_peak_16200,Chr19,27656609,27657175,27656892,+,567,71,1,249455
MafA_R1.macs2_peak_16297,Chr19,32366005,32366857,32366431,+,853,103,14,-185
MafA_R1.macs2_peak_15768,Chr19,5073533,5074372,5073952.5,+,840,90,4,-82
MafA_R1.macs2_peak_16185,Chr19,27286414,27286985,27286699.5,+,572,45,2,-13320
MafA_R1.macs2_peak_16428,Chr19,40750279,40750794,40750536.5,+,516,31,3,-69187
MafA_R1.macs2_peak_16761,Chr19,57599112,57599388,57599250,+,277,104,4,-216
MafA_R1.macs2_peak_16180,Chr19,27145989,27146259,27146124,+,271,69,1,-47760
MafA_R1.macs2_peak_16666,Chr19,53488123,53489573,53488848,+,1451,62,3,-28728
MafA_R1.macs2_peak_16146,Chr19,26317526,26317934,26317730,+,409,52,1,-264830
MafA_R1.macs2_peak_16048,Chr19,21629805,21630404,21630104.5,+,600,65,1,51
MafA_R1.macs2_peak_15802,Chr19,5974292,5974830,5974561,+,539,85,1,283
MafA_R1.macs2_peak_16007,Chr19,17101519,17101866,17101692.5,+,348,28,2,168210
MafA_R1.macs2_peak_16586,Chr19,46586898,46587410,46587154,+,513,43,1,-391
MafA_R1.macs2_peak_16203,Chr19,27775712,27776008,27775860,+,297,34,1,211313
MafA_R1.macs2_peak_16197,Chr19,27567211,27567579,27567395,+,369,38,1,159958
MafA_R1.macs2_peak_16723,Chr19,55242888,55243540,55243214,+,653,33,1,1413
MafA_R1.macs2_peak_16339,Chr19,34724290,34725047,34724668.5,+,758,45,1,60
MafA_R1.macs2_peak_16585,Chr19,46561205,46561507,46561356,+,303,49,2,265
MafA_R1.macs2_peak_15782,Chr19,5821199,5821453,5821326,+,255,58,1,121
MafA_R1.macs2_peak_18949,Chr2,158827095,158828243,158827669,+,1149,1687,4,190942
MafA_R1.macs2_peak_18966,Chr2,160568517,160570192,160569354.5,+,1676,3315,2,-3876
MafA_R1.macs2_peak_17417,Chr2,49705280,49706520,49705900,+,1241,1743,12,28202
MafA_R1.macs2_peak_19078,Chr2,165508764,165510361,165509562.5,+,1598,1911,1,12344
MafA_R1.macs2_peak_18911,Chr2,157729138,157730670,157729904,+,1533,1169,6,-26669
MafA_R1.macs2_peak_17855,Chr2,80459796,80461104,80460450,+,1309,1584,1,-1316
MafA_R1.macs2_peak_17494,Chr2,55736164,55738247,55737205.5,+,2084,1728,1,411223
MafA_R1.macs2_peak_18353,Chr2,124460051,124461322,124460686.5,+,1272,1844,1,8470
MafA_R1.macs2_peak_16912,Chr2,10455112,10456207,10455659.5,+,1096,967,14,-15815
MafA_R1.macs2_peak_18291,Chr2,119923906,119925145,119924525.5,+,1240,1255,7,-5131
MafA_R1.macs2_peak_18766,Chr2,151871378,151872062,151871720,+,685,1417,4,29934
MafA_R1.macs2_peak_17429,Chr2,50086551,50088501,50087526,+,1951,992,13,99287
MafA_R1.macs2_peak_18033,Chr2,101795674,101797086,101796380,+,1413,963,19,79773
MafA_R1.macs2_peak_19065,Chr2,164999609,165001312,165000460.5,+,1704,2745,1,-67790
MafA_R1.macs2_peak_18257,Chr2,118275870,118277781,118276825.5,+,1912,1205,17,33352
MafA_R1.macs2_peak_17021,Chr2,24317965,24319383,24318674,+,1419,1435,2,42046
MafA_R1.macs2_peak_18733,Chr2,148134782,148135546,148135164,+,765,570,1,-102133
MafA_R1.macs2_peak_18198,Chr2,113789164,113790197,113789680.5,+,1034,878,9,-54364
MafA_R1.macs2_peak_18990,Chr2,161275423,161276831,161276127,+,1409,1094,19,-325121
MafA_R1.macs2_peak_18699,Chr2,146151148,146152706,146151927,+,1559,1352,4,50721
MafA_R1.macs2_peak_17420,Chr2,49811419,49813214,49812316.5,+,1796,931,6,134618
MafA_R1.macs2_peak_19001,Chr2,161705715,161707309,161706512,+,1595,651,15,-526221
MafA_R1.macs2_peak_18255,Chr2,118238436,118239350,118238893,+,915,510,5,19300
MafA_R1.macs2_peak_19322,Chr2,179842155,179843228,179842691.5,+,1074,623,6,-21075
MafA_R1.macs2_peak_18771,Chr2,151946816,151948029,151947422.5,+,1214,1593,10,-22
MafA_R1.macs2_peak_19063,Chr2,164989983,164992321,164991152,+,2339,1277,5,-58482
MafA_R1.macs2_peak_18904,Chr2,157598608,157599839,157599223.5,+,1232,841,13,19902
MafA_R1.macs2_peak_18767,Chr2,151915924,151916820,151916372,+,897,466,9,-7077
MafA_R1.macs2_peak_18705,Chr2,146207131,146208701,146207916,+,1571,1140,3,106710
MafA_R1.macs2_peak_18456,Chr2,131905490,131907104,131906297,+,1615,2119,1,-34053
MafA_R1.macs2_peak_17455,Chr2,51414314,51415233,51414773.5,+,920,497,11,-86861
MafA_R1.macs2_peak_17472,Chr2,52512591,52514656,52513623.5,+,2066,455,30,52248
MafA_R1.macs2_peak_19080,Chr2,165592757,165593344,165593050.5,+,588,1012,1,95832
MafA_R1.macs2_peak_17870,Chr2,83588736,83591174,83589955,+,2439,1177,2,35214
MafA_R1.macs2_peak_17369,Chr2,44463688,44466950,44465319,+,3263,635,2,286315
MafA_R1.macs2_peak_18282,Chr2,119081107,119082041,119081574,+,935,576,5,13733
MafA_R1.macs2_peak_18420,Chr2,129549456,129550523,129549989.5,+,1068,466,1,-8131
MafA_R1.macs2_peak_17860,Chr2,80561323,80562453,80561888,+,1131,429,2,92280
MafA_R1.macs2_peak_18721,Chr2,147717686,147718985,147718335.5,+,1300,668,13,165722
MafA_R1.macs2_peak_18220,Chr2,115518588,115519701,115519144.5,+,1114,740,1,49938
MafA_R1.macs2_peak_19195,Chr2,171051142,171052220,171051681,+,1079,801,4,477954
MafA_R1.macs2_peak_17684,Chr2,69076303,69079648,69077975.5,+,3346,960,41,27682
MafA_R1.macs2_peak_18201,Chr2,113826643,113828121,113827382,+,1479,732,2,-16664
MafA_R1.macs2_peak_17903,Chr2,91624468,91625594,91625031,+,1127,354,3,64548
MafA_R1.macs2_peak_16836,Chr2,4022600,4023472,4023036,+,873,440,5,542
MafA_R1.macs2_peak_18336,Chr2,122351327,122352363,122351845,+,1037,380,2,36423
MafA_R1.macs2_peak_17867,Chr2,83544675,83546297,83545486,+,1623,451,1,-9255
MafA_R1.macs2_peak_19054,Chr2,164928050,164929281,164928665.5,+,1232,864,12,4005
MafA_R1.macs2_peak_17899,Chr2,91184166,91185392,91184779,+,1227,435,1,89319
MafA_R1.macs2_peak_18383,Chr2,127251508,127252668,127252088,+,1161,413,5,-15031
MafA_R1.macs2_peak_17702,Chr2,70077685,70078779,70078232,+,1095,356,2,208762
MafA_R1.macs2_peak_18401,Chr2,127968945,127970784,127969864.5,+,1840,1811,1,369
MafA_R1.macs2_peak_18048,Chr2,101985067,101987032,101986049.5,+,1966,609,8,30756
MafA_R1.macs2_peak_17504,Chr2,57100242,57102211,57101226.5,+,1970,1325,1,-26464
MafA_R1.macs2_peak_17427,Chr2,50039683,50040912,50040297.5,+,1230,721,6,83856
MafA_R1.macs2_peak_18391,Chr2,127744261,127745200,127744730.5,+,940,350,3,48182
MafA_R1.macs2_peak_19060,Chr2,164955427,164957621,164956524,+,2195,1162,8,-23854
MafA_R1.macs2_peak_19129,Chr2,166989541,166990224,166989882.5,+,684,816,1,40856
MafA_R1.macs2_peak_18879,Chr2,156941617,156942904,156942260.5,+,1288,879,6,13330
MafA_R1.macs2_peak_18987,Chr2,161221185,161221829,161221507,+,645,328,1,-270501
MafA_R1.macs2_peak_18704,Chr2,146204617,146206155,146205386,+,1539,548,6,104180
MafA_R1.macs2_peak_18390,Chr2,127731350,127732042,127731696,+,693,470,1,35148
MafA_R1.macs2_peak_18017,Chr2,101571816,101573491,101572653.5,+,1676,1119,31,55399
MafA_R1.macs2_peak_18089,Chr2,104412808,104414267,104413537.5,+,1460,707,6,-7292
MafA_R1.macs2_peak_18121,Chr2,106012609,106013503,106013056,+,895,832,1,-179162
MafA_R1.macs2_peak_18190,Chr2,113647440,113648491,113647965.5,+,1052,338,2,11471
MafA_R1.macs2_peak_17939,Chr2,92661691,92662563,92662127,+,873,474,1,-83319
MafA_R1.macs2_peak_18493,Chr2,133836031,133836918,133836474.5,+,888,446,2,429846
MafA_R1.macs2_peak_18057,Chr2,102492531,102494614,102493572.5,+,2084,570,12,4538
MafA_R1.macs2_peak_18523,Chr2,135558930,135559680,135559305,+,751,350,1,-47453
MafA_R1.macs2_peak_17674,Chr2,69026699,69027774,69027236.5,+,1076,714,4,9321
MafA_R1.macs2_peak_16994,Chr2,21374414,21375147,21374780.5,+,734,643,1,2402
MafA_R1.macs2_peak_18041,Chr2,101854648,101855436,101855042,+,789,387,10,138435
MafA_R1.macs2_peak_17466,Chr2,52138138,52139541,52138839.5,+,1404,496,22,-42175
MafA_R1.macs2_peak_18834,Chr2,155198990,155200409,155199699.5,+,1420,1418,3,-355
MafA_R1.macs2_peak_18490,Chr2,133565358,133566959,133566158.5,+,1602,288,2,159530
MafA_R1.macs2_peak_17456,Chr2,51440678,51441557,51441117.5,+,880,280,3,-76406
MafA_R1.macs2_peak_17813,Chr2,78548116,78549948,78549032,+,1833,484,1,-150359
MafA_R1.macs2_peak_19200,Chr2,171517423,171518718,171518070.5,+,1296,422,16,286649
MafA_R1.macs2_peak_18850,Chr2,155723745,155725049,155724397,+,1305,341,13,-47625
MafA_R1.macs2_peak_17445,Chr2,50738933,50741155,50740044,+,2223,649,31,-59652
MafA_R1.macs2_peak_16999,Chr2,21711668,21713662,21712665,+,1995,314,6,340287
MafA_R1.macs2_peak_16938,Chr2,13674081,13675018,13674549.5,+,938,287,3,95427
MafA_R1.macs2_peak_18498,Chr2,134068345,134069405,134068875,+,1061,351,7,327397
MafA_R1.macs2_peak_17010,Chr2,22297828,22299376,22298602,+,1549,489,2,66288
MafA_R1.macs2_peak_18046,Chr2,101947551,101948357,101947954,+,807,427,7,68851
MafA_R1.macs2_peak_18298,Chr2,120688413,120689122,120688767.5,+,710,236,2,7630
MafA_R1.macs2_peak_18944,Chr2,158494784,158495925,158495354.5,+,1142,364,11,-13299
MafA_R1.macs2_peak_17681,Chr2,69049072,69050796,69049934,+,1725,653,20,-359
MafA_R1.macs2_peak_17492,Chr2,55469823,55470825,55470324,+,1003,313,1,144342
MafA_R1.macs2_peak_17499,Chr2,56429738,56430745,56430241.5,+,1008,263,1,-245582
MafA_R1.macs2_peak_17700,Chr2,69980299,69981466,69980882.5,+,1168,433,7,111412
MafA_R1.macs2_peak_18212,Chr2,114170736,114171821,114171278.5,+,1086,352,1,-139365
MafA_R1.macs2_peak_18742,Chr2,148648584,148648962,148648773,+,379,224,3,8014
MafA_R1.macs2_peak_19335,Chr2,180430705,180431479,180431092,+,775,393,1,-12399
MafA_R1.macs2_peak_18261,Chr2,118337349,118338256,118337802.5,+,908,579,1,-27625
MafA_R1.macs2_peak_17884,Chr2,90304866,90305852,90305359,+,987,819,5,4159
MafA_R1.macs2_peak_19118,Chr2,166561229,166561971,166561600,+,743,345,3,-5848
MafA_R1.macs2_peak_18328,Chr2,122074120,122074560,122074340,+,441,290,8,9020
MafA_R1.macs2_peak_18982,Chr2,161144977,161145453,161145215,+,477,254,2,-194209
MafA_R1.macs2_peak_17773,Chr2,74280277,74282561,74281419,+,2285,382,1,127873
MafA_R1.macs2_peak_17812,Chr2,78481845,78482597,78482221,+,753,228,1,-217170
MafA_R1.macs2_peak_18294,Chr2,120204232,120204972,120204602,+,741,280,2,-20984
MafA_R1.macs2_peak_17377,Chr2,44946773,44947638,44947205.5,+,866,334,3,-34016
MafA_R1.macs2_peak_16923,Chr2,11717459,11718278,11717868.5,+,820,443,5,7345
MafA_R1.macs2_peak_18047,Chr2,101951396,101952739,101952067.5,+,1344,412,15,64738
MafA_R1.macs2_peak_18695,Chr2,146135350,146136137,146135743.5,+,788,295,8,34537
MafA_R1.macs2_peak_16930,Chr2,12845541,12846360,12845950.5,+,820,243,4,-82902
MafA_R1.macs2_peak_16824,Chr2,3294821,3296750,3295785.5,+,1930,431,5,10536
MafA_R1.macs2_peak_18744,Chr2,149291595,149292832,149292213.5,+,1238,216,16,45044
MafA_R1.macs2_peak_19237,Chr2,173819176,173820106,173819641,+,931,297,1,-98454
MafA_R1.macs2_peak_17652,Chr2,68050878,68051825,68051351.5,+,948,338,5,116335
MafA_R1.macs2_peak_18397,Chr2,127935609,127936554,127936081.5,+,946,338,3,-31877
MafA_R1.macs2_peak_18885,Chr2,157112865,157113733,157113299,+,869,205,4,-7719
MafA_R1.macs2_peak_18005,Chr2,95989071,95990001,95989536,+,931,188,1,-158978
MafA_R1.macs2_peak_18010,Chr2,100642643,100643813,100643228,+,1171,452,4,808163
MafA_R1.macs2_peak_18948,Chr2,158823515,158825017,158824266,+,1503,442,11,187539
MafA_R1.macs2_peak_18466,Chr2,132269064,132269799,132269431.5,+,736,319,3,2770
MafA_R1.macs2_peak_18236,Chr2,116436725,116437489,116437107,+,765,205,1,-272065
MafA_R1.macs2_peak_18828,Chr2,154891968,154893178,154892573,+,1211,1755,8,23844
MafA_R1.macs2_peak_17857,Chr2,80501892,80502475,80502183.5,+,584,221,1,32575
MafA_R1.macs2_peak_18421,Chr2,129559901,129560753,129560327,+,853,221,2,-18469
MafA_R1.macs2_peak_18819,Chr2,154444811,154446044,154445427.5,+,1234,832,1,166
MafA_R1.macs2_peak_19093,Chr2,165862106,165864627,165863366.5,+,2522,597,1,28809
MafA_R1.macs2_peak_17018,Chr2,24295225,24296102,24295663.5,+,878,317,1,19035
MafA_R1.macs2_peak_18109,Chr2,105622335,105623789,105623062,+,1455,547,1,110254
MafA_R1.macs2_peak_18825,Chr2,154651047,154651677,154651362,+,631,236,3,18332
MafA_R1.macs2_peak_17701,Chr2,70007490,70008855,70008172.5,+,1366,275,4,138702
MafA_R1.macs2_peak_18184,Chr2,113481125,113481923,113481524,+,799,275,15,-33911
MafA_R1.macs2_peak_18382,Chr2,127219864,127221464,127220664,+,1601,353,16,15565
MafA_R1.macs2_peak_18939,Chr2,158357224,158358487,158357855.5,+,1264,306,11,3139
MafA_R1.macs2_peak_17462,Chr2,51720173,51720852,51720512.5,+,680,193,4,-98491
MafA_R1.macs2_peak_17865,Chr2,83530906,83531722,83531314,+,817,193,2,-23427
MafA_R1.macs2_peak_19201,Chr2,172194560,172195575,172195067.5,+,1016,411,7,7570
MafA_R1.macs2_peak_18182,Chr2,113378891,113380035,113379463,+,1145,369,1,108054
MafA_R1.macs2_peak_17888,Chr2,90470493,90471840,90471166.5,+,1348,197,2,-36393
MafA_R1.macs2_peak_18209,Chr2,113917642,113918335,113917988.5,+,694,197,1,33111
MafA_R1.macs2_peak_18011,Chr2,100673535,100674690,100674112.5,+,1156,223,4,777279
MafA_R1.macs2_peak_18324,Chr2,121746627,121747541,121747084,+,915,223,3,-39398
MafA_R1.macs2_peak_17986,Chr2,94189435,94191489,94190462,+,2055,301,10,46572
MafA_R1.macs2_peak_17517,Chr2,58154040,58155058,58154549,+,1019,164,5,-12242
MafA_R1.macs2_peak_16835,Chr2,3909169,3910098,3909633.5,+,930,227,7,-109087
MafA_R1.macs2_peak_17967,Chr2,93621939,93622999,93622469,+,1061,433,10,30444
MafA_R1.macs2_peak_18004,Chr2,95836520,95837316,95836918,+,797,254,1,-311596
MafA_R1.macs2_peak_19121,Chr2,166717893,166718688,166718290.5,+,796,254,1,-29726
MafA_R1.macs2_peak_18299,Chr2,121009047,121009868,121009457.5,+,822,184,5,7808
MafA_R1.macs2_peak_17468,Chr2,52211673,52212491,52212082,+,819,188,1,16728
MafA_R1.macs2_peak_19244,Chr2,173927768,173928986,173928377,+,1219,199,1,9533
MafA_R1.macs2_peak_18269,Chr2,118592885,118595363,118594124,+,2479,1055,11,-982
MafA_R1.macs2_peak_18283,Chr2,119093482,119094529,119094005.5,+,1048,381,10,7702
MafA_R1.macs2_peak_18402,Chr2,128145876,128146636,128146256,+,761,244,3,125015
MafA_R1.macs2_peak_18805,Chr2,153468854,153469657,153469255.5,+,804,244,1,5446
MafA_R1.macs2_peak_18922,Chr2,157835703,157836549,157836126,+,847,248,4,34228
MafA_R1.macs2_peak_18335,Chr2,122322275,122322787,122322531,+,513,153,4,7109
MafA_R1.macs2_peak_17699,Chr2,69978054,69979011,69978532.5,+,958,188,9,109062
MafA_R1.macs2_peak_18861,Chr2,156044452,156045239,156044845.5,+,788,235,2,6278
MafA_R1.macs2_peak_17634,Chr2,65498527,65499592,65499059.5,+,1066,283,1,29
MafA_R1.macs2_peak_17614,Chr2,64255411,64256079,64255745,+,669,171,2,-327363
MafA_R1.macs2_peak_18871,Chr2,156332484,156332890,156332687,+,407,202,3,15218
MafA_R1.macs2_peak_19205,Chr2,172573175,172573697,172573436,+,523,202,1,180652
MafA_R1.macs2_peak_18079,Chr2,103702222,103702909,103702565.5,+,688,186,1,-28731
MafA_R1.macs2_peak_18835,Chr2,155211029,155212494,155211761.5,+,1466,629,11,-12015
MafA_R1.macs2_peak_17626,Chr2,65226715,65227052,65226883.5,+,338,233,1,-32139
MafA_R1.macs2_peak_19004,Chr2,161773424,161774930,161774177,+,1507,361,7,-458556
MafA_R1.macs2_peak_17433,Chr2,50172507,50173644,50173075.5,+,1138,225,21,13738
MafA_R1.macs2_peak_18320,Chr2,121660127,121661552,121660839.5,+,1426,287,10,-23301
MafA_R1.macs2_peak_17987,Chr2,94228853,94230046,94229449.5,+,1194,142,2,7585
MafA_R1.macs2_peak_17695,Chr2,69771719,69772355,69772037,+,637,192,1,44447
MafA_R1.macs2_peak_18928,Chr2,158049804,158050270,158050037,+,467,192,4,16109
MafA_R1.macs2_peak_17960,Chr2,93107765,93108252,93108008.5,+,488,164,1,56824
MafA_R1.macs2_peak_18689,Chr2,146095921,146097899,146096910,+,1979,266,20,-4296
MafA_R1.macs2_peak_17467,Chr2,52209080,52210118,52209599,+,1039,370,2,19211
MafA_R1.macs2_peak_18700,Chr2,146166518,146167280,146166899,+,763,149,5,65693
MafA_R1.macs2_peak_18302,Chr2,121074711,121075683,121075197,+,973,181,1,26691
MafA_R1.macs2_peak_19314,Chr2,179548490,179548844,179548667,+,355,181,2,69772
MafA_R1.macs2_peak_18956,Chr2,159230063,159230884,159230473.5,+,822,267,11,-558788
MafA_R1.macs2_peak_17784,Chr2,75215103,75216032,75215567.5,+,930,150,1,58956
MafA_R1.macs2_peak_17810,Chr2,78375339,78376056,78375697.5,+,718,150,2,307806
MafA_R1.macs2_peak_17628,Chr2,65280877,65281489,65281183,+,613,131,7,-86439
MafA_R1.macs2_peak_17961,Chr2,93208194,93208877,93208535.5,+,684,189,2,-25357
MafA_R1.macs2_peak_18875,Chr2,156888646,156892321,156890483.5,+,3676,577,28,30702
MafA_R1.macs2_peak_18690,Chr2,146098163,146099909,146099036,+,1747,158,3,-2170
MafA_R1.macs2_peak_18824,Chr2,154624245,154625286,154624765.5,+,1042,302,4,-8265
MafA_R1.macs2_peak_18764,Chr2,151630376,151630906,151630641,+,531,211,2,-37256
MafA_R1.macs2_peak_18374,Chr2,126819019,126819984,126819501.5,+,966,171,1,-31130
MafA_R1.macs2_peak_16949,Chr2,14922557,14923223,14922890,+,667,175,1,44423
MafA_R1.macs2_peak_18022,Chr2,101664441,101665237,101664839,+,797,141,15,4486
MafA_R1.macs2_peak_17683,Chr2,69058086,69060752,69059419,+,2667,293,8,9126
MafA_R1.macs2_peak_18954,Chr2,158895726,158896468,158896097,+,743,149,1,259370
MafA_R1.macs2_peak_18026,Chr2,101736355,101736603,101736479,+,249,276,7,19872
MafA_R1.macs2_peak_19179,Chr2,169644123,169644848,169644485.5,+,726,126,1,160622
MafA_R1.macs2_peak_18934,Chr2,158166915,158167351,158167133,+,437,135,5,18720
MafA_R1.macs2_peak_18249,Chr2,118034054,118035733,118034893.5,+,1680,349,4,52554
MafA_R1.macs2_peak_18955,Chr2,159005664,159006009,159005836.5,+,346,144,4,369109
MafA_R1.macs2_peak_18715,Chr2,147037154,147037740,147037447,+,587,691,1,8103
MafA_R1.macs2_peak_19171,Chr2,168416727,168417380,168417053.5,+,654,161,1,15232
MafA_R1.macs2_peak_18910,Chr2,157714955,157715715,157715335,+,761,188,2,-41238
MafA_R1.macs2_peak_16854,Chr2,4787116,4789056,4788086,+,1941,183,6,65444
MafA_R1.macs2_peak_19066,Chr2,165014754,165015484,165015119,+,731,206,1,61538
MafA_R1.macs2_peak_19139,Chr2,167327517,167328296,167327906.5,+,780,308,1,-6659
MafA_R1.macs2_peak_18021,Chr2,101658283,101659391,101658837,+,1109,131,9,10488
MafA_R1.macs2_peak_18717,Chr2,147089345,147090782,147090063.5,+,1438,457,12,60719
MafA_R1.macs2_peak_16987,Chr2,21048521,21049397,21048959,+,877,153,1,75274
MafA_R1.macs2_peak_17017,Chr2,24201262,24201949,24201605.5,+,688,153,6,20397
MafA_R1.macs2_peak_17886,Chr2,90351829,90353107,90352468,+,1279,130,8,-42950
MafA_R1.macs2_peak_17384,Chr2,48033167,48033887,48033527,+,721,151,4,-670594
MafA_R1.macs2_peak_17418,Chr2,49734841,49736017,49735429,+,1177,151,1,57731
MafA_R1.macs2_peak_18902,Chr2,157593988,157594787,157594387.5,+,800,156,5,15066
MafA_R1.macs2_peak_19185,Chr2,170389211,170390831,170390021,+,1621,322,3,-36174
MafA_R1.macs2_peak_16913,Chr2,10675701,10676856,10676278.5,+,1156,174,6,153312
MafA_R1.macs2_peak_18137,Chr2,109340815,109341499,109341157,+,685,174,3,-163888
MafA_R1.macs2_peak_18204,Chr2,113849915,113851029,113850472,+,1115,174,3,-6372
MafA_R1.macs2_peak_19193,Chr2,170768166,170768645,170768405.5,+,480,174,1,194678
MafA_R1.macs2_peak_18325,Chr2,121815353,121816309,121815831,+,957,123,8,-29258
MafA_R1.macs2_peak_18937,Chr2,158185126,158185919,158185522.5,+,794,197,22,17907
MafA_R1.macs2_peak_17671,Chr2,68999821,69001829,69000825,+,2009,220,6,34681
MafA_R1.macs2_peak_18921,Chr2,157834418,157835390,157834904,+,973,220,1,35450
MafA_R1.macs2_peak_18053,Chr2,102153517,102153868,102153692.5,+,352,110,3,77553
MafA_R1.macs2_peak_18279,Chr2,118862944,118863313,118863128.5,+,370,200,1,-2143
MafA_R1.macs2_peak_18988,Chr2,161257883,161259091,161258487,+,1209,289,3,-307481
MafA_R1.macs2_peak_18891,Chr2,157408087,157408822,157408454.5,+,736,969,3,-173
MafA_R1.macs2_peak_18741,Chr2,148594034,148594608,148594321,+,575,336,8,2040
MafA_R1.macs2_peak_18387,Chr2,127363620,127364552,127364086,+,933,256,5,-72
MafA_R1.macs2_peak_17444,Chr2,50720407,50720758,50720582.5,+,352,116,6,-79114
MafA_R1.macs2_peak_17004,Chr2,21980134,21981016,21980575,+,883,164,4,-251739
MafA_R1.macs2_peak_16853,Chr2,4745066,4745638,4745352,+,573,219,6,22710
MafA_R1.macs2_peak_17885,Chr2,90320189,90321234,90320711.5,+,1046,142,2,-11193
MafA_R1.macs2_peak_17887,Chr2,90384112,90384555,90384333.5,+,444,142,8,26658
MafA_R1.macs2_peak_18469,Chr2,132455317,132456110,132455713.5,+,794,120,1,15597
MafA_R1.macs2_peak_17005,Chr2,22033910,22034620,22034265,+,711,196,1,-198049
MafA_R1.macs2_peak_18444,Chr2,131264934,131265587,131265260.5,+,654,319,1,-68522
MafA_R1.macs2_peak_17682,Chr2,69052404,69053935,69053169.5,+,1532,570,2,2876
MafA_R1.macs2_peak_16955,Chr2,17746216,17746962,17746589,+,747,130,2,-10644
MafA_R1.macs2_peak_17457,Chr2,51453784,51454486,51454135,+,703,130,11,-63388
MafA_R1.macs2_peak_18517,Chr2,135203516,135203912,135203714,+,397,130,10,-146178
MafA_R1.macs2_peak_16848,Chr2,4497293,4498590,4497941.5,+,1298,333,4,-66624
MafA_R1.macs2_peak_18038,Chr2,101831283,101834097,101832690,+,2815,310,34,116083
MafA_R1.macs2_peak_18034,Chr2,101797599,101798233,101797916,+,635,160,8,81309
MafA_R1.macs2_peak_18687,Chr2,145903443,145903725,145903584,+,283,133,1,126880
MafA_R1.macs2_peak_18737,Chr2,148468740,148469026,148468883,+,287,99,2,-45652
MafA_R1.macs2_peak_17771,Chr2,73894260,73894707,73894483.5,+,448,137,5,-152813
MafA_R1.macs2_peak_18206,Chr2,113859756,113860440,113860098,+,685,132,3,-15998
MafA_R1.macs2_peak_18429,Chr2,129967825,129968666,129968245.5,+,842,132,1,3050
MafA_R1.macs2_peak_19006,Chr2,161803547,161803981,161803764,+,435,132,2,-428969
MafA_R1.macs2_peak_18031,Chr2,101785764,101786708,101786236,+,945,216,8,69629
MafA_R1.macs2_peak_19286,Chr2,179135898,179136760,179136329,+,863,216,1,52105
MafA_R1.macs2_peak_17994,Chr2,94561069,94563646,94562357.5,+,2578,301,6,-293826
MafA_R1.macs2_peak_18185,Chr2,113484866,113485893,113485379.5,+,1028,233,1,-30056
MafA_R1.macs2_peak_18468,Chr2,132327605,132328109,132327857,+,505,110,1,-4791
MafA_R1.macs2_peak_18869,Chr2,156302351,156303005,156302678,+,655,110,9,-14776
MafA_R1.macs2_peak_17862,Chr2,82350091,82350661,82350376,+,571,114,2,-127830
MafA_R1.macs2_peak_17975,Chr2,93874545,93876256,93875400.5,+,1712,461,2,-34325
MafA_R1.macs2_peak_18844,Chr2,155483735,155484574,155484154.5,+,840,178,1,19354
MafA_R1.macs2_peak_17465,Chr2,51875507,51876409,51875958,+,903,117,3,-12738
MafA_R1.macs2_peak_18256,Chr2,118274181,118275120,118274650.5,+,940,117,2,35527
MafA_R1.macs2_peak_16827,Chr2,3327870,3328720,3328295,+,851,121,2,5370
MafA_R1.macs2_peak_17432,Chr2,50163237,50164011,50163624,+,775,121,6,23189
MafA_R1.macs2_peak_18069,Chr2,103297318,103298006,103297662,+,689,100,2,17836
MafA_R1.macs2_peak_18056,Chr2,102298646,102299194,102298920,+,549,146,6,-16783
MafA_R1.macs2_peak_18691,Chr2,146100945,146102162,146101553.5,+,1218,146,2,347
MafA_R1.macs2_peak_19178,Chr2,169638934,169639765,169639349.5,+,832,146,3,164920
MafA_R1.macs2_peak_18696,Chr2,146137072,146138584,146137828,+,1513,269,5,36622
MafA_R1.macs2_peak_18258,Chr2,118281506,118282152,118281829,+,647,95,7,28348
MafA_R1.macs2_peak_16916,Chr2,11367526,11367835,11367680.5,+,310,124,1,23380
MafA_R1.macs2_peak_18709,Chr2,146454465,146454969,146454717,+,505,200,17,69866
MafA_R1.macs2_peak_18223,Chr2,115651543,115652084,115651813.5,+,542,123,1,182607
MafA_R1.macs2_peak_18860,Chr2,156029570,156029934,156029752,+,365,123,4,-7594
MafA_R1.macs2_peak_17656,Chr2,68180786,68181398,68181092,+,613,160,1,121233
MafA_R1.macs2_peak_16974,Chr2,20426932,20427556,20427244,+,625,135,8,-87614
MafA_R1.macs2_peak_19134,Chr2,167148851,167150283,167149567,+,1433,299,2,41531
MafA_R1.macs2_peak_18851,Chr2,155726719,155727786,155727252.5,+,1068,250,8,44978
MafA_R1.macs2_peak_16989,Chr2,21259034,21260094,21259564,+,1061,89,3,49029
MafA_R1.macs2_peak_18559,Chr2,137923558,137924171,137923864.5,+,614,89,1,-174640
MafA_R1.macs2_peak_18722,Chr2,147774017,147774347,147774182,+,331,89,1,113202
MafA_R1.macs2_peak_19194,Chr2,170998070,170999027,170998548.5,+,958,89,1,424821
MafA_R1.macs2_peak_19058,Chr2,164947557,164949214,164948385.5,+,1658,494,12,-15715
MafA_R1.macs2_peak_16934,Chr2,13212213,13213093,13212653,+,881,142,1,63573
MafA_R1.macs2_peak_18065,Chr2,102961862,102962168,102962015,+,307,104,2,57995
MafA_R1.macs2_peak_18221,Chr2,115643041,115643726,115643383.5,+,686,104,1,174177
MafA_R1.macs2_peak_17458,Chr2,51615514,51617270,51616392,+,1757,100,35,5629
MafA_R1.macs2_peak_18919,Chr2,157815554,157815803,157815678.5,+,250,100,2,54676
MafA_R1.macs2_peak_19012,Chr2,162500689,162501335,162501012,+,647,270,1,2055
MafA_R1.macs2_peak_18297,Chr2,120471375,120472292,120471833.5,+,918,137,5,12231
MafA_R1.macs2_peak_18087,Chr2,104321899,104322822,104322360.5,+,924,291,1,2474
MafA_R1.macs2_peak_17012,Chr2,22611609,22612277,22611943,+,669,108,2,-52396
MafA_R1.macs2_peak_17846,Chr2,80172935,80174057,80173496,+,1123,111,10,27686
MafA_R1.macs2_peak_18865,Chr2,156100252,156100870,156100561,+,619,111,1,-53832
MafA_R1.macs2_peak_18042,Chr2,101867886,101869478,101868682,+,1593,267,11,148123
MafA_R1.macs2_peak_19331,Chr2,180104090,180104872,180104481,+,783,99,9,1710
MafA_R1.macs2_peak_18278,Chr2,118849511,118850055,118849783,+,545,151,4,10091
MafA_R1.macs2_peak_16991,Chr2,21265681,21266572,21266126.5,+,892,282,13,55591
MafA_R1.macs2_peak_18494,Chr2,133843803,133845357,133844580,+,1555,168,3,437952
MafA_R1.macs2_peak_16845,Chr2,4265379,4266115,4265747,+,737,172,1,108073
MafA_R1.macs2_peak_17380,Chr2,45144809,45145435,45145122,+,627,114,1,-137668
MafA_R1.macs2_peak_18308,Chr2,121485874,121486190,121486032,+,317,114,2,147058
MafA_R1.macs2_peak_18728,Chr2,147841789,147842367,147842078,+,579,114,1,45306
MafA_R1.macs2_peak_18957,Chr2,159434655,159435408,159435031.5,+,754,114,4,-354230
MafA_R1.macs2_peak_18958,Chr2,159538516,159539026,159538771,+,511,114,3,-250490
MafA_R1.macs2_peak_19218,Chr2,173314888,173315795,173315341.5,+,908,114,16,-49044
MafA_R1.macs2_peak_16968,Chr2,18952857,18953741,18953299,+,885,126,3,49633
MafA_R1.macs2_peak_18349,Chr2,124099890,124100564,124100227,+,675,133,3,-35949
MafA_R1.macs2_peak_18774,Chr2,152521728,152522078,152521903,+,351,104,3,-7165
MafA_R1.macs2_peak_18340,Chr2,122607026,122607836,122607431,+,811,268,17,152
MafA_R1.macs2_peak_18385,Chr2,127338694,127339372,127339033,+,679,143,2,-14614
MafA_R1.macs2_peak_18806,Chr2,153469914,153470802,153470358,+,889,143,2,4343
MafA_R1.macs2_peak_18526,Chr2,135694868,135695242,135695055,+,375,91,1,88297
MafA_R1.macs2_peak_16979,Chr2,20732580,20733368,20732974,+,789,99,3,208650
MafA_R1.macs2_peak_17496,Chr2,56000167,56000953,56000560,+,787,91,2,674578
MafA_R1.macs2_peak_16820,Chr2,3141509,3141941,3141725,+,433,80,1,22003
MafA_R1.macs2_peak_17409,Chr2,49565320,49565845,49565582.5,+,526,80,3,56284
MafA_R1.macs2_peak_17436,Chr2,50251021,50251986,50251503.5,+,966,80,1,6466
MafA_R1.macs2_peak_18009,Chr2,100627815,100628365,100628090,+,551,102,6,823301
MafA_R1.macs2_peak_18863,Chr2,156093049,156093557,156093303,+,509,102,2,54736
MafA_R1.macs2_peak_18519,Chr2,135261822,135262371,135262096.5,+,550,106,1,163044
MafA_R1.macs2_peak_19000,Chr2,161675195,161675745,161675470,+,551,79,16,-557263
MafA_R1.macs2_peak_18050,Chr2,102016080,102016749,102016414.5,+,670,437,3,391
MafA_R1.macs2_peak_18363,Chr2,125548079,125548918,125548498.5,+,840,173,3,17570
MafA_R1.macs2_peak_17525,Chr2,58390185,58390811,58390498,+,627,105,1,60924
MafA_R1.macs2_peak_18906,Chr2,157604560,157605421,157604990.5,+,862,105,5,25669
MafA_R1.macs2_peak_19187,Chr2,170431959,170432476,170432217.5,+,518,124,3,11720
MafA_R1.macs2_peak_18843,Chr2,155455113,155455537,155455325,+,425,128,1,2162
MafA_R1.macs2_peak_16821,Chr2,3170356,3170851,3170603.5,+,496,132,1,50881
MafA_R1.macs2_peak_17510,Chr2,57178557,57179163,57178860,+,607,78,2,50466
MafA_R1.macs2_peak_17811,Chr2,78411536,78412285,78411910.5,+,750,81,1,-287481
MafA_R1.macs2_peak_18838,Chr2,155223769,155224422,155224095.5,+,654,703,2,319
MafA_R1.macs2_peak_19008,Chr2,162044574,162044987,162044780.5,+,414,88,1,-187953
MafA_R1.macs2_peak_18840,Chr2,155359501,155360208,155359854.5,+,708,876,2,-109
MafA_R1.macs2_peak_18467,Chr2,132274242,132275001,132274621.5,+,760,149,11,7960
MafA_R1.macs2_peak_18446,Chr2,131689706,131690050,131689878,+,345,164,2,-302
MafA_R1.macs2_peak_17003,Chr2,21967998,21968979,21968488.5,+,982,195,1,-263826
MafA_R1.macs2_peak_19238,Chr2,173861697,173862418,173862057.5,+,722,195,2,-56038
MafA_R1.macs2_peak_18859,Chr2,156004458,156004880,156004669,+,423,94,2,16831
MafA_R1.macs2_peak_18790,Chr2,152848123,152848632,152848377.5,+,510,97,2,8926
MafA_R1.macs2_peak_18846,Chr2,155517188,155517449,155517318.5,+,262,97,1,16986
MafA_R1.macs2_peak_18880,Chr2,156958598,156959423,156959010.5,+,826,108,18,18006
MafA_R1.macs2_peak_18775,Chr2,152566983,152567718,152567350.5,+,736,116,6,-10821
MafA_R1.macs2_peak_18043,Chr2,101901453,101901777,101901615,+,325,123,6,115190
MafA_R1.macs2_peak_18039,Chr2,101840397,101840814,101840605.5,+,418,82,4,123998
MafA_R1.macs2_peak_18311,Chr2,121540324,121540611,121540467.5,+,288,82,13,97071
MafA_R1.macs2_peak_18685,Chr2,145852361,145853019,145852690,+,659,82,2,75986
MafA_R1.macs2_peak_19282,Chr2,179058402,179059433,179058917.5,+,1032,82,1,2188
MafA_R1.macs2_peak_18307,Chr2,121471646,121472300,121471973,+,655,96,9,132999
MafA_R1.macs2_peak_18032,Chr2,101790651,101791625,101791138,+,975,81,11,74531
MafA_R1.macs2_peak_19057,Chr2,164940380,164940950,164940665,+,571,96,13,-7995
MafA_R1.macs2_peak_18897,Chr2,157546742,157547556,157547149,+,815,111,2,-32172
MafA_R1.macs2_peak_19198,Chr2,171121345,171122469,171121907,+,1125,111,11,548180
MafA_R1.macs2_peak_18909,Chr2,157633973,157634423,157634198,+,451,126,2,54877
MafA_R1.macs2_peak_17988,Chr2,94251791,94253793,94252792,+,2003,156,3,15739
MafA_R1.macs2_peak_18924,Chr2,157901444,157902252,157901848,+,809,172,4,31431
MafA_R1.macs2_peak_18319,Chr2,121658554,121659371,121658962.5,+,818,187,9,-21424
MafA_R1.macs2_peak_16841,Chr2,4192568,4192824,4192696,+,257,70,3,35022
MafA_R1.macs2_peak_18024,Chr2,101672313,101672809,101672561,+,497,70,8,-3236
MafA_R1.macs2_peak_18343,Chr2,123375360,123375613,123375486.5,+,254,70,1,-556403
MafA_R1.macs2_peak_18271,Chr2,118672520,118672849,118672684.5,+,330,95,3,-19791
MafA_R1.macs2_peak_18037,Chr2,101828760,101829592,101829176,+,833,98,6,112569
MafA_R1.macs2_peak_19247,Chr2,173943050,173944904,173943977,+,1855,220,2,-8167
MafA_R1.macs2_peak_17014,Chr2,22911691,22911977,22911834,+,287,80,2,18419
MafA_R1.macs2_peak_18692,Chr2,146120200,146121990,146121095,+,1791,173,1,19889
MafA_R1.macs2_peak_16980,Chr2,20740977,20742337,20741657,+,1361,162,1,217333
MafA_R1.macs2_peak_19086,Chr2,165726515,165728914,165727714.5,+,2400,257,3,-956
MafA_R1.macs2_peak_17963,Chr2,93511569,93512447,93512008,+,879,69,2,39229
MafA_R1.macs2_peak_17505,Chr2,57117046,57117859,57117452.5,+,814,179,1,-10238
MafA_R1.macs2_peak_18036,Chr2,101827080,101828178,101827629,+,1099,103,8,111022
MafA_R1.macs2_peak_18418,Chr2,129448268,129449086,129448677,+,819,103,16,11295
MafA_R1.macs2_peak_18427,Chr2,129715714,129715991,129715852.5,+,278,103,2,-72473
MafA_R1.macs2_peak_18123,Chr2,106024596,106024876,106024736,+,281,209,1,-190842
MafA_R1.macs2_peak_18177,Chr2,113311079,113311465,113311272,+,387,96,5,39863
MafA_R1.macs2_peak_17424,Chr2,49977460,49978300,49977880,+,841,133,2,21439
MafA_R1.macs2_peak_18224,Chr2,115686210,115686750,115686480,+,541,133,1,208620
MafA_R1.macs2_peak_18702,Chr2,146173814,146174175,146173994.5,+,362,71,1,72788
MafA_R1.macs2_peak_18179,Chr2,113368235,113370963,113369599,+,2729,118,1,98190
MafA_R1.macs2_peak_18316,Chr2,121609003,121609716,121609359.5,+,714,118,1,28179
MafA_R1.macs2_peak_18463,Chr2,132089801,132090270,132090035.5,+,470,185,6,-327
MafA_R1.macs2_peak_18711,Chr2,146529962,146530552,146530257,+,591,68,5,145406
MafA_R1.macs2_peak_17676,Chr2,69031411,69032858,69032134.5,+,1448,260,3,4423
MafA_R1.macs2_peak_18867,Chr2,156195301,156195747,156195524,+,447,102,2,39375
MafA_R1.macs2_peak_17459,Chr2,51623342,51623592,51623467,+,251,81,1,-1446
MafA_R1.macs2_peak_19050,Chr2,164775342,164775871,164775606.5,+,530,81,7,-14533
MafA_R1.macs2_peak_18953,Chr2,158881885,158882305,158882095,+,421,77,4,245368
MafA_R1.macs2_peak_19092,Chr2,165810579,165810876,165810727.5,+,298,74,1,-23830
MafA_R1.macs2_peak_18697,Chr2,146139304,146140013,146139658.5,+,710,87,2,38452
MafA_R1.macs2_peak_18262,Chr2,118340564,118341443,118341003.5,+,880,171,2,-30826
MafA_R1.macs2_peak_18693,Chr2,146129396,146129966,146129681,+,571,73,4,28475
MafA_R1.macs2_peak_18080,Chr2,103721215,103722390,103721802.5,+,1176,156,9,-9494
MafA_R1.macs2_peak_18916,Chr2,157782771,157783891,157783331,+,1121,328,6,26758
MafA_R1.macs2_peak_18841,Chr2,155411373,155411959,155411666,+,587,69,4,-12816
MafA_R1.macs2_peak_16830,Chr2,3429817,3430455,3430136,+,639,79,1,4968
MafA_R1.macs2_peak_17410,Chr2,49577172,49577691,49577431.5,+,520,72,1,68133
MafA_R1.macs2_peak_18852,Chr2,155736055,155737076,155736565.5,+,1022,111,4,35665
MafA_R1.macs2_peak_19219,Chr2,173392810,173393390,173393100,+,581,111,2,26966
MafA_R1.macs2_peak_17649,Chr2,67395675,67395964,67395819.5,+,290,265,1,-109982
MafA_R1.macs2_peak_18791,Chr2,152850965,152851981,152851473,+,1017,110,9,5830
MafA_R1.macs2_peak_18926,Chr2,157920314,157920713,157920513.5,+,400,110,6,13204
MafA_R1.macs2_peak_18082,Chr2,103733086,103733359,103733222.5,+,274,71,1,1926
MafA_R1.macs2_peak_17471,Chr2,52482947,52483757,52483352,+,811,164,1,-34729
MafA_R1.macs2_peak_17620,Chr2,64946794,64947434,64947114,+,641,91,1,-94004
MafA_R1.macs2_peak_18267,Chr2,118582578,118583082,118582830,+,505,91,3,6591
MafA_R1.macs2_peak_18173,Chr2,113157585,113158362,113157973.5,+,778,329,1,-108
MafA_R1.macs2_peak_17386,Chr2,48301607,48302300,48301953.5,+,694,61,3,-402168
MafA_R1.macs2_peak_17448,Chr2,50892160,50892432,50892296,+,273,61,1,92600
MafA_R1.macs2_peak_17822,Chr2,79139734,79140234,79139984,+,501,61,1,54214
MafA_R1.macs2_peak_18341,Chr2,122786850,122787322,122787086,+,473,61,1,163167
MafA_R1.macs2_peak_18708,Chr2,146366674,146367559,146367116.5,+,886,61,4,-13192
MafA_R1.macs2_peak_17845,Chr2,80145491,80145932,80145711.5,+,442,269,1,-99
MafA_R1.macs2_peak_18339,Chr2,122561380,122561779,122561579.5,+,400,94,1,-16996
MafA_R1.macs2_peak_18694,Chr2,146132480,146133182,146132831,+,703,94,2,31625
MafA_R1.macs2_peak_19002,Chr2,161722733,161723065,161722899,+,333,94,1,-509834
MafA_R1.macs2_peak_18877,Chr2,156912549,156912911,156912730,+,363,91,5,8455
MafA_R1.macs2_peak_17802,Chr2,77080167,77080679,77080423,+,513,73,1,30513
MafA_R1.macs2_peak_17934,Chr2,92556717,92557344,92557030.5,+,628,132,1,125568
MafA_R1.macs2_peak_18981,Chr2,161060037,161060492,161060264.5,+,456,60,5,-109258
MafA_R1.macs2_peak_18518,Chr2,135257384,135258091,135257737.5,+,708,154,2,167403
MafA_R1.macs2_peak_17426,Chr2,50000964,50001892,50001428,+,929,73,9,44987
MafA_R1.macs2_peak_18183,Chr2,113478547,113479601,113479074,+,1055,111,1,-36361
MafA_R1.macs2_peak_18265,Chr2,118524306,118524659,118524482.5,+,354,111,1,9962
MafA_R1.macs2_peak_18049,Chr2,101995415,101995676,101995545.5,+,262,79,3,21260
MafA_R1.macs2_peak_18925,Chr2,157919490,157920030,157919760,+,541,79,2,13957
MafA_R1.macs2_peak_19003,Chr2,161744113,161744664,161744388.5,+,552,79,12,-488345
MafA_R1.macs2_peak_19081,Chr2,165611795,165612129,165611962,+,335,79,1,88131
MafA_R1.macs2_peak_18313,Chr2,121561178,121561517,121561347.5,+,340,72,3,76191
MafA_R1.macs2_peak_17500,Chr2,56747714,56748313,56748013.5,+,600,156,3,72190
MafA_R1.macs2_peak_18305,Chr2,121418325,121418783,121418554,+,459,69,1,79580
MafA_R1.macs2_peak_18874,Chr2,156882329,156882663,156882496,+,335,62,2,-33501
MafA_R1.macs2_peak_18892,Chr2,157445977,157447158,157446567.5,+,1182,134,21,-38286
MafA_R1.macs2_peak_16910,Chr2,10147835,10148259,10148047,+,425,65,2,-10307
MafA_R1.macs2_peak_17491,Chr2,55342626,55343029,55342827.5,+,404,65,2,16845
MafA_R1.macs2_peak_19082,Chr2,165663684,165664773,165664228.5,+,1090,140,1,35865
MafA_R1.macs2_peak_18301,Chr2,121053802,121054146,121053974,+,345,95,1,47914
MafA_R1.macs2_peak_18684,Chr2,145776727,145776995,145776861,+,269,283,1,157
MafA_R1.macs2_peak_18727,Chr2,147834949,147835729,147835339,+,781,283,3,52045
MafA_R1.macs2_peak_16839,Chr2,4103928,4104931,4104429.5,+,1004,102,14,41523
MafA_R1.macs2_peak_18314,Chr2,121606482,121607754,121607118,+,1273,102,13,30420
MafA_R1.macs2_peak_18348,Chr2,124003540,124004036,124003788,+,497,102,1,-31912
MafA_R1.macs2_peak_18977,Chr2,160951219,160951858,160951538.5,+,640,343,2,-532
MafA_R1.macs2_peak_17625,Chr2,65177105,65177449,65177277,+,345,58,3,17093
MafA_R1.macs2_peak_17447,Chr2,50857296,50858003,50857649.5,+,708,64,3,57953
MafA_R1.macs2_peak_18870,Chr2,156304079,156304972,156304525.5,+,894,64,6,-12929
MafA_R1.macs2_peak_18785,Chr2,152788830,152789648,152789239,+,819,104,2,4086
MafA_R1.macs2_peak_17515,Chr2,58099535,58099921,58099728,+,387,83,1,45742
MafA_R1.macs2_peak_18847,Chr2,155569828,155570235,155570031.5,+,408,83,4,1364
MafA_R1.macs2_peak_17803,Chr2,77090794,77091200,77090997,+,407,58,1,19939
MafA_R1.macs2_peak_16851,Chr2,4556484,4557333,4556908.5,+,850,107,1,-7657
MafA_R1.macs2_peak_19353,Chr2,181408543,181409484,181409013.5,+,942,476,1,191
MafA_R1.macs2_peak_17396,Chr2,48776039,48776504,48776271.5,+,466,86,2,63008
MafA_R1.macs2_peak_18426,Chr2,129665306,129666117,129665711.5,+,812,86,2,-22332
MafA_R1.macs2_peak_18029,Chr2,101750937,101751630,101751283.5,+,694,103,11,34676
MafA_R1.macs2_peak_18272,Chr2,118676266,118677374,118676820,+,1109,284,12,-15655
MafA_R1.macs2_peak_18416,Chr2,129380897,129381162,129381029.5,+,266,60,1,-2507
MafA_R1.macs2_peak_16909,Chr2,10105750,10106056,10105903,+,307,76,1,20480
MafA_R1.macs2_peak_17470,Chr2,52480872,52481530,52481201,+,659,99,2,-32578
MafA_R1.macs2_peak_18208,Chr2,113914839,113915090,113914964.5,+,252,57,1,30087
MafA_R1.macs2_peak_18268,Chr2,118591959,118592278,118592118.5,+,320,95,1,1024
MafA_R1.macs2_peak_17407,Chr2,49518306,49518900,49518603,+,595,72,3,9305
MafA_R1.macs2_peak_18019,Chr2,101627136,101627462,101627299,+,327,71,9,753
MafA_R1.macs2_peak_18810,Chr2,153794701,153795213,153794957,+,513,71,1,12175
MafA_R1.macs2_peak_18884,Chr2,157012358,157012655,157012506.5,+,298,71,2,33948
MafA_R1.macs2_peak_16907,Chr2,9931326,9931897,9931611.5,+,572,94,1,20651
MafA_R1.macs2_peak_19166,Chr2,168314998,168315522,168315260,+,525,94,3,117025
MafA_R1.macs2_peak_18768,Chr2,151923525,151924016,151923770.5,+,492,117,1,321
MafA_R1.macs2_peak_17629,Chr2,65384910,65385167,65385038.5,+,258,52,3,12798
MafA_R1.macs2_peak_17853,Chr2,80376372,80376865,80376618.5,+,494,52,1,34908
MafA_R1.macs2_peak_17966,Chr2,93596881,93597224,93597052.5,+,344,52,6,55861
MafA_R1.macs2_peak_18211,Chr2,114069131,114069479,114069305,+,349,52,2,-37392
MafA_R1.macs2_peak_18864,Chr2,156098970,156099538,156099254,+,569,52,1,-55139
MafA_R1.macs2_peak_17516,Chr2,58127470,58128198,58127834,+,729,64,5,-38957
MafA_R1.macs2_peak_17630,Chr2,65397624,65398247,65397935.5,+,624,103,1,-99
MafA_R1.macs2_peak_18312,Chr2,121559162,121559663,121559412.5,+,502,60,1,78126
MafA_R1.macs2_peak_16936,Chr2,13377195,13377753,13377474,+,559,102,1,-101248
MafA_R1.macs2_peak_19332,Chr2,180124421,180124707,180124564,+,287,95,1,-17205
MafA_R1.macs2_peak_18830,Chr2,154921701,154922036,154921868.5,+,336,57,1,-5451
MafA_R1.macs2_peak_18933,Chr2,158152946,158153270,158153108,+,325,60,7,4695
MafA_R1.macs2_peak_18428,Chr2,129963122,129963879,129963500.5,+,758,111,3,-1695
MafA_R1.macs2_peak_18520,Chr2,135335863,135336894,135336378.5,+,1032,79,6,88762
MafA_R1.macs2_peak_18525,Chr2,135666641,135667333,135666987,+,693,79,1,60229
MafA_R1.macs2_peak_18706,Chr2,146208983,146209261,146209122,+,279,79,6,107916
MafA_R1.macs2_peak_19303,Chr2,179281237,179281802,179281519.5,+,566,79,8,197295
MafA_R1.macs2_peak_18331,Chr2,122206204,122206903,122206553.5,+,700,490,10,-7154
MafA_R1.macs2_peak_18903,Chr2,157596869,157597909,157597389,+,1041,69,4,18068
MafA_R1.macs2_peak_18018,Chr2,101613878,101614230,101614054,+,353,51,6,13998
MafA_R1.macs2_peak_16945,Chr2,14666317,14667021,14666669,+,705,56,4,57552
MafA_R1.macs2_peak_17443,Chr2,50707190,50707522,50707356,+,333,56,10,-92340
MafA_R1.macs2_peak_18195,Chr2,113717119,113718563,113717841,+,1445,110,2,-38835
MafA_R1.macs2_peak_18417,Chr2,129434332,129434863,129434597.5,+,532,206,2,-162
MafA_R1.macs2_peak_17469,Chr2,52361982,52362233,52362107.5,+,252,56,1,-47221
MafA_R1.macs2_peak_18040,Chr2,101841404,101842080,101841742,+,677,56,13,125135
MafA_R1.macs2_peak_18062,Chr2,102803846,102804133,102803989.5,+,288,53,1,-71979
MafA_R1.macs2_peak_18270,Chr2,118671358,118672107,118671732.5,+,750,59,14,-20743
MafA_R1.macs2_peak_17858,Chr2,80536591,80537635,80537113,+,1045,86,4,67505
MafA_R1.macs2_peak_18927,Chr2,157921664,157922572,157922118,+,909,86,3,11599
MafA_R1.macs2_peak_19007,Chr2,161842598,161843338,161842968,+,741,86,11,-389765
MafA_R1.macs2_peak_17900,Chr2,91367811,91368534,91368172.5,+,724,207,1,-8495
MafA_R1.macs2_peak_18936,Chr2,158182062,158182497,158182279.5,+,436,67,9,21150
MafA_R1.macs2_peak_18930,Chr2,158115849,158116311,158116080,+,463,118,5,15919
MafA_R1.macs2_peak_18415,Chr2,129370897,129372682,129371789.5,+,1786,150,6,6733
MafA_R1.macs2_peak_18259,Chr2,118309734,118310617,118310175.5,+,884,347,9,2
MafA_R1.macs2_peak_18882,Chr2,156973031,156973552,156973291.5,+,522,76,4,3725
MafA_R1.macs2_peak_18853,Chr2,155787995,155788410,155788202.5,+,416,54,2,-915
MafA_R1.macs2_peak_18920,Chr2,157831853,157833419,157832636,+,1567,94,10,37718
MafA_R1.macs2_peak_17526,Chr2,58395746,58396100,58395923,+,355,63,3,55499
MafA_R1.macs2_peak_18836,Chr2,155215643,155216282,155215962.5,+,640,63,3,-7814
MafA_R1.macs2_peak_18013,Chr2,101126382,101126751,101126566.5,+,370,60,2,324825
MafA_R1.macs2_peak_19204,Chr2,172272437,172273165,172272801,+,729,103,2,-9697
MafA_R1.macs2_peak_18015,Chr2,101514441,101514741,101514591,+,301,53,4,5826
MafA_R1.macs2_peak_18770,Chr2,151930787,151931398,151931092.5,+,612,53,1,7643
MafA_R1.macs2_peak_19281,Chr2,178987914,178988612,178988263,+,699,68,1,-68466
MafA_R1.macs2_peak_18392,Chr2,127803216,127804124,127803670,+,909,71,1,107122
MafA_R1.macs2_peak_18917,Chr2,157795706,157796493,157796099.5,+,788,71,9,39526
MafA_R1.macs2_peak_18915,Chr2,157758896,157759494,157759195,+,599,111,3,2622
MafA_R1.macs2_peak_17937,Chr2,92640299,92640695,92640497,+,397,56,1,-104949
MafA_R1.macs2_peak_18837,Chr2,155221883,155222632,155222257.5,+,750,119,4,-1519
MafA_R1.macs2_peak_18317,Chr2,121615584,121615855,121615719.5,+,272,47,2,21819
MafA_R1.macs2_peak_16937,Chr2,13390460,13390763,13390611.5,+,304,79,1,106076
MafA_R1.macs2_peak_17451,Chr2,51172213,51172533,51172373,+,321,79,8,40530
MafA_R1.macs2_peak_18386,Chr2,127344181,127344809,127344495,+,629,79,1,18817
MafA_R1.macs2_peak_19319,Chr2,179727450,179728201,179727825.5,+,752,128,1,15439
MafA_R1.macs2_peak_16842,Chr2,4198674,4198924,4198799,+,251,44,2,41125
MafA_R1.macs2_peak_16925,Chr2,12373847,12374098,12373972.5,+,252,44,1,50299
MafA_R1.macs2_peak_17378,Chr2,45059986,45060553,45060269.5,+,568,44,1,-52815
MafA_R1.macs2_peak_17509,Chr2,57173722,57174138,57173930,+,417,44,2,45536
MafA_R1.macs2_peak_17635,Chr2,65615405,65615734,65615569.5,+,330,44,2,-60542
MafA_R1.macs2_peak_18346,Chr2,123968634,123969114,123968874,+,481,44,1,3002
MafA_R1.macs2_peak_18724,Chr2,147776154,147776743,147776448.5,+,590,44,11,110936
MafA_R1.macs2_peak_18725,Chr2,147777029,147777354,147777191.5,+,326,44,4,110193
MafA_R1.macs2_peak_18747,Chr2,149637913,149638211,149638062,+,299,44,1,-34641
MafA_R1.macs2_peak_19186,Chr2,170391177,170391462,170391319.5,+,286,52,2,-37472
MafA_R1.macs2_peak_16822,Chr2,3229732,3230181,3229956.5,+,450,72,2,-55293
MafA_R1.macs2_peak_19094,Chr2,165866822,165867185,165867003.5,+,364,72,2,32446
MafA_R1.macs2_peak_17402,Chr2,49411140,49412570,49411855,+,1431,87,1,70357
MafA_R1.macs2_peak_18898,Chr2,157553178,157554103,157553640.5,+,926,87,5,-25681
MafA_R1.macs2_peak_19097,Chr2,165945877,165946572,165946224.5,+,696,87,5,50981
MafA_R1.macs2_peak_18894,Chr2,157507743,157508165,157507954,+,423,60,9,-71367
MafA_R1.macs2_peak_19172,Chr2,168426441,168426878,168426659.5,+,438,60,1,5626
MafA_R1.macs2_peak_18710,Chr2,146523884,146524443,146524163.5,+,560,49,12,139312
MafA_R1.macs2_peak_16939,Chr2,14062526,14063289,14062907.5,+,764,95,11,-2061
MafA_R1.macs2_peak_17408,Chr2,49550286,49550631,49550458.5,+,346,95,2,41160
MafA_R1.macs2_peak_19096,Chr2,165939353,165939928,165939640.5,+,576,46,4,57565
MafA_R1.macs2_peak_18947,Chr2,158609992,158610460,158610226,+,469,238,6,207
MafA_R1.macs2_peak_16944,Chr2,14661926,14662693,14662309.5,+,768,112,4,53192
MafA_R1.macs2_peak_18122,Chr2,106014046,106014427,106014236.5,+,382,112,1,-180342
MafA_R1.macs2_peak_18342,Chr2,123191779,123192196,123191987.5,+,418,45,3,568068
MafA_R1.macs2_peak_19053,Chr2,164920355,164920935,164920645,+,581,115,5,12025
MafA_R1.macs2_peak_17461,Chr2,51694892,51695361,51695126.5,+,470,56,1,-73105
MafA_R1.macs2_peak_17859,Chr2,80554721,80555085,80554903,+,365,56,1,85295
MafA_R1.macs2_peak_18971,Chr2,160652699,160653444,160653071.5,+,746,56,1,61839
MafA_R1.macs2_peak_18946,Chr2,158572904,158573177,158573040.5,+,274,47,1,-36979
MafA_R1.macs2_peak_18310,Chr2,121507791,121508527,121508159,+,737,50,2,129379
MafA_R1.macs2_peak_18952,Chr2,158878487,158878743,158878615,+,257,50,5,241888
MafA_R1.macs2_peak_16932,Chr2,13067392,13068009,13067700.5,+,618,64,1,-52025
MafA_R1.macs2_peak_16990,Chr2,21264154,21264450,21264302,+,297,64,2,53767
MafA_R1.macs2_peak_17622,Chr2,65011050,65011497,65011273.5,+,448,64,13,57862
MafA_R1.macs2_peak_18023,Chr2,101668021,101668721,101668371,+,701,64,16,954
MafA_R1.macs2_peak_17425,Chr2,49990190,49991131,49990660.5,+,942,72,10,34219
MafA_R1.macs2_peak_17889,Chr2,90485422,90486019,90485720.5,+,598,72,4,-21839
MafA_R1.macs2_peak_18881,Chr2,156960391,156961293,156960842,+,903,72,15,16174
MafA_R1.macs2_peak_18951,Chr2,158875265,158876006,158875635.5,+,742,72,6,238908
MafA_R1.macs2_peak_19055,Chr2,164936655,164937105,164936880,+,451,72,1,-4210
MafA_R1.macs2_peak_19308,Chr2,179353403,179354123,179353763,+,721,69,1,264676
MafA_R1.macs2_peak_19041,Chr2,164286876,164287455,164287165.5,+,580,55,1,-2057
MafA_R1.macs2_peak_19329,Chr2,180070307,180070702,180070504.5,+,396,80,2,-27534
MafA_R1.macs2_peak_16959,Chr2,18198271,18198673,18198472,+,403,49,1,129076
MafA_R1.macs2_peak_17912,Chr2,91998325,91998580,91998452.5,+,256,41,1,-16075
MafA_R1.macs2_peak_18288,Chr2,119881705,119882046,119881875.5,+,342,114,2,17961
MafA_R1.macs2_peak_18061,Chr2,102650379,102651211,102650795,+,833,78,1,-73690
MafA_R1.macs2_peak_19206,Chr2,172841593,172842138,172841865.5,+,546,242,1,-45
MafA_R1.macs2_peak_19090,Chr2,165751832,165752259,165752045.5,+,428,53,2,-25287
MafA_R1.macs2_peak_17474,Chr2,52524931,52525450,52525190.5,+,520,66,1,40681
MafA_R1.macs2_peak_19116,Chr2,166498113,166498857,166498485,+,745,57,1,57267
MafA_R1.macs2_peak_17414,Chr2,49638629,49639051,49638840,+,423,46,9,-38858
MafA_R1.macs2_peak_18318,Chr2,121637091,121637571,121637331,+,481,281,1,207
MafA_R1.macs2_peak_18176,Chr2,113309385,113310779,113310082,+,1395,82,13,38673
MafA_R1.macs2_peak_17932,Chr2,92518927,92519568,92519247.5,+,642,73,2,87785
MafA_R1.macs2_peak_17990,Chr2,94332363,94332650,94332506.5,+,288,73,4,-63975
MafA_R1.macs2_peak_19202,Chr2,172202365,172203226,172202795.5,+,862,73,1,9695
MafA_R1.macs2_peak_17848,Chr2,80226318,80226758,80226538,+,441,65,1,4830
MafA_R1.macs2_peak_18051,Chr2,102043646,102044073,102043859.5,+,428,65,10,-27054
MafA_R1.macs2_peak_17623,Chr2,65067667,65068015,65067841,+,349,93,11,1294
MafA_R1.macs2_peak_17019,Chr2,24303361,24303969,24303665,+,609,56,1,27037
MafA_R1.macs2_peak_17381,Chr2,45955614,45956285,45955949.5,+,672,56,1,369332
MafA_R1.macs2_peak_17453,Chr2,51283272,51283730,51283501,+,459,56,6,44411
MafA_R1.macs2_peak_18006,Chr2,96164268,96165109,96164688.5,+,842,56,4,16174
MafA_R1.macs2_peak_18858,Chr2,156002997,156003323,156003160,+,327,56,4,17007
MafA_R1.macs2_peak_16826,Chr2,3303604,3303928,3303766,+,325,36,1,18517
MafA_R1.macs2_peak_16963,Chr2,18495468,18495717,18495592.5,+,250,36,1,-97951
MafA_R1.macs2_peak_18393,Chr2,127810791,127811144,127810967.5,+,354,36,2,114419
MafA_R1.macs2_peak_18487,Chr2,133347957,133348330,133348143.5,+,374,36,3,-45936
MafA_R1.macs2_peak_18732,Chr2,148084161,148084648,148084404.5,+,488,36,2,-152893
MafA_R1.macs2_peak_19190,Chr2,170526924,170527405,170527164.5,+,482,36,3,-46563
MafA_R1.macs2_peak_17421,Chr2,49847371,49848012,49847691.5,+,642,48,3,-108750
MafA_R1.macs2_peak_17657,Chr2,68194809,68195255,68195032,+,447,48,1,107293
MafA_R1.macs2_peak_17662,Chr2,68562216,68562567,68562391.5,+,352,48,1,74163
MafA_R1.macs2_peak_18083,Chr2,103832211,103832658,103832434.5,+,448,48,1,-25710
MafA_R1.macs2_peak_18683,Chr2,145702264,145702741,145702502.5,+,478,48,3,-42659
MafA_R1.macs2_peak_19083,Chr2,165667857,165668428,165668142.5,+,572,206,2,31951
MafA_R1.macs2_peak_16908,Chr2,10099508,10099890,10099699,+,383,40,2,14276
MafA_R1.macs2_peak_16954,Chr2,17707408,17708381,17707894.5,+,974,40,3,28051
MafA_R1.macs2_peak_17452,Chr2,51199628,51199914,51199771,+,287,40,3,67928
MafA_R1.macs2_peak_18465,Chr2,132259475,132259867,132259671,+,393,40,1,-6990
MafA_R1.macs2_peak_19288,Chr2,179154630,179155079,179154854.5,+,450,40,6,70630
MafA_R1.macs2_peak_18827,Chr2,154860864,154861808,154861336,+,945,171,34,5846
MafA_R1.macs2_peak_18055,Chr2,102231057,102231858,102231457.5,+,802,162,5,-212
MafA_R1.macs2_peak_18943,Chr2,158471155,158471441,158471298,+,287,58,2,4465
MafA_R1.macs2_peak_19287,Chr2,179138563,179138976,179138769.5,+,414,45,2,54545
MafA_R1.macs2_peak_17016,Chr2,23986335,23986600,23986467.5,+,266,35,8,140
MafA_R1.macs2_peak_18802,Chr2,153434218,153435005,153434611.5,+,788,101,5,40090
MafA_R1.macs2_peak_17609,Chr2,62855404,62855680,62855542,+,277,37,1,159089
MafA_R1.macs2_peak_17878,Chr2,84551483,84552282,84551882.5,+,800,84,3,5749
MafA_R1.macs2_peak_19279,Chr2,178971606,178972308,178971957,+,703,84,3,-84772
MafA_R1.macs2_peak_18380,Chr2,127195736,127196266,127196001,+,531,54,2,-9098
MafA_R1.macs2_peak_17434,Chr2,50186085,50186714,50186399.5,+,630,386,11,414
MafA_R1.macs2_peak_17423,Chr2,49956603,49957072,49956837.5,+,470,138,1,396
MafA_R1.macs2_peak_17611,Chr2,63649956,63650365,63650160.5,+,410,41,1,-244528
MafA_R1.macs2_peak_18896,Chr2,157538091,157538814,157538452.5,+,724,129,5,-40869
MafA_R1.macs2_peak_16837,Chr2,4029073,4029403,4029238,+,331,34,3,6744
MafA_R1.macs2_peak_17991,Chr2,94363254,94363766,94363510,+,513,34,3,-94979
MafA_R1.macs2_peak_17893,Chr2,90800442,90800992,90800717,+,551,49,1,29975
MafA_R1.macs2_peak_18044,Chr2,101921834,101923311,101922572.5,+,1478,66,32,94233
MafA_R1.macs2_peak_19037,Chr2,163630747,163631045,163630896,+,299,66,1,-31858
MafA_R1.macs2_peak_18309,Chr2,121494444,121495047,121494745.5,+,604,36,2,142793
MafA_R1.macs2_peak_17464,Chr2,51804799,51805074,51804936.5,+,276,64,1,18411
MafA_R1.macs2_peak_18989,Chr2,161274490,161274841,161274665.5,+,352,41,9,-323659
MafA_R1.macs2_peak_18264,Chr2,118489388,118490775,118490081.5,+,1388,58,7,-3977
MafA_R1.macs2_peak_18052,Chr2,102146986,102147246,102147116,+,261,50,1,84129
MafA_R1.macs2_peak_17686,Chr2,69276327,69276905,69276616,+,579,95,1,65810
MafA_R1.macs2_peak_17998,Chr2,94765575,94765983,94765779,+,409,37,5,-497248
MafA_R1.macs2_peak_17613,Chr2,64220868,64221213,64221040.5,+,346,50,3,-292658
MafA_R1.macs2_peak_16967,Chr2,18877147,18877860,18877503.5,+,714,42,4,-70874
MafA_R1.macs2_peak_17678,Chr2,69035089,69035651,69035370,+,563,191,5,1187
MafA_R1.macs2_peak_16946,Chr2,14681292,14681819,14681555.5,+,528,77,1,-43898
MafA_R1.macs2_peak_18330,Chr2,122185785,122186071,122185928,+,287,46,1,13471
MafA_R1.macs2_peak_18908,Chr2,157631457,157631713,157631585,+,257,51,1,52264
MafA_R1.macs2_peak_19095,Chr2,165872490,165873676,165873083,+,1187,155,5,38526
MafA_R1.macs2_peak_17627,Chr2,65244211,65245696,65244953.5,+,1486,91,11,-50209
MafA_R1.macs2_peak_18842,Chr2,155434217,155434567,155434392,+,351,166,1,338
MafA_R1.macs2_peak_17779,Chr2,74911516,74912338,74911927,+,823,60,2,255771
MafA_R1.macs2_peak_19217,Chr2,173293411,173294543,173293977,+,1133,60,14,-70408
MafA_R1.macs2_peak_17876,Chr2,84480706,84481309,84481007.5,+,604,111,2,77
MafA_R1.macs2_peak_18832,Chr2,155136190,155136438,155136314,+,249,43,2,18030
MafA_R1.macs2_peak_19188,Chr2,170439661,170440169,170439915,+,509,47,11,4022
MafA_R1.macs2_peak_18729,Chr2,147865870,147866787,147866328.5,+,918,62,2,21056
MafA_R1.macs2_peak_18290,Chr2,119906680,119906934,119906807,+,255,80,1,12587
MafA_R1.macs2_peak_17441,Chr2,50635463,50635722,50635592.5,+,260,33,2,-164104
MafA_R1.macs2_peak_17618,Chr2,64819709,64820211,64819960,+,503,33,1,33150
MafA_R1.macs2_peak_18016,Chr2,101536821,101537188,101537004.5,+,368,33,5,28239
MafA_R1.macs2_peak_16992,Chr2,21287623,21288123,21287873,+,501,51,1,77338
MafA_R1.macs2_peak_18003,Chr2,95496831,95497257,95497044,+,427,51,2,-651470
MafA_R1.macs2_peak_18235,Chr2,116146705,116147144,116146924.5,+,440,51,1,-240347
MafA_R1.macs2_peak_18980,Chr2,161056251,161057039,161056645,+,789,51,5,-105639
MafA_R1.macs2_peak_18895,Chr2,157535388,157536214,157535801,+,827,39,7,-43520
MafA_R1.macs2_peak_19191,Chr2,170573480,170574228,170573854,+,749,180,1,127
MafA_R1.macs2_peak_18251,Chr2,118094395,118094762,118094578.5,+,368,28,1,-7131
MafA_R1.macs2_peak_18495,Chr2,133880132,133880383,133880257.5,+,252,28,2,473629
MafA_R1.macs2_peak_18688,Chr2,146046597,146047099,146046848,+,503,28,1,-17069
MafA_R1.macs2_peak_18300,Chr2,121042228,121042603,121042415.5,+,376,39,5,40766
MafA_R1.macs2_peak_16977,Chr2,20670818,20671183,20671000.5,+,366,30,7,146676
MafA_R1.macs2_peak_18719,Chr2,147417100,147417442,147417271,+,343,30,1,-135342
MafA_R1.macs2_peak_19199,Chr2,171329262,171329628,171329445,+,367,30,1,475274
MafA_R1.macs2_peak_17697,Chr2,69943775,69944888,69944331.5,+,1114,62,4,74861
MafA_R1.macs2_peak_17450,Chr2,51164066,51164403,51164234.5,+,338,43,12,32391
MafA_R1.macs2_peak_17648,Chr2,67390185,67390839,67390512,+,655,43,2,114166
MafA_R1.macs2_peak_18686,Chr2,145886869,145887371,145887120,+,503,43,2,110416
MafA_R1.macs2_peak_18287,Chr2,119727517,119727970,119727743.5,+,454,166,1,34
MafA_R1.macs2_peak_18244,Chr2,117212819,117213093,117212956,+,275,28,2,-39598
MafA_R1.macs2_peak_18008,Chr2,97296432,97296948,97296690,+,517,73,3,-1312
MafA_R1.macs2_peak_18284,Chr2,119118472,119119012,119118742,+,541,120,3,-481
MafA_R1.macs2_peak_19017,Chr2,162815451,162816001,162815726,+,551,54,3,-13675
MafA_R1.macs2_peak_18304,Chr2,121243675,121244271,121243973,+,597,169,1,300
MafA_R1.macs2_peak_18935,Chr2,158179347,158179898,158179622.5,+,552,85,5,23807
MafA_R1.macs2_peak_16958,Chr2,18193671,18194308,18193989.5,+,638,56,1,124593
MafA_R1.macs2_peak_18833,Chr2,155151098,155151728,155151413,+,631,96,5,33129
MafA_R1.macs2_peak_18876,Chr2,156911166,156911921,156911543.5,+,756,65,14,9642
MafA_R1.macs2_peak_17905,Chr2,91665097,91665384,91665240.5,+,288,35,1,-87294
MafA_R1.macs2_peak_18322,Chr2,121689598,121690009,121689803.5,+,412,35,3,-7648
MafA_R1.macs2_peak_18252,Chr2,118204213,118204705,118204459,+,493,76,8,-559
MafA_R1.macs2_peak_18277,Chr2,118826312,118826802,118826557,+,491,76,1,33317
MafA_R1.macs2_peak_18823,Chr2,154620745,154621075,154620910,+,331,41,2,-12120
MafA_R1.macs2_peak_17785,Chr2,75217387,75217669,75217528,+,283,45,1,56995
MafA_R1.macs2_peak_18912,Chr2,157738046,157738444,157738245,+,399,45,5,-18328
MafA_R1.macs2_peak_18027,Chr2,101737726,101738195,101737960.5,+,470,56,3,21353
MafA_R1.macs2_peak_18028,Chr2,101748840,101749628,101749234,+,789,56,9,32627
MafA_R1.macs2_peak_18829,Chr2,154916116,154916399,154916257.5,+,284,236,1,160
MafA_R1.macs2_peak_17851,Chr2,80367745,80368132,80367938.5,+,388,31,1,43588
MafA_R1.macs2_peak_18035,Chr2,101824457,101825062,101824759.5,+,606,42,6,108152
MafA_R1.macs2_peak_16986,Chr2,21041876,21042539,21042207.5,+,664,79,8,68522
MafA_R1.macs2_peak_18453,Chr2,131871938,131872237,131872087.5,+,300,113,1,157
MafA_R1.macs2_peak_18929,Chr2,158057179,158057503,158057341,+,325,37,4,13803
MafA_R1.macs2_peak_17673,Chr2,69026080,69026335,69026207.5,+,256,50,3,10350
MafA_R1.macs2_peak_16921,Chr2,11557158,11557734,11557446,+,577,79,6,1294
MafA_R1.macs2_peak_18334,Chr2,122298056,122298663,122298359.5,+,608,82,4,-81
MafA_R1.macs2_peak_18913,Chr2,157738906,157739671,157739288.5,+,766,70,7,-17285
MafA_R1.macs2_peak_16965,Chr2,18826022,18826960,18826491,+,939,59,1,-19862
MafA_R1.macs2_peak_17387,Chr2,48313929,48315007,48314468,+,1079,59,2,-389653
MafA_R1.macs2_peak_18364,Chr2,125565366,125566926,125566146,+,1561,59,4,-78
MafA_R1.macs2_peak_18726,Chr2,147826437,147827360,147826898.5,+,924,59,9,60486
MafA_R1.macs2_peak_19005,Chr2,161778977,161779482,161779229.5,+,506,48,4,-453504
MafA_R1.macs2_peak_18789,Chr2,152843193,152843494,152843343.5,+,302,37,7,13960
MafA_R1.macs2_peak_17506,Chr2,57118296,57118565,57118430.5,+,270,26,1,-9260
MafA_R1.macs2_peak_17752,Chr2,72232620,72232907,72232763.5,+,288,26,1,-73800
MafA_R1.macs2_peak_18210,Chr2,114068074,114068448,114068261,+,375,26,2,-36348
MafA_R1.macs2_peak_18839,Chr2,155226873,155227369,155227121,+,497,68,1,3345
MafA_R1.macs2_peak_18276,Chr2,118806045,118806847,118806446,+,803,56,1,49468
MafA_R1.macs2_peak_17428,Chr2,50055009,50055443,50055226,+,435,28,3,98785
MafA_R1.macs2_peak_17957,Chr2,93017582,93018192,93017887,+,611,111,1,-6
MafA_R1.macs2_peak_17672,Chr2,69024111,69024407,69024259,+,297,50,6,12298
MafA_R1.macs2_peak_17770,Chr2,73893138,73893732,73893435,+,595,50,3,-151765
MafA_R1.macs2_peak_18845,Chr2,155505005,155505696,155505350.5,+,692,50,4,28954
MafA_R1.macs2_peak_18932,Chr2,158126815,158127075,158126945,+,261,50,2,-21468
MafA_R1.macs2_peak_18014,Chr2,101459003,101459342,101459172.5,+,340,137,1,204
MafA_R1.macs2_peak_18931,Chr2,158120253,158120695,158120474,+,443,25,9,20313
MafA_R1.macs2_peak_17463,Chr2,51785458,51785717,51785587.5,+,260,39,1,37760
MafA_R1.macs2_peak_17654,Chr2,68076703,68077072,68076887.5,+,370,39,1,141871
MafA_R1.macs2_peak_18012,Chr2,100692625,100693453,100693039,+,829,39,12,758352
MafA_R1.macs2_peak_18054,Chr2,102213677,102214622,102214149.5,+,946,39,3,17096
MafA_R1.macs2_peak_18384,Chr2,127333507,127333902,127333704.5,+,396,39,7,-9285
MafA_R1.macs2_peak_18452,Chr2,131830722,131831354,131831038,+,633,39,2,38081
MafA_R1.macs2_peak_19115,Chr2,166433926,166434317,166434121.5,+,392,41,1,27679
MafA_R1.macs2_peak_18070,Chr2,103315242,103315496,103315369,+,255,102,1,129
MafA_R1.macs2_peak_18254,Chr2,118234549,118234853,118234701,+,305,21,2,15108
MafA_R1.macs2_peak_18332,Chr2,122208088,122208369,122208228.5,+,282,143,1,-8829
MafA_R1.macs2_peak_16984,Chr2,20963911,20964453,20964182,+,543,30,2,8350
MafA_R1.macs2_peak_19306,Chr2,179339358,179339769,179339563.5,+,412,26,1,255339
MafA_R1.macs2_peak_17983,Chr2,94142534,94142834,94142684,+,301,28,1,-50940
MafA_R1.macs2_peak_18045,Chr2,101924826,101925543,101925184.5,+,718,28,8,91621
MafA_R1.macs2_peak_18186,Chr2,113486662,113486993,113486827.5,+,332,28,1,-28608
MafA_R1.macs2_peak_18187,Chr2,113526705,113527061,113526883,+,357,28,1,11448
MafA_R1.macs2_peak_18918,Chr2,157814795,157815245,157815020,+,451,28,5,55334
MafA_R1.macs2_peak_17442,Chr2,50705815,50706807,50706311,+,993,36,5,-93385
MafA_R1.macs2_peak_19330,Chr2,180097703,180098290,180097996.5,+,588,94,1,-42
MafA_R1.macs2_peak_18792,Chr2,152882504,152882787,152882645.5,+,284,23,2,8873
MafA_R1.macs2_peak_19271,Chr2,178437554,178437833,178437693.5,+,280,67,1,365385
MafA_R1.macs2_peak_17780,Chr2,75040419,75040818,75040618.5,+,400,42,1,233905
MafA_R1.macs2_peak_18020,Chr2,101645875,101646128,101646001.5,+,254,42,5,-17949
MafA_R1.macs2_peak_18295,Chr2,120308920,120309183,120309051.5,+,264,24,3,1661
MafA_R1.macs2_peak_17693,Chr2,69670703,69670967,69670835,+,265,25,1,17650
MafA_R1.macs2_peak_18831,Chr2,154924652,154924923,154924787.5,+,272,31,2,-8370
MafA_R1.macs2_peak_18899,Chr2,157560130,157560636,157560383,+,507,31,2,-18938
MafA_R1.macs2_peak_16832,Chr2,3714154,3714664,3714409,+,511,45,1,-86
MafA_R1.macs2_peak_17435,Chr2,50196858,50197237,50197047.5,+,380,45,1,10225
MafA_R1.macs2_peak_17659,Chr2,68302511,68302770,68302640.5,+,260,40,1,-315
MafA_R1.macs2_peak_16920,Chr2,11540533,11540896,11540714.5,+,364,91,1,18026
MafA_R1.macs2_peak_17518,Chr2,58172466,58172902,58172684,+,437,26,1,5893
MafA_R1.macs2_peak_18289,Chr2,119890281,119891586,119890933.5,+,1306,112,9,27019
MafA_R1.macs2_peak_18888,Chr2,157353615,157354897,157354256,+,1283,65,3,-47742
MafA_R1.macs2_peak_18849,Chr2,155721088,155721642,155721365,+,555,39,6,-44593
MafA_R1.macs2_peak_17689,Chr2,69543506,69543838,69543672,+,333,81,3,-722
MafA_R1.macs2_peak_18292,Chr2,119984865,119985511,119985188,+,647,81,4,-132
MafA_R1.macs2_peak_16973,Chr2,20135481,20135733,20135607,+,253,22,4,-159117
MafA_R1.macs2_peak_17703,Chr2,70157916,70158191,70158053.5,+,276,22,1,-147214
MafA_R1.macs2_peak_18887,Chr2,157161872,157162185,157162028.5,+,314,42,2,17318
MafA_R1.macs2_peak_18191,Chr2,113659170,113659693,113659431.5,+,524,82,1,5
MafA_R1.macs2_peak_18327,Chr2,122064489,122065161,122064825,+,673,111,6,-495
MafA_R1.macs2_peak_18713,Chr2,146697883,146698137,146698010,+,255,52,1,210
MafA_R1.macs2_peak_17692,Chr2,69619510,69620231,69619870.5,+,722,115,3,-40
MafA_R1.macs2_peak_17497,Chr2,56004133,56004923,56004528,+,791,25,2,-671295
MafA_R1.macs2_peak_17847,Chr2,80187306,80187559,80187432.5,+,254,25,1,-34276
MafA_R1.macs2_peak_17863,Chr2,82494399,82494845,82494622,+,447,25,3,-272076
MafA_R1.macs2_peak_18514,Chr2,134803321,134803584,134803452.5,+,264,25,2,175368
MafA_R1.macs2_peak_18878,Chr2,156919421,156920008,156919714.5,+,588,134,3,1471
MafA_R1.macs2_peak_17416,Chr2,49701963,49702459,49702211,+,497,28,2,24513
MafA_R1.macs2_peak_18133,Chr2,108594712,108595306,108595009,+,595,28,1,513626
MafA_R1.macs2_peak_18275,Chr2,118791907,118792482,118792194.5,+,576,28,2,35216
MafA_R1.macs2_peak_18178,Chr2,113312631,113313654,113313142.5,+,1024,55,7,41733
MafA_R1.macs2_peak_17661,Chr2,68393689,68394087,68393888,+,399,31,1,-18869
MafA_R1.macs2_peak_17669,Chr2,68959349,68959870,68959609.5,+,522,31,6,-6535
MafA_R1.macs2_peak_18260,Chr2,118317422,118317873,118317647.5,+,452,31,8,-7470
MafA_R1.macs2_peak_18857,Chr2,155985873,155986400,155986136.5,+,528,64,1,-17
MafA_R1.macs2_peak_16829,Chr2,3336863,3337275,3337069,+,413,37,1,-136
MafA_R1.macs2_peak_17454,Chr2,51308124,51308419,51308271.5,+,296,37,1,19641
MafA_R1.macs2_peak_19269,Chr2,178333313,178334140,178333726.5,+,828,40,12,261418
MafA_R1.macs2_peak_19140,Chr2,167334841,167335658,167335249.5,+,818,84,1,-455
MafA_R1.macs2_peak_18866,Chr2,156154132,156154732,156154432,+,601,98,6,39
MafA_R1.macs2_peak_18253,Chr2,118218696,118219278,118218987,+,583,113,4,-111
MafA_R1.macs2_peak_18923,Chr2,157870030,157870278,157870154,+,249,113,1,200
MafA_R1.macs2_peak_17501,Chr2,57004573,57005214,57004893.5,+,642,76,1,157
MafA_R1.macs2_peak_18337,Chr2,122420336,122420674,122420505,+,339,20,8,21253
MafA_R1.macs2_peak_18030,Chr2,101753372,101753630,101753501,+,259,23,5,36894
MafA_R1.macs2_peak_18293,Chr2,120172246,120172518,120172382,+,273,23,5,11232
MafA_R1.macs2_peak_19197,Chr2,171110133,171110646,171110389.5,+,514,23,5,536662
MafA_R1.macs2_peak_17933,Chr2,92546510,92546797,92546653.5,+,288,26,3,115191
MafA_R1.macs2_peak_18890,Chr2,157384427,157384743,157384585,+,317,29,3,-17413
MafA_R1.macs2_peak_18703,Chr2,146201575,146203370,146202472.5,+,1796,32,9,101266
MafA_R1.macs2_peak_18893,Chr2,157477910,157478260,157478085,+,351,32,1,-69804
MafA_R1.macs2_peak_19184,Chr2,170387688,170388005,170387846.5,+,318,32,1,-33999
MafA_R1.macs2_peak_18326,Chr2,121977828,121978332,121978080,+,505,55,2,-88
MafA_R1.macs2_peak_18338,Chr2,122460649,122461362,122461005.5,+,714,78,1,-101
MafA_R1.macs2_peak_17449,Chr2,51037758,51038129,51037943.5,+,372,121,2,1180
MafA_R1.macs2_peak_17801,Chr2,76478359,76479037,76478698,+,679,100,2,-327
MafA_R1.macs2_peak_16983,Chr2,20948015,20948332,20948173.5,+,318,20,1,24359
MafA_R1.macs2_peak_17405,Chr2,49509299,49509578,49509438.5,+,280,83,2,140
MafA_R1.macs2_peak_17909,Chr2,91838461,91839097,91838779,+,637,57,2,15736
MafA_R1.macs2_peak_17891,Chr2,90748281,90748615,90748448,+,335,53,1,-53
MafA_R1.macs2_peak_18938,Chr2,158203246,158203972,158203609,+,727,51,12,-167
MafA_R1.macs2_peak_17694,Chr2,69691450,69691765,69691607.5,+,316,48,2,-299
MafA_R1.macs2_peak_17460,Chr2,51658612,51659460,51659036,+,849,40,2,-37015
MafA_R1.macs2_peak_18281,Chr2,119039088,119039611,119039349.5,+,524,85,2,-73
MafA_R1.macs2_peak_17621,Chr2,65001127,65001797,65001462,+,671,37,4,67673
MafA_R1.macs2_peak_17415,Chr2,49654452,49654993,49654722.5,+,542,34,8,-22976
MafA_R1.macs2_peak_18464,Chr2,132094704,132095058,132094881,+,355,53,1,219
MafA_R1.macs2_peak_18940,Chr2,158388685,158389070,158388877.5,+,386,27,2,34161
MafA_R1.macs2_peak_18855,Chr2,155849431,155849712,155849571.5,+,282,35,1,326
MafA_R1.macs2_peak_16852,Chr2,4564025,4564677,4564351,+,653,67,1,-214
MafA_R1.macs2_peak_18306,Chr2,121452199,121452635,121452417,+,437,23,6,113443
MafA_R1.macs2_peak_18381,Chr2,127204734,127204989,127204861.5,+,256,35,1,-238
MafA_R1.macs2_peak_18714,Chr2,146854372,146855369,146854870.5,+,998,59,8,-49
MafA_R1.macs2_peak_18862,Chr2,156075463,156076029,156075746,+,567,20,4,37179
MafA_R1.macs2_peak_18321,Chr2,121662659,121663210,121662934.5,+,552,31,4,-25396
MafA_R1.macs2_peak_17679,Chr2,69036087,69036988,69036537.5,+,902,83,4,20
MafA_R1.macs2_peak_18333,Chr2,122208624,122209134,122208879,+,511,49,3,-9480
MafA_R1.macs2_peak_18942,Chr2,158437011,158437543,158437277,+,533,25,5,15366
MafA_R1.macs2_peak_18776,Chr2,152576562,152576852,152576707,+,291,27,1,-1464
MafA_R1.macs2_peak_18900,Chr2,157578880,157579574,157579227,+,695,42,7,-94
MafA_R1.macs2_peak_17675,Chr2,69029077,69029426,69029251.5,+,350,39,3,7306
MafA_R1.macs2_peak_18914,Chr2,157755904,157756756,157756330,+,853,41,5,-243
MafA_R1.macs2_peak_16924,Chr2,11782603,11783557,11783080,+,955,61,2,516
MafA_R1.macs2_peak_18848,Chr2,155661341,155661857,155661599,+,517,34,3,-476
MafA_R1.macs2_peak_18263,Chr2,118379996,118380562,118380279,+,567,34,2,-112
MafA_R1.macs2_peak_17856,Chr2,80468861,80469439,80469150,+,579,51,1,-6
MafA_R1.macs2_peak_16935,Chr2,13275951,13276961,13276456,+,1011,23,1,-230
MafA_R1.macs2_peak_17882,Chr2,84878359,84878783,84878571,+,425,45,1,-2233
MafA_R1.macs2_peak_19117,Chr2,166556002,166556332,166556167,+,331,34,1,-415
MafA_R1.macs2_peak_18025,Chr2,101726776,101727347,101727061.5,+,572,20,2,10454
MafA_R1.macs2_peak_18280,Chr2,119019649,119019901,119019775,+,253,41,5,14785
MafA_R1.macs2_peak_16988,Chr2,21209885,21210739,21210312,+,855,52,3,-136
MafA_R1.macs2_peak_18323,Chr2,121697002,121698217,121697609.5,+,1216,48,4,158
MafA_R1.macs2_peak_18329,Chr2,122179227,122179606,122179416.5,+,380,31,2,19983
MafA_R1.macs2_peak_18285,Chr2,119307002,119307508,119307255,+,507,20,2,913
MafA_R1.macs2_peak_19778,Chr3,46844238,46847032,46845635,+,2795,4135,2,9582
MafA_R1.macs2_peak_20341,Chr3,94520348,94521599,94520973.5,+,1252,2736,3,-30950
MafA_R1.macs2_peak_20627,Chr3,109639231,109640601,109639916,+,1371,1459,10,158593
MafA_R1.macs2_peak_19709,Chr3,39426185,39427810,39426997.5,+,1626,1514,1,485908
MafA_R1.macs2_peak_19850,Chr3,51823060,51824985,51824022.5,+,1926,2098,18,188405
MafA_R1.macs2_peak_19566,Chr3,28790110,28792420,28791265,+,2311,1760,8,39213
MafA_R1.macs2_peak_20269,Chr3,87708589,87709432,87709010.5,+,844,1319,2,4752
MafA_R1.macs2_peak_20916,Chr3,137467579,137469176,137468377.5,+,1598,1662,3,20999
MafA_R1.macs2_peak_19766,Chr3,43306602,43307679,43307140.5,+,1078,907,6,1610087
MafA_R1.macs2_peak_19969,Chr3,59115883,59116554,59116218.5,+,672,904,1,2085
MafA_R1.macs2_peak_19812,Chr3,51129019,51132525,51130772,+,3507,1936,30,-1096
MafA_R1.macs2_peak_20024,Chr3,65878605,65880014,65879309.5,+,1410,670,2,-13639
MafA_R1.macs2_peak_19373,Chr3,7695235,7696909,7696072,+,1675,687,3,-17252
MafA_R1.macs2_peak_20121,Chr3,78339781,78340828,78340304.5,+,1048,526,3,712749
MafA_R1.macs2_peak_21069,Chr3,150409185,150410656,150409920.5,+,1472,526,14,319579
MafA_R1.macs2_peak_20649,Chr3,112231959,112233907,112232933,+,1949,562,2,443714
MafA_R1.macs2_peak_20129,Chr3,78791888,78792659,78792273.5,+,772,499,1,260780
MafA_R1.macs2_peak_19937,Chr3,57249972,57252515,57251243.5,+,2544,1220,9,-26311
MafA_R1.macs2_peak_21058,Chr3,146880515,146881995,146881255,+,1481,450,2,323133
MafA_R1.macs2_peak_19446,Chr3,16190771,16191454,16191112.5,+,684,425,1,-46217
MafA_R1.macs2_peak_20492,Chr3,102156544,102157487,102157015.5,+,944,396,2,-12706
MafA_R1.macs2_peak_20903,Chr3,135562164,135565698,135563931,+,3535,950,14,-17901
MafA_R1.macs2_peak_20383,Chr3,96175182,96177696,96176439,+,2515,1384,7,469
MafA_R1.macs2_peak_20299,Chr3,88739050,88739315,88739182.5,+,266,422,2,672
MafA_R1.macs2_peak_19553,Chr3,28721364,28722593,28721978.5,+,1230,556,2,-30074
MafA_R1.macs2_peak_20478,Chr3,101865221,101866043,101865632,+,823,364,3,-33863
MafA_R1.macs2_peak_19579,Chr3,30425008,30425956,30425482,+,949,474,1,138342
MafA_R1.macs2_peak_19636,Chr3,33114284,33115258,33114771,+,975,309,2,22438
MafA_R1.macs2_peak_20300,Chr3,88773714,88774210,88773962,+,497,287,3,31424
MafA_R1.macs2_peak_19702,Chr3,39000146,39001471,39000808.5,+,1326,832,4,59719
MafA_R1.macs2_peak_19756,Chr3,41534975,41536473,41535724,+,1499,1010,3,16409
MafA_R1.macs2_peak_21041,Chr3,146274013,146274848,146274430.5,+,836,363,1,-28474
MafA_R1.macs2_peak_20133,Chr3,78865941,78866764,78866352.5,+,824,434,1,186701
MafA_R1.macs2_peak_20519,Chr3,103891845,103892528,103892186.5,+,684,274,2,-16554
MafA_R1.macs2_peak_21127,Chr3,154477880,154478921,154478400.5,+,1042,375,1,61630
MafA_R1.macs2_peak_19960,Chr3,58658019,58660557,58659288,+,2539,598,1,59278
MafA_R1.macs2_peak_21129,Chr3,154521011,154523949,154522480,+,2939,1224,4,105710
MafA_R1.macs2_peak_21140,Chr3,155699173,155700476,155699824.5,+,1304,524,2,17833
MafA_R1.macs2_peak_20334,Chr3,94311638,94312463,94312050.5,+,826,389,1,5524
MafA_R1.macs2_peak_19624,Chr3,32174049,32174971,32174510,+,923,399,5,217658
MafA_R1.macs2_peak_20036,Chr3,66499370,66500458,66499914,+,1089,246,1,-295656
MafA_R1.macs2_peak_20477,Chr3,101791828,101792807,101792317.5,+,980,289,1,39452
MafA_R1.macs2_peak_20937,Chr3,138011619,138013297,138012458,+,1679,489,23,-6589
MafA_R1.macs2_peak_20905,Chr3,135836516,135838195,135837355.5,+,1680,268,2,194472
MafA_R1.macs2_peak_19827,Chr3,51607985,51609686,51608835.5,+,1702,686,2,40235
MafA_R1.macs2_peak_19786,Chr3,49228781,49229349,49229065,+,569,236,13,482700
MafA_R1.macs2_peak_20723,Chr3,121395278,121396535,121395906.5,+,1258,457,1,41228
MafA_R1.macs2_peak_21126,Chr3,154460158,154462048,154461103,+,1891,313,3,44333
MafA_R1.macs2_peak_19460,Chr3,17852194,17853604,17852899,+,1411,404,2,-2994
MafA_R1.macs2_peak_19498,Chr3,26227991,26228948,26228469.5,+,958,548,4,-20334
MafA_R1.macs2_peak_19610,Chr3,31344964,31347001,31345982.5,+,2038,1386,2,18486
MafA_R1.macs2_peak_20417,Chr3,97590794,97591684,97591239,+,891,325,1,6639
MafA_R1.macs2_peak_19872,Chr3,52527690,52528794,52528242,+,1105,254,2,103857
MafA_R1.macs2_peak_19864,Chr3,52105309,52106714,52106011.5,+,1406,756,9,-69747
MafA_R1.macs2_peak_19404,Chr3,9353865,9354689,9354277,+,825,293,1,38650
MafA_R1.macs2_peak_20731,Chr3,121551583,121552261,121551922,+,679,464,10,34736
MafA_R1.macs2_peak_19393,Chr3,9046376,9047336,9046856,+,961,278,1,-17650
MafA_R1.macs2_peak_19500,Chr3,26282789,26284492,26283640.5,+,1704,228,3,-75505
MafA_R1.macs2_peak_20345,Chr3,94566712,94566996,94566854,+,285,349,6,-675
MafA_R1.macs2_peak_19560,Chr3,28755466,28757133,28756299.5,+,1668,431,15,4247
MafA_R1.macs2_peak_19820,Chr3,51319640,51321287,51320463.5,+,1648,604,5,-2974
MafA_R1.macs2_peak_20839,Chr3,131081435,131082493,131081964,+,1059,258,14,14912
MafA_R1.macs2_peak_20377,Chr3,96104539,96105815,96105177,+,1277,664,1,-275
MafA_R1.macs2_peak_20991,Chr3,141805807,141806851,141806329,+,1045,273,2,68857
MafA_R1.macs2_peak_20028,Chr3,65986483,65987138,65986810.5,+,656,188,2,-121140
MafA_R1.macs2_peak_20964,Chr3,139508632,139509177,139508904.5,+,546,188,2,-22384
MafA_R1.macs2_peak_19773,Chr3,45469338,45470321,45469829.5,+,984,192,4,-76085
MafA_R1.macs2_peak_20984,Chr3,141421738,141422965,141422351.5,+,1228,316,15,214830
MafA_R1.macs2_peak_19741,Chr3,41238994,41239911,41239452.5,+,918,327,1,-201971
MafA_R1.macs2_peak_19954,Chr3,58537214,58538450,58537832,+,1237,937,3,6796
MafA_R1.macs2_peak_19562,Chr3,28766722,28767161,28766941.5,+,440,206,8,14889
MafA_R1.macs2_peak_20896,Chr3,135435333,135436400,135435866.5,+,1068,234,2,-38558
MafA_R1.macs2_peak_19989,Chr3,60516314,60516971,60516642.5,+,658,245,1,108042
MafA_R1.macs2_peak_19901,Chr3,55005278,55005971,55005624.5,+,694,194,4,-13905
MafA_R1.macs2_peak_20215,Chr3,84359213,84360770,84359991.5,+,1558,400,3,26807
MafA_R1.macs2_peak_19924,Chr3,55780424,55781753,55781088.5,+,1330,358,1,13672
MafA_R1.macs2_peak_21163,Chr3,156825507,156826321,156825914,+,815,358,3,413813
MafA_R1.macs2_peak_19381,Chr3,8335210,8336038,8335624,+,829,181,1,192534
MafA_R1.macs2_peak_19784,Chr3,48525605,48526261,48525933,+,657,195,3,37602
MafA_R1.macs2_peak_19918,Chr3,55594573,55595086,55594829.5,+,514,306,1,-95102
MafA_R1.macs2_peak_21161,Chr3,156796240,156797042,156796641,+,803,379,2,443086
MafA_R1.macs2_peak_19762,Chr3,41973423,41973879,41973651,+,457,193,1,276598
MafA_R1.macs2_peak_19994,Chr3,60872339,60873290,60872814.5,+,952,193,11,-37392
MafA_R1.macs2_peak_19680,Chr3,37914055,37914813,37914434,+,759,182,9,-38528
MafA_R1.macs2_peak_20058,Chr3,68292880,68293601,68293240.5,+,722,223,12,-82276
MafA_R1.macs2_peak_20091,Chr3,69576872,69577478,69577175,+,607,169,2,-52213
MafA_R1.macs2_peak_19725,Chr3,40576890,40577889,40577389.5,+,1000,581,2,-328
MafA_R1.macs2_peak_20169,Chr3,81863437,81864856,81864146.5,+,1420,185,1,18889
MafA_R1.macs2_peak_20026,Chr3,65915641,65916272,65915956.5,+,632,254,3,-50286
MafA_R1.macs2_peak_19884,Chr3,53470621,53471943,53471282,+,1323,285,4,75154
MafA_R1.macs2_peak_19905,Chr3,55067985,55068822,55068403.5,+,838,285,2,18741
MafA_R1.macs2_peak_20045,Chr3,67791967,67792885,67792426,+,919,182,2,-7127
MafA_R1.macs2_peak_19718,Chr3,39991547,39992517,39992032,+,971,171,2,585029
MafA_R1.macs2_peak_19802,Chr3,50813303,50814153,50813728,+,851,213,3,-318140
MafA_R1.macs2_peak_20072,Chr3,69069155,69069716,69069435.5,+,562,213,9,30869
MafA_R1.macs2_peak_20666,Chr3,115762635,115763317,115762976,+,683,213,2,-10575
MafA_R1.macs2_peak_19853,Chr3,51893075,51894310,51893692.5,+,1236,186,2,118735
MafA_R1.macs2_peak_19714,Chr3,39779217,39780970,39780093.5,+,1754,275,16,796968
MafA_R1.macs2_peak_19843,Chr3,51760439,51761319,51760879,+,881,307,3,192279
MafA_R1.macs2_peak_19458,Chr3,17687864,17688576,17688220,+,713,153,1,-155865
MafA_R1.macs2_peak_20138,Chr3,79085602,79086594,79086098,+,993,153,1,-32916
MafA_R1.macs2_peak_19764,Chr3,43297033,43297959,43297496,+,927,158,6,1600443
MafA_R1.macs2_peak_19547,Chr3,28455482,28456585,28456033.5,+,1104,183,1,-18059
MafA_R1.macs2_peak_20395,Chr3,96570410,96571162,96570786,+,753,380,10,-6661
MafA_R1.macs2_peak_20505,Chr3,103322596,103323453,103323024.5,+,858,171,1,136415
MafA_R1.macs2_peak_20379,Chr3,96128052,96129001,96128526.5,+,950,740,2,138
MafA_R1.macs2_peak_19807,Chr3,50926740,50927845,50927292.5,+,1106,233,1,-204576
MafA_R1.macs2_peak_20344,Chr3,94556384,94557169,94556776.5,+,786,302,1,9403
MafA_R1.macs2_peak_19659,Chr3,35289855,35290505,35290180,+,651,173,2,-313380
MafA_R1.macs2_peak_19424,Chr3,10147035,10147656,10147345.5,+,622,255,1,-5992
MafA_R1.macs2_peak_20628,Chr3,109647639,109648686,109648162.5,+,1048,223,3,166839
MafA_R1.macs2_peak_19791,Chr3,49831437,49832139,49831788,+,703,147,7,-120023
MafA_R1.macs2_peak_20125,Chr3,78581861,78582714,78582287.5,+,854,192,12,470766
MafA_R1.macs2_peak_20959,Chr3,138506083,138507308,138506695.5,+,1226,192,4,58726
MafA_R1.macs2_peak_21044,Chr3,146366714,146366966,146366840,+,253,146,1,-9771
MafA_R1.macs2_peak_20126,Chr3,78584928,78585761,78585344.5,+,834,151,8,467709
MafA_R1.macs2_peak_19964,Chr3,58931648,58931974,58931811,+,327,149,1,17412
MafA_R1.macs2_peak_20843,Chr3,131156151,131156757,131156454,+,607,173,1,-17882
MafA_R1.macs2_peak_20017,Chr3,65546980,65547606,65547293,+,627,181,1,-19416
MafA_R1.macs2_peak_19437,Chr3,14924131,14924472,14924301.5,+,342,161,11,-4297
MafA_R1.macs2_peak_20037,Chr3,66590869,66592016,66591442.5,+,1148,151,5,294790
MafA_R1.macs2_peak_20336,Chr3,94371256,94371879,94371567.5,+,624,442,3,9331
MafA_R1.macs2_peak_19705,Chr3,39119372,39120007,39119689.5,+,636,150,3,178600
MafA_R1.macs2_peak_19380,Chr3,8206784,8207156,8206970,+,373,131,1,-187023
MafA_R1.macs2_peak_19970,Chr3,59165052,59165623,59165337.5,+,572,131,1,5069
MafA_R1.macs2_peak_19736,Chr3,41037694,41038644,41038169,+,951,1166,3,-688
MafA_R1.macs2_peak_20083,Chr3,69301349,69302016,69301682.5,+,668,433,2,77431
MafA_R1.macs2_peak_19761,Chr3,41917184,41917681,41917432.5,+,498,135,7,220379
MafA_R1.macs2_peak_19480,Chr3,21989603,21990536,21990069.5,+,934,503,1,-140747
MafA_R1.macs2_peak_19539,Chr3,28219144,28220176,28219660,+,1033,133,1,-97703
MafA_R1.macs2_peak_19913,Chr3,55525702,55526362,55526032,+,661,133,1,156883
MafA_R1.macs2_peak_19552,Chr3,28712045,28712708,28712376.5,+,664,132,1,-39676
MafA_R1.macs2_peak_20688,Chr3,117662232,117663100,117662666,+,869,359,1,-81
MafA_R1.macs2_peak_20950,Chr3,138415358,138416637,138415997.5,+,1280,248,5,16748
MafA_R1.macs2_peak_20979,Chr3,141302613,141304054,141303333.5,+,1442,248,14,132008
MafA_R1.macs2_peak_19842,Chr3,51748126,51749126,51748626,+,1001,179,14,180026
MafA_R1.macs2_peak_20114,Chr3,77973953,77975233,77974593,+,1281,193,23,1078460
MafA_R1.macs2_peak_19728,Chr3,40904850,40906185,40905517.5,+,1336,452,1,296
MafA_R1.macs2_peak_20337,Chr3,94391088,94392028,94391558,+,941,461,1,-76
MafA_R1.macs2_peak_19564,Chr3,28775573,28777020,28776296.5,+,1448,216,23,24244
MafA_R1.macs2_peak_19712,Chr3,39704754,39705329,39705041.5,+,576,120,1,763952
MafA_R1.macs2_peak_19993,Chr3,60732640,60733419,60733029.5,+,780,120,4,-177177
MafA_R1.macs2_peak_21148,Chr3,156349388,156349774,156349581,+,387,120,1,82150
MafA_R1.macs2_peak_19834,Chr3,51678788,51679409,51679098.5,+,622,161,7,110498
MafA_R1.macs2_peak_19922,Chr3,55725059,55725988,55725523.5,+,930,161,11,-29003
MafA_R1.macs2_peak_19656,Chr3,35051027,35051696,35051361.5,+,670,147,2,-74561
MafA_R1.macs2_peak_21128,Chr3,154515750,154516727,154516238.5,+,978,188,3,99468
MafA_R1.macs2_peak_19558,Chr3,28748822,28751458,28750140,+,2637,363,15,-1912
MafA_R1.macs2_peak_19839,Chr3,51731770,51732634,51732202,+,865,169,2,163602
MafA_R1.macs2_peak_20407,Chr3,97204296,97205921,97205108.5,+,1626,441,1,-70428
MafA_R1.macs2_peak_20023,Chr3,65869723,65870386,65870054.5,+,664,173,2,-4384
MafA_R1.macs2_peak_19689,Chr3,38309028,38309665,38309346.5,+,638,136,3,-47078
MafA_R1.macs2_peak_19921,Chr3,55701228,55701953,55701590.5,+,726,131,1,11659
MafA_R1.macs2_peak_20851,Chr3,131359985,131360529,131360257,+,545,121,5,88464
MafA_R1.macs2_peak_21169,Chr3,157448357,157449217,157448787,+,861,229,3,176258
MafA_R1.macs2_peak_19886,Chr3,53610346,53611127,53610736.5,+,782,130,1,-45960
MafA_R1.macs2_peak_21155,Chr3,156523050,156523663,156523356.5,+,614,130,3,255925
MafA_R1.macs2_peak_19388,Chr3,8829875,8830673,8830274,+,799,156,1,-98176
MafA_R1.macs2_peak_19681,Chr3,37971075,37972076,37971575.5,+,1002,425,1,18613
MafA_R1.macs2_peak_20490,Chr3,102103305,102104188,102103746.5,+,884,138,3,8263
MafA_R1.macs2_peak_19738,Chr3,41123447,41124503,41123975,+,1057,156,15,-86494
MafA_R1.macs2_peak_20523,Chr3,104408136,104408721,104408428.5,+,586,159,1,10806
MafA_R1.macs2_peak_20350,Chr3,94813919,94814475,94814197,+,557,220,2,-19928
MafA_R1.macs2_peak_19697,Chr3,38808188,38808556,38808372,+,369,110,8,-132717
MafA_R1.macs2_peak_20052,Chr3,68085522,68085826,68085674,+,305,140,2,113539
MafA_R1.macs2_peak_20831,Chr3,130531529,130532518,130532023.5,+,990,143,1,-7976
MafA_R1.macs2_peak_19403,Chr3,9251368,9251888,9251628,+,521,116,3,-63999
MafA_R1.macs2_peak_20944,Chr3,138310673,138311716,138311194.5,+,1044,216,9,78165
MafA_R1.macs2_peak_20025,Chr3,65881644,65882724,65882184,+,1081,540,1,-16514
MafA_R1.macs2_peak_19515,Chr3,27483673,27484754,27484213.5,+,1082,234,1,58713
MafA_R1.macs2_peak_20338,Chr3,94393670,94394134,94393902,+,465,210,2,2237
MafA_R1.macs2_peak_19735,Chr3,41016225,41016962,41016593.5,+,738,164,1,20888
MafA_R1.macs2_peak_20347,Chr3,94690539,94690761,94690650,+,411,164,1,3048
MafA_R1.macs2_peak_20960,Chr3,138555082,138556606,138555844,+,1525,146,11,107875
MafA_R1.macs2_peak_20409,Chr3,97246060,97246600,97246330,+,541,142,3,72165
MafA_R1.macs2_peak_20819,Chr3,129424495,129425223,129424859,+,729,120,2,93876
MafA_R1.macs2_peak_20001,Chr3,63490826,63491321,63491073.5,+,496,124,1,-99746
MafA_R1.macs2_peak_19635,Chr3,33029891,33030459,33030175,+,569,127,2,9053
MafA_R1.macs2_peak_20266,Chr3,87542705,87543255,87542980,+,551,127,1,18114
MafA_R1.macs2_peak_19836,Chr3,51696124,51696837,51696480.5,+,714,248,5,127880
MafA_R1.macs2_peak_19522,Chr3,27676521,27676924,27676722.5,+,404,201,1,-37578
MafA_R1.macs2_peak_19561,Chr3,28763638,28764629,28764133.5,+,992,112,1,12081
MafA_R1.macs2_peak_20390,Chr3,96464703,96465304,96465003.5,+,602,383,3,-270
MafA_R1.macs2_peak_20961,Chr3,138557293,138558052,138557672.5,+,760,155,5,109703
MafA_R1.macs2_peak_19503,Chr3,26694868,26696160,26695514,+,1293,103,9,3734
MafA_R1.macs2_peak_19996,Chr3,60909589,60910488,60910038.5,+,900,923,4,-168
MafA_R1.macs2_peak_20750,Chr3,122110013,122111077,122110545,+,1065,132,16,-23193
MafA_R1.macs2_peak_21152,Chr3,156474670,156475582,156475126,+,913,216,15,207695
MafA_R1.macs2_peak_20193,Chr3,84108046,84108475,84108260.5,+,430,115,1,11885
MafA_R1.macs2_peak_19696,Chr3,38679986,38680310,38680148,+,325,140,1,-141183
MafA_R1.macs2_peak_19847,Chr3,51808436,51809529,51808982.5,+,1094,192,1,203445
MafA_R1.macs2_peak_20343,Chr3,94530631,94531362,94530996.5,+,732,110,2,35183
MafA_R1.macs2_peak_19837,Chr3,51717612,51718699,51718155.5,+,1088,169,2,149555
MafA_R1.macs2_peak_20289,Chr3,88378196,88378573,88378384.5,+,378,169,1,-9895
MafA_R1.macs2_peak_19549,Chr3,28516381,28517193,28516787,+,813,101,1,42695
MafA_R1.macs2_peak_19935,Chr3,56862411,56863263,56862837,+,853,146,1,346572
MafA_R1.macs2_peak_20376,Chr3,95873354,95873887,95873620.5,+,534,146,1,-19202
MafA_R1.macs2_peak_19537,Chr3,28037953,28038690,28038321.5,+,738,207,1,1
MafA_R1.macs2_peak_19722,Chr3,40502974,40503773,40503373.5,+,800,183,1,73688
MafA_R1.macs2_peak_19787,Chr3,49234228,49234957,49234592.5,+,730,95,9,477173
MafA_R1.macs2_peak_20715,Chr3,121189671,121190016,121189843.5,+,346,95,1,-30347
MafA_R1.macs2_peak_20975,Chr3,141234429,141235011,141234720,+,583,95,1,63395
MafA_R1.macs2_peak_21153,Chr3,156477241,156478217,156477729,+,977,284,5,210298
MafA_R1.macs2_peak_20059,Chr3,68324095,68325000,68324547.5,+,906,260,15,-50969
MafA_R1.macs2_peak_19715,Chr3,39870080,39870411,39870245.5,+,332,89,1,706816
MafA_R1.macs2_peak_20092,Chr3,69600754,69601092,69600923,+,339,89,1,-28465
MafA_R1.macs2_peak_20698,Chr3,119008145,119009026,119008585.5,+,882,89,3,568452
MafA_R1.macs2_peak_20919,Chr3,137585009,137586112,137585560.5,+,1104,89,10,12124
MafA_R1.macs2_peak_19939,Chr3,57332001,57332689,57332345,+,689,215,1,-486
MafA_R1.macs2_peak_20714,Chr3,121138987,121139732,121139359.5,+,746,275,1,53970
MafA_R1.macs2_peak_19688,Chr3,38286522,38287161,38286841.5,+,640,142,7,-24573
MafA_R1.macs2_peak_20200,Chr3,84197884,84199221,84198552.5,+,1338,100,4,13530
MafA_R1.macs2_peak_21065,Chr3,148962770,148963331,148963050.5,+,562,100,6,-17324
MafA_R1.macs2_peak_20120,Chr3,78319798,78320842,78320320,+,1045,90,4,732733
MafA_R1.macs2_peak_19780,Chr3,46954849,46955580,46955214.5,+,732,114,4,-99997
MafA_R1.macs2_peak_20828,Chr3,130132717,130133364,130133040.5,+,648,114,1,158546
MafA_R1.macs2_peak_20897,Chr3,135439360,135440186,135439773,+,827,97,4,-42465
MafA_R1.macs2_peak_19663,Chr3,35518197,35519159,35518678,+,963,259,4,201634
MafA_R1.macs2_peak_19734,Chr3,41012567,41013415,41012991,+,849,133,5,24490
MafA_R1.macs2_peak_19816,Chr3,51274329,51275091,51274710,+,763,133,2,-26645
MafA_R1.macs2_peak_19931,Chr3,56345058,56346015,56345536.5,+,958,220,6,-254414
MafA_R1.macs2_peak_19678,Chr3,37664714,37665219,37664966.5,+,506,89,10,926
MafA_R1.macs2_peak_20019,Chr3,65562354,65562693,65562523.5,+,340,116,8,-4186
MafA_R1.macs2_peak_19795,Chr3,50188468,50188883,50188675.5,+,416,88,8,209387
MafA_R1.macs2_peak_20140,Chr3,79129180,79131194,79130187,+,2015,143,30,9961
MafA_R1.macs2_peak_20995,Chr3,142054679,142055192,142054935.5,+,514,99,1,42676
MafA_R1.macs2_peak_19750,Chr3,41405042,41405508,41405275,+,467,91,1,42359
MafA_R1.macs2_peak_20852,Chr3,131518986,131519323,131519154.5,+,338,91,1,247361
MafA_R1.macs2_peak_21115,Chr3,153666339,153666667,153666503,+,329,91,1,-12570
MafA_R1.macs2_peak_19729,Chr3,40928112,40928422,40928267,+,311,80,1,23046
MafA_R1.macs2_peak_19877,Chr3,53211503,53212447,53211975,+,945,80,4,158704
MafA_R1.macs2_peak_19900,Chr3,54971829,54972455,54972142,+,627,80,4,9479
MafA_R1.macs2_peak_20651,Chr3,112606880,112607425,112607152.5,+,546,80,2,456891
MafA_R1.macs2_peak_21067,Chr3,149625584,149626419,149626001.5,+,836,80,1,645627
MafA_R1.macs2_peak_21151,Chr3,156429823,156430287,156430055,+,465,80,7,162624
MafA_R1.macs2_peak_19794,Chr3,50138033,50139412,50138722.5,+,1380,211,2,259340
MafA_R1.macs2_peak_19858,Chr3,51995428,51996944,51996186,+,1517,158,1,16241
MafA_R1.macs2_peak_20389,Chr3,96462468,96463208,96462838,+,741,140,6,-2435
MafA_R1.macs2_peak_19687,Chr3,38248254,38248792,38248523,+,539,143,7,13745
MafA_R1.macs2_peak_19691,Chr3,38501932,38502441,38502186.5,+,510,134,1,36779
MafA_R1.macs2_peak_20729,Chr3,121529827,121530902,121530364.5,+,1076,234,2,13178
MafA_R1.macs2_peak_19732,Chr3,40948232,40949521,40948876.5,+,1290,80,10,43655
MafA_R1.macs2_peak_20043,Chr3,67336815,67337337,67337076,+,523,217,6,-372
MafA_R1.macs2_peak_19851,Chr3,51834737,51836115,51835426,+,1379,180,1,177001
MafA_R1.macs2_peak_19542,Chr3,28282642,28283122,28282882,+,481,76,1,-34481
MafA_R1.macs2_peak_19797,Chr3,50255209,50255783,50255496,+,575,76,5,142566
MafA_R1.macs2_peak_19835,Chr3,51679689,51679992,51679840.5,+,304,93,2,111240
MafA_R1.macs2_peak_20078,Chr3,69236476,69238023,69237249.5,+,1548,101,4,12998
MafA_R1.macs2_peak_20270,Chr3,87723930,87724516,87724223,+,587,101,3,19965
MafA_R1.macs2_peak_19819,Chr3,51316149,51317049,51316599,+,901,437,2,-223
MafA_R1.macs2_peak_19746,Chr3,41331634,41332773,41332203.5,+,1140,119,1,115431
MafA_R1.macs2_peak_19846,Chr3,51795495,51797687,51796591,+,2193,273,9,215836
MafA_R1.macs2_peak_20732,Chr3,121584010,121584552,121584281,+,543,139,10,24277
MafA_R1.macs2_peak_19671,Chr3,36689547,36689976,36689761.5,+,430,82,7,-22223
MafA_R1.macs2_peak_20132,Chr3,78855707,78855984,78855845.5,+,278,82,1,197208
MafA_R1.macs2_peak_20733,Chr3,121588827,121589122,121588974.5,+,296,78,4,19584
MafA_R1.macs2_peak_19536,Chr3,28036448,28037134,28036791,+,687,96,6,-1529
MafA_R1.macs2_peak_20116,Chr3,77984750,77985311,77985030.5,+,562,96,1,1068023
MafA_R1.macs2_peak_20489,Chr3,102033097,102033427,102033262,+,331,96,4,39531
MafA_R1.macs2_peak_20678,Chr3,116580198,116580735,116580466.5,+,538,96,3,21349
MafA_R1.macs2_peak_20082,Chr3,69300425,69300949,69300687,+,525,81,2,76436
MafA_R1.macs2_peak_20050,Chr3,67978621,67979584,67979102.5,+,964,111,11,6967
MafA_R1.macs2_peak_20115,Chr3,77983768,77984349,77984058.5,+,582,111,12,1068995
MafA_R1.macs2_peak_20631,Chr3,109736762,109737093,109736927.5,+,332,111,1,255604
MafA_R1.macs2_peak_19520,Chr3,27650092,27651004,27650548,+,913,141,1,-11404
MafA_R1.macs2_peak_19548,Chr3,28458924,28459932,28459428,+,1009,141,1,-14664
MafA_R1.macs2_peak_20936,Chr3,137982919,137983336,137983127.5,+,418,187,1,-219
MafA_R1.macs2_peak_20487,Chr3,101933393,101934230,101933811.5,+,838,70,2,16350
MafA_R1.macs2_peak_20682,Chr3,117232452,117232856,117232654,+,405,70,12,-78129
MafA_R1.macs2_peak_21031,Chr3,144823624,144824955,144824289.5,+,1332,484,4,-61
MafA_R1.macs2_peak_19527,Chr3,27819811,27820347,27820079,+,537,77,1,-55478
MafA_R1.macs2_peak_19788,Chr3,49668434,49668715,49668574.5,+,282,73,1,43191
MafA_R1.macs2_peak_19754,Chr3,41517582,41518098,41517840,+,517,331,2,22
MafA_R1.macs2_peak_20194,Chr3,84127831,84128858,84128344.5,+,1028,273,4,-160
MafA_R1.macs2_peak_20216,Chr3,84385095,84386135,84385615,+,1041,226,1,1183
MafA_R1.macs2_peak_20512,Chr3,103730838,103731191,103731014.5,+,354,148,1,-8998
MafA_R1.macs2_peak_20089,Chr3,69408349,69409599,69408974,+,1251,85,20,97319
MafA_R1.macs2_peak_20304,Chr3,89020474,89021168,89020821,+,695,102,6,-11547
MafA_R1.macs2_peak_19902,Chr3,55038949,55039677,55039313,+,729,77,2,-5447
MafA_R1.macs2_peak_19977,Chr3,60019999,60020328,60020163.5,+,330,77,2,30873
MafA_R1.macs2_peak_20388,Chr3,96454643,96455090,96454866.5,+,448,77,5,-10407
MafA_R1.macs2_peak_20162,Chr3,81394767,81395408,81395087.5,+,642,70,7,-314245
MafA_R1.macs2_peak_19798,Chr3,50262017,50262814,50262415.5,+,798,66,1,135647
MafA_R1.macs2_peak_20482,Chr3,101885569,101885842,101885705.5,+,274,66,4,-31756
MafA_R1.macs2_peak_20835,Chr3,130828623,130828992,130828807.5,+,370,66,1,-75139
MafA_R1.macs2_peak_21021,Chr3,144527056,144527325,144527190.5,+,270,66,8,-1935
MafA_R1.macs2_peak_19569,Chr3,28799978,28800690,28800334,+,713,257,5,-35092
MafA_R1.macs2_peak_19730,Chr3,40943013,40943594,40943303.5,+,582,73,7,38082
MafA_R1.macs2_peak_19997,Chr3,61175575,61176583,61176079,+,1009,73,7,-95849
MafA_R1.macs2_peak_20404,Chr3,96988653,96988964,96988808.5,+,312,73,1,11293
MafA_R1.macs2_peak_20656,Chr3,114232867,114233233,114233050,+,367,73,4,408861
MafA_R1.macs2_peak_20692,Chr3,117894742,117895344,117895043,+,603,73,3,-232458
MafA_R1.macs2_peak_20416,Chr3,97587704,97589741,97588722.5,+,2038,328,4,9156
MafA_R1.macs2_peak_20509,Chr3,103645196,103645660,103645428,+,465,281,2,-111
MafA_R1.macs2_peak_19706,Chr3,39198950,39199363,39199156.5,+,414,125,1,258067
MafA_R1.macs2_peak_19870,Chr3,52442893,52444148,52443520.5,+,1256,125,2,19135
MafA_R1.macs2_peak_19966,Chr3,59061815,59062780,59062297.5,+,966,125,2,-1248
MafA_R1.macs2_peak_19955,Chr3,58543058,58544805,58543931.5,+,1748,289,3,697
MafA_R1.macs2_peak_20384,Chr3,96185608,96185869,96185738.5,+,262,344,1,8722
MafA_R1.macs2_peak_19830,Chr3,51651502,51652403,51651952.5,+,902,164,6,83352
MafA_R1.macs2_peak_19808,Chr3,50937103,50937724,50937413.5,+,622,91,2,-194455
MafA_R1.macs2_peak_19655,Chr3,35028726,35029124,35028925,+,399,61,1,-52125
MafA_R1.macs2_peak_19711,Chr3,39615501,39615984,39615742.5,+,484,61,4,674653
MafA_R1.macs2_peak_19912,Chr3,55507944,55508194,55508069,+,251,61,1,138920
MafA_R1.macs2_peak_19990,Chr3,60522371,60522907,60522639,+,537,61,1,114039
MafA_R1.macs2_peak_20218,Chr3,84449993,84450333,84450163,+,341,61,2,39769
MafA_R1.macs2_peak_20854,Chr3,131708590,131708955,131708772.5,+,366,61,1,-82281
MafA_R1.macs2_peak_20980,Chr3,141345824,141346119,141345971.5,+,296,61,1,174646
MafA_R1.macs2_peak_20437,Chr3,99048109,99049006,99048557.5,+,898,440,1,151
MafA_R1.macs2_peak_19640,Chr3,33174658,33175394,33175026,+,737,67,2,22314
MafA_R1.macs2_peak_19703,Chr3,39016347,39016837,39016592,+,491,88,1,75503
MafA_R1.macs2_peak_19667,Chr3,36550741,36551348,36551044.5,+,608,94,11,9914
MafA_R1.macs2_peak_20943,Chr3,138303451,138304188,138303819.5,+,738,94,6,70790
MafA_R1.macs2_peak_19371,Chr3,7600132,7600951,7600541.5,+,820,84,12,32055
MafA_R1.macs2_peak_20159,Chr3,81013265,81013566,81013415.5,+,302,67,3,69692
MafA_R1.macs2_peak_20349,Chr3,94753983,94754937,94754460,+,955,67,1,9712
MafA_R1.macs2_peak_19369,Chr3,7420974,7421613,7421293.5,+,640,80,2,-10371
MafA_R1.macs2_peak_20475,Chr3,101712677,101713877,101713277,+,1201,132,7,30262
MafA_R1.macs2_peak_19668,Chr3,36552200,36552805,36552502.5,+,606,83,1,8456
MafA_R1.macs2_peak_19374,Chr3,7710216,7711060,7710638,+,845,79,4,-31818
MafA_R1.macs2_peak_19568,Chr3,28793640,28795016,28794328,+,1377,79,17,-41098
MafA_R1.macs2_peak_20135,Chr3,79029625,79030298,79029961.5,+,674,79,6,23092
MafA_R1.macs2_peak_20528,Chr3,104597703,104598172,104597937.5,+,470,79,1,51957
MafA_R1.macs2_peak_21124,Chr3,154425628,154426570,154426099,+,943,79,1,9329
MafA_R1.macs2_peak_20958,Chr3,138490281,138490555,138490418,+,275,79,3,42449
MafA_R1.macs2_peak_19781,Chr3,47045030,47045889,47045459.5,+,860,117,5,-190242
MafA_R1.macs2_peak_20931,Chr3,137904139,137904452,137904295.5,+,314,117,1,-11821
MafA_R1.macs2_peak_21005,Chr3,143302867,143303283,143303075,+,417,117,2,114829
MafA_R1.macs2_peak_19953,Chr3,58528218,58529112,58528665,+,895,156,4,15963
MafA_R1.macs2_peak_19372,Chr3,7677889,7678455,7678172,+,567,174,2,-219
MafA_R1.macs2_peak_19523,Chr3,27711159,27711543,27711351,+,385,69,4,53250
MafA_R1.macs2_peak_19749,Chr3,41377478,41377756,41377617,+,279,65,1,70017
MafA_R1.macs2_peak_20924,Chr3,137695163,137695883,137695523,+,721,65,3,-8213
MafA_R1.macs2_peak_19378,Chr3,8091434,8091786,8091610,+,353,59,3,-71663
MafA_R1.macs2_peak_20927,Chr3,137757971,137758719,137758345,+,749,102,2,-9658
MafA_R1.macs2_peak_19793,Chr3,50115509,50115845,50115677,+,337,91,2,282385
MafA_R1.macs2_peak_19856,Chr3,51953680,51955064,51954372,+,1385,410,1,58055
MafA_R1.macs2_peak_19476,Chr3,20715934,20716668,20716301,+,735,64,4,-294960
MafA_R1.macs2_peak_19803,Chr3,50824147,50824404,50824275.5,+,258,64,4,-307593
MafA_R1.macs2_peak_19971,Chr3,59169827,59170446,59170136.5,+,620,64,4,270
MafA_R1.macs2_peak_20907,Chr3,136232065,136232384,136232224.5,+,320,64,1,-77114
MafA_R1.macs2_peak_20844,Chr3,131158048,131158781,131158414.5,+,734,227,7,-19842
MafA_R1.macs2_peak_20073,Chr3,69101036,69101372,69101204,+,337,125,5,-28548
MafA_R1.macs2_peak_19557,Chr3,28747909,28748292,28748100.5,+,384,70,7,-3952
MafA_R1.macs2_peak_19528,Chr3,27843444,27843739,27843591.5,+,296,58,1,-78990
MafA_R1.macs2_peak_19769,Chr3,43416140,43416691,43416415.5,+,552,86,1,1719362
MafA_R1.macs2_peak_20119,Chr3,78266724,78267102,78266913,+,379,86,4,786140
MafA_R1.macs2_peak_20671,Chr3,115873766,115874404,115874085,+,639,86,1,49252
MafA_R1.macs2_peak_20955,Chr3,138476420,138477945,138477182.5,+,1526,86,1,29213
MafA_R1.macs2_peak_20963,Chr3,139215201,139215476,139215338.5,+,276,57,3,271182
MafA_R1.macs2_peak_20914,Chr3,137421744,137422461,137422102.5,+,718,109,4,67274
MafA_R1.macs2_peak_19984,Chr3,60477087,60478395,60477741,+,1309,133,1,69141
MafA_R1.macs2_peak_19844,Chr3,51761580,51761903,51761741.5,+,324,63,1,193141
MafA_R1.macs2_peak_19770,Chr3,45185735,45187245,45186490,+,1511,180,2,146205
MafA_R1.macs2_peak_19815,Chr3,51272197,51273184,51272690.5,+,988,276,12,-24625
MafA_R1.macs2_peak_20522,Chr3,104205985,104206593,104206289,+,609,68,1,-78567
MafA_R1.macs2_peak_19395,Chr3,9053855,9054103,9053979,+,249,71,1,15285
MafA_R1.macs2_peak_19409,Chr3,9587895,9588445,9588170,+,551,71,1,86975
MafA_R1.macs2_peak_19719,Chr3,40013922,40014382,40014152,+,461,71,6,562909
MafA_R1.macs2_peak_19745,Chr3,41272993,41273604,41273298.5,+,612,71,1,174336
MafA_R1.macs2_peak_20727,Chr3,121514457,121515111,121514784,+,655,117,1,-2402
MafA_R1.macs2_peak_19998,Chr3,61271432,61271815,61271623.5,+,384,318,1,-305
MafA_R1.macs2_peak_19475,Chr3,20695839,20696670,20696254.5,+,832,52,3,-274913
MafA_R1.macs2_peak_19629,Chr3,32540619,32540901,32540760,+,283,52,1,5358
MafA_R1.macs2_peak_19790,Chr3,49828743,49829500,49829121.5,+,758,52,7,-117356
MafA_R1.macs2_peak_20027,Chr3,65985596,65986013,65985804.5,+,418,52,1,-120134
MafA_R1.macs2_peak_20104,Chr3,75829410,75829963,75829686.5,+,554,52,4,34570
MafA_R1.macs2_peak_20124,Chr3,78494210,78494584,78494397,+,375,52,1,558656
MafA_R1.macs2_peak_21150,Chr3,156409921,156410347,156410134,+,427,52,1,142703
MafA_R1.macs2_peak_21076,Chr3,151165216,151165697,151165456.5,+,482,64,1,21937
MafA_R1.macs2_peak_20408,Chr3,97233392,97233638,97233515,+,247,58,2,84980
MafA_R1.macs2_peak_19957,Chr3,58585953,58588339,58587146,+,2387,180,8,12663
MafA_R1.macs2_peak_20412,Chr3,97517241,97517565,97517403,+,325,326,1,103
MafA_R1.macs2_peak_21142,Chr3,155973442,155974326,155973884,+,885,125,4,291893
MafA_R1.macs2_peak_19693,Chr3,38521301,38521565,38521433,+,265,51,1,17532
MafA_R1.macs2_peak_19796,Chr3,50222314,50223000,50222657,+,687,51,9,175405
MafA_R1.macs2_peak_20339,Chr3,94517833,94518672,94518252.5,+,840,79,1,-28229
MafA_R1.macs2_peak_19792,Chr3,49999394,49999790,49999592,+,397,57,2,-287827
MafA_R1.macs2_peak_20680,Chr3,116601633,116601888,116601760.5,+,256,267,1,55
MafA_R1.macs2_peak_20717,Chr3,121241341,121242609,121241975,+,1269,110,6,21785
MafA_R1.macs2_peak_19376,Chr3,7938745,7939055,7938900,+,311,56,5,81047
MafA_R1.macs2_peak_19368,Chr3,7204298,7204574,7204436,+,277,50,2,-227228
MafA_R1.macs2_peak_21156,Chr3,156529588,156529983,156529785.5,+,396,53,2,262354
MafA_R1.macs2_peak_19828,Chr3,51630170,51630930,51630550,+,761,68,2,61950
MafA_R1.macs2_peak_19634,Chr3,33019744,33020124,33019934,+,381,86,2,19294
MafA_R1.macs2_peak_20033,Chr3,66413071,66414577,66413824,+,1507,86,9,-209566
MafA_R1.macs2_peak_20158,Chr3,81009770,81010701,81010235.5,+,932,86,5,66512
MafA_R1.macs2_peak_20047,Chr3,67923380,67923874,67923627,+,495,118,1,-48508
MafA_R1.macs2_peak_19726,Chr3,40579335,40579905,40579620,+,571,80,2,-2559
MafA_R1.macs2_peak_19508,Chr3,27267189,27267640,27267414.5,+,452,64,1,30261
MafA_R1.macs2_peak_20820,Chr3,129629595,129630100,129629847.5,+,506,64,12,-541
MafA_R1.macs2_peak_20956,Chr3,138483384,138484217,138483800.5,+,834,178,6,35831
MafA_R1.macs2_peak_19637,Chr3,33128183,33128701,33128442,+,519,94,5,8767
MafA_R1.macs2_peak_19737,Chr3,41087174,41088270,41087722,+,1097,94,10,-50241
MafA_R1.macs2_peak_20435,Chr3,98839545,98840572,98840058.5,+,1028,94,1,-39512
MafA_R1.macs2_peak_19478,Chr3,21757026,21757591,21757308.5,+,566,63,1,-373508
MafA_R1.macs2_peak_19840,Chr3,51732897,51733349,51733123,+,453,63,2,164523
MafA_R1.macs2_peak_20018,Chr3,65557435,65558260,65557847.5,+,826,63,1,-8862
MafA_R1.macs2_peak_20493,Chr3,102170768,102171155,102170961.5,+,388,63,4,1240
MafA_R1.macs2_peak_20031,Chr3,66317973,66318520,66318246.5,+,548,60,3,-113988
MafA_R1.macs2_peak_19857,Chr3,51977172,51978775,51977973.5,+,1604,167,2,34454
MafA_R1.macs2_peak_19559,Chr3,28753173,28753961,28753567,+,789,65,2,1515
MafA_R1.macs2_peak_20521,Chr3,104196335,104196705,104196520,+,371,84,5,-68798
MafA_R1.macs2_peak_20985,Chr3,141439857,141440312,141440084.5,+,456,84,2,197097
MafA_R1.macs2_peak_19865,Chr3,52151335,52151625,52151480,+,291,59,5,-24278
MafA_R1.macs2_peak_21147,Chr3,156266155,156267485,156266820,+,1331,267,3,504
MafA_R1.macs2_peak_20042,Chr3,67281099,67281789,67281444,+,691,92,1,14
MafA_R1.macs2_peak_20348,Chr3,94693885,94694692,94694288.5,+,808,234,2,-495
MafA_R1.macs2_peak_20948,Chr3,138392313,138392981,138392647,+,669,126,1,40098
MafA_R1.macs2_peak_20429,Chr3,97905436,97906016,97905726,+,581,52,3,-15128
MafA_R1.macs2_peak_19677,Chr3,37659112,37659641,37659376.5,+,530,79,8,-4664
MafA_R1.macs2_peak_20255,Chr3,86010238,86011565,86010901.5,+,1328,79,1,19160
MafA_R1.macs2_peak_20928,Chr3,137759542,137760348,137759945,+,807,79,2,-8058
MafA_R1.macs2_peak_20068,Chr3,68479388,68480032,68479710,+,645,172,1,9
MafA_R1.macs2_peak_21036,Chr3,145883674,145884117,145883895.5,+,444,128,2,27966
MafA_R1.macs2_peak_19631,Chr3,32651791,32652072,32651931.5,+,282,44,1,18385
MafA_R1.macs2_peak_19720,Chr3,40052786,40053170,40052978,+,385,44,6,524083
MafA_R1.macs2_peak_19801,Chr3,50401481,50402168,50401824.5,+,688,44,2,-3762
MafA_R1.macs2_peak_20517,Chr3,103868152,103868446,103868299,+,295,44,1,-7127
MafA_R1.macs2_peak_20658,Chr3,115398191,115398511,115398351,+,321,44,1,110353
MafA_R1.macs2_peak_20926,Chr3,137746661,137747296,137746978.5,+,636,44,2,-21025
MafA_R1.macs2_peak_20978,Chr3,141293224,141293674,141293449,+,451,44,1,122124
MafA_R1.macs2_peak_20982,Chr3,141396164,141396660,141396412,+,497,44,1,225087
MafA_R1.macs2_peak_20214,Chr3,84357860,84358621,84358240.5,+,762,87,8,28558
MafA_R1.macs2_peak_19742,Chr3,41240783,41241052,41240917.5,+,270,52,2,-203436
MafA_R1.macs2_peak_19765,Chr3,43305191,43305448,43305319.5,+,258,46,3,1608266
MafA_R1.macs2_peak_20392,Chr3,96477128,96477418,96477273,+,291,95,1,-3156
MafA_R1.macs2_peak_19956,Chr3,58565073,58565492,58565282.5,+,420,54,1,5819
MafA_R1.macs2_peak_19686,Chr3,38170916,38171330,38171123,+,415,48,5,91145
MafA_R1.macs2_peak_19947,Chr3,58296046,58296848,58296447,+,803,48,1,-25694
MafA_R1.macs2_peak_21037,Chr3,146038874,146039224,146039049,+,351,48,2,45650
MafA_R1.macs2_peak_19630,Chr3,32642414,32642873,32642643.5,+,460,56,1,27673
MafA_R1.macs2_peak_20118,Chr3,78265234,78266079,78265656.5,+,846,121,6,787397
MafA_R1.macs2_peak_19941,Chr3,57978945,57979476,57979210.5,+,532,56,20,92018
MafA_R1.macs2_peak_20107,Chr3,75908423,75908939,75908681,+,517,56,15,-44425
MafA_R1.macs2_peak_20431,Chr3,97942061,97942356,97942208.5,+,296,56,2,21354
MafA_R1.macs2_peak_20923,Chr3,137658127,137658622,137658374.5,+,496,56,1,28936
MafA_R1.macs2_peak_19800,Chr3,50397464,50398452,50397958,+,989,64,1,104
MafA_R1.macs2_peak_19965,Chr3,59004983,59005824,59005403.5,+,842,64,1,3839
MafA_R1.macs2_peak_20832,Chr3,130612275,130612757,130612516,+,483,64,1,-88469
MafA_R1.macs2_peak_19813,Chr3,51139921,51140687,51140304,+,767,66,3,8436
MafA_R1.macs2_peak_19862,Chr3,52086832,52087987,52087409.5,+,1156,155,7,-74982
MafA_R1.macs2_peak_20711,Chr3,120965076,120965325,120965200.5,+,250,155,1,144
MafA_R1.macs2_peak_19760,Chr3,41710930,41711512,41711221,+,583,41,2,14168
MafA_R1.macs2_peak_20845,Chr3,131159120,131159478,131159299,+,359,69,4,-20727
MafA_R1.macs2_peak_20728,Chr3,121517036,121517364,121517200,+,329,203,1,14
MafA_R1.macs2_peak_20085,Chr3,69375281,69375785,69375533,+,505,80,3,130760
MafA_R1.macs2_peak_20967,Chr3,139900726,139901265,139900995.5,+,540,41,4,166985
MafA_R1.macs2_peak_20527,Chr3,104577559,104577825,104577692,+,267,57,1,31712
MafA_R1.macs2_peak_20646,Chr3,110562510,110563017,110562763.5,+,508,57,4,-404448
MafA_R1.macs2_peak_19683,Chr3,37982466,37982970,37982718,+,505,41,9,29756
MafA_R1.macs2_peak_21117,Chr3,154302332,154302710,154302521,+,379,269,1,173
MafA_R1.macs2_peak_20274,Chr3,87894001,87894565,87894283,+,565,123,6,13380
MafA_R1.macs2_peak_20272,Chr3,87826452,87827099,87826775.5,+,648,157,2,-76
MafA_R1.macs2_peak_20681,Chr3,116629595,116630107,116629851,+,513,70,10,-23365
MafA_R1.macs2_peak_20402,Chr3,96844597,96845000,96844798.5,+,404,45,1,-11431
MafA_R1.macs2_peak_20996,Chr3,142101284,142101826,142101555,+,543,135,3,-98
MafA_R1.macs2_peak_20962,Chr3,138911379,138911625,138911502,+,247,151,1,-152
MafA_R1.macs2_peak_20197,Chr3,84164752,84165584,84165168,+,833,134,1,1918
MafA_R1.macs2_peak_19459,Chr3,17847778,17848856,17848317,+,1079,108,2,-1509
MafA_R1.macs2_peak_19554,Chr3,28732690,28733041,28732865.5,+,352,44,1,-19187
MafA_R1.macs2_peak_20191,Chr3,83969432,83969997,83969714.5,+,566,65,3,-22246
MafA_R1.macs2_peak_20268,Chr3,87656098,87656421,87656259.5,+,324,65,4,-329
MafA_R1.macs2_peak_20157,Chr3,80865687,80865981,80865834,+,295,41,1,-44867
MafA_R1.macs2_peak_19817,Chr3,51285023,51285739,51285381,+,717,62,1,18587
MafA_R1.macs2_peak_19708,Chr3,39420236,39420763,39420499.5,+,528,36,3,479410
MafA_R1.macs2_peak_19777,Chr3,46671951,46672359,46672155,+,409,36,4,183062
MafA_R1.macs2_peak_20139,Chr3,79088995,79089454,79089224.5,+,460,36,1,-31002
MafA_R1.macs2_peak_21022,Chr3,144530686,144531130,144530908,+,445,36,5,-5653
MafA_R1.macs2_peak_19546,Chr3,28404288,28404911,28404599.5,+,624,48,5,-69493
MafA_R1.macs2_peak_21154,Chr3,156496706,156497105,156496905.5,+,400,97,1,229474
MafA_R1.macs2_peak_19690,Chr3,38452202,38453018,38452610,+,817,40,11,86355
MafA_R1.macs2_peak_20010,Chr3,65204082,65204501,65204291.5,+,420,40,2,5815
MafA_R1.macs2_peak_19776,Chr3,46631084,46631440,46631262,+,357,66,6,223955
MafA_R1.macs2_peak_20020,Chr3,65565354,65567182,65566268,+,1829,127,4,-441
MafA_R1.macs2_peak_19545,Chr3,28394115,28394419,28394267,+,305,37,1,76904
MafA_R1.macs2_peak_20032,Chr3,66388048,66388589,66388318.5,+,542,50,5,-184060
MafA_R1.macs2_peak_19911,Chr3,55449493,55450304,55449898.5,+,812,81,2,80749
MafA_R1.macs2_peak_20951,Chr3,138417458,138417756,138417607,+,299,35,17,15138
MafA_R1.macs2_peak_20267,Chr3,87568193,87568770,87568481.5,+,578,54,2,18851
MafA_R1.macs2_peak_20382,Chr3,96158189,96158551,96158370,+,363,51,1,4354
MafA_R1.macs2_peak_19684,Chr3,38016254,38016564,38016409,+,311,41,1,63447
MafA_R1.macs2_peak_19805,Chr3,50878253,50879115,50878684,+,863,75,6,-253184
MafA_R1.macs2_peak_19831,Chr3,51653532,51654264,51653898,+,733,75,1,85298
MafA_R1.macs2_peak_20396,Chr3,96577510,96578199,96577854.5,+,690,184,5,407
MafA_R1.macs2_peak_19618,Chr3,31956547,31957155,31956851,+,609,66,1,-1
MafA_R1.macs2_peak_20111,Chr3,76500528,76501356,76500942,+,829,66,2,518052
MafA_R1.macs2_peak_20123,Chr3,78482405,78482995,78482700,+,591,66,1,570353
MafA_R1.macs2_peak_20488,Chr3,101984966,101985292,101985129,+,327,46,2,-8602
MafA_R1.macs2_peak_20340,Chr3,94519241,94519613,94519427,+,373,45,2,-29404
MafA_R1.macs2_peak_20160,Chr3,81014007,81014986,81014496.5,+,980,58,16,70773
MafA_R1.macs2_peak_19626,Chr3,32242669,32243219,32242944,+,551,50,8,-176694
MafA_R1.macs2_peak_20070,Chr3,68802975,68803226,68803100.5,+,252,37,1,26181
MafA_R1.macs2_peak_19833,Chr3,51670259,51670551,51670405,+,293,50,1,101805
MafA_R1.macs2_peak_20481,Chr3,101880839,101881447,101881143,+,609,50,2,-36318
MafA_R1.macs2_peak_19679,Chr3,37778569,37778818,37778693.5,+,250,123,1,-184
MafA_R1.macs2_peak_19699,Chr3,38938397,38939495,38938946,+,1099,109,11,-2143
MafA_R1.macs2_peak_19799,Chr3,50335962,50336450,50336206,+,489,41,2,61856
MafA_R1.macs2_peak_19809,Chr3,50988414,50988796,50988605,+,383,41,6,-143263
MafA_R1.macs2_peak_20667,Chr3,115772375,115773039,115772707,+,665,41,5,-844
MafA_R1.macs2_peak_21113,Chr3,153618389,153618665,153618527,+,277,250,1,76
MafA_R1.macs2_peak_20738,Chr3,121915816,121916090,121915953,+,275,97,3,77844
MafA_R1.macs2_peak_19958,Chr3,58602948,58603273,58603110.5,+,326,86,1,3100
MafA_R1.macs2_peak_19445,Chr3,16185596,16185879,16185737.5,+,284,34,1,-51592
MafA_R1.macs2_peak_20284,Chr3,88317191,88318173,88317682,+,983,215,1,22
MafA_R1.macs2_peak_19727,Chr3,40585564,40585981,40585772.5,+,418,43,4,-8711
MafA_R1.macs2_peak_19704,Chr3,39090174,39091160,39090667,+,987,33,1,149578
MafA_R1.macs2_peak_21054,Chr3,146572174,146572465,146572319.5,+,292,33,1,14197
MafA_R1.macs2_peak_19571,Chr3,28859643,28859950,28859796.5,+,308,180,5,139
MafA_R1.macs2_peak_19375,Chr3,7778406,7778816,7778611,+,411,28,2,-99791
MafA_R1.macs2_peak_20127,Chr3,78606132,78606456,78606294,+,325,28,1,446759
MafA_R1.macs2_peak_20650,Chr3,112512968,112513407,112513187.5,+,440,28,1,550856
MafA_R1.macs2_peak_19757,Chr3,41560289,41560909,41560599,+,621,91,1,41284
MafA_R1.macs2_peak_20915,Chr3,137458353,137459380,137458866.5,+,1028,111,1,30510
MafA_R1.macs2_peak_19540,Chr3,28222238,28222641,28222439.5,+,404,32,2,-94924
MafA_R1.macs2_peak_20920,Chr3,137600925,137601229,137601077,+,305,30,2,-23239
MafA_R1.macs2_peak_20730,Chr3,121548852,121549110,121548981,+,259,34,1,31795
MafA_R1.macs2_peak_19377,Chr3,8081983,8082462,8082222.5,+,480,43,8,-62275
MafA_R1.macs2_peak_19669,Chr3,36575584,36575860,36575722,+,277,43,2,-128
MafA_R1.macs2_peak_19978,Chr3,60020827,60021645,60021236,+,819,43,3,31946
MafA_R1.macs2_peak_20981,Chr3,141364675,141365119,141364897,+,445,43,5,193572
MafA_R1.macs2_peak_20305,Chr3,89157648,89158315,89157981.5,+,668,60,1,4201
MafA_R1.macs2_peak_19701,Chr3,38941917,38942409,38942163,+,493,86,1,1074
MafA_R1.macs2_peak_20330,Chr3,93462952,93463601,93463276.5,+,650,145,9,852
MafA_R1.macs2_peak_19675,Chr3,37473319,37473729,37473524,+,411,233,4,221
MafA_R1.macs2_peak_19567,Chr3,28792684,28793369,28793026.5,+,686,35,6,40974
MafA_R1.macs2_peak_19945,Chr3,58079498,58080034,58079766,+,537,31,5,-8538
MafA_R1.macs2_peak_20654,Chr3,113825778,113826124,113825951,+,347,65,1,1762
MafA_R1.macs2_peak_20653,Chr3,113735647,113736020,113735833.5,+,374,31,2,-88356
MafA_R1.macs2_peak_20988,Chr3,141536699,141537246,141536972.5,+,548,31,2,100209
MafA_R1.macs2_peak_20146,Chr3,79749708,79749968,79749838,+,261,62,1,131
MafA_R1.macs2_peak_20034,Chr3,66470729,66471188,66470958.5,+,460,35,2,-266700
MafA_R1.macs2_peak_20331,Chr3,93475623,93475972,93475797.5,+,350,35,2,13373
MafA_R1.macs2_peak_20476,Chr3,101783876,101784556,101784216,+,681,35,1,-40677
MafA_R1.macs2_peak_20969,Chr3,140272794,140273164,140272979,+,371,35,3,538969
MafA_R1.macs2_peak_21103,Chr3,153010902,153011362,153011132,+,461,35,6,-6846
MafA_R1.macs2_peak_19952,Chr3,58505133,58506185,58505659,+,1053,41,13,21602
MafA_R1.macs2_peak_20677,Chr3,116480324,116481129,116480726.5,+,806,45,1,-19460
MafA_R1.macs2_peak_19670,Chr3,36667228,36667867,36667547.5,+,640,154,15,-9
MafA_R1.macs2_peak_19871,Chr3,52466064,52466448,52466256,+,385,67,2,41871
MafA_R1.macs2_peak_19387,Chr3,8732574,8732945,8732759.5,+,372,117,1,-661
MafA_R1.macs2_peak_20655,Chr3,113982656,113983371,113983013.5,+,716,79,4,158824
MafA_R1.macs2_peak_20976,Chr3,141286541,141287066,141286803.5,+,526,53,7,115478
MafA_R1.macs2_peak_20393,Chr3,96483812,96484555,96484183.5,+,744,125,3,-10066
MafA_R1.macs2_peak_19731,Chr3,40945862,40946401,40946131.5,+,540,59,1,40910
MafA_R1.macs2_peak_20411,Chr3,97444792,97445272,97445032,+,481,32,1,72474
MafA_R1.macs2_peak_21114,Chr3,153639464,153640041,153639752.5,+,578,26,2,10528
MafA_R1.macs2_peak_21001,Chr3,142587913,142588490,142588201.5,+,578,124,3,-55
MafA_R1.macs2_peak_20430,Chr3,97920291,97920552,97920421.5,+,262,63,1,-433
MafA_R1.macs2_peak_21011,Chr3,144033304,144033799,144033551.5,+,496,28,1,-122535
MafA_R1.macs2_peak_20939,Chr3,138148318,138148752,138148535,+,435,122,4,-319
MafA_R1.macs2_peak_20479,Chr3,101874444,101874974,101874709,+,531,39,1,-42752
MafA_R1.macs2_peak_21012,Chr3,144105505,144105766,144105635.5,+,262,23,3,170342
MafA_R1.macs2_peak_19447,Chr3,16424828,16425107,16424967.5,+,280,21,1,187638
MafA_R1.macs2_peak_20041,Chr3,67085225,67085476,67085350.5,+,252,21,1,192050
MafA_R1.macs2_peak_20097,Chr3,73639276,73639569,73639422.5,+,294,21,4,-23674
MafA_R1.macs2_peak_20098,Chr3,74802598,74802866,74802732,+,269,21,3,248347
MafA_R1.macs2_peak_20145,Chr3,79732895,79733291,79733093,+,397,21,1,16876
MafA_R1.macs2_peak_20890,Chr3,135199129,135199400,135199264.5,+,272,21,3,7892
MafA_R1.macs2_peak_20219,Chr3,84489428,84490003,84489715.5,+,576,139,7,217
MafA_R1.macs2_peak_20094,Chr3,69628197,69629674,69628935.5,+,1478,132,1,-453
MafA_R1.macs2_peak_19869,Chr3,52439306,52439883,52439594.5,+,578,53,3,15209
MafA_R1.macs2_peak_20491,Chr3,102150254,102150591,102150422.5,+,338,28,1,-19299
MafA_R1.macs2_peak_19543,Chr3,28316859,28317287,28317073,+,429,120,1,-290
MafA_R1.macs2_peak_20514,Chr3,103814652,103814955,103814803.5,+,304,42,2,-6633
MafA_R1.macs2_peak_20968,Chr3,140182356,140184277,140183316.5,+,1922,42,5,449306
MafA_R1.macs2_peak_20853,Chr3,131670021,131670550,131670285.5,+,530,24,1,-120768
MafA_R1.macs2_peak_19672,Chr3,36894895,36895405,36895150,+,511,37,6,-22105
MafA_R1.macs2_peak_20830,Chr3,130487942,130488244,130488093,+,303,37,3,15000
MafA_R1.macs2_peak_19863,Chr3,52103562,52104335,52103948.5,+,774,100,3,-71810
MafA_R1.macs2_peak_20739,Chr3,121936255,121936505,121936380,+,251,31,9,98271
MafA_R1.macs2_peak_19759,Chr3,41697075,41697329,41697202,+,255,91,2,149
MafA_R1.macs2_peak_20276,Chr3,87988688,87989193,87988940.5,+,506,62,1,-418
MafA_R1.macs2_peak_20638,Chr3,110193225,110194587,110193906,+,1363,50,1,-35591
MafA_R1.macs2_peak_19926,Chr3,55943565,55943837,55943701,+,273,22,1,147421
MafA_R1.macs2_peak_20716,Chr3,121219792,121220221,121220006.5,+,430,111,2,-184
MafA_R1.macs2_peak_19509,Chr3,27334513,27334949,27334731,+,437,39,1,-36495
MafA_R1.macs2_peak_19642,Chr3,33196819,33197866,33197342.5,+,1048,97,1,-2
MafA_R1.macs2_peak_19682,Chr3,37973792,37974075,37973933.5,+,284,22,2,20971
MafA_R1.macs2_peak_19698,Chr3,38842861,38843261,38843061,+,401,22,3,-98028
MafA_R1.macs2_peak_19852,Chr3,51865294,51865571,51865432.5,+,278,22,5,146995
MafA_R1.macs2_peak_20945,Chr3,138348019,138348516,138348267.5,+,498,22,1,84478
MafA_R1.macs2_peak_20846,Chr3,131195204,131196685,131195944.5,+,1482,114,2,-74585
MafA_R1.macs2_peak_20049,Chr3,67963955,67964300,67964127.5,+,346,45,2,-8008
MafA_R1.macs2_peak_20957,Chr3,138488366,138488872,138488619,+,507,45,7,40650
MafA_R1.macs2_peak_19825,Chr3,51555744,51556048,51555896,+,305,27,2,-12704
MafA_R1.macs2_peak_20189,Chr3,83900362,83900684,83900523,+,323,25,1,46945
MafA_R1.macs2_peak_19673,Chr3,37258607,37258900,37258753.5,+,294,30,3,21719
MafA_R1.macs2_peak_20077,Chr3,69223616,69224079,69223847.5,+,464,119,3,-404
MafA_R1.macs2_peak_19785,Chr3,48842429,48842706,48842567.5,+,278,31,2,-279018
MafA_R1.macs2_peak_19822,Chr3,51402296,51402602,51402449,+,307,31,1,11062
MafA_R1.macs2_peak_20498,Chr3,102670953,102671463,102671208,+,511,31,1,18822
MafA_R1.macs2_peak_19914,Chr3,55554580,55554935,55554757.5,+,356,61,1,-135174
MafA_R1.macs2_peak_20833,Chr3,130625853,130626106,130625979.5,+,254,34,1,-101932
MafA_R1.macs2_peak_19685,Chr3,38030947,38031331,38031139,+,385,37,4,78177
MafA_R1.macs2_peak_21063,Chr3,148695520,148695807,148695663.5,+,288,26,1,-35392
MafA_R1.macs2_peak_19570,Chr3,28835482,28835744,28835613,+,263,77,2,187
MafA_R1.macs2_peak_20271,Chr3,87813251,87813508,87813379.5,+,258,79,1,-249
MafA_R1.macs2_peak_20665,Chr3,115681446,115681723,115681584.5,+,278,92,1,124
MafA_R1.macs2_peak_19974,Chr3,59222817,59223477,59223147,+,661,23,2,28530
MafA_R1.macs2_peak_20397,Chr3,96587630,96588010,96587820,+,381,23,2,10373
MafA_R1.macs2_peak_20949,Chr3,138414131,138414623,138414377,+,493,23,1,18368
MafA_R1.macs2_peak_20906,Chr3,136125710,136126224,136125967,+,515,26,4,29143
MafA_R1.macs2_peak_19695,Chr3,38538751,38539500,38539125.5,+,750,125,13,-160
MafA_R1.macs2_peak_20394,Chr3,96501283,96501801,96501542,+,519,95,1,-45
MafA_R1.macs2_peak_19910,Chr3,55369253,55369723,55369488,+,471,40,1,339
MafA_R1.macs2_peak_20921,Chr3,137623764,137624106,137623935,+,343,37,3,-381
MafA_R1.macs2_peak_19988,Chr3,60509083,60509523,60509303,+,441,34,1,100703
MafA_R1.macs2_peak_20143,Chr3,79716515,79717011,79716763,+,497,27,8,33206
MafA_R1.macs2_peak_20838,Chr3,131065461,131065931,131065696,+,471,39,5,54
MafA_R1.macs2_peak_19674,Chr3,37366328,37366958,37366643,+,631,53,9,-48
MafA_R1.macs2_peak_21020,Chr3,144424882,144425244,144425063,+,363,53,1,1033
MafA_R1.macs2_peak_20375,Chr3,95857982,95858577,95858279.5,+,596,66,3,21710
MafA_R1.macs2_peak_19904,Chr3,55060300,55060684,55060492,+,385,20,1,10830
MafA_R1.macs2_peak_19859,Chr3,52009699,52010442,52010070.5,+,744,89,1,2357
MafA_R1.macs2_peak_19590,Chr3,30847021,30847396,30847208.5,+,376,67,4,183
MafA_R1.macs2_peak_19572,Chr3,28860269,28860785,28860527,+,517,32,6,870
MafA_R1.macs2_peak_21074,Chr3,151151642,151151970,151151806,+,329,21,11,8287
MafA_R1.macs2_peak_20380,Chr3,96144207,96144468,96144337.5,+,262,25,2,2106
MafA_R1.macs2_peak_19422,Chr3,10077352,10077824,10077588,+,473,27,2,-57
MafA_R1.macs2_peak_19700,Chr3,38939869,38940375,38940122,+,507,46,4,-967
MafA_R1.macs2_peak_20524,Chr3,104419133,104419652,104419392.5,+,520,39,1,-158
MafA_R1.macs2_peak_19650,Chr3,34135239,34135759,34135499,+,521,28,1,4
MafA_R1.macs2_peak_21392,Chr4,27645156,27646654,27645905,+,1499,1774,21,-940456
MafA_R1.macs2_peak_22439,Chr4,118100247,118101878,118101062.5,+,1632,2294,4,-33301
MafA_R1.macs2_peak_22087,Chr4,92435052,92436775,92435913.5,+,1724,1439,2,-400455
MafA_R1.macs2_peak_21706,Chr4,54965113,54967401,54966257,+,2289,2397,11,18312
MafA_R1.macs2_peak_22278,Chr4,106594271,106596244,106595257.5,+,1974,1396,13,4145
MafA_R1.macs2_peak_21241,Chr4,8867411,8868471,8867941,+,1061,1018,1,116617
MafA_R1.macs2_peak_23082,Chr4,142244053,142245982,142245017.5,+,1930,1089,3,-279046
MafA_R1.macs2_peak_22306,Chr4,107643740,107645202,107644471,+,1463,2589,14,-14985
MafA_R1.macs2_peak_23143,Chr4,149401389,149402897,149402143,+,1509,773,4,-9953
MafA_R1.macs2_peak_23263,Chr4,151386479,151387737,151387108,+,1259,1602,3,213081
MafA_R1.macs2_peak_21614,Chr4,46084912,46085950,46085431,+,1039,2037,5,46209
MafA_R1.macs2_peak_23240,Chr4,150985809,150988335,150987072,+,2527,4208,17,7306
MafA_R1.macs2_peak_23120,Chr4,148751572,148753258,148752415,+,1687,940,12,24641
MafA_R1.macs2_peak_23001,Chr4,139835958,139837422,139836690,+,1465,1885,29,-33494
MafA_R1.macs2_peak_22727,Chr4,131294495,131297363,131295929,+,2869,1585,2,269660
MafA_R1.macs2_peak_23245,Chr4,151016172,151018531,151017351.5,+,2360,1953,2,4895
MafA_R1.macs2_peak_22487,Chr4,119711258,119712997,119712127.5,+,1740,1421,6,40252
MafA_R1.macs2_peak_22809,Chr4,134054250,134054993,134054621.5,+,744,642,6,12190
MafA_R1.macs2_peak_23144,Chr4,149410260,149412395,149411327.5,+,2136,794,6,-7769
MafA_R1.macs2_peak_21579,Chr4,45452230,45453706,45452968,+,1477,1063,15,-44202
MafA_R1.macs2_peak_23111,Chr4,148596818,148598577,148597697.5,+,1760,1172,6,-12778
MafA_R1.macs2_peak_21415,Chr4,32249486,32251570,32250528,+,2085,1040,4,-166907
MafA_R1.macs2_peak_21884,Chr4,71726388,71727742,71727065,+,1355,607,1,392065
MafA_R1.macs2_peak_21372,Chr4,24658746,24660415,24659580.5,+,1670,917,5,163129
MafA_R1.macs2_peak_23138,Chr4,149361841,149363145,149362493,+,1305,823,6,29662
MafA_R1.macs2_peak_22152,Chr4,97660190,97662004,97661097,+,1815,1523,5,-4766
MafA_R1.macs2_peak_22755,Chr4,131925192,131926477,131925834.5,+,1286,762,4,13733
MafA_R1.macs2_peak_22068,Chr4,89396045,89397396,89396720.5,+,1352,1466,4,-179715
MafA_R1.macs2_peak_23101,Chr4,148101054,148102112,148101583,+,1059,495,1,16404
MafA_R1.macs2_peak_23113,Chr4,148607617,148609020,148608318.5,+,1404,1000,5,-23399
MafA_R1.macs2_peak_22636,Chr4,128540291,128541555,128540923,+,1265,632,7,-7572
MafA_R1.macs2_peak_23150,Chr4,149499378,149500873,149500125.5,+,1496,837,8,10963
MafA_R1.macs2_peak_23021,Chr4,140251743,140253389,140252566,+,1647,823,36,123501
MafA_R1.macs2_peak_23065,Chr4,141824764,141825863,141825313.5,+,1100,978,1,-13698
MafA_R1.macs2_peak_22976,Chr4,138973596,138974190,138973893,+,595,1724,5,52471
MafA_R1.macs2_peak_21418,Chr4,32301939,32304524,32303231.5,+,2586,1326,2,-114204
MafA_R1.macs2_peak_23112,Chr4,148601759,148603211,148602485,+,1453,578,1,-17566
MafA_R1.macs2_peak_21374,Chr4,24785724,24786940,24786332,+,1217,855,26,64792
MafA_R1.macs2_peak_22941,Chr4,138231791,138233098,138232444.5,+,1308,855,13,49985
MafA_R1.macs2_peak_21615,Chr4,46087529,46088879,46088204,+,1351,651,7,48982
MafA_R1.macs2_peak_21768,Chr4,59453775,59455643,59454709,+,1869,1858,1,-16076
MafA_R1.macs2_peak_21656,Chr4,48225397,48226323,48225860,+,927,736,2,-12645
MafA_R1.macs2_peak_22983,Chr4,139156328,139161120,139158724,+,4793,816,7,50754
MafA_R1.macs2_peak_23321,Chr4,153510194,153511618,153510906,+,1425,803,1,56381
MafA_R1.macs2_peak_22450,Chr4,118161911,118162805,118162358,+,895,468,6,-13764
MafA_R1.macs2_peak_23092,Chr4,142635041,142637036,142636038.5,+,1996,706,2,226694
MafA_R1.macs2_peak_23217,Chr4,150640494,150641837,150641165.5,+,1344,706,1,95466
MafA_R1.macs2_peak_22723,Chr4,131266249,131269558,131267903.5,+,3310,672,7,297686
MafA_R1.macs2_peak_22581,Chr4,125427994,125429021,125428507.5,+,1028,598,4,29965
MafA_R1.macs2_peak_22946,Chr4,138301594,138303181,138302387.5,+,1588,1157,27,48916
MafA_R1.macs2_peak_22395,Chr4,115761174,115762262,115761718,+,1089,499,1,13855
MafA_R1.macs2_peak_22978,Chr4,139116573,139118473,139117523,+,1901,740,4,9553
MafA_R1.macs2_peak_22623,Chr4,128011649,128012693,128012171,+,1045,728,1,48219
MafA_R1.macs2_peak_22731,Chr4,131316640,131318490,131317565,+,1851,1194,1,248024
MafA_R1.macs2_peak_23110,Chr4,148539451,148540376,148539913.5,+,926,354,5,6874
MafA_R1.macs2_peak_22912,Chr4,137631881,137632957,137632419,+,1077,1577,9,-8450
MafA_R1.macs2_peak_22999,Chr4,139796358,139797879,139797118.5,+,1522,683,25,-73066
MafA_R1.macs2_peak_21406,Chr4,32074312,32075223,32074767.5,+,912,415,6,110660
MafA_R1.macs2_peak_22056,Chr4,89241212,89241787,89241499.5,+,576,340,1,-42230
MafA_R1.macs2_peak_22977,Chr4,139113450,139115470,139114460,+,2021,1367,5,6490
MafA_R1.macs2_peak_22733,Chr4,131342630,131343669,131343149.5,+,1040,520,1,222440
MafA_R1.macs2_peak_21826,Chr4,63225418,63226283,63225850.5,+,866,572,9,-36943
MafA_R1.macs2_peak_21202,Chr4,6364574,6365944,6365259,+,1371,1360,8,-421
MafA_R1.macs2_peak_22671,Chr4,129748672,129750442,129749557,+,1771,914,11,35056
MafA_R1.macs2_peak_22495,Chr4,119829378,119830426,119829902,+,1049,498,3,158027
MafA_R1.macs2_peak_22748,Chr4,131752563,131754034,131753298.5,+,1472,483,5,23091
MafA_R1.macs2_peak_23194,Chr4,150349565,150350270,150349917.5,+,706,384,1,-16456
MafA_R1.macs2_peak_22963,Chr4,138527107,138528188,138527647.5,+,1082,523,3,18921
MafA_R1.macs2_peak_22493,Chr4,119807346,119808109,119807727.5,+,764,424,5,135852
MafA_R1.macs2_peak_22153,Chr4,97773247,97774595,97773921,+,1349,319,7,108058
MafA_R1.macs2_peak_23258,Chr4,151264778,151265684,151265231,+,907,470,3,91204
MafA_R1.macs2_peak_22385,Chr4,114526909,114528104,114527506.5,+,1196,736,2,-151411
MafA_R1.macs2_peak_22990,Chr4,139662870,139663413,139663141.5,+,544,397,8,-2756
MafA_R1.macs2_peak_22703,Chr4,130918304,130919644,130918974,+,1341,611,7,-181189
MafA_R1.macs2_peak_21582,Chr4,45471970,45473745,45472857.5,+,1776,1156,5,57971
MafA_R1.macs2_peak_21276,Chr4,11632767,11634101,11633434,+,1335,832,2,53772
MafA_R1.macs2_peak_21584,Chr4,45483476,45485501,45484488.5,+,2026,776,1,46340
MafA_R1.macs2_peak_22628,Chr4,128118062,128119363,128118712.5,+,1302,1021,1,35976
MafA_R1.macs2_peak_21823,Chr4,63139479,63141207,63140343,+,1729,1377,6,6694
MafA_R1.macs2_peak_23210,Chr4,150531222,150532782,150532002,+,1561,373,1,165629
MafA_R1.macs2_peak_22633,Chr4,128441084,128442050,128441567,+,967,344,18,62324
MafA_R1.macs2_peak_22520,Chr4,120831727,120832652,120832189.5,+,926,426,3,-1670
MafA_R1.macs2_peak_22649,Chr4,128902945,128903621,128903283,+,677,339,2,16266
MafA_R1.macs2_peak_21369,Chr4,24568837,24569791,24569314,+,955,287,3,72863
MafA_R1.macs2_peak_22786,Chr4,133211237,133212823,133212030,+,1587,1054,9,4586
MafA_R1.macs2_peak_22593,Chr4,126123731,126124502,126124116.5,+,772,519,1,25996
MafA_R1.macs2_peak_21397,Chr4,29419769,29420376,29420072.5,+,608,387,1,351993
MafA_R1.macs2_peak_22709,Chr4,130993502,130994715,130994108.5,+,1214,387,2,-256323
MafA_R1.macs2_peak_22784,Chr4,133195129,133196049,133195589,+,921,979,11,-11855
MafA_R1.macs2_peak_22892,Chr4,136768090,136769265,136768677.5,+,1176,541,7,7329
MafA_R1.macs2_peak_21603,Chr4,45728749,45730563,45729656,+,1815,416,2,34567
MafA_R1.macs2_peak_22438,Chr4,118097211,118098515,118097863,+,1305,645,5,-30102
MafA_R1.macs2_peak_22888,Chr4,136653003,136654007,136653505,+,1005,478,12,-27350
MafA_R1.macs2_peak_22422,Chr4,116987762,116988685,116988223.5,+,924,903,4,2937
MafA_R1.macs2_peak_22445,Chr4,118129873,118131108,118130490.5,+,1236,582,3,18104
MafA_R1.macs2_peak_21345,Chr4,20529588,20530768,20530178,+,1181,236,4,248490
MafA_R1.macs2_peak_22724,Chr4,131272061,131273037,131272549,+,977,379,4,293040
MafA_R1.macs2_peak_23129,Chr4,149024338,149026033,149025185.5,+,1696,831,10,11594
MafA_R1.macs2_peak_21638,Chr4,47060395,47061098,47060746.5,+,704,364,15,-3440
MafA_R1.macs2_peak_22614,Chr4,127243226,127243966,127243596,+,741,364,2,4278
MafA_R1.macs2_peak_21229,Chr4,8605262,8606114,8605688,+,853,263,1,70044
MafA_R1.macs2_peak_23175,Chr4,150073096,150075028,150074062,+,1933,559,2,13631
MafA_R1.macs2_peak_23275,Chr4,151670492,151672125,151671308.5,+,1634,507,3,274917
MafA_R1.macs2_peak_21270,Chr4,11088450,11089566,11089008,+,1117,404,1,-12803
MafA_R1.macs2_peak_21708,Chr4,55135988,55136765,55136376.5,+,778,291,8,188431
MafA_R1.macs2_peak_22886,Chr4,136624931,136626096,136625513.5,+,1166,421,8,642
MafA_R1.macs2_peak_21802,Chr4,62530953,62531994,62531473.5,+,1042,305,1,-6436
MafA_R1.macs2_peak_21812,Chr4,63074752,63075804,63075278,+,1053,485,1,-2869
MafA_R1.macs2_peak_23342,Chr4,155080905,155081366,155081135.5,+,462,249,4,14347
MafA_R1.macs2_peak_23269,Chr4,151567919,151568872,151568395.5,+,954,861,3,377830
MafA_R1.macs2_peak_23148,Chr4,149487048,149488337,149487692.5,+,1290,439,11,23396
MafA_R1.macs2_peak_22721,Chr4,131257451,131258306,131257878.5,+,856,236,14,307711
MafA_R1.macs2_peak_21581,Chr4,45468591,45469825,45469208,+,1235,568,3,-60442
MafA_R1.macs2_peak_22096,Chr4,93878169,93879352,93878760.5,+,1184,306,4,566273
MafA_R1.macs2_peak_22715,Chr4,131183885,131185494,131184689.5,+,1610,330,6,380900
MafA_R1.macs2_peak_21592,Chr4,45530536,45531643,45531089.5,+,1108,1996,1,-261
MafA_R1.macs2_peak_22701,Chr4,130897184,130898288,130897736,+,1105,336,2,-159951
MafA_R1.macs2_peak_22525,Chr4,120863493,120864668,120864080.5,+,1176,280,7,10364
MafA_R1.macs2_peak_21235,Chr4,8799225,8800273,8799749,+,1049,442,2,48425
MafA_R1.macs2_peak_22655,Chr4,129150257,129150968,129150612.5,+,712,442,1,4585
MafA_R1.macs2_peak_22738,Chr4,131380717,131381968,131381342.5,+,1252,442,14,184247
MafA_R1.macs2_peak_23203,Chr4,150455716,150456737,150456226.5,+,1022,770,1,89853
MafA_R1.macs2_peak_22867,Chr4,135758044,135758636,135758340,+,593,380,4,-9380
MafA_R1.macs2_peak_23344,Chr4,155154961,155156216,155155588.5,+,1256,567,1,4101
MafA_R1.macs2_peak_22549,Chr4,124254970,124255442,124255206,+,473,230,2,124546
MafA_R1.macs2_peak_23241,Chr4,150992925,150993659,150993292,+,735,340,1,1086
MafA_R1.macs2_peak_22652,Chr4,128975109,128975992,128975550.5,+,884,299,2,23613
MafA_R1.macs2_peak_22546,Chr4,124122289,124123052,124122670.5,+,764,369,5,257082
MafA_R1.macs2_peak_21242,Chr4,8909814,8911795,8910804.5,+,1982,440,2,159480
MafA_R1.macs2_peak_23174,Chr4,150064096,150064885,150064490.5,+,790,256,1,23203
MafA_R1.macs2_peak_21238,Chr4,8853393,8854651,8854022,+,1259,463,1,102698
MafA_R1.macs2_peak_22679,Chr4,130061994,130062821,130062407.5,+,828,273,1,6188
MafA_R1.macs2_peak_21405,Chr4,32056860,32057476,32057168,+,617,247,6,93061
MafA_R1.macs2_peak_21214,Chr4,6792718,6793577,6793147.5,+,860,205,6,197576
MafA_R1.macs2_peak_22077,Chr4,89892110,89892986,89892548,+,877,205,1,-214509
MafA_R1.macs2_peak_22415,Chr4,116588935,116590244,116589589.5,+,1310,358,10,11437
MafA_R1.macs2_peak_22759,Chr4,132164884,132165502,132165193,+,619,358,1,-15436
MafA_R1.macs2_peak_22931,Chr4,138174612,138175296,138174954,+,685,249,4,-7505
MafA_R1.macs2_peak_22947,Chr4,138323578,138324777,138324177.5,+,1200,738,10,27126
MafA_R1.macs2_peak_22812,Chr4,134244027,134244905,134244466,+,879,463,15,6156
MafA_R1.macs2_peak_21712,Chr4,55541146,55542364,55541755,+,1219,537,6,-9280
MafA_R1.macs2_peak_22432,Chr4,117501936,117503254,117502595,+,1319,421,1,36827
MafA_R1.macs2_peak_21594,Chr4,45630436,45632174,45631305,+,1739,306,3,-8631
MafA_R1.macs2_peak_22211,Chr4,102031577,102032484,102032030.5,+,908,210,1,-79909
MafA_R1.macs2_peak_23028,Chr4,140440585,140441995,140441290,+,1411,417,5,12506
MafA_R1.macs2_peak_21254,Chr4,9094325,9097365,9095845,+,3041,411,1,-173448
MafA_R1.macs2_peak_22993,Chr4,139689083,139690049,139689566,+,967,285,6,5365
MafA_R1.macs2_peak_23002,Chr4,139844474,139845369,139844921.5,+,896,401,1,-25263
MafA_R1.macs2_peak_22573,Chr4,125211481,125212586,125212033.5,+,1106,272,2,-172456
MafA_R1.macs2_peak_23200,Chr4,150436609,150437792,150437200.5,+,1184,254,5,70827
MafA_R1.macs2_peak_23016,Chr4,140220558,140221485,140221021.5,+,928,359,9,113243
MafA_R1.macs2_peak_21824,Chr4,63144384,63145674,63145029,+,1291,604,4,11380
MafA_R1.macs2_peak_22505,Chr4,120469089,120470225,120469657,+,1137,230,8,23715
MafA_R1.macs2_peak_22067,Chr4,89373689,89375017,89374353,+,1329,317,4,-175084
MafA_R1.macs2_peak_22491,Chr4,119758554,119759221,119758887.5,+,668,213,4,87012
MafA_R1.macs2_peak_21707,Chr4,55004383,55006256,55005319.5,+,1874,349,8,57374
MafA_R1.macs2_peak_22350,Chr4,109952696,109953837,109953266.5,+,1142,371,1,118044
MafA_R1.macs2_peak_22650,Chr4,128913934,128914721,128914327.5,+,788,217,1,27310
MafA_R1.macs2_peak_22199,Chr4,101148359,101149497,101148928,+,1139,248,4,-26449
MafA_R1.macs2_peak_21453,Chr4,33665806,33666855,33666330.5,+,1050,275,1,228249
MafA_R1.macs2_peak_23246,Chr4,151042778,151043520,151043149,+,743,307,17,30693
MafA_R1.macs2_peak_22789,Chr4,133236114,133236778,133236446,+,665,188,4,-9828
MafA_R1.macs2_peak_22914,Chr4,137666376,137668864,137667620,+,2489,474,18,19516
MafA_R1.macs2_peak_21425,Chr4,32425730,32426775,32426252.5,+,1046,202,1,8817
MafA_R1.macs2_peak_23159,Chr4,149642655,149643320,149642987.5,+,666,202,1,13413
MafA_R1.macs2_peak_23250,Chr4,151152312,151153366,151152839,+,1055,206,2,-10429
MafA_R1.macs2_peak_23350,Chr4,155493360,155494369,155493864.5,+,1010,913,1,167
MafA_R1.macs2_peak_21441,Chr4,33007468,33008431,33007949.5,+,964,241,3,23374
MafA_R1.macs2_peak_21273,Chr4,11574416,11574750,11574583,+,335,178,1,-5079
MafA_R1.macs2_peak_22774,Chr4,132782959,132783915,132783437,+,957,178,6,44620
MafA_R1.macs2_peak_22691,Chr4,130614382,130614689,130614535.5,+,308,357,1,-26092
MafA_R1.macs2_peak_23332,Chr4,154378466,154379169,154378817.5,+,704,480,5,5535
MafA_R1.macs2_peak_22792,Chr4,133341437,133342396,133341916.5,+,960,448,9,-12437
MafA_R1.macs2_peak_22640,Chr4,128572064,128573236,128572650,+,1173,383,3,-9881
MafA_R1.macs2_peak_21604,Chr4,45763023,45766749,45764886,+,3727,560,2,-663
MafA_R1.macs2_peak_21373,Chr4,24752586,24753456,24753021,+,871,223,1,98103
MafA_R1.macs2_peak_23132,Chr4,149131021,149131530,149131275.5,+,510,147,3,53025
MafA_R1.macs2_peak_23140,Chr4,149377632,149378182,149377907,+,551,142,1,14248
MafA_R1.macs2_peak_23029,Chr4,140497831,140498286,140498058.5,+,456,161,6,3456
MafA_R1.macs2_peak_23146,Chr4,149479847,149480658,149480252.5,+,812,196,4,30836
MafA_R1.macs2_peak_22531,Chr4,122758119,122758821,122758470,+,703,247,5,21399
MafA_R1.macs2_peak_21274,Chr4,11614857,11616253,11615555,+,1397,150,2,35893
MafA_R1.macs2_peak_22730,Chr4,131312435,131313463,131312949,+,1029,215,1,252640
MafA_R1.macs2_peak_23066,Chr4,141880523,141881429,141880976,+,907,245,1,56543
MafA_R1.macs2_peak_22272,Chr4,106470725,106471458,106471091.5,+,734,199,2,3344
MafA_R1.macs2_peak_23277,Chr4,151723087,151723763,151723425,+,677,213,2,222800
MafA_R1.macs2_peak_23247,Chr4,151048972,151050198,151049585,+,1227,551,20,-31969
MafA_R1.macs2_peak_22953,Chr4,138409997,138410395,138410196,+,399,218,7,41971
MafA_R1.macs2_peak_23161,Chr4,149685385,149687135,149686260,+,1751,299,1,15335
MafA_R1.macs2_peak_22944,Chr4,138281795,138283610,138282702.5,+,1816,387,19,68601
MafA_R1.macs2_peak_23158,Chr4,149633443,149633827,149633635,+,385,221,1,4061
MafA_R1.macs2_peak_22073,Chr4,89551838,89552446,89552142,+,609,137,3,-24293
MafA_R1.macs2_peak_22921,Chr4,137744988,137745638,137745313,+,651,322,5,20177
MafA_R1.macs2_peak_22890,Chr4,136698232,136698963,136698597.5,+,732,235,6,-14470
MafA_R1.macs2_peak_22446,Chr4,118131557,118132010,118131783.5,+,454,194,1,16811
MafA_R1.macs2_peak_22124,Chr4,95804285,95804806,95804545.5,+,522,131,4,50727
MafA_R1.macs2_peak_22182,Chr4,100128989,100129415,100129202,+,427,131,1,176214
MafA_R1.macs2_peak_22880,Chr4,136182182,136182514,136182348,+,333,169,2,-14724
MafA_R1.macs2_peak_22868,Chr4,135867379,135868434,135867906.5,+,1056,341,2,-3227
MafA_R1.macs2_peak_22210,Chr4,101662623,101663222,101662922.5,+,600,154,1,38297
MafA_R1.macs2_peak_23271,Chr4,151589745,151590948,151590346.5,+,1204,154,4,355879
MafA_R1.macs2_peak_23041,Chr4,141013874,141015021,141014447.5,+,1148,203,15,8697
MafA_R1.macs2_peak_23005,Chr4,139931005,139931666,139931335.5,+,662,247,3,42787
MafA_R1.macs2_peak_22787,Chr4,133221392,133222224,133221808,+,833,424,2,4053
MafA_R1.macs2_peak_21515,Chr4,41676967,41677678,41677322.5,+,712,166,1,18131
MafA_R1.macs2_peak_21378,Chr4,24840586,24842047,24841316.5,+,1462,335,20,9808
MafA_R1.macs2_peak_23085,Chr4,142401092,142402174,142401633,+,1083,175,1,-435662
MafA_R1.macs2_peak_21509,Chr4,41589443,41590296,41589869.5,+,854,193,13,20075
MafA_R1.macs2_peak_22877,Chr4,136158371,136158694,136158532.5,+,324,217,1,6609
MafA_R1.macs2_peak_22987,Chr4,139350113,139350603,139350358,+,491,947,9,153
MafA_R1.macs2_peak_22847,Chr4,135132989,135134336,135133662.5,+,1348,326,2,-8124
MafA_R1.macs2_peak_22783,Chr4,133188068,133188877,133188472.5,+,810,540,7,-18972
MafA_R1.macs2_peak_23193,Chr4,150345190,150345950,150345570,+,761,144,13,-20803
MafA_R1.macs2_peak_23007,Chr4,139951278,139951941,139951609.5,+,664,216,4,22513
MafA_R1.macs2_peak_22187,Chr4,100473491,100474193,100473842,+,703,120,4,137778
MafA_R1.macs2_peak_23130,Chr4,149093963,149094646,149094304.5,+,684,120,11,-57525
MafA_R1.macs2_peak_21601,Chr4,45713127,45714293,45713710,+,1167,238,1,30121
MafA_R1.macs2_peak_22303,Chr4,107601845,107604381,107603113,+,2537,340,29,-56343
MafA_R1.macs2_peak_22389,Chr4,114936349,114937046,114936697.5,+,698,183,2,-9208
MafA_R1.macs2_peak_22997,Chr4,139756500,139757691,139757095.5,+,1192,546,7,-61758
MafA_R1.macs2_peak_22925,Chr4,137911800,137912421,137912110.5,+,622,131,1,21590
MafA_R1.macs2_peak_21289,Chr4,12461326,12462576,12461951,+,1251,229,5,-289936
MafA_R1.macs2_peak_22747,Chr4,131724531,131725680,131725105.5,+,1150,229,13,51284
MafA_R1.macs2_peak_23155,Chr4,149605457,149606232,149605844.5,+,776,281,2,3146
MafA_R1.macs2_peak_21201,Chr4,6333028,6333721,6333374.5,+,694,130,14,-32306
MafA_R1.macs2_peak_22994,Chr4,139704240,139705036,139704638,+,797,134,20,-9301
MafA_R1.macs2_peak_23227,Chr4,150768943,150770542,150769742.5,+,1600,298,2,-33111
MafA_R1.macs2_peak_21506,Chr4,41527897,41528490,41528193.5,+,594,151,2,10756
MafA_R1.macs2_peak_22900,Chr4,137159768,137160634,137160201,+,867,151,6,-2370
MafA_R1.macs2_peak_23105,Chr4,148316387,148316957,148316672,+,571,151,4,55750
MafA_R1.macs2_peak_22791,Chr4,133294820,133295146,133294983,+,327,174,3,-7073
MafA_R1.macs2_peak_22261,Chr4,105497899,105498726,105498312.5,+,828,197,2,483768
MafA_R1.macs2_peak_22696,Chr4,130778356,130778843,130778599.5,+,488,197,4,-40814
MafA_R1.macs2_peak_22804,Chr4,133560564,133560894,133560729,+,331,159,9,41313
MafA_R1.macs2_peak_21401,Chr4,31642102,31642388,31642245,+,287,118,1,-321862
MafA_R1.macs2_peak_22771,Chr4,132661262,132662054,132661658,+,793,229,1,-11796
MafA_R1.macs2_peak_23169,Chr4,149938556,149939231,149938893.5,+,676,243,2,-80169
MafA_R1.macs2_peak_22184,Chr4,100178646,100179680,100179163,+,1035,266,1,-156901
MafA_R1.macs2_peak_22304,Chr4,107606753,107607958,107607355.5,+,1206,289,8,-52101
MafA_R1.macs2_peak_23256,Chr4,151256794,151257695,151257244.5,+,902,327,10,83217
MafA_R1.macs2_peak_21828,Chr4,63234113,63234649,63234381,+,537,124,1,-28412
MafA_R1.macs2_peak_21788,Chr4,59870265,59871080,59870672.5,+,816,234,2,44384
MafA_R1.macs2_peak_22527,Chr4,120887801,120888791,120888296,+,991,146,1,-8467
MafA_R1.macs2_peak_23270,Chr4,151582186,151583726,151582956,+,1541,555,2,363269
MafA_R1.macs2_peak_21377,Chr4,24838433,24839664,24839048.5,+,1232,150,12,12076
MafA_R1.macs2_peak_22243,Chr4,103904842,103905727,103905284.5,+,886,150,3,-319451
MafA_R1.macs2_peak_21577,Chr4,45408525,45409539,45409032,+,1015,329,20,-266
MafA_R1.macs2_peak_21832,Chr4,63341197,63341531,63341364,+,335,135,1,-19682
MafA_R1.macs2_peak_23127,Chr4,149005374,149007434,149006404,+,2061,285,7,30375
MafA_R1.macs2_peak_22104,Chr4,94570062,94570607,94570334.5,+,546,105,2,16940
MafA_R1.macs2_peak_22455,Chr4,118550700,118551116,118550908,+,417,130,3,-3261
MafA_R1.macs2_peak_23038,Chr4,140965999,140967372,140966685.5,+,1374,695,21,-3510
MafA_R1.macs2_peak_23147,Chr4,149481591,149482116,149481853.5,+,526,125,1,29235
MafA_R1.macs2_peak_23204,Chr4,150457257,150458393,150457825,+,1137,160,1,91452
MafA_R1.macs2_peak_23131,Chr4,149124414,149124939,149124676.5,+,526,108,1,59624
MafA_R1.macs2_peak_22058,Chr4,89268627,89269027,89268827,+,401,99,4,-69558
MafA_R1.macs2_peak_21292,Chr4,12541300,12541950,12541625,+,651,132,7,-365212
MafA_R1.macs2_peak_22548,Chr4,124252248,124252662,124252455,+,415,132,1,127297
MafA_R1.macs2_peak_23133,Chr4,149216918,149217348,149217133,+,431,132,2,4924
MafA_R1.macs2_peak_23337,Chr4,154623970,154624315,154624142.5,+,346,132,1,-10597
MafA_R1.macs2_peak_22706,Chr4,130936020,130937707,130936863.5,+,1688,132,9,-199078
MafA_R1.macs2_peak_22902,Chr4,137357455,137358310,137357882.5,+,856,111,1,-34155
MafA_R1.macs2_peak_22447,Chr4,118133603,118134446,118134024.5,+,844,411,1,14570
MafA_R1.macs2_peak_23006,Chr4,139932830,139933765,139933297.5,+,936,216,9,40825
MafA_R1.macs2_peak_22638,Chr4,128547391,128548746,128548068.5,+,1356,414,3,-427
MafA_R1.macs2_peak_23014,Chr4,140174483,140174789,140174636,+,307,110,6,66858
MafA_R1.macs2_peak_23168,Chr4,149907266,149907527,149907396.5,+,262,110,4,-48672
MafA_R1.macs2_peak_22554,Chr4,124538731,124539226,124538978.5,+,496,106,1,-12461
MafA_R1.macs2_peak_22224,Chr4,102425241,102426208,102425724.5,+,968,201,3,-1533
MafA_R1.macs2_peak_22508,Chr4,120544036,120545293,120544664.5,+,1258,254,10,20904
MafA_R1.macs2_peak_22282,Chr4,106784148,106784732,106784440,+,585,169,2,4058
MafA_R1.macs2_peak_22969,Chr4,138765411,138766053,138765732,+,643,147,1,36368
MafA_R1.macs2_peak_22181,Chr4,100071664,100072008,100071836,+,345,117,1,118848
MafA_R1.macs2_peak_21767,Chr4,59447206,59448023,59447614.5,+,818,151,1,-8981
MafA_R1.macs2_peak_21713,Chr4,55571171,55572130,55571650.5,+,960,146,9,-39175
MafA_R1.macs2_peak_21403,Chr4,32049477,32050488,32049982.5,+,1012,207,11,85875
MafA_R1.macs2_peak_22908,Chr4,137594481,137595491,137594986,+,1011,331,14,5395
MafA_R1.macs2_peak_22230,Chr4,102548846,102549344,102549095,+,499,124,4,-68237
MafA_R1.macs2_peak_22555,Chr4,124602388,124603336,124602862,+,949,370,2,-5792
MafA_R1.macs2_peak_22156,Chr4,98131741,98132447,98132094,+,707,158,3,139408
MafA_R1.macs2_peak_22172,Chr4,99174556,99175496,99175026,+,941,183,2,92642
MafA_R1.macs2_peak_23206,Chr4,150481598,150481915,150481756.5,+,318,95,1,115383
MafA_R1.macs2_peak_22616,Chr4,127506560,127507506,127507033,+,947,123,2,-255076
MafA_R1.macs2_peak_22964,Chr4,138586841,138587167,138587004,+,327,123,9,3776
MafA_R1.macs2_peak_22361,Chr4,110112507,110114835,110113671,+,2329,131,1,30360
MafA_R1.macs2_peak_22704,Chr4,130932595,130933669,130933132,+,1075,131,16,-195347
MafA_R1.macs2_peak_22203,Chr4,101324740,101325735,101325237.5,+,996,160,1,-28608
MafA_R1.macs2_peak_22942,Chr4,138235171,138237381,138236276,+,2211,160,30,53817
MafA_R1.macs2_peak_22943,Chr4,138264596,138265147,138264871.5,+,552,160,2,82412
MafA_R1.macs2_peak_22951,Chr4,138399681,138399933,138399807,+,253,114,1,-48504
MafA_R1.macs2_peak_22055,Chr4,89239490,89240634,89240062,+,1145,89,1,-40793
MafA_R1.macs2_peak_23102,Chr4,148159268,148159778,148159523,+,511,89,1,12998
MafA_R1.macs2_peak_23248,Chr4,151071597,151072282,151071939.5,+,686,89,6,-9615
MafA_R1.macs2_peak_22656,Chr4,129157034,129157717,129157375.5,+,684,275,2,-2178
MafA_R1.macs2_peak_22482,Chr4,119671042,119671619,119671330.5,+,578,219,1,-545
MafA_R1.macs2_peak_21637,Chr4,47059326,47059666,47059496,+,341,129,11,-2190
MafA_R1.macs2_peak_23196,Chr4,150356534,150358197,150357365.5,+,1664,314,17,-9008
MafA_R1.macs2_peak_22777,Chr4,132820689,132821013,132820851,+,325,142,1,-37093
MafA_R1.macs2_peak_21657,Chr4,48279708,48280416,48280062,+,709,423,4,302
MafA_R1.macs2_peak_23103,Chr4,148199442,148199785,148199613.5,+,344,104,1,15542
MafA_R1.macs2_peak_22426,Chr4,117047199,117048806,117048002.5,+,1608,266,1,-8181
MafA_R1.macs2_peak_23180,Chr4,150204489,150205644,150205066.5,+,1156,509,2,1265
MafA_R1.macs2_peak_21749,Chr4,57757850,57758407,57758128.5,+,558,100,3,-87120
MafA_R1.macs2_peak_22686,Chr4,130526948,130527449,130527198.5,+,502,145,1,7350
MafA_R1.macs2_peak_21808,Chr4,62617444,62618091,62617767.5,+,648,137,2,25556
MafA_R1.macs2_peak_23024,Chr4,140359524,140359992,140359758,+,469,137,19,16309
MafA_R1.macs2_peak_23360,Chr4,156071019,156071561,156071290,+,543,137,12,5845
MafA_R1.macs2_peak_22310,Chr4,107686350,107687455,107686902.5,+,1106,213,4,-1248
MafA_R1.macs2_peak_21591,Chr4,45528054,45528551,45528302.5,+,498,320,1,2526
MafA_R1.macs2_peak_21414,Chr4,32246524,32249226,32247875,+,2703,153,8,-169560
MafA_R1.macs2_peak_22314,Chr4,107746800,107747338,107747069,+,539,658,1,-27
MafA_R1.macs2_peak_23094,Chr4,142844685,142845169,142844927,+,485,111,10,17805
MafA_R1.macs2_peak_22307,Chr4,107658708,107659832,107659270,+,1125,384,1,-186
MafA_R1.macs2_peak_22284,Chr4,106858927,106859672,106859299.5,+,746,156,2,64764
MafA_R1.macs2_peak_22421,Chr4,116982829,116983482,116983155.5,+,654,156,2,-233
MafA_R1.macs2_peak_23031,Chr4,140775942,140776852,140776397,+,911,253,13,4575
MafA_R1.macs2_peak_21511,Chr4,41610145,41611038,41610591.5,+,894,190,12,29711
MafA_R1.macs2_peak_22297,Chr4,107530885,107531347,107531116,+,463,164,2,9670
MafA_R1.macs2_peak_22718,Chr4,131203727,131204147,131203937,+,421,118,5,361652
MafA_R1.macs2_peak_23207,Chr4,150488263,150489430,150488846.5,+,1168,118,1,122473
MafA_R1.macs2_peak_22070,Chr4,89509424,89510093,89509758.5,+,670,114,4,-66677
MafA_R1.macs2_peak_21811,Chr4,62698828,62699665,62699246.5,+,838,166,1,107035
MafA_R1.macs2_peak_23119,Chr4,148748394,148749186,148748790,+,793,166,20,21016
MafA_R1.macs2_peak_22589,Chr4,126040994,126042134,126041564,+,1141,313,1,-232
MafA_R1.macs2_peak_22923,Chr4,137805162,137805676,137805419,+,515,274,1,60410
MafA_R1.macs2_peak_21221,Chr4,8475163,8475921,8475542,+,759,85,1,-60102
MafA_R1.macs2_peak_22298,Chr4,107545061,107545837,107545449,+,777,128,2,-4022
MafA_R1.macs2_peak_22891,Chr4,136762956,136763420,136763188,+,465,181,7,12818
MafA_R1.macs2_peak_23013,Chr4,140160880,140161592,140161236,+,713,181,5,53458
MafA_R1.macs2_peak_23099,Chr4,144683664,144684282,144683973,+,619,88,4,64266
MafA_R1.macs2_peak_22452,Chr4,118282855,118283175,118283015,+,321,131,1,-2275
MafA_R1.macs2_peak_22879,Chr4,136180350,136180651,136180500.5,+,302,103,1,-16572
MafA_R1.macs2_peak_22116,Chr4,95131157,95131650,95131403.5,+,494,92,3,-190944
MafA_R1.macs2_peak_21574,Chr4,45320299,45320603,45320451,+,305,292,1,165
MafA_R1.macs2_peak_23252,Chr4,151223851,151225222,151224536.5,+,1372,196,2,50509
MafA_R1.macs2_peak_22102,Chr4,94445132,94445826,94445479,+,695,159,3,-446
MafA_R1.macs2_peak_21607,Chr4,45967253,45967991,45967622,+,739,143,2,2287
MafA_R1.macs2_peak_22988,Chr4,139632174,139633393,139632783.5,+,1220,143,21,27602
MafA_R1.macs2_peak_22511,Chr4,120637802,120638752,120638277,+,951,99,2,-8383
MafA_R1.macs2_peak_22712,Chr4,131124607,131125485,131125046,+,879,91,1,-387261
MafA_R1.macs2_peak_22069,Chr4,89412846,89413514,89413180,+,669,158,11,-163255
MafA_R1.macs2_peak_21284,Chr4,11950524,11951313,11950918.5,+,790,87,2,14795
MafA_R1.macs2_peak_22459,Chr4,118789790,118790369,118790079.5,+,580,109,2,1958
MafA_R1.macs2_peak_22904,Chr4,137378144,137379925,137379034.5,+,1782,198,26,-13003
MafA_R1.macs2_peak_23026,Chr4,140426680,140427506,140427093,+,827,161,5,-1691
MafA_R1.macs2_peak_23022,Chr4,140259452,140259965,140259708.5,+,514,105,7,116359
MafA_R1.macs2_peak_22281,Chr4,106767602,106768550,106768076,+,949,319,2,-591
MafA_R1.macs2_peak_22677,Chr4,129968624,129969455,129969039.5,+,832,128,11,27406
MafA_R1.macs2_peak_23121,Chr4,148826899,148827258,148827078.5,+,360,128,1,-61771
MafA_R1.macs2_peak_22624,Chr4,128028563,128029303,128028933,+,741,136,9,31457
MafA_R1.macs2_peak_23187,Chr4,150313063,150313518,150313290.5,+,456,108,1,-8364
MafA_R1.macs2_peak_21517,Chr4,41708201,41708502,41708351.5,+,302,143,1,5166
MafA_R1.macs2_peak_21510,Chr4,41604644,41605469,41605056.5,+,826,203,10,35246
MafA_R1.macs2_peak_22849,Chr4,135160718,135162219,135161468.5,+,1502,609,10,-352
MafA_R1.macs2_peak_23017,Chr4,140225189,140225779,140225484,+,591,170,5,117706
MafA_R1.macs2_peak_23167,Chr4,149882727,149883020,149882873.5,+,294,84,2,-24149
MafA_R1.macs2_peak_21507,Chr4,41565751,41566649,41566200,+,899,323,1,3327
MafA_R1.macs2_peak_21411,Chr4,32214967,32215790,32215378.5,+,824,149,6,-202057
MafA_R1.macs2_peak_22613,Chr4,127081725,127082321,127082023,+,597,149,2,15350
MafA_R1.macs2_peak_21825,Chr4,63196884,63197512,63197198,+,629,84,8,22110
MafA_R1.macs2_peak_22719,Chr4,131211693,131212922,131212307.5,+,1230,291,10,353282
MafA_R1.macs2_peak_21528,Chr4,43530191,43530772,43530481.5,+,582,195,4,-6927
MafA_R1.macs2_peak_22054,Chr4,89228909,89229682,89229295.5,+,774,523,5,-26
MafA_R1.macs2_peak_22622,Chr4,127994211,127994635,127994423,+,425,86,1,65967
MafA_R1.macs2_peak_22588,Chr4,125996459,125997553,125997006,+,1095,430,1,-744
MafA_R1.macs2_peak_22673,Chr4,129828608,129829182,129828895,+,575,90,2,-25272
MafA_R1.macs2_peak_21709,Chr4,55253889,55254372,55254130.5,+,484,97,4,-95912
MafA_R1.macs2_peak_22982,Chr4,139139964,139140860,139140412,+,897,101,2,32442
MafA_R1.macs2_peak_23257,Chr4,151263534,151264104,151263819,+,571,112,1,89792
MafA_R1.macs2_peak_21408,Chr4,32132763,32133388,32133075.5,+,626,131,10,168968
MafA_R1.macs2_peak_22909,Chr4,137602173,137602968,137602570.5,+,796,93,21,12979
MafA_R1.macs2_peak_22796,Chr4,133395713,133396442,133396077.5,+,730,189,2,3881
MafA_R1.macs2_peak_22732,Chr4,131326772,131328574,131327673,+,1803,141,1,237916
MafA_R1.macs2_peak_22895,Chr4,136804406,136805183,136804794.5,+,778,156,6,-28788
MafA_R1.macs2_peak_22965,Chr4,138592311,138592967,138592639,+,657,156,2,-1859
MafA_R1.macs2_peak_22431,Chr4,117161356,117162362,117161859,+,1007,172,1,-15207
MafA_R1.macs2_peak_22444,Chr4,118125080,118125532,118125306,+,453,102,3,23288
MafA_R1.macs2_peak_21715,Chr4,55650949,55651607,55651278,+,659,249,4,-118803
MafA_R1.macs2_peak_21587,Chr4,45490829,45491834,45491331.5,+,1006,91,2,39497
MafA_R1.macs2_peak_22598,Chr4,126322536,126324470,126323503,+,1935,453,10,-168
MafA_R1.macs2_peak_22937,Chr4,138201662,138202230,138201946,+,569,87,10,19487
MafA_R1.macs2_peak_22940,Chr4,138231031,138231407,138231219,+,377,80,4,48760
MafA_R1.macs2_peak_23190,Chr4,150324432,150324991,150324711.5,+,560,192,1,3057
MafA_R1.macs2_peak_22866,Chr4,135756065,135756467,135756266,+,403,79,2,-7306
MafA_R1.macs2_peak_22930,Chr4,138161592,138161900,138161746,+,309,146,1,-237
MafA_R1.macs2_peak_22950,Chr4,138375301,138375994,138375647.5,+,694,72,30,-24344
MafA_R1.macs2_peak_22464,Chr4,119177447,119178760,119178103.5,+,1314,127,28,-383
MafA_R1.macs2_peak_22848,Chr4,135157456,135158478,135157967,+,1023,172,7,3149
MafA_R1.macs2_peak_22924,Chr4,137834728,137835057,137834892.5,+,330,79,2,30937
MafA_R1.macs2_peak_22752,Chr4,131820180,131820841,131820510.5,+,662,115,1,-17886
MafA_R1.macs2_peak_22106,Chr4,94893315,94893797,94893556,+,483,82,8,-26219
MafA_R1.macs2_peak_23254,Chr4,151241355,151242109,151241732,+,755,148,5,67705
MafA_R1.macs2_peak_23083,Chr4,142378526,142379118,142378822,+,593,71,6,-412851
MafA_R1.macs2_peak_22702,Chr4,130901150,130901416,130901283,+,267,118,1,-163498
MafA_R1.macs2_peak_21789,Chr4,59928696,59928959,59928827.5,+,264,77,1,-13771
MafA_R1.macs2_peak_21578,Chr4,45418288,45418853,45418570.5,+,566,87,14,-9804
MafA_R1.macs2_peak_23149,Chr4,149489038,149490123,149489580.5,+,1086,288,2,21508
MafA_R1.macs2_peak_21215,Chr4,6870508,6871072,6870790,+,565,73,5,119933
MafA_R1.macs2_peak_21505,Chr4,41514689,41515132,41514910.5,+,444,73,2,2423
MafA_R1.macs2_peak_22092,Chr4,92933012,92933813,92933412.5,+,802,73,3,290336
MafA_R1.macs2_peak_22697,Chr4,130797720,130798145,130797932.5,+,426,73,18,-60147
MafA_R1.macs2_peak_22802,Chr4,133523733,133524196,133523964.5,+,464,73,2,-39884
MafA_R1.macs2_peak_21786,Chr4,59860048,59860550,59860299,+,503,76,3,54649
MafA_R1.macs2_peak_21600,Chr4,45699331,45700216,45699773.5,+,886,156,4,16184
MafA_R1.macs2_peak_21766,Chr4,59387663,59389204,59388433.5,+,1542,156,9,50200
MafA_R1.macs2_peak_23317,Chr4,153445710,153446309,153446009.5,+,600,156,1,121278
MafA_R1.macs2_peak_21653,Chr4,47948111,47948585,47948348,+,475,69,3,-96957
MafA_R1.macs2_peak_21583,Chr4,45480331,45481857,45481094,+,1527,93,2,49734
MafA_R1.macs2_peak_23255,Chr4,151249608,151250561,151250084.5,+,954,195,2,76057
MafA_R1.macs2_peak_21576,Chr4,45407300,45407990,45407645,+,691,158,8,1121
MafA_R1.macs2_peak_22756,Chr4,131996442,131998010,131997226,+,1569,150,6,271
MafA_R1.macs2_peak_22635,Chr4,128532084,128532456,128532270,+,373,95,2,-16225
MafA_R1.macs2_peak_21759,Chr4,59132878,59133179,59133028.5,+,302,61,1,5955
MafA_R1.macs2_peak_21288,Chr4,12421599,12422449,12422024,+,851,203,2,-250009
MafA_R1.macs2_peak_21599,Chr4,45682957,45683490,45683223.5,+,534,148,8,-366
MafA_R1.macs2_peak_22550,Chr4,124288860,124290064,124289462,+,1205,148,1,90290
MafA_R1.macs2_peak_22720,Chr4,131256525,131256999,131256762,+,475,94,2,308827
MafA_R1.macs2_peak_22583,Chr4,125485211,125485613,125485412,+,403,118,2,86870
MafA_R1.macs2_peak_22524,Chr4,120859305,120860382,120859843.5,+,1078,132,2,14601
MafA_R1.macs2_peak_22753,Chr4,131856143,131856873,131856508,+,731,132,5,15289
MafA_R1.macs2_peak_22929,Chr4,138088351,138089355,138088853,+,1005,70,13,6413
MafA_R1.macs2_peak_22334,Chr4,109059194,109059457,109059325.5,+,264,616,1,144
MafA_R1.macs2_peak_22448,Chr4,118136696,118136982,118136839,+,287,79,1,11755
MafA_R1.macs2_peak_22989,Chr4,139658456,139658775,139658615.5,+,320,79,3,1770
MafA_R1.macs2_peak_23093,Chr4,142747459,142747942,142747700.5,+,484,79,7,115032
MafA_R1.macs2_peak_23215,Chr4,150625012,150625492,150625252,+,481,79,2,111379
MafA_R1.macs2_peak_22945,Chr4,138289215,138289901,138289558,+,687,69,7,61745
MafA_R1.macs2_peak_21385,Chr4,25281135,25282197,25281666,+,1063,369,1,155
MafA_R1.macs2_peak_22659,Chr4,129229428,129230026,129229727,+,599,452,7,-34
MafA_R1.macs2_peak_22984,Chr4,139183573,139183920,139183746.5,+,348,65,1,-74113
MafA_R1.macs2_peak_22602,Chr4,126587141,126587600,126587370.5,+,460,102,3,15934
MafA_R1.macs2_peak_22626,Chr4,128045603,128046382,128045992.5,+,780,102,4,14398
MafA_R1.macs2_peak_21413,Chr4,32238453,32242178,32240315.5,+,3726,243,8,-177120
MafA_R1.macs2_peak_21612,Chr4,46078889,46079642,46079265.5,+,754,74,7,40043
MafA_R1.macs2_peak_22612,Chr4,127080595,127081205,127080900,+,611,91,3,14227
MafA_R1.macs2_peak_22938,Chr4,138220896,138221607,138221251.5,+,712,91,10,38792
MafA_R1.macs2_peak_23118,Chr4,148735317,148735589,148735453,+,273,91,5,7679
MafA_R1.macs2_peak_21753,Chr4,58927609,58927898,58927753.5,+,290,61,1,-15004
MafA_R1.macs2_peak_22123,Chr4,95802037,95802746,95802391.5,+,710,61,9,52881
MafA_R1.macs2_peak_22911,Chr4,137618551,137619368,137618959.5,+,818,77,15,-21910
MafA_R1.macs2_peak_22074,Chr4,89641524,89642035,89641779.5,+,512,64,1,65344
MafA_R1.macs2_peak_22117,Chr4,95314981,95315244,95315112.5,+,264,64,4,-130632
MafA_R1.macs2_peak_23109,Chr4,148441609,148442002,148441805.5,+,394,64,2,-69383
MafA_R1.macs2_peak_22995,Chr4,139730576,139732459,139731517.5,+,1884,291,13,-36180
MafA_R1.macs2_peak_22615,Chr4,127487652,127488284,127487968,+,633,58,2,-236011
MafA_R1.macs2_peak_22741,Chr4,131442571,131442904,131442737.5,+,334,58,2,122852
MafA_R1.macs2_peak_21321,Chr4,13957707,13958420,13958063.5,+,714,86,2,173281
MafA_R1.macs2_peak_21624,Chr4,46560251,46560873,46560562,+,623,86,19,5878
MafA_R1.macs2_peak_22202,Chr4,101235690,101236160,101235925,+,471,86,3,-22480
MafA_R1.macs2_peak_22959,Chr4,138475740,138476373,138476056.5,+,634,86,10,8853
MafA_R1.macs2_peak_22582,Chr4,125439000,125439253,125439126.5,+,254,60,1,40584
MafA_R1.macs2_peak_22208,Chr4,101504448,101504764,101504606,+,317,412,2,-374
MafA_R1.macs2_peak_21764,Chr4,59331359,59332329,59331844,+,971,196,1,71793
MafA_R1.macs2_peak_22803,Chr4,133549997,133550897,133550447,+,901,109,18,51595
MafA_R1.macs2_peak_22396,Chr4,115765486,115766268,115765877,+,783,76,4,18014
MafA_R1.macs2_peak_22954,Chr4,138416296,138417073,138416684.5,+,778,76,7,35483
MafA_R1.macs2_peak_22884,Chr4,136253666,136254091,136253878.5,+,426,57,1,56806
MafA_R1.macs2_peak_21785,Chr4,59825544,59826530,59826037,+,987,133,3,20387
MafA_R1.macs2_peak_21611,Chr4,46076723,46077615,46077169,+,893,156,2,37947
MafA_R1.macs2_peak_22878,Chr4,136178761,136179243,136179002,+,483,167,4,-18070
MafA_R1.macs2_peak_23330,Chr4,154109999,154110529,154110264,+,531,180,1,237
MafA_R1.macs2_peak_22394,Chr4,115760348,115760825,115760586.5,+,478,72,1,12723
MafA_R1.macs2_peak_23003,Chr4,139899644,139900268,139899956,+,625,56,10,29772
MafA_R1.macs2_peak_23042,Chr4,141081135,141081609,141081372,+,475,62,6,-14131
MafA_R1.macs2_peak_22514,Chr4,120676840,120677496,120677168,+,657,81,1,-4258
MafA_R1.macs2_peak_22749,Chr4,131761756,131762364,131762060,+,609,91,1,14329
MafA_R1.macs2_peak_21829,Chr4,63234946,63235354,63235150,+,409,59,3,-27643
MafA_R1.macs2_peak_22887,Chr4,136649238,136649494,136649366,+,257,59,3,-23211
MafA_R1.macs2_peak_22662,Chr4,129300258,129300764,129300511,+,507,71,1,23999
MafA_R1.macs2_peak_22672,Chr4,129807662,129807954,129807808,+,293,71,3,7789
MafA_R1.macs2_peak_23124,Chr4,148862469,148862748,148862608.5,+,280,71,2,-26241
MafA_R1.macs2_peak_22188,Chr4,100586318,100586575,100586446.5,+,258,94,2,-47430
MafA_R1.macs2_peak_22813,Chr4,134251015,134251794,134251404.5,+,780,117,14,11003
MafA_R1.macs2_peak_22889,Chr4,136676464,136677077,136676770.5,+,614,141,7,7357
MafA_R1.macs2_peak_23098,Chr4,143138975,143139438,143139206.5,+,464,237,4,210
MafA_R1.macs2_peak_22668,Chr4,129629469,129630096,129629782.5,+,628,68,3,6314
MafA_R1.macs2_peak_21395,Chr4,29040310,29040938,29040624,+,629,52,6,-27455
MafA_R1.macs2_peak_21474,Chr4,35375916,35376191,35376053.5,+,276,52,1,-150217
MafA_R1.macs2_peak_21760,Chr4,59157280,59157669,59157474.5,+,390,52,2,-18491
MafA_R1.macs2_peak_22154,Chr4,97940139,97940435,97940287,+,297,52,1,274424
MafA_R1.macs2_peak_22570,Chr4,125087888,125088421,125088154.5,+,534,64,1,-66480
MafA_R1.macs2_peak_22952,Chr4,138403490,138404185,138403837.5,+,696,103,8,48330
MafA_R1.macs2_peak_23315,Chr4,153308466,153308887,153308676.5,+,422,58,2,258611
MafA_R1.macs2_peak_21228,Chr4,8598341,8598857,8598599,+,517,55,1,62955
MafA_R1.macs2_peak_23040,Chr4,141008447,141009495,141008971,+,1049,230,7,3221
MafA_R1.macs2_peak_21635,Chr4,46927994,46928553,46928273.5,+,560,63,4,63441
MafA_R1.macs2_peak_22420,Chr4,116977227,116978084,116977655.5,+,858,111,5,5267
MafA_R1.macs2_peak_22617,Chr4,127544769,127546338,127545553.5,+,1570,158,2,-293596
MafA_R1.macs2_peak_22644,Chr4,128609624,128610326,128609975,+,703,158,2,-11389
MafA_R1.macs2_peak_21402,Chr4,31999658,32000202,31999930,+,545,79,5,35823
MafA_R1.macs2_peak_22571,Chr4,125186588,125187259,125186923.5,+,672,79,1,-165249
MafA_R1.macs2_peak_22957,Chr4,138435893,138436392,138436142.5,+,500,79,8,16025
MafA_R1.macs2_peak_23116,Chr4,148692183,148692537,148692360,+,355,57,3,5359
MafA_R1.macs2_peak_22743,Chr4,131552288,131552679,131552483.5,+,392,56,4,13106
MafA_R1.macs2_peak_23126,Chr4,148992454,148993352,148992903,+,899,103,2,19099
MafA_R1.macs2_peak_22998,Chr4,139757970,139758244,139758107,+,275,65,1,-62770
MafA_R1.macs2_peak_22669,Chr4,129636227,129637099,129636663,+,873,369,3,-567
MafA_R1.macs2_peak_21595,Chr4,45649133,45649544,45649338.5,+,412,56,3,9402
MafA_R1.macs2_peak_23036,Chr4,140890908,140891280,140891094,+,373,56,3,15861
MafA_R1.macs2_peak_22670,Chr4,129725469,129725969,129725719,+,501,50,1,11218
MafA_R1.macs2_peak_22928,Chr4,138072515,138073172,138072843.5,+,658,53,7,-19236
MafA_R1.macs2_peak_22095,Chr4,93877306,93877767,93877536.5,+,462,68,1,567497
MafA_R1.macs2_peak_22461,Chr4,118995387,118995959,118995673,+,573,68,3,29731
MafA_R1.macs2_peak_22816,Chr4,134262417,134263205,134262811,+,789,198,2,-113
MafA_R1.macs2_peak_21285,Chr4,12034792,12035285,12035038.5,+,494,86,4,52919
MafA_R1.macs2_peak_23128,Chr4,149008223,149008830,149008526.5,+,608,86,7,28253
MafA_R1.macs2_peak_22680,Chr4,130350526,130351054,130350790,+,529,207,3,53592
MafA_R1.macs2_peak_22782,Chr4,133166911,133168334,133167622.5,+,1424,207,10,-39822
MafA_R1.macs2_peak_22339,Chr4,109510482,109511049,109510765.5,+,568,118,1,11804
MafA_R1.macs2_peak_21752,Chr4,57956571,57956855,57956713,+,285,190,5,-302
MafA_R1.macs2_peak_22498,Chr4,120129283,120130013,120129648,+,731,80,1,14810
MafA_R1.macs2_peak_22332,Chr4,108975002,108975709,108975355.5,+,708,150,2,-122
MafA_R1.macs2_peak_22898,Chr4,136910596,136910992,136910794,+,397,183,2,-18417
MafA_R1.macs2_peak_22496,Chr4,120022787,120023452,120023119.5,+,666,58,1,4716
MafA_R1.macs2_peak_22305,Chr4,107629568,107629909,107629738.5,+,342,55,6,-29718
MafA_R1.macs2_peak_23097,Chr4,143033273,143033584,143033428.5,+,312,49,6,-7294
MafA_R1.macs2_peak_22592,Chr4,126105894,126106176,126106035,+,283,49,1,-9532
MafA_R1.macs2_peak_22665,Chr4,129527582,129528271,129527926.5,+,690,76,2,6672
MafA_R1.macs2_peak_23199,Chr4,150431135,150432354,150431744.5,+,1220,76,1,65371
MafA_R1.macs2_peak_23221,Chr4,150666231,150666901,150666566,+,671,76,1,70065
MafA_R1.macs2_peak_23232,Chr4,150830906,150831184,150831045,+,279,76,1,51364
MafA_R1.macs2_peak_22207,Chr4,101441704,101442581,101442142.5,+,878,94,3,34351
MafA_R1.macs2_peak_21573,Chr4,45285401,45285800,45285600.5,+,400,63,3,-11568
MafA_R1.macs2_peak_21598,Chr4,45677937,45678260,45678098.5,+,324,63,7,-5491
MafA_R1.macs2_peak_23030,Chr4,140600002,140600470,140600236,+,469,63,2,232
MafA_R1.macs2_peak_21532,Chr4,43927704,43928265,43927984.5,+,562,49,3,-29718
MafA_R1.macs2_peak_22547,Chr4,124181098,124181411,124181254.5,+,314,60,2,198498
MafA_R1.macs2_peak_21512,Chr4,41614040,41614522,41614281,+,483,84,2,26021
MafA_R1.macs2_peak_22572,Chr4,125209448,125210149,125209798.5,+,702,103,1,-174691
MafA_R1.macs2_peak_22530,Chr4,122755631,122756282,122755956.5,+,652,54,1,23913
MafA_R1.macs2_peak_22794,Chr4,133377570,133378125,133377847.5,+,556,259,4,-17107
MafA_R1.macs2_peak_22739,Chr4,131382782,131384271,131383526.5,+,1490,184,5,182063
MafA_R1.macs2_peak_22086,Chr4,92429996,92430931,92430463.5,+,936,71,2,-395005
MafA_R1.macs2_peak_22390,Chr4,114978731,114979251,114978991,+,521,71,4,-12038
MafA_R1.macs2_peak_22717,Chr4,131187975,131189454,131188714.5,+,1480,71,5,376875
MafA_R1.macs2_peak_22678,Chr4,129971556,129971929,129971742.5,+,374,53,8,-29607
MafA_R1.macs2_peak_22118,Chr4,95445413,95445997,95445705,+,585,142,3,-39
MafA_R1.macs2_peak_22776,Chr4,132819635,132820172,132819903.5,+,538,76,2,-38041
MafA_R1.macs2_peak_22301,Chr4,107575634,107576015,107575824.5,+,382,64,3,-34397
MafA_R1.macs2_peak_22903,Chr4,137368913,137369757,137369335,+,845,64,9,-22702
MafA_R1.macs2_peak_23184,Chr4,150261236,150261727,150261481.5,+,492,64,5,24111
MafA_R1.macs2_peak_22882,Chr4,136221518,136221821,136221669.5,+,304,52,1,24597
MafA_R1.macs2_peak_22433,Chr4,117704502,117704778,117704640,+,277,79,1,-1907
MafA_R1.macs2_peak_23162,Chr4,149717126,149717747,149717436.5,+,622,79,1,22588
MafA_R1.macs2_peak_23237,Chr4,150884509,150885110,150884809.5,+,602,79,1,-2400
MafA_R1.macs2_peak_21597,Chr4,45675988,45676476,45676232,+,489,49,15,-7357
MafA_R1.macs2_peak_21375,Chr4,24801269,24802539,24801904,+,1271,122,12,49220
MafA_R1.macs2_peak_21409,Chr4,32153059,32153789,32153424,+,731,128,17,189317
MafA_R1.macs2_peak_21703,Chr4,54712842,54713336,54713089,+,495,44,2,-234856
MafA_R1.macs2_peak_22369,Chr4,110531311,110531593,110531452,+,283,44,1,276557
MafA_R1.macs2_peak_23004,Chr4,139919433,139919725,139919579,+,293,55,4,49395
MafA_R1.macs2_peak_22324,Chr4,108690977,108691802,108691389.5,+,826,480,2,110
MafA_R1.macs2_peak_22151,Chr4,97645580,97645997,97645788.5,+,418,118,2,-20075
MafA_R1.macs2_peak_23084,Chr4,142398507,142399117,142398812,+,611,93,2,-432841
MafA_R1.macs2_peak_23108,Chr4,148406422,148407065,148406743.5,+,644,80,5,-34321
MafA_R1.macs2_peak_21620,Chr4,46321350,46321786,46321568,+,437,43,1,-22076
MafA_R1.macs2_peak_21386,Chr4,25365975,25366228,25366101.5,+,254,48,1,-84280
MafA_R1.macs2_peak_21837,Chr4,63436770,63437021,63436895.5,+,252,48,1,-22667
MafA_R1.macs2_peak_22490,Chr4,119739860,119740247,119740053.5,+,388,48,1,68178
MafA_R1.macs2_peak_22935,Chr4,138190822,138192422,138191622,+,1601,171,9,9163
MafA_R1.macs2_peak_22292,Chr4,107159950,107160692,107160321,+,743,121,1,4044
MafA_R1.macs2_peak_23000,Chr4,139828479,139828952,139828715.5,+,474,56,1,-41469
MafA_R1.macs2_peak_22425,Chr4,117046626,117046882,117046754,+,257,130,1,-6933
MafA_R1.macs2_peak_22266,Chr4,105960910,105961261,105961085.5,+,352,42,2,-137325
MafA_R1.macs2_peak_21705,Chr4,54959721,54959987,54959854,+,267,47,1,11909
MafA_R1.macs2_peak_22811,Chr4,134210894,134211686,134211290,+,793,64,9,-12782
MafA_R1.macs2_peak_23278,Chr4,151780413,151780969,151780691,+,557,64,1,165534
MafA_R1.macs2_peak_23358,Chr4,155859093,155859341,155859217,+,249,64,2,-199
MafA_R1.macs2_peak_22769,Chr4,132462701,132463094,132462897.5,+,394,55,3,-3040
MafA_R1.macs2_peak_22523,Chr4,120857560,120857951,120857755.5,+,392,52,2,16689
MafA_R1.macs2_peak_22287,Chr4,106993115,106993543,106993329,+,429,72,1,39241
MafA_R1.macs2_peak_22981,Chr4,139138817,139139321,139139069,+,505,72,1,31099
MafA_R1.macs2_peak_22619,Chr4,127630375,127630943,127630659,+,569,80,1,233975
MafA_R1.macs2_peak_22922,Chr4,137798600,137799162,137798881,+,563,80,5,66948
MafA_R1.macs2_peak_23070,Chr4,141975550,141976204,141975877,+,655,80,6,-9165
MafA_R1.macs2_peak_22462,Chr4,119012214,119012659,119012436.5,+,446,41,2,18617
MafA_R1.macs2_peak_23067,Chr4,141898703,141899261,141898982,+,559,88,2,38537
MafA_R1.macs2_peak_21348,Chr4,20694785,20695506,20695145.5,+,722,49,1,83523
MafA_R1.macs2_peak_21589,Chr4,45498261,45498675,45498468,+,415,49,1,32360
MafA_R1.macs2_peak_21617,Chr4,46176167,46176422,46176294.5,+,256,49,3,20017
MafA_R1.macs2_peak_21244,Chr4,8954524,8955104,8954814,+,581,97,1,203490
MafA_R1.macs2_peak_23025,Chr4,140392499,140393188,140392843.5,+,690,97,4,355
MafA_R1.macs2_peak_21197,Chr4,6221762,6222673,6222217.5,+,912,114,10,31112
MafA_R1.macs2_peak_23216,Chr4,150629154,150629693,150629423.5,+,540,91,1,107208
MafA_R1.macs2_peak_21613,Chr4,46080094,46080354,46080224,+,261,56,2,41002
MafA_R1.macs2_peak_21513,Chr4,41617851,41618296,41618073.5,+,446,53,1,22229
MafA_R1.macs2_peak_21810,Chr4,62686518,62686791,62686654.5,+,274,45,1,94443
MafA_R1.macs2_peak_22781,Chr4,133160050,133160638,133160344,+,589,184,17,-47100
MafA_R1.macs2_peak_22463,Chr4,119149857,119150174,119150015.5,+,318,130,2,1695
MafA_R1.macs2_peak_22695,Chr4,130747779,130748178,130747978.5,+,400,70,4,-10193
MafA_R1.macs2_peak_22551,Chr4,124349586,124349930,124349758,+,345,61,1,29994
MafA_R1.macs2_peak_22795,Chr4,133387798,133388506,133388152,+,709,53,7,11806
MafA_R1.macs2_peak_22979,Chr4,139121056,139121600,139121328,+,545,53,2,13358
MafA_R1.macs2_peak_23023,Chr4,140277324,140277864,140277594,+,541,114,4,98473
MafA_R1.macs2_peak_22666,Chr4,129534598,129534844,129534721,+,247,291,1,-123
MafA_R1.macs2_peak_21787,Chr4,59867547,59867849,59867698,+,303,57,2,47358
MafA_R1.macs2_peak_21351,Chr4,20860885,20861395,20861140,+,511,116,14,-82472
MafA_R1.macs2_peak_22893,Chr4,136797017,136797374,136797195.5,+,358,116,6,-21189
MafA_R1.macs2_peak_22569,Chr4,125068537,125068797,125068667,+,261,41,3,-46993
MafA_R1.macs2_peak_21765,Chr4,59380586,59381487,59381036.5,+,902,99,4,57597
MafA_R1.macs2_peak_22340,Chr4,109523551,109524290,109523920.5,+,740,417,1,33
MafA_R1.macs2_peak_21247,Chr4,9028504,9029043,9028773.5,+,540,73,1,-240520
MafA_R1.macs2_peak_22899,Chr4,137139401,137140106,137139753.5,+,706,73,20,-2651
MafA_R1.macs2_peak_23100,Chr4,144719959,144720559,144720259,+,601,73,1,100552
MafA_R1.macs2_peak_23192,Chr4,150341585,150342218,150341901.5,+,634,65,7,20247
MafA_R1.macs2_peak_23212,Chr4,150550097,150550381,150550239,+,285,65,2,183866
MafA_R1.macs2_peak_22710,Chr4,130995000,130995459,130995229.5,+,460,56,1,-257444
MafA_R1.macs2_peak_22509,Chr4,120559588,120559922,120559755,+,335,43,1,35995
MafA_R1.macs2_peak_22675,Chr4,129853207,129854320,129853763.5,+,1114,223,4,-404
MafA_R1.macs2_peak_21222,Chr4,8499159,8499574,8499366.5,+,416,48,3,-36278
MafA_R1.macs2_peak_21469,Chr4,34730103,34730455,34730279,+,353,48,9,-73
MafA_R1.macs2_peak_21755,Chr4,58970064,58970532,58970298,+,469,48,2,16780
MafA_R1.macs2_peak_22454,Chr4,118549605,118549960,118549782.5,+,356,48,2,-2135
MafA_R1.macs2_peak_22986,Chr4,139322942,139323286,139323114,+,345,48,3,21083
MafA_R1.macs2_peak_23123,Chr4,148856224,148856654,148856439,+,431,48,1,-32410
MafA_R1.macs2_peak_21533,Chr4,44042538,44042916,44042727,+,379,40,1,29990
MafA_R1.macs2_peak_22076,Chr4,89769660,89770000,89769830,+,341,40,2,193395
MafA_R1.macs2_peak_22341,Chr4,109533467,109534102,109533784.5,+,636,296,1,-40
MafA_R1.macs2_peak_21538,Chr4,44325817,44326148,44325982.5,+,332,38,4,25065
MafA_R1.macs2_peak_22158,Chr4,98283417,98284229,98283823,+,813,144,9,-240
MafA_R1.macs2_peak_23137,Chr4,149353696,149353960,149353828,+,265,45,3,38327
MafA_R1.macs2_peak_22190,Chr4,100847937,100848991,100848464,+,1055,127,1,-77771
MafA_R1.macs2_peak_23052,Chr4,141518194,141518527,141518360.5,+,334,127,1,-405
MafA_R1.macs2_peak_21529,Chr4,43629121,43629565,43629343,+,445,118,1,-2592
MafA_R1.macs2_peak_22653,Chr4,129018251,129018912,129018581.5,+,662,71,1,-2863
MafA_R1.macs2_peak_21711,Chr4,55526427,55526858,55526642.5,+,432,50,2,5833
MafA_R1.macs2_peak_22595,Chr4,126153276,126155070,126154173,+,1795,157,4,-2025
MafA_R1.macs2_peak_23226,Chr4,150747467,150748111,150747789,+,645,101,6,-11158
MafA_R1.macs2_peak_22896,Chr4,136848257,136849535,136848896,+,1279,84,4,43481
MafA_R1.macs2_peak_21526,Chr4,43431936,43432300,43432118,+,365,75,12,-2984
MafA_R1.macs2_peak_23151,Chr4,149510650,149511632,149511141,+,983,275,3,-53
MafA_R1.macs2_peak_21196,Chr4,6190769,6191656,6191212.5,+,888,176,1,107
MafA_R1.macs2_peak_22159,Chr4,98289451,98289930,98289690.5,+,480,66,3,5627
MafA_R1.macs2_peak_22932,Chr4,138180905,138181553,138181229,+,649,324,1,-1230
MafA_R1.macs2_peak_22483,Chr4,119673794,119674130,119673962,+,337,46,1,2087
MafA_R1.macs2_peak_23198,Chr4,150423450,150423904,150423677,+,455,46,3,57304
MafA_R1.macs2_peak_23316,Chr4,153425891,153426220,153426055.5,+,330,34,4,141232
MafA_R1.macs2_peak_22917,Chr4,137679996,137680257,137680126.5,+,262,64,9,32022
MafA_R1.macs2_peak_22872,Chr4,136012865,136013638,136013251.5,+,774,251,2,-127
MafA_R1.macs2_peak_22657,Chr4,129166044,129166622,129166333,+,579,196,6,-11136
MafA_R1.macs2_peak_22621,Chr4,127980984,127982172,127981578,+,1189,58,17,78812
MafA_R1.macs2_peak_22996,Chr4,139751462,139751965,139751713.5,+,504,58,5,-56376
MafA_R1.macs2_peak_21809,Chr4,62678593,62679267,62678930,+,675,50,7,86719
MafA_R1.macs2_peak_22629,Chr4,128139197,128139707,128139452,+,511,40,1,15236
MafA_R1.macs2_peak_23186,Chr4,150303956,150304588,150304272,+,633,40,1,-17382
MafA_R1.macs2_peak_22915,Chr4,137669282,137670374,137669828,+,1093,97,9,21724
MafA_R1.macs2_peak_22242,Chr4,103855092,103855601,103855346.5,+,510,55,8,-369389
MafA_R1.macs2_peak_21580,Chr4,45461250,45461627,45461438.5,+,378,37,1,-52672
MafA_R1.macs2_peak_22233,Chr4,102658039,102658589,102658314,+,551,50,2,40982
MafA_R1.macs2_peak_22294,Chr4,107324981,107325573,107325277,+,593,50,7,33361
MafA_R1.macs2_peak_22698,Chr4,130834724,130835213,130834968.5,+,490,50,6,-97183
MafA_R1.macs2_peak_22968,Chr4,138732073,138732367,138732220,+,295,50,2,32004
MafA_R1.macs2_peak_22751,Chr4,131789534,131790471,131790002.5,+,938,86,3,9406
MafA_R1.macs2_peak_22642,Chr4,128587320,128587646,128587483,+,327,39,1,4952
MafA_R1.macs2_peak_22318,Chr4,107975410,107975680,107975545,+,271,77,3,199
MafA_R1.macs2_peak_22683,Chr4,130356880,130357130,130357005,+,251,77,2,-33627
MafA_R1.macs2_peak_22295,Chr4,107339239,107339516,107339377.5,+,278,32,1,47461
MafA_R1.macs2_peak_22801,Chr4,133473108,133473457,133473282.5,+,350,39,1,8014
MafA_R1.macs2_peak_22556,Chr4,124695898,124696179,124696038.5,+,282,227,1,-304
MafA_R1.macs2_peak_21762,Chr4,59261339,59261644,59261491.5,+,306,41,1,1440
MafA_R1.macs2_peak_22992,Chr4,139678473,139678760,139678616.5,+,288,41,1,-7786
MafA_R1.macs2_peak_22320,Chr4,108185342,108185876,108185609,+,535,438,1,260
MafA_R1.macs2_peak_21516,Chr4,41706989,41707701,41707345,+,713,60,4,6172
MafA_R1.macs2_peak_22919,Chr4,137695437,137695889,137695663,+,453,60,15,-25103
MafA_R1.macs2_peak_23020,Chr4,140250010,140251086,140250548,+,1077,60,9,125519
MafA_R1.macs2_peak_23238,Chr4,150888466,150889028,150888747,+,563,60,3,-6338
MafA_R1.macs2_peak_22805,Chr4,133631635,133631939,133631787,+,305,38,5,-16679
MafA_R1.macs2_peak_23068,Chr4,141901167,141901620,141901393.5,+,454,47,5,36126
MafA_R1.macs2_peak_21355,Chr4,21925374,21925627,21925500.5,+,254,31,1,-5826
MafA_R1.macs2_peak_23015,Chr4,140179805,140180228,140180016.5,+,424,52,1,72238
MafA_R1.macs2_peak_23122,Chr4,148843257,148843511,148843384,+,255,33,5,-45465
MafA_R1.macs2_peak_22716,Chr4,131187039,131187286,131187162.5,+,248,36,1,378427
MafA_R1.macs2_peak_22244,Chr4,103931588,103932046,103931817,+,459,33,4,-292918
MafA_R1.macs2_peak_22484,Chr4,119678616,119678966,119678791,+,351,33,1,6916
MafA_R1.macs2_peak_21230,Chr4,8647246,8647550,8647398,+,305,367,1,-43008
MafA_R1.macs2_peak_21326,Chr4,14922019,14922457,14922238,+,439,51,1,-7670
MafA_R1.macs2_peak_22601,Chr4,126586431,126586800,126586615.5,+,370,51,1,15179
MafA_R1.macs2_peak_21353,Chr4,21847599,21848424,21848011.5,+,826,230,1,-37
MafA_R1.macs2_peak_22846,Chr4,135109442,135110080,135109761,+,639,71,18,3222
MafA_R1.macs2_peak_23034,Chr4,140858616,140859253,140858934.5,+,638,71,10,8173
MafA_R1.macs2_peak_23179,Chr4,150171452,150172323,150171887.5,+,872,221,1,-73
MafA_R1.macs2_peak_22457,Chr4,118579412,118579718,118579565,+,307,28,1,-3881
MafA_R1.macs2_peak_22949,Chr4,138373151,138373428,138373289.5,+,278,28,3,-21986
MafA_R1.macs2_peak_22273,Chr4,106479283,106479584,106479433.5,+,302,105,1,-213
MafA_R1.macs2_peak_22939,Chr4,138229383,138229687,138229535,+,305,32,6,47076
MafA_R1.macs2_peak_22380,Chr4,113600251,113600550,113600400.5,+,300,30,24,256300
MafA_R1.macs2_peak_23185,Chr4,150270593,150270990,150270791.5,+,398,30,4,14801
MafA_R1.macs2_peak_23091,Chr4,142628688,142628944,142628816,+,257,28,2,233916
MafA_R1.macs2_peak_21593,Chr4,45535516,45535797,45535656.5,+,282,57,2,-4828
MafA_R1.macs2_peak_22815,Chr4,134253830,134254204,134254017,+,375,43,2,8390
MafA_R1.macs2_peak_22430,Chr4,117135373,117136408,117135890.5,+,1036,93,3,10762
MafA_R1.macs2_peak_22236,Chr4,102971085,102972056,102971570.5,+,972,417,3,-17
MafA_R1.macs2_peak_22814,Chr4,134253068,134253340,134253204,+,273,50,1,9203
MafA_R1.macs2_peak_22138,Chr4,96762688,96763292,96762990,+,605,27,4,-89593
MafA_R1.macs2_peak_21259,Chr4,9605492,9606465,9605978.5,+,974,40,1,37739
MafA_R1.macs2_peak_21572,Chr4,45280380,45280630,45280505,+,251,40,3,-16663
MafA_R1.macs2_peak_22115,Chr4,95072372,95072633,95072502.5,+,262,54,1,-132043
MafA_R1.macs2_peak_22279,Chr4,106635420,106636044,106635732,+,625,54,6,21296
MafA_R1.macs2_peak_22676,Chr4,129886834,129887286,129887060,+,453,54,4,1213
MafA_R1.macs2_peak_22905,Chr4,137423168,137423678,137423423,+,511,54,6,10494
MafA_R1.macs2_peak_23264,Chr4,151388320,151388820,151388570,+,501,54,2,214543
MafA_R1.macs2_peak_22664,Chr4,129512601,129513191,129512896,+,591,82,1,-10
MafA_R1.macs2_peak_21404,Chr4,32055024,32055765,32055394.5,+,742,85,22,91287
MafA_R1.macs2_peak_23039,Chr4,140987037,140987333,140987185,+,297,51,1,16990
MafA_R1.macs2_peak_21246,Chr4,9027366,9028209,9027787.5,+,844,96,1,-241506
MafA_R1.macs2_peak_22646,Chr4,128663726,128664395,128664060.5,+,670,67,2,11009
MafA_R1.macs2_peak_22674,Chr4,129837365,129837701,129837533,+,337,31,7,-16634
MafA_R1.macs2_peak_21376,Chr4,24831292,24831716,24831504,+,425,26,1,19620
MafA_R1.macs2_peak_21322,Chr4,14113751,14114193,14113972,+,443,35,1,177337
MafA_R1.macs2_peak_21350,Chr4,20844169,20845144,20844656.5,+,976,35,6,-65988
MafA_R1.macs2_peak_23172,Chr4,149977085,149977356,149977220.5,+,272,35,1,62243
MafA_R1.macs2_peak_23104,Chr4,148224639,148225146,148224892.5,+,508,129,4,-55
MafA_R1.macs2_peak_23170,Chr4,149957966,149958294,149958130,+,329,28,1,81333
MafA_R1.macs2_peak_22442,Chr4,118122508,118122784,118122646,+,277,45,1,25948
MafA_R1.macs2_peak_22972,Chr4,138931881,138932351,138932116,+,471,45,2,10694
MafA_R1.macs2_peak_23225,Chr4,150737451,150737766,150737608.5,+,316,45,5,-977
MafA_R1.macs2_peak_22388,Chr4,114765957,114766727,114766342,+,771,210,2,-112
MafA_R1.macs2_peak_22707,Chr4,130940323,130940720,130940521.5,+,398,56,1,-202736
MafA_R1.macs2_peak_22793,Chr4,133353269,133353661,133353465,+,393,56,2,7275
MafA_R1.macs2_peak_22958,Chr4,138464225,138464780,138464502.5,+,556,56,1,-24
MafA_R1.macs2_peak_22973,Chr4,138944127,138944559,138944343,+,433,56,1,22921
MafA_R1.macs2_peak_23273,Chr4,151653192,151654087,151653639.5,+,896,56,6,292586
MafA_R1.macs2_peak_23320,Chr4,153501945,153502637,153502291,+,693,58,2,64996
MafA_R1.macs2_peak_22478,Chr4,119591102,119591351,119591226.5,+,250,213,1,-75084
MafA_R1.macs2_peak_22975,Chr4,138959832,138960187,138960009.5,+,356,42,3,38587
MafA_R1.macs2_peak_22810,Chr4,134205291,134205785,134205538,+,495,53,7,9907
MafA_R1.macs2_peak_22916,Chr4,137673087,137673641,137673364,+,555,37,8,25260
MafA_R1.macs2_peak_22970,Chr4,138805916,138806176,138806046,+,261,55,6,-3946
MafA_R1.macs2_peak_22757,Chr4,132149483,132149744,132149613.5,+,262,210,1,144
MafA_R1.macs2_peak_21349,Chr4,20777563,20778325,20777944,+,763,82,9,724
MafA_R1.macs2_peak_23011,Chr4,139991848,139992451,139992149.5,+,604,70,5,-18027
MafA_R1.macs2_peak_22434,Chr4,117785698,117786330,117786014,+,633,48,1,946
MafA_R1.macs2_peak_22456,Chr4,118551455,118551738,118551596.5,+,284,48,1,-3949
MafA_R1.macs2_peak_22948,Chr4,138355454,138355765,138355609.5,+,312,48,2,-4306
MafA_R1.macs2_peak_23019,Chr4,140231247,140231993,140231620,+,747,48,15,123842
MafA_R1.macs2_peak_21575,Chr4,45341761,45342305,45342033,+,545,104,2,-68
MafA_R1.macs2_peak_22901,Chr4,137222109,137222515,137222312,+,407,37,3,26198
MafA_R1.macs2_peak_22955,Chr4,138424240,138424522,138424381,+,283,37,3,27786
MafA_R1.macs2_peak_21412,Chr4,32219773,32220047,32219910,+,275,32,2,-197525
MafA_R1.macs2_peak_22300,Chr4,107571974,107572279,107572126.5,+,306,25,1,-30699
MafA_R1.macs2_peak_21341,Chr4,20109792,20110314,20110053,+,523,26,1,68001
MafA_R1.macs2_peak_22091,Chr4,92869962,92870326,92870144,+,365,26,1,353604
MafA_R1.macs2_peak_22263,Chr4,105741928,105742182,105742055,+,255,26,1,-356355
MafA_R1.macs2_peak_22319,Chr4,107991565,107991852,107991708.5,+,288,26,2,-15964
MafA_R1.macs2_peak_23063,Chr4,141815619,141816193,141815906,+,575,38,1,-4291
MafA_R1.macs2_peak_22586,Chr4,125806376,125806848,125806612,+,473,50,10,9584
MafA_R1.macs2_peak_21443,Chr4,33189061,33189448,33189254.5,+,388,190,1,483
MafA_R1.macs2_peak_22768,Chr4,132380273,132380581,132380427,+,309,39,1,14070
MafA_R1.macs2_peak_22894,Chr4,136799870,136800231,136800050.5,+,362,39,2,-24044
MafA_R1.macs2_peak_23171,Chr4,149959849,149960296,149960072.5,+,448,39,6,79391
MafA_R1.macs2_peak_21354,Chr4,21879741,21880029,21879885,+,289,140,3,32
MafA_R1.macs2_peak_22667,Chr4,129603319,129603785,129603552,+,467,64,4,-12914
MafA_R1.macs2_peak_22800,Chr4,133462461,133462977,133462719,+,517,64,2,-18300
MafA_R1.macs2_peak_22705,Chr4,130933949,130934708,130934328.5,+,760,53,7,-196543
MafA_R1.macs2_peak_22799,Chr4,133415579,133416183,133415881,+,605,28,2,-15404
MafA_R1.macs2_peak_22918,Chr4,137681954,137682235,137682094.5,+,282,28,2,33990
MafA_R1.macs2_peak_22122,Chr4,95792510,95792836,95792673,+,327,21,2,62599
MafA_R1.macs2_peak_23027,Chr4,140428558,140429050,140428804,+,493,78,2,20
MafA_R1.macs2_peak_22956,Chr4,138427449,138427949,138427699,+,501,42,5,24468
MafA_R1.macs2_peak_23117,Chr4,148711234,148711503,148711368.5,+,270,138,4,85
MafA_R1.macs2_peak_22309,Chr4,107664871,107665389,107665130,+,519,40,1,5048
MafA_R1.macs2_peak_22864,Chr4,135712475,135712993,135712734,+,519,43,1,1821
MafA_R1.macs2_peak_21822,Chr4,63138127,63138583,63138355,+,457,56,1,4706
MafA_R1.macs2_peak_22869,Chr4,135869919,135871589,135870754,+,1671,239,1,-379
MafA_R1.macs2_peak_22927,Chr4,138053082,138053565,138053323.5,+,484,141,2,284
MafA_R1.macs2_peak_22684,Chr4,130390708,130390962,130390835,+,255,186,1,167
MafA_R1.macs2_peak_23142,Chr4,149392006,149392664,149392335,+,659,129,1,-145
MafA_R1.macs2_peak_23361,Chr4,156193807,156194214,156194010.5,+,408,129,6,-445
MafA_R1.macs2_peak_23244,Chr4,151010342,151010741,151010541.5,+,400,31,1,-1915
MafA_R1.macs2_peak_22311,Chr4,107690821,107691214,107691017.5,+,394,45,2,2867
MafA_R1.macs2_peak_23115,Chr4,148675085,148675789,148675437,+,705,73,2,-533
MafA_R1.macs2_peak_23251,Chr4,151212945,151213970,151213457.5,+,1026,73,2,39430
MafA_R1.macs2_peak_23055,Chr4,141602294,141602858,141602576,+,565,103,3,-345
MafA_R1.macs2_peak_22934,Chr4,138186886,138187136,138187011,+,251,73,3,4552
MafA_R1.macs2_peak_22926,Chr4,137976810,137977546,137977178,+,737,73,3,-544
MafA_R1.macs2_peak_22991,Chr4,139663901,139664184,139664042.5,+,284,21,5,-3657
MafA_R1.macs2_peak_23095,Chr4,142867934,142868413,142868173.5,+,480,34,1,-5441
MafA_R1.macs2_peak_22591,Chr4,126096264,126096938,126096601,+,675,109,5,-98
MafA_R1.macs2_peak_23235,Chr4,150878523,150878846,150878684.5,+,324,22,2,3725
MafA_R1.macs2_peak_21442,Chr4,33018371,33018885,33018628,+,515,33,1,12695
MafA_R1.macs2_peak_22171,Chr4,98837314,98837568,98837441,+,255,33,1,25394
MafA_R1.macs2_peak_21654,Chr4,48042953,48043221,48043087,+,269,164,1,-2218
MafA_R1.macs2_peak_22806,Chr4,133637815,133638419,133638117,+,605,258,5,-23009
MafA_R1.macs2_peak_22410,Chr4,116364471,116365070,116364770.5,+,600,104,1,24
MafA_R1.macs2_peak_21899,Chr4,72824294,72824682,72824488,+,389,20,1,-53617
MafA_R1.macs2_peak_22960,Chr4,138504912,138505475,138505193.5,+,564,53,2,2147
MafA_R1.macs2_peak_22746,Chr4,131723349,131723607,131723478,+,259,20,2,52911
MafA_R1.macs2_peak_22780,Chr4,133028868,133029166,133029017,+,299,20,4,-23916
MafA_R1.macs2_peak_21286,Chr4,12084706,12085172,12084939,+,467,57,2,3018
MafA_R1.macs2_peak_23359,Chr4,155976346,155976602,155976474,+,257,148,2,142
MafA_R1.macs2_peak_22367,Chr4,110254274,110254772,110254523,+,499,43,2,-372
MafA_R1.macs2_peak_22460,Chr4,118966018,118966377,118966197.5,+,360,135,3,255
MafA_R1.macs2_peak_23125,Chr4,148938946,148939202,148939074,+,257,22,4,-34730
MafA_R1.macs2_peak_23213,Chr4,150596692,150597228,150596960,+,537,22,3,139671
MafA_R1.macs2_peak_23339,Chr4,154938049,154938423,154938236,+,375,22,2,-15806
MafA_R1.macs2_peak_23012,Chr4,140055448,140056128,140055788,+,681,42,6,-51990
MafA_R1.macs2_peak_23043,Chr4,141092748,141093571,141093159.5,+,824,42,11,-2344
MafA_R1.macs2_peak_22907,Chr4,137589199,137589796,137589497.5,+,598,130,3,-51
MafA_R1.macs2_peak_21756,Chr4,58981556,58982131,58981843.5,+,576,45,2,5235
MafA_R1.macs2_peak_22808,Chr4,133981304,133981891,133981597.5,+,588,45,6,-180
MafA_R1.macs2_peak_21338,Chr4,20008481,20008793,20008637,+,313,25,1,308
MafA_R1.macs2_peak_22883,Chr4,136237213,136237576,136237394.5,+,364,25,5,40322
MafA_R1.macs2_peak_22663,Chr4,129502395,129502656,129502525.5,+,262,51,6,5540
MafA_R1.macs2_peak_22936,Chr4,138200322,138200706,138200514,+,385,28,13,18055
MafA_R1.macs2_peak_21830,Chr4,63327840,63328171,63328005.5,+,332,52,2,-6323
MafA_R1.macs2_peak_22268,Chr4,106120300,106120637,106120468.5,+,338,31,5,22058
MafA_R1.macs2_peak_23154,Chr4,149602331,149602716,149602523.5,+,386,64,1,-175
MafA_R1.macs2_peak_21820,Chr4,63132386,63135382,63133884,+,2997,77,3,235
MafA_R1.macs2_peak_21831,Chr4,63328501,63328952,63328726.5,+,452,91,7,-7044
MafA_R1.macs2_peak_22967,Chr4,138694541,138694974,138694757.5,+,434,50,2,327
MafA_R1.macs2_peak_23018,Chr4,140227072,140227593,140227332.5,+,522,21,5,119554
MafA_R1.macs2_peak_22519,Chr4,120808579,120808896,120808737.5,+,318,76,2,161
MafA_R1.macs2_peak_21514,Chr4,41628381,41628875,41628628,+,495,79,2,11674
MafA_R1.macs2_peak_22515,Chr4,120682587,120683295,120682941,+,709,123,1,-3
MafA_R1.macs2_peak_23276,Chr4,151714862,151715224,151715043,+,363,20,3,231182
MafA_R1.macs2_peak_21636,Chr4,47037318,47037712,47037515,+,395,23,1,19791
MafA_R1.macs2_peak_23032,Chr4,140797073,140797476,140797274.5,+,404,23,5,8394
MafA_R1.macs2_peak_22910,Chr4,137615580,137616174,137615877,+,595,29,4,-24992
MafA_R1.macs2_peak_22966,Chr4,138649345,138649803,138649574,+,459,29,6,-8316
MafA_R1.macs2_peak_22788,Chr4,133225461,133226219,133225840,+,759,74,12,21
MafA_R1.macs2_peak_22785,Chr4,133206913,133207782,133207347.5,+,870,88,5,-97
MafA_R1.macs2_peak_23037,Chr4,140941051,140942042,140941546.5,+,992,101,2,279
MafA_R1.macs2_peak_22451,Chr4,118266607,118266923,118266765,+,317,50,1,231
MafA_R1.macs2_peak_22885,Chr4,136621538,136621869,136621703.5,+,332,30,1,-1478
MafA_R1.macs2_peak_23062,Chr4,141808599,141809205,141808902,+,607,38,1,-2707
MafA_R1.macs2_peak_22643,Chr4,128605094,128605600,128605347,+,507,27,6,-16017
MafA_R1.macs2_peak_21379,Chr4,24850596,24851506,24851051,+,911,62,3,73
MafA_R1.macs2_peak_21393,Chr4,28815019,28815489,28815254,+,471,98,1,2109
MafA_R1.macs2_peak_22906,Chr4,137457387,137457763,137457575,+,377,24,2,5803
MafA_R1.macs2_peak_22758,Chr4,132163744,132164249,132163996.5,+,506,21,1,-14239
MafA_R1.macs2_peak_22424,Chr4,116991372,116991846,116991609,+,475,50,1,-449
MafA_R1.macs2_peak_22807,Chr4,133809215,133809462,133809338.5,+,248,61,2,13046
MafA_R1.macs2_peak_23164,Chr4,149822308,149822903,149822605.5,+,596,99,2,-80
MafA_R1.macs2_peak_21710,Chr4,55514604,55515078,55514841,+,475,29,8,17634
MafA_R1.macs2_peak_22386,Chr4,114529802,114530257,114530029.5,+,456,26,1,-148888
MafA_R1.macs2_peak_22465,Chr4,119216639,119217346,119216992.5,+,708,38,8,99
MafA_R1.macs2_peak_22225,Chr4,102426643,102426934,102426788.5,+,292,27,1,-469
MafA_R1.macs2_peak_22740,Chr4,131421577,131422235,131421906,+,659,20,2,143683
MafA_R1.macs2_peak_21227,Chr4,8535671,8536032,8535851.5,+,362,77,1,207
MafA_R1.macs2_peak_22288,Chr4,107035343,107036080,107035711.5,+,738,74,1,-116
MafA_R1.macs2_peak_22737,Chr4,131367014,131367307,131367160.5,+,294,28,5,198429
MafA_R1.macs2_peak_22920,Chr4,137720210,137720620,137720415,+,411,49,4,-351
MafA_R1.macs2_peak_21704,Chr4,54945046,54945356,54945201,+,311,58,1,-2744
MafA_R1.macs2_peak_22913,Chr4,137633462,137633725,137633593.5,+,264,62,5,-7276
MafA_R1.macs2_peak_22201,Chr4,101224206,101224578,101224392,+,373,22,1,-10947
MafA_R1.macs2_peak_21535,Chr4,44084643,44084924,44084783.5,+,282,21,2,-606
MafA_R1.macs2_peak_22093,Chr4,93223177,93223437,93223307,+,261,46,3,441
MafA_R1.macs2_peak_21504,Chr4,41502908,41503224,41503066,+,317,23,2,9
MafA_R1.macs2_peak_21655,Chr4,48044634,48045424,48045029,+,791,55,5,-276
MafA_R1.macs2_peak_21754,Chr4,58966253,58966657,58966455,+,405,20,2,20623
MafA_R1.macs2_peak_22775,Chr4,132813009,132813828,132813418.5,+,820,42,8,-44526
MafA_R1.macs2_peak_23035,Chr4,140865473,140866063,140865768,+,591,32,1,1339
MafA_R1.macs2_peak_22897,Chr4,136892051,136892318,136892184.5,+,268,23,2,193
MafA_R1.macs2_peak_22568,Chr4,125054059,125054517,125054288,+,459,25,1,-32614
MafA_R1.macs2_peak_23218,Chr4,150653704,150654567,150654135.5,+,864,50,1,82496
MafA_R1.macs2_peak_21337,Chr4,19708653,19708988,19708820.5,+,336,44,1,184
MafA_R1.macs2_peak_22365,Chr4,110208372,110208974,110208673,+,603,29,1,435
MafA_R1.macs2_peak_23189,Chr4,150321149,150321573,150321361,+,425,45,1,-293
MafA_R1.macs2_peak_22985,Chr4,139301764,139302135,139301949.5,+,372,28,4,-82
MafA_R1.macs2_peak_22933,Chr4,138183869,138184833,138184351,+,965,29,5,1892
MafA_R1.macs2_peak_22797,Chr4,133396779,133398789,133397784,+,2011,28,15,2174
MafA_R1.macs2_peak_21287,Chr4,12087754,12088613,12088183.5,+,860,22,1,-176
MafA_R1.macs2_peak_21521,Chr4,42999743,43000980,43000361.5,+,1238,20,14,146
MafA_R1.macs2_peak_24381,Chr5,100323189,100325379,100324284,+,2191,2285,5,-16617
MafA_R1.macs2_peak_24936,Chr5,124443575,124445743,124444659,+,2169,1668,23,21376
MafA_R1.macs2_peak_24619,Chr5,112418301,112419703,112419002,+,1403,2056,1,-5609
MafA_R1.macs2_peak_24958,Chr5,125249496,125251085,125250290.5,+,1590,2298,2,5988
MafA_R1.macs2_peak_25345,Chr5,149362760,149364495,149363627.5,+,1736,2173,1,502
MafA_R1.macs2_peak_24651,Chr5,113228773,113229980,113229376.5,+,1208,1258,1,74
MafA_R1.macs2_peak_24912,Chr5,123991914,123993022,123992468,+,1109,3210,14,11111
MafA_R1.macs2_peak_25242,Chr5,144579761,144580802,144580281.5,+,1042,907,5,97584
MafA_R1.macs2_peak_24743,Chr5,116173937,116175160,116174548.5,+,1224,897,11,-12061
MafA_R1.macs2_peak_24962,Chr5,125265572,125267112,125266342,+,1541,2092,2,-10064
MafA_R1.macs2_peak_24290,Chr5,92265333,92266362,92265847.5,+,1030,566,1,19737
MafA_R1.macs2_peak_24416,Chr5,101725187,101728203,101726695,+,3017,1713,7,85882
MafA_R1.macs2_peak_25295,Chr5,147203172,147206207,147204689.5,+,3036,3650,1,-2218
MafA_R1.macs2_peak_24202,Chr5,76428225,76429922,76429073.5,+,1698,1459,1,22276
MafA_R1.macs2_peak_25234,Chr5,144254133,144255612,144254872.5,+,1480,1404,14,-39861
MafA_R1.macs2_peak_23771,Chr5,36924357,36925366,36924861.5,+,1010,1114,1,-18838
MafA_R1.macs2_peak_25323,Chr5,148569213,148572346,148570779.5,+,3134,1199,14,-81181
MafA_R1.macs2_peak_24117,Chr5,66914271,66915224,66914747.5,+,954,551,7,11515
MafA_R1.macs2_peak_24586,Chr5,111213370,111214093,111213731.5,+,724,479,1,61721
MafA_R1.macs2_peak_24539,Chr5,107517711,107518568,107518139.5,+,858,490,1,-33240
MafA_R1.macs2_peak_23740,Chr5,35623282,35624514,35623898,+,1233,680,2,59072
MafA_R1.macs2_peak_25349,Chr5,149412214,149413182,149412698,+,969,499,4,-39446
MafA_R1.macs2_peak_24167,Chr5,73356126,73357420,73356773,+,1295,415,3,57188
MafA_R1.macs2_peak_24796,Chr5,118757159,118758607,118757883,+,1449,757,2,59099
MafA_R1.macs2_peak_24367,Chr5,99699861,99700859,99700360,+,999,486,1,176559
MafA_R1.macs2_peak_25197,Chr5,142506954,142507990,142507472,+,1037,557,1,8359
MafA_R1.macs2_peak_24022,Chr5,55292738,55294734,55293736,+,1997,826,4,786402
MafA_R1.macs2_peak_24584,Chr5,111202468,111204041,111203254.5,+,1574,864,2,51244
MafA_R1.macs2_peak_24947,Chr5,125027489,125028134,125027811.5,+,646,435,1,-52701
MafA_R1.macs2_peak_24048,Chr5,60756656,60758720,60757688,+,2065,461,23,-614343
MafA_R1.macs2_peak_23967,Chr5,52820122,52822101,52821111.5,+,1980,1051,9,5932
MafA_R1.macs2_peak_24629,Chr5,112764281,112765334,112764807.5,+,1054,1675,10,-26945
MafA_R1.macs2_peak_23680,Chr5,32192790,32195062,32193926,+,2273,766,1,-56141
MafA_R1.macs2_peak_24739,Chr5,116113633,116114455,116114044,+,823,364,4,48443
MafA_R1.macs2_peak_24030,Chr5,57871213,57873892,57872552.5,+,2680,1428,4,2709
MafA_R1.macs2_peak_25332,Chr5,148725692,148726772,148726232,+,1081,1056,7,11459
MafA_R1.macs2_peak_25135,Chr5,138679790,138680883,138680336.5,+,1094,799,7,-60500
MafA_R1.macs2_peak_24637,Chr5,112908815,112909885,112909350,+,1071,363,9,-31808
MafA_R1.macs2_peak_23761,Chr5,36547532,36548321,36547926.5,+,790,536,4,7557
MafA_R1.macs2_peak_24611,Chr5,112123288,112124212,112123750,+,925,800,8,-214156
MafA_R1.macs2_peak_25192,Chr5,142167179,142168460,142167819.5,+,1282,758,2,-219433
MafA_R1.macs2_peak_23834,Chr5,39960672,39962353,39961512.5,+,1682,575,4,-159538
MafA_R1.macs2_peak_25336,Chr5,148865223,148866256,148865739.5,+,1034,2305,3,-282
MafA_R1.macs2_peak_24560,Chr5,109704560,109707188,109705874,+,2629,2927,22,985
MafA_R1.macs2_peak_23376,Chr5,5177106,5178982,5178044,+,1877,559,5,138024
MafA_R1.macs2_peak_25218,Chr5,143400714,143401793,143401253.5,+,1080,301,2,11678
MafA_R1.macs2_peak_24612,Chr5,112149423,112151630,112150526.5,+,2208,724,16,-204103
MafA_R1.macs2_peak_24297,Chr5,92500773,92502049,92501411,+,1277,661,5,-4663
MafA_R1.macs2_peak_23934,Chr5,49799555,49800438,49799996.5,+,884,300,22,-356995
MafA_R1.macs2_peak_24067,Chr5,63982419,63984004,63983211.5,+,1586,350,5,13373
MafA_R1.macs2_peak_24485,Chr5,103926177,103926953,103926565,+,777,349,2,24126
MafA_R1.macs2_peak_25280,Chr5,146848502,146849744,146849123,+,1243,730,1,-36344
MafA_R1.macs2_peak_24293,Chr5,92352316,92353792,92353054,+,1477,667,1,10213
MafA_R1.macs2_peak_24183,Chr5,74496906,74498757,74497831.5,+,1852,1315,2,141844
MafA_R1.macs2_peak_24592,Chr5,111363414,111364471,111363942.5,+,1058,489,3,-114621
MafA_R1.macs2_peak_24650,Chr5,113197921,113198577,113198249,+,657,375,4,19734
MafA_R1.macs2_peak_24486,Chr5,103927245,103929062,103928153.5,+,1818,427,6,25714
MafA_R1.macs2_peak_25320,Chr5,148533887,148536032,148534959.5,+,2146,653,4,-45361
MafA_R1.macs2_peak_24780,Chr5,118217633,118218979,118218306,+,1347,341,2,52498
MafA_R1.macs2_peak_25219,Chr5,143547161,143547890,143547525.5,+,730,873,1,13050
MafA_R1.macs2_peak_25113,Chr5,136562049,136563037,136562543,+,989,244,1,32292
MafA_R1.macs2_peak_24954,Chr5,125172464,125173568,125173016,+,1105,280,2,83262
MafA_R1.macs2_peak_24471,Chr5,103408844,103410156,103409500,+,1313,301,1,37395
MafA_R1.macs2_peak_23435,Chr5,14535018,14535817,14535417.5,+,800,251,1,-29515
MafA_R1.macs2_peak_23567,Chr5,24283569,24283968,24283768.5,+,400,767,5,-21820
MafA_R1.macs2_peak_24616,Chr5,112375040,112375497,112375268.5,+,458,306,1,1546
MafA_R1.macs2_peak_25081,Chr5,134883414,134884358,134883886,+,945,211,3,51701
MafA_R1.macs2_peak_24545,Chr5,107643607,107644469,107644038,+,863,346,1,-1573
MafA_R1.macs2_peak_25031,Chr5,131879563,131880902,131880232.5,+,1340,255,1,-28876
MafA_R1.macs2_peak_24942,Chr5,124647734,124649190,124648462,+,1457,412,11,20992
MafA_R1.macs2_peak_25037,Chr5,132010103,132011025,132010564,+,923,212,6,101456
MafA_R1.macs2_peak_25272,Chr5,146798224,146799355,146798789.5,+,1132,672,1,16908
MafA_R1.macs2_peak_24678,Chr5,114010689,114011937,114011313,+,1249,364,3,35454
MafA_R1.macs2_peak_24775,Chr5,118148356,118149908,118149132,+,1553,484,1,-16676
MafA_R1.macs2_peak_24984,Chr5,127751828,127752707,127752267.5,+,880,230,24,42941
MafA_R1.macs2_peak_24105,Chr5,66255027,66255852,66255439.5,+,826,223,3,83
MafA_R1.macs2_peak_25039,Chr5,132165111,132166034,132165572.5,+,924,297,1,256464
MafA_R1.macs2_peak_24568,Chr5,110551276,110552478,110551877,+,1203,463,5,-16884
MafA_R1.macs2_peak_24336,Chr5,97338564,97340198,97339381,+,1635,256,5,-79926
MafA_R1.macs2_peak_24343,Chr5,97496374,97497061,97496717.5,+,688,273,1,43472
MafA_R1.macs2_peak_24801,Chr5,119523027,119523733,119523380,+,707,232,7,-185297
MafA_R1.macs2_peak_24084,Chr5,64528811,64529985,64529398,+,1175,260,1,95887
MafA_R1.macs2_peak_25351,Chr5,149447958,149449009,149448483.5,+,1052,578,2,-3661
MafA_R1.macs2_peak_24596,Chr5,111379781,111381323,111380552,+,1543,429,5,-98011
MafA_R1.macs2_peak_24903,Chr5,123779308,123780445,123779876.5,+,1138,429,10,42548
MafA_R1.macs2_peak_24503,Chr5,104256787,104258343,104257565,+,1557,275,3,4389
MafA_R1.macs2_peak_25277,Chr5,146833665,146834609,146834137,+,945,224,3,-51330
MafA_R1.macs2_peak_25104,Chr5,136021772,136023578,136022675,+,1807,599,2,-979
MafA_R1.macs2_peak_24241,Chr5,82627007,82627847,82627427,+,841,221,9,319485
MafA_R1.macs2_peak_25120,Chr5,137080981,137081404,137081192.5,+,424,317,3,-6230
MafA_R1.macs2_peak_23626,Chr5,28578989,28579492,28579240.5,+,504,198,1,57053
MafA_R1.macs2_peak_24028,Chr5,56596300,56598858,56597579,+,2559,348,11,1277682
MafA_R1.macs2_peak_23362,Chr5,3551302,3552245,3551773.5,+,944,295,2,-42060
MafA_R1.macs2_peak_25321,Chr5,148548011,148550612,148549311.5,+,2602,459,8,-59713
MafA_R1.macs2_peak_24638,Chr5,112916762,112917883,112917322.5,+,1122,566,2,-23836
MafA_R1.macs2_peak_24479,Chr5,103839406,103840546,103839976,+,1141,795,1,-36378
MafA_R1.macs2_peak_23450,Chr5,16055025,16056074,16055549.5,+,1050,388,1,33215
MafA_R1.macs2_peak_24894,Chr5,123275543,123276731,123276137,+,1189,1207,1,-4119
MafA_R1.macs2_peak_24081,Chr5,64494285,64494945,64494615,+,661,224,6,106915
MafA_R1.macs2_peak_24757,Chr5,117273832,117274527,117274179.5,+,696,197,4,2526
MafA_R1.macs2_peak_25324,Chr5,148578590,148579354,148578972,+,765,223,6,-89374
MafA_R1.macs2_peak_24080,Chr5,64470869,64472244,64471556.5,+,1376,256,12,83856
MafA_R1.macs2_peak_24575,Chr5,110712580,110713363,110712971.5,+,784,287,1,20750
MafA_R1.macs2_peak_24782,Chr5,118237015,118238319,118237667,+,1305,254,3,55856
MafA_R1.macs2_peak_24541,Chr5,107555392,107556129,107555760.5,+,738,280,5,4381
MafA_R1.macs2_peak_24760,Chr5,117496850,117498812,117497831,+,1963,415,7,2461
MafA_R1.macs2_peak_23836,Chr5,40008264,40009696,40008980,+,1433,349,1,-207006
MafA_R1.macs2_peak_23887,Chr5,45733915,45734660,45734287.5,+,746,165,1,56716
MafA_R1.macs2_peak_24956,Chr5,125218072,125219051,125218561.5,+,980,465,1,37717
MafA_R1.macs2_peak_25294,Chr5,147200770,147201911,147201340.5,+,1142,387,1,-5567
MafA_R1.macs2_peak_24335,Chr5,97315194,97316254,97315724,+,1061,283,3,-56269
MafA_R1.macs2_peak_24597,Chr5,111448257,111449240,111448748.5,+,984,297,2,-29815
MafA_R1.macs2_peak_24626,Chr5,112708622,112709349,112708985.5,+,728,297,2,16079
MafA_R1.macs2_peak_24078,Chr5,64420558,64421975,64421266.5,+,1418,329,1,33566
MafA_R1.macs2_peak_25217,Chr5,143399208,143399739,143399473.5,+,532,192,1,9898
MafA_R1.macs2_peak_25093,Chr5,135548995,135549555,135549275,+,561,156,7,24701
MafA_R1.macs2_peak_24800,Chr5,119200021,119201253,119200637,+,1233,196,2,-45664
MafA_R1.macs2_peak_24154,Chr5,72568751,72569971,72569361,+,1221,247,9,92190
MafA_R1.macs2_peak_23379,Chr5,5315923,5316634,5316278.5,+,712,194,1,-210
MafA_R1.macs2_peak_25289,Chr5,146924169,146924981,146924575,+,813,163,3,-23910
MafA_R1.macs2_peak_25236,Chr5,144272046,144273342,144272694,+,1297,299,4,-22039
MafA_R1.macs2_peak_25264,Chr5,146628814,146629857,146629335.5,+,1044,267,17,102431
MafA_R1.macs2_peak_24591,Chr5,111261474,111262260,111261867,+,787,186,3,109857
MafA_R1.macs2_peak_24588,Chr5,111221528,111222275,111221901.5,+,748,155,2,69891
MafA_R1.macs2_peak_23959,Chr5,52685804,52686613,52686208.5,+,810,235,8,37440
MafA_R1.macs2_peak_24379,Chr5,100289328,100289791,100289559.5,+,464,136,3,18108
MafA_R1.macs2_peak_25287,Chr5,146913358,146914147,146913752.5,+,790,160,1,-13087
MafA_R1.macs2_peak_23418,Chr5,12551667,12553640,12552653.5,+,1974,131,3,119520
MafA_R1.macs2_peak_23438,Chr5,14593149,14594847,14593998,+,1699,189,4,29066
MafA_R1.macs2_peak_24794,Chr5,118714373,118715626,118714999.5,+,1254,345,1,16215
MafA_R1.macs2_peak_24578,Chr5,110955838,110956648,110956243,+,811,979,1,1704
MafA_R1.macs2_peak_24421,Chr5,101760467,101761277,101760872,+,811,173,10,51705
MafA_R1.macs2_peak_23876,Chr5,45212052,45213304,45212678,+,1253,227,7,89135
MafA_R1.macs2_peak_25092,Chr5,135525973,135527125,135526549,+,1153,312,1,47427
MafA_R1.macs2_peak_23439,Chr5,14640998,14641975,14641486.5,+,978,171,2,76554
MafA_R1.macs2_peak_24004,Chr5,54005117,54006186,54005651.5,+,1070,171,1,38682
MafA_R1.macs2_peak_25238,Chr5,144277384,144278206,144277795,+,823,171,5,-16938
MafA_R1.macs2_peak_25020,Chr5,131553197,131554037,131553617,+,841,230,1,-110060
MafA_R1.macs2_peak_24680,Chr5,114022559,114023502,114023030.5,+,944,225,3,23737
MafA_R1.macs2_peak_24169,Chr5,73443710,73444263,73443986.5,+,554,147,1,-2459
MafA_R1.macs2_peak_24645,Chr5,113096173,113097090,113096631.5,+,918,160,4,-52403
MafA_R1.macs2_peak_24533,Chr5,107343708,107344210,107343959,+,503,276,1,93536
MafA_R1.macs2_peak_23958,Chr5,52672807,52673638,52673222.5,+,832,271,1,-44337
MafA_R1.macs2_peak_24495,Chr5,104110681,104111690,104111185.5,+,1010,216,2,14069
MafA_R1.macs2_peak_25358,Chr5,149944303,149945793,149945048,+,1491,373,5,2908
MafA_R1.macs2_peak_24364,Chr5,99634879,99635810,99635344.5,+,932,244,1,-234558
MafA_R1.macs2_peak_24766,Chr5,117726833,117728062,117727447.5,+,1230,171,2,175380
MafA_R1.macs2_peak_23682,Chr5,32233262,32234055,32233658.5,+,794,204,5,-16409
MafA_R1.macs2_peak_23930,Chr5,49528104,49528640,49528372,+,537,185,4,-85371
MafA_R1.macs2_peak_24494,Chr5,104100964,104102704,104101834,+,1741,340,1,23420
MafA_R1.macs2_peak_25268,Chr5,146735670,146736647,146736158.5,+,978,179,1,-4392
MafA_R1.macs2_peak_23436,Chr5,14577787,14582014,14579900.5,+,4228,261,1,14968
MafA_R1.macs2_peak_25352,Chr5,149450053,149450491,149450272,+,439,184,1,-1872
MafA_R1.macs2_peak_23380,Chr5,5350001,5351219,5350610,+,1219,625,3,-34542
MafA_R1.macs2_peak_24337,Chr5,97342922,97343681,97343301.5,+,760,328,1,-83846
MafA_R1.macs2_peak_24654,Chr5,113241196,113242053,113241624.5,+,858,129,1,-12174
MafA_R1.macs2_peak_24893,Chr5,123273414,123274953,123274183.5,+,1540,670,1,-3491
MafA_R1.macs2_peak_24322,Chr5,96604520,96605678,96605099,+,1159,179,1,83285
MafA_R1.macs2_peak_24909,Chr5,123958105,123959140,123958622.5,+,1036,693,3,44957
MafA_R1.macs2_peak_23894,Chr5,46202452,46203506,46202979,+,1055,174,12,-113228
MafA_R1.macs2_peak_24296,Chr5,92496343,92497137,92496740,+,795,174,3,8
MafA_R1.macs2_peak_24540,Chr5,107535357,107535696,107535526.5,+,340,137,1,-15853
MafA_R1.macs2_peak_24492,Chr5,104074489,104075695,104075092,+,1207,205,4,-15967
MafA_R1.macs2_peak_23833,Chr5,39820787,39821411,39821099,+,625,110,2,-19125
MafA_R1.macs2_peak_24514,Chr5,105832862,105833575,105833218.5,+,714,243,2,-14617
MafA_R1.macs2_peak_24608,Chr5,112041529,112042117,112041823,+,589,243,2,-132229
MafA_R1.macs2_peak_23898,Chr5,46505003,46506331,46505667,+,1329,185,3,-415916
MafA_R1.macs2_peak_24742,Chr5,116169035,116169820,116169427.5,+,786,216,9,-6940
MafA_R1.macs2_peak_24127,Chr5,67581520,67582435,67581977.5,+,916,234,1,3165
MafA_R1.macs2_peak_24907,Chr5,123946910,123947808,123947359,+,899,164,4,56220
MafA_R1.macs2_peak_23558,Chr5,23781557,23782209,23781883,+,653,173,2,39686
MafA_R1.macs2_peak_24295,Chr5,92425774,92426327,92426050.5,+,554,460,5,-10
MafA_R1.macs2_peak_24613,Chr5,112224790,112225863,112225326.5,+,1074,227,1,-129303
MafA_R1.macs2_peak_24644,Chr5,113072620,113073621,113073120.5,+,1002,119,1,-28892
MafA_R1.macs2_peak_23750,Chr5,36075797,36076312,36076054.5,+,516,127,1,25391
MafA_R1.macs2_peak_25340,Chr5,148967763,148968462,148968112.5,+,700,295,5,20314
MafA_R1.macs2_peak_25137,Chr5,138706038,138707137,138706587.5,+,1100,230,1,-34249
MafA_R1.macs2_peak_24532,Chr5,107258207,107258805,107258506,+,599,153,2,146079
MafA_R1.macs2_peak_25283,Chr5,146853960,146854309,146854134.5,+,350,153,2,-31333
MafA_R1.macs2_peak_23547,Chr5,23117531,23118252,23117891.5,+,722,109,14,-166009
MafA_R1.macs2_peak_24128,Chr5,67785026,67785989,67785507.5,+,964,105,1,20281
MafA_R1.macs2_peak_23944,Chr5,51635547,51636088,51635817.5,+,542,130,1,75446
MafA_R1.macs2_peak_23956,Chr5,52597976,52598747,52598361.5,+,772,130,1,-140
MafA_R1.macs2_peak_24585,Chr5,111204525,111205550,111205037.5,+,1026,201,3,53027
MafA_R1.macs2_peak_24662,Chr5,113471432,113472511,113471971.5,+,1080,201,2,440
MafA_R1.macs2_peak_25265,Chr5,146640415,146641224,146640819.5,+,810,310,2,90947
MafA_R1.macs2_peak_23935,Chr5,49888118,49888610,49888364,+,493,99,9,327974
MafA_R1.macs2_peak_23940,Chr5,50360134,50361055,50360594.5,+,922,99,4,-49510
MafA_R1.macs2_peak_24173,Chr5,73540326,73541343,73540834.5,+,1018,163,10,-22587
MafA_R1.macs2_peak_24063,Chr5,63969364,63970043,63969703.5,+,680,482,1,-135
MafA_R1.macs2_peak_23901,Chr5,46987121,46988019,46987570,+,899,132,2,-897819
MafA_R1.macs2_peak_24625,Chr5,112699954,112700351,112700152.5,+,398,132,1,24912
MafA_R1.macs2_peak_24057,Chr5,62597943,62598310,62598126.5,+,368,111,6,325394
MafA_R1.macs2_peak_24593,Chr5,111374301,111375499,111374900,+,1199,135,7,-103663
MafA_R1.macs2_peak_24065,Chr5,63976873,63977455,63977164,+,583,230,1,7326
MafA_R1.macs2_peak_24064,Chr5,63974342,63975025,63974683.5,+,684,176,1,4845
MafA_R1.macs2_peak_23662,Chr5,31742640,31743439,31743039.5,+,800,146,2,-14298
MafA_R1.macs2_peak_24515,Chr5,105846399,105847780,105847089.5,+,1382,433,7,-746
MafA_R1.macs2_peak_24359,Chr5,99445632,99446420,99446026,+,789,127,1,-45240
MafA_R1.macs2_peak_23912,Chr5,48854553,48855241,48854897,+,689,123,4,-97873
MafA_R1.macs2_peak_24902,Chr5,123777918,123778534,123778226,+,617,114,5,44198
MafA_R1.macs2_peak_23448,Chr5,14889527,14890209,14889868,+,683,98,2,75035
MafA_R1.macs2_peak_24904,Chr5,123795504,123796052,123795778,+,549,98,2,26646
MafA_R1.macs2_peak_23872,Chr5,44571531,44572403,44571967,+,873,97,3,-188019
MafA_R1.macs2_peak_23416,Chr5,12311499,12312169,12311834,+,671,89,3,-121299
MafA_R1.macs2_peak_24055,Chr5,62563212,62563489,62563350.5,+,278,89,1,360170
MafA_R1.macs2_peak_24772,Chr5,117760223,117760470,117760346.5,+,248,223,1,208279
MafA_R1.macs2_peak_23892,Chr5,46076822,46077415,46077118.5,+,594,100,11,12633
MafA_R1.macs2_peak_24371,Chr5,99856526,99857165,99856845.5,+,640,137,2,20074
MafA_R1.macs2_peak_24600,Chr5,111678756,111679587,111679171.5,+,832,195,2,-50256
MafA_R1.macs2_peak_24767,Chr5,117729063,117730093,117729578,+,1031,153,8,177511
MafA_R1.macs2_peak_23999,Chr5,53795814,53796145,53795979.5,+,332,111,2,48151
MafA_R1.macs2_peak_25191,Chr5,142163387,142163814,142163600.5,+,428,242,1,-223652
MafA_R1.macs2_peak_24189,Chr5,75104379,75104946,75104662.5,+,568,190,5,-5193
MafA_R1.macs2_peak_24566,Chr5,110470550,110471080,110470815,+,531,87,1,20086
MafA_R1.macs2_peak_23564,Chr5,24067925,24068623,24068274,+,699,151,12,11043
MafA_R1.macs2_peak_24649,Chr5,113189371,113189854,113189612.5,+,484,151,2,-26208
MafA_R1.macs2_peak_24978,Chr5,125820768,125821365,125821066.5,+,598,114,1,-37681
MafA_R1.macs2_peak_23694,Chr5,32598181,32599032,32598606.5,+,852,205,1,-17708
MafA_R1.macs2_peak_25319,Chr5,148513935,148514294,148514114.5,+,360,90,1,-24516
MafA_R1.macs2_peak_25116,Chr5,136936554,136936853,136936703.5,+,300,191,1,-301
MafA_R1.macs2_peak_24172,Chr5,73488164,73489111,73488637.5,+,948,220,1,7653
MafA_R1.macs2_peak_23594,Chr5,26934818,26935239,26935028.5,+,422,85,4,-87327
MafA_R1.macs2_peak_24352,Chr5,98708936,98709727,98709331.5,+,792,181,2,-85808
MafA_R1.macs2_peak_25112,Chr5,136556896,136557397,136557146.5,+,502,88,1,37689
MafA_R1.macs2_peak_24587,Chr5,111217627,111218382,111218004.5,+,756,95,5,65994
MafA_R1.macs2_peak_24677,Chr5,114000487,114000983,114000735,+,497,99,1,-32173
MafA_R1.macs2_peak_25356,Chr5,149754824,149755266,149755045,+,443,99,3,-16167
MafA_R1.macs2_peak_25019,Chr5,131286118,131286776,131286447,+,659,80,3,49913
MafA_R1.macs2_peak_25228,Chr5,144062131,144062822,144062476.5,+,692,102,3,25297
MafA_R1.macs2_peak_23951,Chr5,52173105,52173663,52173384,+,559,106,1,119975
MafA_R1.macs2_peak_23763,Chr5,36706566,36707255,36706910.5,+,690,158,9,-18943
MafA_R1.macs2_peak_24565,Chr5,110369850,110371056,110370453,+,1207,158,1,-8417
MafA_R1.macs2_peak_25303,Chr5,147355347,147355669,147355508,+,323,85,6,78
MafA_R1.macs2_peak_24770,Chr5,117743510,117744353,117743931.5,+,844,136,7,191864
MafA_R1.macs2_peak_23960,Chr5,52694264,52695032,52694648,+,769,119,1,29000
MafA_R1.macs2_peak_24031,Chr5,57874303,57875625,57874964,+,1323,276,1,297
MafA_R1.macs2_peak_24066,Chr5,63981064,63982160,63981612,+,1097,304,2,11774
MafA_R1.macs2_peak_24309,Chr5,93044382,93045956,93045169,+,1575,311,8,-683
MafA_R1.macs2_peak_24663,Chr5,113550441,113550988,113550714.5,+,548,77,4,45554
MafA_R1.macs2_peak_24519,Chr5,105948023,105948954,105948488.5,+,932,149,4,-75946
MafA_R1.macs2_peak_25279,Chr5,146843861,146844996,146844428.5,+,1136,265,1,-41039
MafA_R1.macs2_peak_24199,Chr5,76338545,76338799,76338672,+,255,84,1,6945
MafA_R1.macs2_peak_23556,Chr5,23723665,23724165,23723915,+,501,164,6,84453
MafA_R1.macs2_peak_24911,Chr5,123989157,123989927,123989542,+,771,164,12,14037
MafA_R1.macs2_peak_25103,Chr5,136016035,136016710,136016372.5,+,676,164,4,-7282
MafA_R1.macs2_peak_25221,Chr5,143617924,143618766,143618345,+,843,91,5,10143
MafA_R1.macs2_peak_24961,Chr5,125256057,125256991,125256524,+,935,283,1,-246
MafA_R1.macs2_peak_24972,Chr5,125470618,125471420,125471019,+,803,359,2,-3938
MafA_R1.macs2_peak_24385,Chr5,100379511,100380587,100380049,+,1077,211,4,21498
MafA_R1.macs2_peak_23929,Chr5,49526657,49526959,49526808,+,303,86,1,-83807
MafA_R1.macs2_peak_24036,Chr5,58278645,58279149,58278897,+,505,86,1,331443
MafA_R1.macs2_peak_23385,Chr5,6090772,6091306,6091039,+,535,90,1,-291722
MafA_R1.macs2_peak_25136,Chr5,138689068,138689630,138689349,+,563,123,2,-51487
MafA_R1.macs2_peak_23918,Chr5,48960122,48960481,48960301.5,+,360,96,2,86598
MafA_R1.macs2_peak_23703,Chr5,33167731,33169435,33168583,+,1705,141,5,-7577
MafA_R1.macs2_peak_24389,Chr5,100421966,100422738,100422352,+,773,141,1,-27877
MafA_R1.macs2_peak_24101,Chr5,66200012,66200758,66200385,+,747,218,3,-38757
MafA_R1.macs2_peak_25237,Chr5,144275448,144275892,144275670,+,445,87,1,-19063
MafA_R1.macs2_peak_25111,Chr5,136432196,136432980,136432588,+,785,142,2,-27931
MafA_R1.macs2_peak_24104,Chr5,66227120,66227799,66227459.5,+,680,195,1,28063
MafA_R1.macs2_peak_24396,Chr5,100664887,100665926,100665406.5,+,1040,195,1,-769
MafA_R1.macs2_peak_25102,Chr5,136004683,136005196,136004939.5,+,514,75,11,-1609
MafA_R1.macs2_peak_24667,Chr5,113605086,113605505,113605295.5,+,420,82,1,-92991
MafA_R1.macs2_peak_23675,Chr5,32118193,32118904,32118548.5,+,712,100,2,-131519
MafA_R1.macs2_peak_23415,Chr5,12293103,12293820,12293461.5,+,718,96,1,-139672
MafA_R1.macs2_peak_24976,Chr5,125579042,125579867,125579454.5,+,826,133,6,26517
MafA_R1.macs2_peak_24622,Chr5,112644525,112645003,112644764,+,479,92,2,47472
MafA_R1.macs2_peak_24604,Chr5,111784687,111785360,111785023.5,+,674,118,2,55596
MafA_R1.macs2_peak_23593,Chr5,26929853,26930410,26930131.5,+,558,102,1,-92224
MafA_R1.macs2_peak_24498,Chr5,104187195,104187848,104187521.5,+,654,102,11,-7209
MafA_R1.macs2_peak_24020,Chr5,54912565,54912828,54912696.5,+,264,81,1,405362
MafA_R1.macs2_peak_24387,Chr5,100397748,100398782,100398265,+,1035,87,5,39714
MafA_R1.macs2_peak_23549,Chr5,23473672,23474046,23473859,+,375,73,2,165492
MafA_R1.macs2_peak_24025,Chr5,55451036,55451830,55451433,+,795,73,2,944099
MafA_R1.macs2_peak_25380,Chr5,151077493,151077870,151077681.5,+,378,73,1,35977
MafA_R1.macs2_peak_23997,Chr5,53753967,53754844,53754405.5,+,878,156,1,6577
MafA_R1.macs2_peak_23596,Chr5,27109114,27109904,27109509,+,791,118,1,-267
MafA_R1.macs2_peak_24203,Chr5,76724752,76725378,76725065,+,627,140,12,-11481
MafA_R1.macs2_peak_24910,Chr5,123960521,123961365,123960943,+,845,140,1,42636
MafA_R1.macs2_peak_24490,Chr5,104004444,104005007,104004725.5,+,564,65,1,54400
MafA_R1.macs2_peak_23381,Chr5,5409607,5410731,5410169,+,1125,179,8,20082
MafA_R1.macs2_peak_25222,Chr5,143619087,143619580,143619333.5,+,494,75,1,11131
MafA_R1.macs2_peak_24628,Chr5,112760859,112761550,112761204.5,+,692,164,2,-23342
MafA_R1.macs2_peak_24623,Chr5,112666120,112666580,112666350,+,461,91,3,58714
MafA_R1.macs2_peak_24062,Chr5,63587440,63588205,63587822.5,+,766,61,1,-218624
MafA_R1.macs2_peak_24529,Chr5,106776675,106777185,106776930,+,511,61,4,66955
MafA_R1.macs2_peak_25233,Chr5,144252204,144252657,144252430.5,+,454,91,2,38559
MafA_R1.macs2_peak_25362,Chr5,150067872,150068464,150068168,+,593,148,2,-115227
MafA_R1.macs2_peak_24023,Chr5,55304591,55305022,55304806.5,+,432,94,3,797472
MafA_R1.macs2_peak_24165,Chr5,73287238,73287691,73287464.5,+,454,94,2,123217
MafA_R1.macs2_peak_24339,Chr5,97370803,97371429,97371116,+,627,94,1,-111661
MafA_R1.macs2_peak_24382,Chr5,100325638,100326170,100325904,+,533,94,1,-18237
MafA_R1.macs2_peak_24602,Chr5,111718570,111719566,111719068,+,997,187,1,-10359
MafA_R1.macs2_peak_25029,Chr5,131872779,131873467,131873123,+,689,118,6,-35985
MafA_R1.macs2_peak_24363,Chr5,99626836,99628622,99627729,+,1787,150,23,-226943
MafA_R1.macs2_peak_25106,Chr5,136029161,136029659,136029410,+,499,79,1,5756
MafA_R1.macs2_peak_24082,Chr5,64501920,64503187,64502553.5,+,1268,117,16,114853
MafA_R1.macs2_peak_24520,Chr5,105965119,105965580,105965349.5,+,462,117,8,-59085
MafA_R1.macs2_peak_25021,Chr5,131554366,131554831,131554598.5,+,466,79,1,-111041
MafA_R1.macs2_peak_24021,Chr5,55221004,55221319,55221161.5,+,316,69,3,713827
MafA_R1.macs2_peak_24174,Chr5,73585862,73586163,73586012.5,+,302,69,11,22591
MafA_R1.macs2_peak_24507,Chr5,104505950,104507026,104506488,+,1077,69,7,33293
MafA_R1.macs2_peak_24420,Chr5,101750987,101752313,101751650,+,1327,99,10,60927
MafA_R1.macs2_peak_23562,Chr5,23916914,23917673,23917293.5,+,760,338,13,372
MafA_R1.macs2_peak_24158,Chr5,72809920,72811299,72810609.5,+,1380,219,5,5470
MafA_R1.macs2_peak_23553,Chr5,23637553,23638327,23637940,+,775,745,3,1411
MafA_R1.macs2_peak_23446,Chr5,14883166,14883709,14883437.5,+,544,65,1,81466
MafA_R1.macs2_peak_24974,Chr5,125542484,125543057,125542770.5,+,574,95,2,-10167
MafA_R1.macs2_peak_24632,Chr5,112814919,112815403,112815161,+,485,102,1,-77299
MafA_R1.macs2_peak_24778,Chr5,118176128,118176398,118176263,+,271,91,1,10455
MafA_R1.macs2_peak_23928,Chr5,49520638,49521135,49520886.5,+,498,61,1,-77885
MafA_R1.macs2_peak_24074,Chr5,64151234,64151716,64151475,+,483,61,11,-25235
MafA_R1.macs2_peak_24312,Chr5,93294538,93295344,93294941,+,807,61,1,53666
MafA_R1.macs2_peak_24697,Chr5,114722337,114722918,114722627.5,+,582,125,1,16315
MafA_R1.macs2_peak_25101,Chr5,135986317,135987097,135986707,+,781,188,3,16623
MafA_R1.macs2_peak_24572,Chr5,110653773,110654267,110654020,+,495,86,1,-8769
MafA_R1.macs2_peak_23568,Chr5,24483297,24483812,24483554.5,+,516,60,11,21028
MafA_R1.macs2_peak_25275,Chr5,146810016,146810609,146810312.5,+,594,103,2,28431
MafA_R1.macs2_peak_23893,Chr5,46185238,46186599,46185918.5,+,1362,109,7,-96167
MafA_R1.macs2_peak_24315,Chr5,93444055,93445112,93444583.5,+,1058,109,1,29151
MafA_R1.macs2_peak_23690,Chr5,32557915,32558380,32558147.5,+,466,76,3,47223
MafA_R1.macs2_peak_24155,Chr5,72635974,72636615,72636294.5,+,642,57,2,25257
MafA_R1.macs2_peak_24114,Chr5,66775816,66777067,66776441.5,+,1252,280,1,-281
MafA_R1.macs2_peak_23552,Chr5,23620619,23621214,23620916.5,+,596,115,2,18435
MafA_R1.macs2_peak_24410,Chr5,101644256,101645573,101644914.5,+,1318,135,1,167663
MafA_R1.macs2_peak_23652,Chr5,30977561,30978028,30977794.5,+,468,71,1,5809
MafA_R1.macs2_peak_24504,Chr5,104261449,104261969,104261709,+,521,71,1,245
MafA_R1.macs2_peak_25198,Chr5,142562527,142562887,142562707,+,361,71,1,-25854
MafA_R1.macs2_peak_23748,Chr5,35914411,35915085,35914748,+,675,94,3,-476
MafA_R1.macs2_peak_24755,Chr5,117138553,117139595,117139074,+,1043,94,1,114978
MafA_R1.macs2_peak_25033,Chr5,131883992,131884715,131884353.5,+,724,94,1,-24755
MafA_R1.macs2_peak_25273,Chr5,146804342,146805028,146804685,+,687,117,1,22804
MafA_R1.macs2_peak_25339,Chr5,148942780,148943682,148943231,+,903,261,1,-541
MafA_R1.macs2_peak_24544,Chr5,107618723,107619129,107618926,+,407,87,2,-26685
MafA_R1.macs2_peak_24403,Chr5,100993504,100994303,100993903.5,+,800,107,6,-192
MafA_R1.macs2_peak_24038,Chr5,58368706,58369466,58369086,+,761,52,8,241255
MafA_R1.macs2_peak_23895,Chr5,46204076,46204465,46204270.5,+,390,61,5,-114519
MafA_R1.macs2_peak_24768,Chr5,117731307,117732115,117731711,+,809,125,14,179644
MafA_R1.macs2_peak_23927,Chr5,49494588,49494956,49494772,+,369,52,1,-51771
MafA_R1.macs2_peak_25347,Chr5,149387002,149387285,149387143.5,+,284,52,8,24018
MafA_R1.macs2_peak_23949,Chr5,51988096,51988561,51988328.5,+,466,51,2,-263261
MafA_R1.macs2_peak_24701,Chr5,114805336,114805600,114805468,+,265,134,3,-8986
MafA_R1.macs2_peak_24948,Chr5,125034555,125035284,125034919.5,+,730,166,1,-45593
MafA_R1.macs2_peak_23698,Chr5,32869543,32870398,32869970.5,+,856,110,4,33716
MafA_R1.macs2_peak_24528,Chr5,106709196,106709567,106709381.5,+,372,56,1,-103349
MafA_R1.macs2_peak_25209,Chr5,142829978,142830273,142830125.5,+,296,68,12,-26708
MafA_R1.macs2_peak_24516,Chr5,105888109,105888756,105888432.5,+,648,99,2,39756
MafA_R1.macs2_peak_25253,Chr5,146167502,146167999,146167750.5,+,498,174,2,-310
MafA_R1.macs2_peak_24769,Chr5,117740459,117741527,117740993,+,1069,86,20,188926
MafA_R1.macs2_peak_24327,Chr5,96847711,96847987,96847849,+,277,50,2,-93395
MafA_R1.macs2_peak_24773,Chr5,118116675,118117229,118116952,+,555,118,4,2117
MafA_R1.macs2_peak_25284,Chr5,146876125,146877005,146876565,+,881,80,3,-8902
MafA_R1.macs2_peak_23966,Chr5,52815318,52815898,52815608,+,581,64,3,11435
MafA_R1.macs2_peak_25343,Chr5,149301413,149301680,149301546.5,+,268,64,6,-33668
MafA_R1.macs2_peak_23941,Chr5,50734705,50735376,50735040.5,+,672,49,19,324936
MafA_R1.macs2_peak_23764,Chr5,36739465,36739724,36739594.5,+,260,355,2,147
MafA_R1.macs2_peak_24510,Chr5,104719582,104719894,104719738,+,313,126,5,200
MafA_R1.macs2_peak_25304,Chr5,147433033,147433384,147433208.5,+,352,63,1,66242
MafA_R1.macs2_peak_24159,Chr5,72813826,72814246,72814036,+,421,63,5,8897
MafA_R1.macs2_peak_23751,Chr5,36143778,36144098,36143938,+,321,57,1,93275
MafA_R1.macs2_peak_25224,Chr5,143697340,143698229,143697784.5,+,890,135,1,20251
MafA_R1.macs2_peak_24035,Chr5,58276190,58277168,58276679,+,979,103,2,333661
MafA_R1.macs2_peak_23917,Chr5,48938372,48939168,48938770,+,797,143,3,108129
MafA_R1.macs2_peak_23933,Chr5,49798671,49799289,49798980,+,619,71,5,-355979
MafA_R1.macs2_peak_25263,Chr5,146624533,146625243,146624888,+,711,111,7,-102839
MafA_R1.macs2_peak_24171,Chr5,73481720,73482358,73482039,+,639,52,5,14251
MafA_R1.macs2_peak_24624,Chr5,112672727,112672996,112672861.5,+,270,52,2,52203
MafA_R1.macs2_peak_25032,Chr5,131882790,131883109,131882949.5,+,320,52,1,-26159
MafA_R1.macs2_peak_24328,Chr5,96916962,96917345,96917153.5,+,384,47,6,-24091
MafA_R1.macs2_peak_24682,Chr5,114113312,114114051,114113681.5,+,740,79,2,18170
MafA_R1.macs2_peak_23911,Chr5,48841597,48842009,48841803,+,413,44,7,-84779
MafA_R1.macs2_peak_23692,Chr5,32578177,32578624,32578400.5,+,448,55,10,-37914
MafA_R1.macs2_peak_24799,Chr5,119132369,119133149,119132759,+,781,72,3,42355
MafA_R1.macs2_peak_24605,Chr5,111831241,111831746,111831493.5,+,506,60,1,78101
MafA_R1.macs2_peak_24482,Chr5,103901516,103903000,103902258,+,1485,355,2,-181
MafA_R1.macs2_peak_23733,Chr5,35471080,35472488,35471784,+,1409,95,2,35874
MafA_R1.macs2_peak_25282,Chr5,146853376,146853703,146853539.5,+,328,68,1,-31928
MafA_R1.macs2_peak_24708,Chr5,115083080,115083351,115083215.5,+,272,77,1,2954
MafA_R1.macs2_peak_23994,Chr5,53682963,53683244,53683103.5,+,282,48,2,-30018
MafA_R1.macs2_peak_25074,Chr5,134359282,134359594,134359438,+,313,48,1,4130
MafA_R1.macs2_peak_24388,Chr5,100414688,100415411,100415049.5,+,724,112,1,-35180
MafA_R1.macs2_peak_24635,Chr5,112895705,112896735,112896220,+,1031,112,2,-44938
MafA_R1.macs2_peak_24306,Chr5,92915237,92916019,92915628,+,783,53,1,20793
MafA_R1.macs2_peak_23437,Chr5,14586874,14587160,14587017,+,287,42,1,22085
MafA_R1.macs2_peak_23747,Chr5,35912626,35912897,35912761.5,+,272,121,1,-2463
MafA_R1.macs2_peak_23907,Chr5,48472561,48472996,48472778.5,+,436,45,5,-56956
MafA_R1.macs2_peak_24538,Chr5,107443357,107443778,107443567.5,+,422,56,10,-6072
MafA_R1.macs2_peak_24518,Chr5,105940243,105941630,105940936.5,+,1388,130,2,-83498
MafA_R1.macs2_peak_23702,Chr5,33161643,33161973,33161808,+,331,50,2,-14352
MafA_R1.macs2_peak_24409,Chr5,101513223,101513700,101513461.5,+,478,52,1,299116
MafA_R1.macs2_peak_24419,Chr5,101742726,101743327,101743026.5,+,602,64,2,69551
MafA_R1.macs2_peak_25030,Chr5,131877233,131877700,131877466.5,+,468,64,1,-31642
MafA_R1.macs2_peak_25133,Chr5,138618142,138618395,138618268.5,+,254,150,6,-263
MafA_R1.macs2_peak_25337,Chr5,148896173,148896541,148896357,+,369,137,4,9297
MafA_R1.macs2_peak_23663,Chr5,31747363,31747722,31747542.5,+,360,72,2,-18801
MafA_R1.macs2_peak_23759,Chr5,36526846,36527230,36527038,+,385,72,1,28445
MafA_R1.macs2_peak_25333,Chr5,148744986,148745593,148745289.5,+,608,80,5,30516
MafA_R1.macs2_peak_24506,Chr5,104394277,104395356,104394816.5,+,1080,86,22,44333
MafA_R1.macs2_peak_24765,Chr5,117630981,117631700,117631340.5,+,720,88,4,79273
MafA_R1.macs2_peak_25348,Chr5,149406697,149407268,149406982.5,+,572,49,1,43857
MafA_R1.macs2_peak_24900,Chr5,123711180,123711482,123711331,+,303,121,1,-253
MafA_R1.macs2_peak_25200,Chr5,142576585,142577443,142577014,+,859,106,1,17493
MafA_R1.macs2_peak_24718,Chr5,115455636,115456357,115455996.5,+,722,82,1,-9240
MafA_R1.macs2_peak_23659,Chr5,31237681,31237955,31237818,+,275,45,1,13053
MafA_R1.macs2_peak_23442,Chr5,14755062,14755523,14755292.5,+,462,53,2,190360
MafA_R1.macs2_peak_23896,Chr5,46207690,46207938,46207814,+,249,45,3,-118063
MafA_R1.macs2_peak_24037,Chr5,58279470,58279781,58279625.5,+,312,39,3,330715
MafA_R1.macs2_peak_24567,Chr5,110540507,110541323,110540915,+,817,160,5,-5922
MafA_R1.macs2_peak_23749,Chr5,36064950,36065911,36065430.5,+,962,142,2,14767
MafA_R1.macs2_peak_25118,Chr5,137054210,137054534,137054372,+,325,134,1,-4777
MafA_R1.macs2_peak_23550,Chr5,23476788,23477170,23476979,+,383,49,1,162372
MafA_R1.macs2_peak_24601,Chr5,111683574,111684119,111683846.5,+,546,49,1,-45581
MafA_R1.macs2_peak_24977,Chr5,125762968,125763417,125763192.5,+,450,49,3,-95555
MafA_R1.macs2_peak_24595,Chr5,111378768,111379043,111378905.5,+,276,90,5,-99658
MafA_R1.macs2_peak_24590,Chr5,111246568,111247349,111246958.5,+,782,82,1,94948
MafA_R1.macs2_peak_24493,Chr5,104086568,104087403,104086985.5,+,836,73,1,-27860
MafA_R1.macs2_peak_23696,Chr5,32615697,32616144,32615920.5,+,448,155,1,-394
MafA_R1.macs2_peak_24326,Chr5,96804510,96805237,96804873.5,+,728,56,3,-136371
MafA_R1.macs2_peak_24918,Chr5,124162951,124163297,124163124,+,347,54,1,7199
MafA_R1.macs2_peak_23424,Chr5,12916272,12916669,12916470.5,+,398,36,1,483337
MafA_R1.macs2_peak_23897,Chr5,46225099,46225409,46225254,+,311,36,3,-135503
MafA_R1.macs2_peak_23903,Chr5,47057638,47057966,47057802,+,329,36,1,-968051
MafA_R1.macs2_peak_24411,Chr5,101683369,101683652,101683510.5,+,284,36,1,129067
MafA_R1.macs2_peak_24162,Chr5,73237086,73237608,73237347,+,523,48,1,73100
MafA_R1.macs2_peak_24483,Chr5,103922798,103923083,103922940.5,+,286,48,1,20501
MafA_R1.macs2_peak_25248,Chr5,144972400,144972744,144972572,+,345,48,1,-2998
MafA_R1.macs2_peak_24408,Chr5,101474014,101474423,101474218.5,+,410,40,1,338359
MafA_R1.macs2_peak_24509,Chr5,104645070,104645571,104645320.5,+,502,40,10,-10898
MafA_R1.macs2_peak_24523,Chr5,106491729,106491993,106491861,+,265,40,1,22655
MafA_R1.macs2_peak_25080,Chr5,134717698,134718048,134717873,+,351,396,1,-429
MafA_R1.macs2_peak_24170,Chr5,73474739,73475053,73474896,+,315,37,1,21394
MafA_R1.macs2_peak_24935,Chr5,124437228,124437788,124437508,+,561,37,1,28527
MafA_R1.macs2_peak_23551,Chr5,23591660,23592538,23592099,+,879,118,8,47252
MafA_R1.macs2_peak_25158,Chr5,139570483,139571779,139571131,+,1297,71,8,41478
MafA_R1.macs2_peak_24338,Chr5,97368727,97369024,97368875.5,+,298,35,2,-109420
MafA_R1.macs2_peak_23566,Chr5,24251224,24251533,24251378.5,+,310,39,2,-15690
MafA_R1.macs2_peak_24631,Chr5,112803200,112803460,112803330,+,261,37,2,-65468
MafA_R1.macs2_peak_25371,Chr5,150753675,150754975,150754325,+,1301,84,1,-121747
MafA_R1.macs2_peak_24377,Chr5,100226929,100227879,100227404,+,951,129,3,1583
MafA_R1.macs2_peak_24762,Chr5,117546365,117546866,117546615.5,+,502,43,1,-5452
MafA_R1.macs2_peak_24177,Chr5,73979211,73980158,73979684.5,+,948,66,1,170961
MafA_R1.macs2_peak_25262,Chr5,146619971,146620339,146620155,+,369,66,1,-98106
MafA_R1.macs2_peak_25156,Chr5,139521098,139522044,139521571,+,947,82,3,-8082
MafA_R1.macs2_peak_23970,Chr5,53043732,53044147,53043939.5,+,416,36,9,52462
MafA_R1.macs2_peak_24741,Chr5,116161345,116162505,116161925,+,1161,187,1,562
MafA_R1.macs2_peak_25369,Chr5,150535364,150535689,150535526.5,+,326,33,1,-17536
MafA_R1.macs2_peak_24552,Chr5,108016732,108017496,108017114,+,765,178,1,5859
MafA_R1.macs2_peak_24531,Chr5,107190493,107190770,107190631.5,+,278,33,1,78204
MafA_R1.macs2_peak_24079,Chr5,64422692,64422963,64422827.5,+,272,50,1,35127
MafA_R1.macs2_peak_24380,Chr5,100315115,100315478,100315296.5,+,364,50,1,-7629
MafA_R1.macs2_peak_24717,Chr5,115376840,115377269,115377054.5,+,430,70,1,3144
MafA_R1.macs2_peak_25246,Chr5,144812599,144813180,144812889.5,+,582,46,4,20737
MafA_R1.macs2_peak_24798,Chr5,118838259,118838567,118838413,+,309,41,2,139629
MafA_R1.macs2_peak_23384,Chr5,5805016,5805397,5805206.5,+,382,36,1,-5889
MafA_R1.macs2_peak_23950,Chr5,52011135,52011566,52011350.5,+,432,71,1,282009
MafA_R1.macs2_peak_24683,Chr5,114313559,114314206,114313882.5,+,648,146,1,10303
MafA_R1.macs2_peak_23931,Chr5,49594598,49594992,49594795,+,395,34,2,-151794
MafA_R1.macs2_peak_24348,Chr5,98144106,98144835,98144470.5,+,730,38,9,34406
MafA_R1.macs2_peak_23651,Chr5,30971818,30972797,30972307.5,+,980,265,2,322
MafA_R1.macs2_peak_23695,Chr5,32599433,32599718,32599575.5,+,286,43,1,-16739
MafA_R1.macs2_peak_24614,Chr5,112239524,112239825,112239674.5,+,302,52,1,-114955
MafA_R1.macs2_peak_23559,Chr5,23786438,23786908,23786673,+,471,33,5,34896
MafA_R1.macs2_peak_23832,Chr5,39802117,39802392,39802254.5,+,276,128,1,-280
MafA_R1.macs2_peak_24222,Chr5,80688230,80688499,80688364.5,+,270,33,2,-480054
MafA_R1.macs2_peak_24344,Chr5,97745817,97746256,97746036.5,+,440,33,1,-141154
MafA_R1.macs2_peak_24311,Chr5,93153772,93154365,93154068.5,+,594,82,2,38813
MafA_R1.macs2_peak_24398,Chr5,100753532,100754208,100753870,+,677,99,4,-33799
MafA_R1.macs2_peak_23681,Chr5,32195317,32195882,32195599.5,+,566,51,1,-54468
MafA_R1.macs2_peak_23995,Chr5,53714869,53715139,53715004,+,271,28,1,1883
MafA_R1.macs2_peak_24046,Chr5,60459570,60459830,60459700,+,261,28,1,-316355
MafA_R1.macs2_peak_24527,Chr5,106652071,106652358,106652214.5,+,288,28,2,-46182
MafA_R1.macs2_peak_24754,Chr5,116845015,116845303,116845159,+,289,28,1,-115283
MafA_R1.macs2_peak_24569,Chr5,110564829,110565438,110565133.5,+,610,91,5,-30140
MafA_R1.macs2_peak_24205,Chr5,76998573,76998843,76998708,+,271,32,2,10262
MafA_R1.macs2_peak_23701,Chr5,33097939,33098292,33098115.5,+,354,48,4,77050
MafA_R1.macs2_peak_24832,Chr5,121731761,121732286,121732023.5,+,526,110,2,-136
MafA_R1.macs2_peak_25353,Chr5,149451366,149452162,149451764,+,797,102,2,-380
MafA_R1.macs2_peak_23691,Chr5,32560797,32561352,32561074.5,+,556,62,2,50150
MafA_R1.macs2_peak_25291,Chr5,147013484,147014172,147013828,+,689,240,4,-328
MafA_R1.macs2_peak_23563,Chr5,24055594,24056369,24055981.5,+,776,154,15,386
MafA_R1.macs2_peak_24946,Chr5,124969148,124969598,124969373,+,451,43,1,29604
MafA_R1.macs2_peak_24478,Chr5,103803335,103803860,103803597.5,+,526,60,1,1
MafA_R1.macs2_peak_24188,Chr5,74925946,74926206,74926076,+,261,28,4,-62512
MafA_R1.macs2_peak_25364,Chr5,150183122,150183690,150183406,+,569,125,1,11
MafA_R1.macs2_peak_24499,Chr5,104193903,104194650,104194276.5,+,748,157,6,-454
MafA_R1.macs2_peak_24803,Chr5,119829189,119829612,119829400.5,+,424,40,1,-117
MafA_R1.macs2_peak_24716,Chr5,115373636,115374049,115373842.5,+,414,85,1,-68
MafA_R1.macs2_peak_24157,Chr5,72806080,72806862,72806471,+,783,116,1,1332
MafA_R1.macs2_peak_25360,Chr5,150042061,150042336,150042198.5,+,276,148,1,100058
MafA_R1.macs2_peak_24598,Chr5,111562570,111563252,111562911,+,683,46,1,-2255
MafA_R1.macs2_peak_24308,Chr5,92956866,92957341,92957103.5,+,476,65,5,-138
MafA_R1.macs2_peak_24287,Chr5,92110769,92111151,92110960,+,383,201,1,-33
MafA_R1.macs2_peak_24418,Chr5,101738056,101738931,101738493.5,+,876,108,1,74084
MafA_R1.macs2_peak_24561,Chr5,109838475,109839005,109838740,+,531,69,16,-131881
MafA_R1.macs2_peak_23916,Chr5,48937057,48937404,48937230.5,+,348,45,1,109669
MafA_R1.macs2_peak_24963,Chr5,125280093,125280622,125280357.5,+,530,45,1,-24079
MafA_R1.macs2_peak_25115,Chr5,136917278,136917805,136917541.5,+,528,45,1,-5472
MafA_R1.macs2_peak_25338,Chr5,148931671,148932324,148931997.5,+,654,189,1,27
MafA_R1.macs2_peak_24555,Chr5,108135103,108135958,108135530.5,+,856,134,2,-587
MafA_R1.macs2_peak_25227,Chr5,143846336,143846623,143846479.5,+,288,149,1,178
MafA_R1.macs2_peak_24209,Chr5,77365952,77366232,77366092,+,281,27,1,-6774
MafA_R1.macs2_peak_24547,Chr5,107646446,107646886,107646666,+,441,105,1,1021
MafA_R1.macs2_peak_24784,Chr5,118307548,118308067,118307807.5,+,520,70,1,-22
MafA_R1.macs2_peak_24160,Chr5,72970163,72970678,72970420.5,+,516,27,4,55371
MafA_R1.macs2_peak_23725,Chr5,34688040,34688330,34688185,+,291,37,1,5057
MafA_R1.macs2_peak_25365,Chr5,150215551,150215864,150215707.5,+,314,37,2,32312
MafA_R1.macs2_peak_24342,Chr5,97487015,97487410,97487212.5,+,396,32,1,52977
MafA_R1.macs2_peak_24156,Chr5,72745132,72745512,72745322,+,381,26,2,-429
MafA_R1.macs2_peak_23383,Chr5,5798976,5799331,5799153.5,+,356,76,3,164
MafA_R1.macs2_peak_24376,Chr5,100191507,100192249,100191878,+,743,67,5,4025
MafA_R1.macs2_peak_23720,Chr5,33652955,33653594,33653274.5,+,640,85,1,-61840
MafA_R1.macs2_peak_24920,Chr5,124190128,124190746,124190437,+,619,50,7,-20114
MafA_R1.macs2_peak_24695,Chr5,114711220,114711496,114711358,+,277,68,1,5046
MafA_R1.macs2_peak_25155,Chr5,139488167,139488456,139488311.5,+,290,25,1,-18065
MafA_R1.macs2_peak_24630,Chr5,112788602,112788848,112788725,+,247,25,3,-50863
MafA_R1.macs2_peak_25096,Chr5,135659397,135660042,135659719.5,+,646,39,1,-1789
MafA_R1.macs2_peak_24970,Chr5,125467113,125469404,125468258.5,+,2292,102,2,-1177
MafA_R1.macs2_peak_25239,Chr5,144287149,144287841,144287495,+,693,64,4,-7238
MafA_R1.macs2_peak_23622,Chr5,28275803,28277446,28276624.5,+,1644,132,1,214
MafA_R1.macs2_peak_24009,Chr5,54110548,54111085,54110816.5,+,538,28,1,-45049
MafA_R1.macs2_peak_24097,Chr5,65934342,65934663,65934502.5,+,322,28,3,13638
MafA_R1.macs2_peak_23386,Chr5,7394919,7395174,7395046.5,+,256,42,2,-668
MafA_R1.macs2_peak_25366,Chr5,150255396,150255670,150255533,+,275,37,2,72138
MafA_R1.macs2_peak_24627,Chr5,112721566,112721896,112721731,+,331,58,1,3333
MafA_R1.macs2_peak_25134,Chr5,138672869,138673174,138673021.5,+,306,25,3,64407
MafA_R1.macs2_peak_24313,Chr5,93414702,93415339,93415020.5,+,638,118,1,-412
MafA_R1.macs2_peak_23915,Chr5,48908428,48908985,48908706.5,+,558,31,3,138193
MafA_R1.macs2_peak_24908,Chr5,123948787,123949283,123949035,+,497,31,4,54544
MafA_R1.macs2_peak_25306,Chr5,147438101,147438434,147438267.5,+,334,31,1,71301
MafA_R1.macs2_peak_25381,Chr5,151088184,151088644,151088414,+,461,31,1,25244
MafA_R1.macs2_peak_23945,Chr5,51709325,51709826,51709575.5,+,502,47,4,1688
MafA_R1.macs2_peak_24050,Chr5,60866107,60866725,60866416,+,619,47,12,-723071
MafA_R1.macs2_peak_25160,Chr5,139680427,139681233,139680830,+,807,80,3,41258
MafA_R1.macs2_peak_23369,Chr5,4518054,4518583,4518318.5,+,530,33,6,275951
MafA_R1.macs2_peak_24502,Chr5,104222180,104222694,104222437,+,515,33,1,3037
MafA_R1.macs2_peak_24168,Chr5,73414309,73414630,73414469.5,+,322,63,3,-508
MafA_R1.macs2_peak_25157,Chr5,139566543,139566862,139566702.5,+,320,29,1,37049
MafA_R1.macs2_peak_23377,Chr5,5217401,5217914,5217657.5,+,514,20,2,98411
MafA_R1.macs2_peak_23560,Chr5,23800061,23802004,23801032.5,+,1944,71,6,20537
MafA_R1.macs2_peak_24530,Chr5,106950210,106950717,106950463.5,+,508,40,1,-105767
MafA_R1.macs2_peak_23902,Chr5,47002512,47002958,47002735,+,447,39,1,-912984
MafA_R1.macs2_peak_23697,Chr5,32768089,32768387,32768238,+,299,89,1,-277
MafA_R1.macs2_peak_23875,Chr5,44853783,44854361,44854072,+,579,22,1,103016
MafA_R1.macs2_peak_24633,Chr5,112847812,112848153,112847982.5,+,342,22,1,-93176
MafA_R1.macs2_peak_25121,Chr5,137136308,137137022,137136665,+,715,42,1,8396
MafA_R1.macs2_peak_23880,Chr5,45577119,45577435,45577277,+,317,25,4,4465
MafA_R1.macs2_peak_24583,Chr5,111196773,111197262,111197017.5,+,490,25,1,45007
MafA_R1.macs2_peak_24919,Chr5,124188199,124188582,124188390.5,+,384,25,2,-18067
MafA_R1.macs2_peak_25088,Chr5,135378772,135379027,135378899.5,+,256,25,3,-1
MafA_R1.macs2_peak_24115,Chr5,66777452,66778053,66777752.5,+,602,76,2,-1592
MafA_R1.macs2_peak_24562,Chr5,109899304,109899861,109899582.5,+,558,55,1,82426
MafA_R1.macs2_peak_24914,Chr5,124045344,124045692,124045518,+,349,145,1,180
MafA_R1.macs2_peak_24386,Chr5,100388717,100389173,100388945,+,457,31,1,30394
MafA_R1.macs2_peak_24905,Chr5,123812553,123813696,123813124.5,+,1144,31,15,9300
MafA_R1.macs2_peak_25285,Chr5,146885480,146885888,146885684,+,409,120,6,217
MafA_R1.macs2_peak_24661,Chr5,113454853,113455398,113455125.5,+,546,61,1,3527
MafA_R1.macs2_peak_25229,Chr5,144160065,144160794,144160429.5,+,730,71,1,4
MafA_R1.macs2_peak_24790,Chr5,118559993,118560591,118560292,+,599,43,2,-138492
MafA_R1.macs2_peak_25281,Chr5,146851040,146851314,146851177,+,275,43,1,-34290
MafA_R1.macs2_peak_24698,Chr5,114725960,114726223,114726091.5,+,264,23,1,19779
MafA_R1.macs2_peak_25226,Chr5,143803022,143803795,143803408.5,+,774,86,1,-54209
MafA_R1.macs2_peak_24415,Chr5,101723827,101724201,101724014,+,375,29,10,88563
MafA_R1.macs2_peak_23693,Chr5,32579044,32579316,32579180,+,273,20,3,-37134
MafA_R1.macs2_peak_24508,Chr5,104640400,104640751,104640575.5,+,352,23,5,-15643
MafA_R1.macs2_peak_24983,Chr5,126780596,126781004,126780800,+,409,23,1,-327053
MafA_R1.macs2_peak_25201,Chr5,142583344,142583811,142583577.5,+,468,23,2,10930
MafA_R1.macs2_peak_25330,Chr5,148706992,148707368,148707180,+,377,23,1,-7593
MafA_R1.macs2_peak_25344,Chr5,149301950,149302465,149302207.5,+,516,23,1,-33007
MafA_R1.macs2_peak_23770,Chr5,36870933,36871196,36871064.5,+,264,35,1,-17699
MafA_R1.macs2_peak_24890,Chr5,123195691,123196375,123196033,+,685,55,2,-10954
MafA_R1.macs2_peak_24175,Chr5,73647927,73648579,73648253,+,653,58,1,-116
MafA_R1.macs2_peak_23565,Chr5,24235421,24235678,24235549.5,+,258,87,3,139
MafA_R1.macs2_peak_24840,Chr5,122197394,122197810,122197602,+,417,30,1,-9688
MafA_R1.macs2_peak_24103,Chr5,66219941,66220218,66220079.5,+,278,24,1,35443
MafA_R1.macs2_peak_24208,Chr5,77262867,77263243,77263055,+,377,45,1,-85
MafA_R1.macs2_peak_25286,Chr5,146900182,146900562,146900372,+,381,45,1,235
MafA_R1.macs2_peak_24087,Chr5,64736786,64737643,64737214.5,+,858,57,2,30828
MafA_R1.macs2_peak_25334,Chr5,148749123,148749369,148749246,+,247,23,3,34473
MafA_R1.macs2_peak_23664,Chr5,31855356,31856582,31855969,+,1227,87,2,575
MafA_R1.macs2_peak_23957,Chr5,52628532,52629160,52628846,+,629,47,3,39
MafA_R1.macs2_peak_24774,Chr5,118137552,118137990,118137771,+,439,20,1,22936
MafA_R1.macs2_peak_24372,Chr5,99875386,99876226,99875806,+,841,65,2,1113
MafA_R1.macs2_peak_24546,Chr5,107645219,107646006,107645612.5,+,788,52,4,1
MafA_R1.macs2_peak_25271,Chr5,146781830,146782182,146782006,+,353,34,4,125
MafA_R1.macs2_peak_24785,Chr5,118406878,118407524,118407201,+,647,24,3,23909
MafA_R1.macs2_peak_23561,Chr5,23821302,23821809,23821555.5,+,508,44,2,14
MafA_R1.macs2_peak_25270,Chr5,146769425,146770149,146769787,+,725,73,12,87
MafA_R1.macs2_peak_24713,Chr5,115263464,115264325,115263894.5,+,862,61,1,-6489
MafA_R1.macs2_peak_24761,Chr5,117526708,117527444,117527076,+,737,46,3,12
MafA_R1.macs2_peak_24543,Chr5,107585801,107586274,107586037.5,+,474,40,6,174
MafA_R1.macs2_peak_24756,Chr5,117207197,117207656,117207426.5,+,460,25,3,46632
MafA_R1.macs2_peak_24763,Chr5,117551761,117552216,117551988.5,+,456,48,1,-79
MafA_R1.macs2_peak_23699,Chr5,32942746,32943388,32943067,+,643,37,2,-97
MafA_R1.macs2_peak_23968,Chr5,52826735,52827311,52827023,+,577,31,10,20
MafA_R1.macs2_peak_25623,Chr6,28537527,28538606,28538066.5,+,1080,1167,2,57719
MafA_R1.macs2_peak_27100,Chr6,145800777,145802280,145801528.5,+,1504,3317,11,9618
MafA_R1.macs2_peak_26725,Chr6,115290128,115290999,115290563.5,+,872,1433,1,-47349
MafA_R1.macs2_peak_26385,Chr6,90689640,90691206,90690423,+,1567,1648,2,3088
MafA_R1.macs2_peak_26879,Chr6,127712602,127715074,127713838,+,2473,1219,6,32280
MafA_R1.macs2_peak_26263,Chr6,82101764,82102818,82102291,+,1055,1177,1,83682
MafA_R1.macs2_peak_27092,Chr6,145544328,145546073,145545200.5,+,1746,1231,22,-16489
MafA_R1.macs2_peak_26201,Chr6,70691118,70691999,70691558.5,+,882,851,20,77601
MafA_R1.macs2_peak_26721,Chr6,115103175,115104807,115103991,+,1633,1163,1,7805
MafA_R1.macs2_peak_26927,Chr6,134584171,134585206,134584688.5,+,1036,796,11,24763
MafA_R1.macs2_peak_27060,Chr6,142883796,142884993,142884394.5,+,1198,602,12,25784
MafA_R1.macs2_peak_25612,Chr6,26708239,26709462,26708850.5,+,1224,481,1,777425
MafA_R1.macs2_peak_26932,Chr6,134796875,134797409,134797142,+,535,598,3,-10020
MafA_R1.macs2_peak_26335,Chr6,86979723,86980493,86980108,+,771,541,3,-6710
MafA_R1.macs2_peak_26981,Chr6,138107170,138108573,138107871.5,+,1404,721,23,-9654
MafA_R1.macs2_peak_26610,Chr6,106054944,106055821,106055382.5,+,878,741,1,-40344
MafA_R1.macs2_peak_26778,Chr6,119035085,119036965,119036025,+,1881,1791,4,49431
MafA_R1.macs2_peak_26690,Chr6,113169500,113170601,113170050.5,+,1102,1662,4,2295
MafA_R1.macs2_peak_26463,Chr6,94590343,94590931,94590637,+,589,687,2,-7241
MafA_R1.macs2_peak_26781,Chr6,119062087,119063130,119062608.5,+,1044,581,3,22848
MafA_R1.macs2_peak_26780,Chr6,119058533,119060021,119059277,+,1489,871,23,26179
MafA_R1.macs2_peak_26517,Chr6,98287663,98289266,98288464.5,+,1604,745,7,31251
MafA_R1.macs2_peak_26957,Chr6,136232479,136233697,136233088,+,1219,746,3,-71449
MafA_R1.macs2_peak_26627,Chr6,107824946,107825906,107825426,+,961,370,15,-216580
MafA_R1.macs2_peak_26903,Chr6,129357096,129358646,129357871,+,1551,642,26,4595
MafA_R1.macs2_peak_25956,Chr6,50753501,50755347,50754424,+,1847,1103,1,1329
MafA_R1.macs2_peak_26490,Chr6,96375276,96376312,96375794,+,1037,475,1,-232628
MafA_R1.macs2_peak_26203,Chr6,70726254,70727552,70726903,+,1299,427,19,42256
MafA_R1.macs2_peak_25396,Chr6,3446977,3447829,3447403,+,853,462,6,47095
MafA_R1.macs2_peak_26693,Chr6,113309719,113310561,113310140,+,843,1149,4,6203
MafA_R1.macs2_peak_26549,Chr6,99988260,99989025,99988642.5,+,766,745,1,275677
MafA_R1.macs2_peak_25577,Chr6,22201797,22203120,22202458.5,+,1324,642,1,-85768
MafA_R1.macs2_peak_25610,Chr6,25881833,25882152,25881992.5,+,320,486,5,-49433
MafA_R1.macs2_peak_26938,Chr6,134938897,134939988,134939442.5,+,1092,754,11,-19522
MafA_R1.macs2_peak_26424,Chr6,92602889,92603676,92603282.5,+,788,356,2,-58935
MafA_R1.macs2_peak_26998,Chr6,139822454,139825101,139823777.5,+,2648,1365,1,36606
MafA_R1.macs2_peak_26351,Chr6,87528477,87531701,87530089,+,3225,544,8,-19848
MafA_R1.macs2_peak_26033,Chr6,54736443,54738101,54737272,+,1659,1130,5,-56629
MafA_R1.macs2_peak_26801,Chr6,120834994,120835747,120835370.5,+,754,397,2,22179
MafA_R1.macs2_peak_26921,Chr6,134184747,134186082,134185414.5,+,1336,901,11,172751
MafA_R1.macs2_peak_26616,Chr6,106622280,106622943,106622611.5,+,664,315,11,103387
MafA_R1.macs2_peak_26437,Chr6,93746443,93747692,93747067.5,+,1250,385,4,142877
MafA_R1.macs2_peak_26703,Chr6,113771868,113773205,113772536.5,+,1338,625,1,-54894
MafA_R1.macs2_peak_26350,Chr6,87522527,87523476,87523001.5,+,950,290,2,-12760
MafA_R1.macs2_peak_27071,Chr6,143718225,143719008,143718616.5,+,784,312,13,-121602
MafA_R1.macs2_peak_26973,Chr6,137547554,137548404,137547979,+,851,501,10,28
MafA_R1.macs2_peak_26779,Chr6,119055511,119057999,119056755,+,2489,942,10,28701
MafA_R1.macs2_peak_26809,Chr6,121120908,121121497,121121202.5,+,590,410,2,-13220
MafA_R1.macs2_peak_25468,Chr6,8667872,8668901,8668386.5,+,1030,524,1,90072
MafA_R1.macs2_peak_26387,Chr6,90701364,90702724,90702044,+,1361,689,13,-8533
MafA_R1.macs2_peak_25862,Chr6,43497735,43499462,43498598.5,+,1728,465,1,79235
MafA_R1.macs2_peak_25881,Chr6,45302715,45303354,45303034.5,+,640,252,1,266039
MafA_R1.macs2_peak_26562,Chr6,100460196,100461036,100460616,+,841,275,2,-43745
MafA_R1.macs2_peak_27139,Chr6,148298646,148299534,148299090,+,889,275,6,42936
MafA_R1.macs2_peak_26199,Chr6,70686251,70687380,70686815.5,+,1130,801,13,82344
MafA_R1.macs2_peak_26551,Chr6,100090585,100091237,100090911,+,653,325,6,173408
MafA_R1.macs2_peak_26321,Chr6,86456839,86458025,86457432,+,1187,640,1,380
MafA_R1.macs2_peak_26705,Chr6,113837331,113838585,113837958,+,1255,686,4,30542
MafA_R1.macs2_peak_26987,Chr6,138849623,138851493,138850558,+,1871,353,1,-215106
MafA_R1.macs2_peak_25900,Chr6,47216315,47217167,47216741,+,853,352,2,-4589
MafA_R1.macs2_peak_26568,Chr6,100909745,100910262,100910003.5,+,518,241,3,99404
MafA_R1.macs2_peak_25544,Chr6,17119815,17120383,17120099,+,569,301,1,51733
MafA_R1.macs2_peak_27087,Chr6,145417014,145417870,145417442,+,857,356,14,-36791
MafA_R1.macs2_peak_26440,Chr6,93804859,93806313,93805586,+,1455,538,5,84358
MafA_R1.macs2_peak_25899,Chr6,47204844,47206487,47205665.5,+,1644,683,5,-15665
MafA_R1.macs2_peak_26955,Chr6,136085990,136087370,136086680,+,1381,777,13,63863
MafA_R1.macs2_peak_26881,Chr6,127826937,127827985,127827461,+,1049,241,4,-37124
MafA_R1.macs2_peak_27023,Chr6,140895424,140897394,140896409,+,1971,239,1,-298586
MafA_R1.macs2_peak_27134,Chr6,148248673,148249920,148249296.5,+,1248,244,3,-6858
MafA_R1.macs2_peak_25595,Chr6,23014736,23015826,23015281,+,1091,430,14,117704
MafA_R1.macs2_peak_26991,Chr6,139052018,139053283,139052650.5,+,1266,453,1,246924
MafA_R1.macs2_peak_26014,Chr6,54147957,54149152,54148554.5,+,1196,745,12,-93289
MafA_R1.macs2_peak_26791,Chr6,120131581,120132950,120132265.5,+,1370,243,3,-38519
MafA_R1.macs2_peak_25799,Chr6,38215013,38215978,38215495.5,+,966,473,1,15579
MafA_R1.macs2_peak_26922,Chr6,134196763,134197615,134197189,+,853,205,6,-176103
MafA_R1.macs2_peak_26950,Chr6,135536037,135537155,135536596,+,1119,494,5,-99315
MafA_R1.macs2_peak_26776,Chr6,118966819,118967872,118967345.5,+,1054,442,10,110226
MafA_R1.macs2_peak_25804,Chr6,38458411,38459809,38459110,+,1399,589,4,-25150
MafA_R1.macs2_peak_26552,Chr6,100103876,100105510,100104693,+,1635,770,3,159626
MafA_R1.macs2_peak_25427,Chr6,6163016,6164230,6163623,+,1215,379,1,53550
MafA_R1.macs2_peak_26476,Chr6,95570771,95571788,95571279.5,+,1018,337,2,98584
MafA_R1.macs2_peak_25590,Chr6,22936692,22938349,22937520.5,+,1658,443,2,62019
MafA_R1.macs2_peak_26742,Chr6,116243380,116244160,116243770,+,781,240,1,277
MafA_R1.macs2_peak_26310,Chr6,85230654,85231729,85231191.5,+,1076,475,2,66278
MafA_R1.macs2_peak_26649,Chr6,111197994,111198532,111198263,+,539,164,2,575704
MafA_R1.macs2_peak_27093,Chr6,145546389,145547310,145546849.5,+,922,212,6,-14840
MafA_R1.macs2_peak_26975,Chr6,137588653,137589712,137589182.5,+,1060,258,8,37101
MafA_R1.macs2_peak_26936,Chr6,134865364,134866075,134865719.5,+,712,214,2,-895
MafA_R1.macs2_peak_26205,Chr6,70751151,70752529,70751840,+,1379,423,1,17319
MafA_R1.macs2_peak_26774,Chr6,118929233,118929770,118929501.5,+,538,213,1,72382
MafA_R1.macs2_peak_26740,Chr6,116033661,116034316,116033988.5,+,656,509,2,-16
MafA_R1.macs2_peak_26878,Chr6,127694402,127695609,127695005.5,+,1208,361,9,51113
MafA_R1.macs2_peak_26462,Chr6,94508790,94509617,94509203.5,+,828,173,2,31908
MafA_R1.macs2_peak_26676,Chr6,112791478,112792341,112791909.5,+,864,206,2,-118278
MafA_R1.macs2_peak_26650,Chr6,111251926,111252646,111252286,+,721,160,10,629727
MafA_R1.macs2_peak_26202,Chr6,70717404,70718058,70717731,+,655,153,9,51428
MafA_R1.macs2_peak_25594,Chr6,22983933,22984693,22984313,+,761,192,1,108812
MafA_R1.macs2_peak_25399,Chr6,3470440,3471271,3470855.5,+,832,331,2,23643
MafA_R1.macs2_peak_26522,Chr6,98670274,98671290,98670782,+,1017,145,2,334477
MafA_R1.macs2_peak_25927,Chr6,49631653,49634471,49633062,+,2819,277,12,-166628
MafA_R1.macs2_peak_26890,Chr6,128401307,128401916,128401611.5,+,610,849,4,262
MafA_R1.macs2_peak_26336,Chr6,87019239,87019679,87019459,+,441,1244,4,-369
MafA_R1.macs2_peak_26902,Chr6,129349172,129349711,129349441.5,+,540,143,6,13025
MafA_R1.macs2_peak_26471,Chr6,94812513,94813139,94812826,+,627,181,5,-107989
MafA_R1.macs2_peak_26970,Chr6,136784751,136785123,136784937,+,373,397,2,-309
MafA_R1.macs2_peak_26302,Chr6,84979612,84980617,84980114.5,+,1006,322,1,66381
MafA_R1.macs2_peak_25514,Chr6,14528138,14529588,14528863,+,1451,150,1,226410
MafA_R1.macs2_peak_26531,Chr6,99462434,99463262,99462848,+,829,150,2,35106
MafA_R1.macs2_peak_26669,Chr6,112529488,112530892,112530190,+,1405,208,1,-63404
MafA_R1.macs2_peak_26845,Chr6,125108299,125108753,125108526,+,455,745,1,-320
MafA_R1.macs2_peak_26504,Chr6,97311536,97311798,97311667,+,263,138,9,-81949
MafA_R1.macs2_peak_27094,Chr6,145573636,145574895,145574265.5,+,1260,152,10,12576
MafA_R1.macs2_peak_25419,Chr6,5389516,5390673,5390094.5,+,1158,225,3,-316
MafA_R1.macs2_peak_26946,Chr6,135300454,135300965,135300709.5,+,512,280,6,-4150
MafA_R1.macs2_peak_26639,Chr6,108588358,108589740,108589049,+,1383,195,1,11079
MafA_R1.macs2_peak_26775,Chr6,118954330,118955220,118954775,+,891,193,6,97656
MafA_R1.macs2_peak_25411,Chr6,4397206,4398556,4397881,+,1351,257,6,-107737
MafA_R1.macs2_peak_26468,Chr6,94676748,94677846,94677297,+,1099,508,2,-171
MafA_R1.macs2_peak_26624,Chr6,107685387,107685853,107685620,+,467,294,1,178933
MafA_R1.macs2_peak_26580,Chr6,102121987,102122578,102122282.5,+,592,120,1,-120779
MafA_R1.macs2_peak_26615,Chr6,106542731,106543543,106543137,+,813,161,10,182861
MafA_R1.macs2_peak_25657,Chr6,29036588,29037361,29036974.5,+,774,137,1,14356
MafA_R1.macs2_peak_25943,Chr6,50014438,50015653,50015045.5,+,1216,340,1,-72176
MafA_R1.macs2_peak_25875,Chr6,45087010,45088508,45087759,+,1499,183,3,50764
MafA_R1.macs2_peak_26906,Chr6,129390431,129391353,129390892,+,923,123,17,5067
MafA_R1.macs2_peak_27109,Chr6,146311546,146311856,146311701,+,311,251,2,92020
MafA_R1.macs2_peak_26928,Chr6,134591398,134592412,134591905,+,1015,466,10,17546
MafA_R1.macs2_peak_26565,Chr6,100540112,100541384,100540748,+,1273,377,1,36387
MafA_R1.macs2_peak_26619,Chr6,106987596,106988347,106987971.5,+,752,153,1,-210923
MafA_R1.macs2_peak_26961,Chr6,136359005,136359749,136359377,+,745,130,18,33190
MafA_R1.macs2_peak_26783,Chr6,119156916,119157344,119157130,+,429,184,1,4916
MafA_R1.macs2_peak_25575,Chr6,22117667,22118195,22117931,+,529,174,5,132022
MafA_R1.macs2_peak_26507,Chr6,97499714,97500257,97499985.5,+,544,137,5,-35204
MafA_R1.macs2_peak_26537,Chr6,99719981,99720233,99720107,+,253,137,4,-16754
MafA_R1.macs2_peak_25618,Chr6,28479623,28480562,28480092.5,+,940,462,2,-255
MafA_R1.macs2_peak_26008,Chr6,53206291,53207572,53206931.5,+,1282,289,1,8144
MafA_R1.macs2_peak_25549,Chr6,17589420,17590088,17589754,+,669,140,6,-47255
MafA_R1.macs2_peak_26043,Chr6,54969392,54969963,54969677.5,+,572,407,1,175
MafA_R1.macs2_peak_26538,Chr6,99738819,99739521,99739170,+,703,234,1,-35817
MafA_R1.macs2_peak_25586,Chr6,22544963,22545777,22545370,+,815,164,1,-189290
MafA_R1.macs2_peak_26367,Chr6,88944429,88945251,88944840,+,823,164,1,65607
MafA_R1.macs2_peak_26370,Chr6,89064582,89065139,89064860.5,+,558,164,1,-8232
MafA_R1.macs2_peak_26900,Chr6,129078111,129079108,129078609.5,+,998,164,24,-743
MafA_R1.macs2_peak_26868,Chr6,127302184,127302695,127302439.5,+,512,133,2,-17509
MafA_R1.macs2_peak_25819,Chr6,38963392,38964170,38963781,+,779,248,1,67861
MafA_R1.macs2_peak_26929,Chr6,134636257,134636762,134636509.5,+,506,130,3,18606
MafA_R1.macs2_peak_26575,Chr6,101078552,101079761,101079156.5,+,1210,357,5,268557
MafA_R1.macs2_peak_26948,Chr6,135352770,135353655,135353212.5,+,886,155,2,8721
MafA_R1.macs2_peak_26466,Chr6,94641759,94643196,94642477.5,+,1438,137,15,34649
MafA_R1.macs2_peak_26573,Chr6,101039661,101041200,101040430.5,+,1540,137,1,229831
MafA_R1.macs2_peak_26763,Chr6,118551285,118551746,118551515.5,+,462,132,6,-12283
MafA_R1.macs2_peak_26327,Chr6,86561688,86562630,86562159,+,943,387,4,-42997
MafA_R1.macs2_peak_26010,Chr6,53446708,53447793,53447250.5,+,1086,110,3,-103109
MafA_R1.macs2_peak_26808,Chr6,121115310,121115772,121115541,+,463,101,1,-7559
MafA_R1.macs2_peak_26329,Chr6,86698489,86699583,86699036,+,1095,169,1,11324
MafA_R1.macs2_peak_25725,Chr6,32081665,32082052,32081858.5,+,388,117,1,54635
MafA_R1.macs2_peak_26731,Chr6,115736120,115736999,115736559.5,+,880,151,1,-599
MafA_R1.macs2_peak_25816,Chr6,38903300,38904247,38903773.5,+,948,189,1,7853
MafA_R1.macs2_peak_26811,Chr6,121142362,121143538,121142950,+,1177,245,14,-17676
MafA_R1.macs2_peak_25924,Chr6,49344044,49344866,49344455,+,823,263,6,-218
MafA_R1.macs2_peak_26482,Chr6,95988042,95988980,95988511,+,939,127,2,-101624
MafA_R1.macs2_peak_26578,Chr6,101151872,101152840,101152356,+,969,222,1,202502
MafA_R1.macs2_peak_26708,Chr6,114324963,114325661,114325312,+,699,222,4,-49585
MafA_R1.macs2_peak_26499,Chr6,96971690,96972234,96971962,+,545,98,3,65410
MafA_R1.macs2_peak_26553,Chr6,100109919,100110629,100110274,+,711,173,1,154045
MafA_R1.macs2_peak_26983,Chr6,138350677,138351596,138351136.5,+,920,198,10,47376
MafA_R1.macs2_peak_26799,Chr6,120607641,120608696,120608168.5,+,1056,275,1,-35107
MafA_R1.macs2_peak_27135,Chr6,148260182,148261279,148260730.5,+,1098,275,1,4576
MafA_R1.macs2_peak_26554,Chr6,100117095,100118110,100117602.5,+,1016,392,11,146717
MafA_R1.macs2_peak_26761,Chr6,118115819,118116552,118116185.5,+,734,266,6,-84
MafA_R1.macs2_peak_25600,Chr6,23420060,23420478,23420269,+,419,100,3,-172006
MafA_R1.macs2_peak_26974,Chr6,137567570,137568033,137567801.5,+,464,100,11,-19794
MafA_R1.macs2_peak_25941,Chr6,49944607,49945342,49944974.5,+,736,137,2,-142247
MafA_R1.macs2_peak_26951,Chr6,135552104,135552842,135552473,+,739,137,4,-83438
MafA_R1.macs2_peak_26972,Chr6,137470815,137471436,137471125.5,+,622,137,6,25768
MafA_R1.macs2_peak_25673,Chr6,30357726,30358210,30357968,+,485,96,4,33051
MafA_R1.macs2_peak_25599,Chr6,23360616,23360943,23360779.5,+,328,108,2,-112516
MafA_R1.macs2_peak_26666,Chr6,112478052,112478659,112478355.5,+,608,108,1,-11569
MafA_R1.macs2_peak_26706,Chr6,113841824,113842477,113842150.5,+,654,111,1,26350
MafA_R1.macs2_peak_25572,Chr6,21888502,21889845,21889173.5,+,1344,151,5,-36641
MafA_R1.macs2_peak_25897,Chr6,47077952,47078494,47078223,+,543,86,1,-143107
MafA_R1.macs2_peak_26442,Chr6,93873151,93873961,93873556,+,811,86,2,16388
MafA_R1.macs2_peak_26492,Chr6,96414858,96415573,96415215.5,+,716,166,9,-272049
MafA_R1.macs2_peak_26480,Chr6,95823178,95823993,95823585.5,+,816,85,1,-127758
MafA_R1.macs2_peak_26266,Chr6,82131998,82132578,82132288,+,581,128,1,113679
MafA_R1.macs2_peak_26843,Chr6,125065505,125065939,125065722,+,435,547,1,-7222
MafA_R1.macs2_peak_25994,Chr6,52516129,52517786,52516957.5,+,1658,235,1,47521
MafA_R1.macs2_peak_26495,Chr6,96886253,96886557,96886405,+,305,84,1,150967
MafA_R1.macs2_peak_27086,Chr6,145391688,145392543,145392115.5,+,856,109,13,-11464
MafA_R1.macs2_peak_26919,Chr6,134124866,134125717,134125291.5,+,852,117,9,112628
MafA_R1.macs2_peak_27073,Chr6,144435654,144436573,144436113.5,+,920,93,2,-182481
MafA_R1.macs2_peak_25622,Chr6,28532297,28532757,28532527,+,461,105,1,52180
MafA_R1.macs2_peak_26613,Chr6,106364896,106365651,106365273.5,+,756,105,1,269370
MafA_R1.macs2_peak_26968,Chr6,136668562,136669306,136668934,+,745,105,6,-30043
MafA_R1.macs2_peak_26632,Chr6,108162292,108162945,108162618.5,+,654,225,2,-74
MafA_R1.macs2_peak_25418,Chr6,5177932,5178584,5178258,+,653,188,1,15688
MafA_R1.macs2_peak_26506,Chr6,97497784,97499217,97498500.5,+,1434,188,8,-33719
MafA_R1.macs2_peak_26467,Chr6,94653705,94654318,94654011.5,+,614,81,1,23115
MafA_R1.macs2_peak_26382,Chr6,90542712,90543327,90543019.5,+,616,92,4,15244
MafA_R1.macs2_peak_26475,Chr6,95490880,95492920,95491900,+,2041,219,22,177963
MafA_R1.macs2_peak_26724,Chr6,115202281,115202827,115202554,+,547,81,3,-13401
MafA_R1.macs2_peak_26510,Chr6,97559535,97560314,97559924.5,+,780,134,13,34694
MafA_R1.macs2_peak_26200,Chr6,70690052,70690732,70690392,+,681,149,21,78767
MafA_R1.macs2_peak_25918,Chr6,48531794,48532128,48531961,+,335,296,1,228
MafA_R1.macs2_peak_26850,Chr6,125331528,125331994,125331761,+,467,140,2,5075
MafA_R1.macs2_peak_26935,Chr6,134826368,134827950,134827159,+,1583,195,7,19997
MafA_R1.macs2_peak_26654,Chr6,111509933,111510276,111510104.5,+,344,76,1,-677565
MafA_R1.macs2_peak_25853,Chr6,42320646,42321191,42320918.5,+,546,79,1,-5844
MafA_R1.macs2_peak_26930,Chr6,134646021,134646920,134646470.5,+,900,101,10,28567
MafA_R1.macs2_peak_26941,Chr6,135097419,135097674,135097546.5,+,256,101,3,-2265
MafA_R1.macs2_peak_27072,Chr6,143772854,143773479,143773166.5,+,626,75,4,119666
MafA_R1.macs2_peak_26797,Chr6,120508569,120509359,120508964,+,791,127,1,-704
MafA_R1.macs2_peak_26502,Chr6,97186809,97187604,97187206.5,+,796,185,4,-547
MafA_R1.macs2_peak_27108,Chr6,146203644,146204192,146203918,+,549,96,8,199803
MafA_R1.macs2_peak_25842,Chr6,39907521,39907795,39907658,+,275,81,4,59288
MafA_R1.macs2_peak_27106,Chr6,146172071,146172726,146172398.5,+,656,111,1,231323
MafA_R1.macs2_peak_26448,Chr6,94067185,94067916,94067550.5,+,732,126,7,146873
MafA_R1.macs2_peak_26034,Chr6,54754382,54755274,54754828,+,893,141,3,-39073
MafA_R1.macs2_peak_26439,Chr6,93798507,93799602,93799054.5,+,1096,141,7,90890
MafA_R1.macs2_peak_26943,Chr6,135152012,135152485,135152248.5,+,474,141,8,-7035
MafA_R1.macs2_peak_26784,Chr6,119310041,119310480,119310260.5,+,440,88,1,-2533
MafA_R1.macs2_peak_27066,Chr6,143610691,143611517,143611104,+,827,265,3,-14090
MafA_R1.macs2_peak_26456,Chr6,94163214,94164445,94163829.5,+,1232,115,2,50594
MafA_R1.macs2_peak_27098,Chr6,145738918,145739168,145739043,+,251,75,3,46530
MafA_R1.macs2_peak_26368,Chr6,88985496,88986218,88985857,+,723,164,2,-87235
MafA_R1.macs2_peak_26909,Chr6,129509299,129511041,129510170,+,1743,375,1,15
MafA_R1.macs2_peak_26449,Chr6,94071335,94072029,94071682,+,695,100,9,142741
MafA_R1.macs2_peak_26746,Chr6,116362626,116363401,116363013.5,+,776,96,1,48030
MafA_R1.macs2_peak_26800,Chr6,120784169,120784841,120784505,+,673,96,1,15154
MafA_R1.macs2_peak_26441,Chr6,93812090,93812689,93812389.5,+,600,75,3,77555
MafA_R1.macs2_peak_26262,Chr6,82096506,82096963,82096734.5,+,458,92,2,78125
MafA_R1.macs2_peak_27090,Chr6,145521035,145521309,145521172,+,275,92,2,-40517
MafA_R1.macs2_peak_26971,Chr6,137388962,137389623,137389292.5,+,662,118,5,1573
MafA_R1.macs2_peak_26349,Chr6,87455973,87456755,87456364,+,783,85,7,16945
MafA_R1.macs2_peak_25583,Chr6,22361931,22362483,22362207,+,553,81,6,-6127
MafA_R1.macs2_peak_25880,Chr6,45300507,45301113,45300810,+,607,81,7,263815
MafA_R1.macs2_peak_27107,Chr6,146173675,146174201,146173938,+,527,77,9,229783
MafA_R1.macs2_peak_25576,Chr6,22121983,22122485,22122234,+,503,73,11,136325
MafA_R1.macs2_peak_26516,Chr6,98248768,98249059,98248913.5,+,292,73,1,70802
MafA_R1.macs2_peak_26520,Chr6,98491165,98491738,98491451.5,+,574,73,1,-171736
MafA_R1.macs2_peak_27099,Chr6,145776012,145776273,145776142.5,+,262,73,2,35004
MafA_R1.macs2_peak_25969,Chr6,51500324,51500813,51500568.5,+,490,79,1,-315
MafA_R1.macs2_peak_25584,Chr6,22378343,22378640,22378491.5,+,298,66,1,-22411
MafA_R1.macs2_peak_26762,Chr6,118396494,118397093,118396793.5,+,600,541,1,-415
MafA_R1.macs2_peak_25794,Chr6,37419369,37419678,37419523.5,+,310,213,1,-440
MafA_R1.macs2_peak_26949,Chr6,135486790,135487084,135486937,+,295,65,4,142446
MafA_R1.macs2_peak_26513,Chr6,97632836,97633511,97633173.5,+,676,110,18,-38555
MafA_R1.macs2_peak_25916,Chr6,48335637,48335917,48335777,+,281,61,2,36565
MafA_R1.macs2_peak_25625,Chr6,28572637,28573764,28573200.5,+,1128,258,9,92853
MafA_R1.macs2_peak_27063,Chr6,143098034,143098411,143098222.5,+,378,94,5,1435
MafA_R1.macs2_peak_27091,Chr6,145537964,145538658,145538311,+,695,94,14,-23378
MafA_R1.macs2_peak_26271,Chr6,83055363,83055613,83055488,+,251,559,1,117
MafA_R1.macs2_peak_26633,Chr6,108255175,108255664,108255419.5,+,490,73,1,65362
MafA_R1.macs2_peak_25400,Chr6,3479876,3480564,3480220,+,689,80,6,14278
MafA_R1.macs2_peak_25578,Chr6,22207246,22207504,22207375,+,259,60,1,-80851
MafA_R1.macs2_peak_26494,Chr6,96484204,96484780,96484492,+,577,111,2,-341326
MafA_R1.macs2_peak_26965,Chr6,136495765,136496451,136496108,+,687,211,4,259
MafA_R1.macs2_peak_25551,Chr6,17669987,17670290,17670138.5,+,304,63,1,-23855
MafA_R1.macs2_peak_26651,Chr6,111270617,111271172,111270894.5,+,556,79,4,648335
MafA_R1.macs2_peak_26926,Chr6,134429574,134430178,134429876,+,605,79,11,38485
MafA_R1.macs2_peak_26942,Chr6,135121379,135121661,135121520,+,283,79,2,23693
MafA_R1.macs2_peak_26491,Chr6,96413404,96413713,96413558.5,+,310,72,2,-270392
MafA_R1.macs2_peak_27069,Chr6,143672925,143673424,143673174.5,+,500,72,1,-76160
MafA_R1.macs2_peak_26678,Chr6,112862190,112862674,112862432,+,485,117,5,61795
MafA_R1.macs2_peak_26735,Chr6,115945356,115946224,115945790,+,869,117,3,23898
MafA_R1.macs2_peak_25637,Chr6,28747953,28749145,28748549,+,1193,156,1,83197
MafA_R1.macs2_peak_26880,Chr6,127736730,127737294,127737012,+,565,69,1,9106
MafA_R1.macs2_peak_25852,Chr6,42316813,42317505,42317159,+,693,61,1,-9603
MafA_R1.macs2_peak_26430,Chr6,93043464,93043866,93043665,+,403,61,1,-123150
MafA_R1.macs2_peak_25433,Chr6,6561382,6561909,6561645.5,+,528,58,6,17013
MafA_R1.macs2_peak_26867,Chr6,127251697,127252496,127252096.5,+,800,64,4,32834
MafA_R1.macs2_peak_26956,Chr6,136107281,136107577,136107429,+,297,87,1,43114
MafA_R1.macs2_peak_27089,Chr6,145428839,145429515,145429177,+,677,86,11,-48526
MafA_R1.macs2_peak_25676,Chr6,30476387,30478111,30477249,+,1725,172,2,16265
MafA_R1.macs2_peak_26438,Chr6,93796774,93797943,93797358.5,+,1170,172,5,92586
MafA_R1.macs2_peak_26988,Chr6,138888192,138888566,138888379,+,375,57,4,-252927
MafA_R1.macs2_peak_26954,Chr6,135884418,135884899,135884658.5,+,482,109,7,248747
MafA_R1.macs2_peak_26977,Chr6,137728617,137729060,137728838.5,+,444,109,5,-2737
MafA_R1.macs2_peak_26899,Chr6,129072076,129072537,129072306.5,+,462,71,4,5560
MafA_R1.macs2_peak_26256,Chr6,81439127,81439432,81439279.5,+,306,52,3,433365
MafA_R1.macs2_peak_26976,Chr6,137711556,137712281,137711918.5,+,726,188,19,-162
MafA_R1.macs2_peak_25923,Chr6,49296171,49297369,49296770,+,1199,208,6,562
MafA_R1.macs2_peak_26005,Chr6,52964281,52964619,52964450,+,339,58,1,-77845
MafA_R1.macs2_peak_26425,Chr6,92641869,92642539,92642204,+,671,58,5,40961
MafA_R1.macs2_peak_27067,Chr6,143613553,143614033,143613793,+,481,61,1,-16779
MafA_R1.macs2_peak_26658,Chr6,112187478,112188079,112187778.5,+,602,79,1,109
MafA_R1.macs2_peak_26419,Chr6,92293556,92294142,92293849,+,587,125,1,-72218
MafA_R1.macs2_peak_26978,Chr6,137731105,137731814,137731459.5,+,710,125,18,-116
MafA_R1.macs2_peak_26787,Chr6,119498547,119499199,119498873,+,653,102,1,22435
MafA_R1.macs2_peak_26330,Chr6,86790150,86790700,86790425,+,551,57,7,-19859
MafA_R1.macs2_peak_26744,Chr6,116314681,116315337,116315009,+,657,343,1,26
MafA_R1.macs2_peak_26539,Chr6,99760202,99761215,99760708.5,+,1014,79,16,-57355
MafA_R1.macs2_peak_26857,Chr6,127057043,127057543,127057293,+,501,166,5,7428
MafA_R1.macs2_peak_25445,Chr6,7778434,7779460,7778947,+,1027,110,1,-66277
MafA_R1.macs2_peak_27097,Chr6,145695959,145696599,145696279,+,641,110,7,3766
MafA_R1.macs2_peak_25438,Chr6,6915186,6915666,6915426,+,481,53,6,-33358
MafA_R1.macs2_peak_26605,Chr6,105736493,105737019,105736756,+,527,53,8,82050
MafA_R1.macs2_peak_26628,Chr6,107826575,107826920,107826747.5,+,346,53,10,-215259
MafA_R1.macs2_peak_26853,Chr6,125457152,125457555,125457353.5,+,404,53,1,14370
MafA_R1.macs2_peak_25626,Chr6,28576466,28576811,28576638.5,+,346,86,2,96291
MafA_R1.macs2_peak_26805,Chr6,121003308,121004815,121004061.5,+,1508,118,5,-37364
MafA_R1.macs2_peak_26260,Chr6,81961250,81961630,81961440,+,381,80,7,138
MafA_R1.macs2_peak_26749,Chr6,116798188,116798580,116798384,+,393,64,1,-104665
MafA_R1.macs2_peak_26807,Chr6,121107264,121107799,121107531.5,+,536,191,6,451
MafA_R1.macs2_peak_25582,Chr6,22355906,22356908,22356407,+,1003,159,1,-327
MafA_R1.macs2_peak_26560,Chr6,100414745,100416360,100415552.5,+,1616,159,8,-88809
MafA_R1.macs2_peak_26445,Chr6,93988439,93989383,93988911,+,945,94,1,-98240
MafA_R1.macs2_peak_26465,Chr6,94630542,94631079,94630810.5,+,538,63,6,46316
MafA_R1.macs2_peak_26885,Chr6,127957695,127958310,127958002.5,+,616,63,7,93417
MafA_R1.macs2_peak_27085,Chr6,145387374,145387984,145387679,+,611,63,4,-7028
MafA_R1.macs2_peak_26477,Chr6,95589584,95590109,95589846.5,+,526,60,1,80017
MafA_R1.macs2_peak_27104,Chr6,145980708,145981334,145981021,+,627,57,11,145401
MafA_R1.macs2_peak_26567,Chr6,100859503,100860358,100859930.5,+,856,167,1,49331
MafA_R1.macs2_peak_26802,Chr6,120877657,120877915,120877786,+,259,51,5,15999
MafA_R1.macs2_peak_26634,Chr6,108316392,108316661,108316526.5,+,270,56,4,126469
MafA_R1.macs2_peak_26847,Chr6,125168795,125169088,125168941.5,+,294,297,2,-222
MafA_R1.macs2_peak_26450,Chr6,94080554,94080974,94080764,+,421,71,2,133659
MafA_R1.macs2_peak_26777,Chr6,119018272,119018697,119018484.5,+,426,71,2,66972
MafA_R1.macs2_peak_26050,Chr6,55179846,55180746,55180296,+,901,383,2,-72
MafA_R1.macs2_peak_26904,Chr6,129359063,129359735,129359399,+,673,80,8,3067
MafA_R1.macs2_peak_26052,Chr6,55420198,55420473,55420335.5,+,276,50,1,-8628
MafA_R1.macs2_peak_26704,Chr6,113775939,113776816,113776377.5,+,878,119,1,-58735
MafA_R1.macs2_peak_26337,Chr6,87078428,87078940,87078684,+,513,138,3,-3044
MafA_R1.macs2_peak_26012,Chr6,53771296,53771699,53771497.5,+,404,52,1,26313
MafA_R1.macs2_peak_26969,Chr6,136780601,136782242,136781421.5,+,1642,252,1,8
MafA_R1.macs2_peak_25636,Chr6,28743515,28744246,28743880.5,+,732,79,2,87866
MafA_R1.macs2_peak_26338,Chr6,87088372,87088730,87088551,+,359,79,6,6823
MafA_R1.macs2_peak_26984,Chr6,138397617,138398644,138398130.5,+,1028,128,2,382
MafA_R1.macs2_peak_25394,Chr6,3399209,3399562,3399385.5,+,354,44,2,186
MafA_R1.macs2_peak_25876,Chr6,45118417,45118753,45118585,+,337,44,2,81590
MafA_R1.macs2_peak_25798,Chr6,38121227,38121499,38121363,+,273,87,5,-19842
MafA_R1.macs2_peak_25616,Chr6,28450729,28451327,28451028,+,599,136,1,-1689
MafA_R1.macs2_peak_26979,Chr6,137862923,137863398,137863160.5,+,476,44,8,131585
MafA_R1.macs2_peak_26207,Chr6,70781502,70783500,70782501,+,1999,287,1,-13342
MafA_R1.macs2_peak_26435,Chr6,93557404,93557705,93557554.5,+,302,60,1,332390
MafA_R1.macs2_peak_26298,Chr6,84943080,84943575,84943327.5,+,496,49,1,103168
MafA_R1.macs2_peak_26479,Chr6,95697430,95697949,95697689.5,+,520,54,6,-1862
MafA_R1.macs2_peak_26214,Chr6,70848635,70849757,70849196,+,1123,154,1,27697
MafA_R1.macs2_peak_26389,Chr6,90806437,90806925,90806681,+,489,68,1,-19576
MafA_R1.macs2_peak_26431,Chr6,93117150,93117508,93117329,+,359,48,1,-196814
MafA_R1.macs2_peak_27068,Chr6,143655414,143655722,143655568,+,309,48,3,-58554
MafA_R1.macs2_peak_27103,Chr6,145944558,145944972,145944765,+,415,48,6,64918
MafA_R1.macs2_peak_26996,Chr6,139806291,139807205,139806748,+,915,53,1,19577
MafA_R1.macs2_peak_27062,Chr6,143090575,143091442,143091008.5,+,868,64,3,8649
MafA_R1.macs2_peak_26659,Chr6,112250314,112251381,112250847.5,+,1068,121,1,128
MafA_R1.macs2_peak_25553,Chr6,17946530,17947029,17946779.5,+,500,56,2,83665
MafA_R1.macs2_peak_25640,Chr6,28789448,28790106,28789777,+,659,56,1,41969
MafA_R1.macs2_peak_26036,Chr6,54767018,54767462,54767240,+,445,56,3,-26661
MafA_R1.macs2_peak_26315,Chr6,85461169,85461914,85461541.5,+,746,56,1,18435
MafA_R1.macs2_peak_26982,Chr6,138337445,138337822,138337633.5,+,378,56,2,60879
MafA_R1.macs2_peak_27096,Chr6,145579612,145580277,145579944.5,+,666,56,16,18255
MafA_R1.macs2_peak_27105,Chr6,146057929,146058290,146058109.5,+,362,56,2,222489
MafA_R1.macs2_peak_27129,Chr6,147590274,147590622,147590448,+,349,56,1,-1291
MafA_R1.macs2_peak_26478,Chr6,95695158,95696324,95695741,+,1167,138,8,86
MafA_R1.macs2_peak_26743,Chr6,116257370,116257902,116257636,+,533,64,2,14143
MafA_R1.macs2_peak_26646,Chr6,108815145,108815607,108815376,+,463,47,2,9774
MafA_R1.macs2_peak_26259,Chr6,81950324,81950595,81950459.5,+,272,41,4,-7529
MafA_R1.macs2_peak_26453,Chr6,94125091,94125733,94125412,+,643,72,1,89011
MafA_R1.macs2_peak_26911,Chr6,131286423,131287089,131286756,+,667,72,15,4034
MafA_R1.macs2_peak_27070,Chr6,143697217,143697474,143697345.5,+,258,72,5,-100331
MafA_R1.macs2_peak_25944,Chr6,50094119,50094629,50094374,+,511,57,2,6534
MafA_R1.macs2_peak_26210,Chr6,70791441,70792079,70791760,+,639,57,1,-22601
MafA_R1.macs2_peak_26939,Chr6,134953519,134954127,134953823,+,609,53,4,-5141
MafA_R1.macs2_peak_26316,Chr6,85892737,85892987,85892862,+,251,149,1,-91
MafA_R1.macs2_peak_26508,Chr6,97503117,97503699,97503408,+,583,47,5,-38627
MafA_R1.macs2_peak_26047,Chr6,55039275,55039799,55039537,+,525,42,1,24551
MafA_R1.macs2_peak_26810,Chr6,121136819,121137157,121136988,+,339,39,2,-23638
MafA_R1.macs2_peak_26326,Chr6,86546426,86547025,86546725.5,+,600,79,1,42342
MafA_R1.macs2_peak_26609,Chr6,106025238,106025948,106025593,+,711,73,1,-70133
MafA_R1.macs2_peak_26859,Chr6,127081736,127082531,127082133.5,+,796,73,1,4382
MafA_R1.macs2_peak_26945,Chr6,135229568,135229835,135229701.5,+,268,73,6,1633
MafA_R1.macs2_peak_26035,Chr6,54756982,54757450,54757216,+,469,65,1,-36685
MafA_R1.macs2_peak_26366,Chr6,88848165,88848624,88848394.5,+,460,65,1,2632
MafA_R1.macs2_peak_26493,Chr6,96466190,96466438,96466314,+,249,65,1,-323148
MafA_R1.macs2_peak_26768,Chr6,118822765,118823447,118823106,+,683,65,7,-34013
MafA_R1.macs2_peak_26773,Chr6,118912777,118913055,118912916,+,279,41,2,55797
MafA_R1.macs2_peak_26653,Chr6,111350063,111350403,111350233,+,341,56,4,727674
MafA_R1.macs2_peak_26685,Chr6,113043297,113043592,113043444.5,+,296,43,1,10761
MafA_R1.macs2_peak_26514,Chr6,97643964,97644219,97644091.5,+,256,36,1,-49473
MafA_R1.macs2_peak_26523,Chr6,99061820,99062095,99061957.5,+,276,36,2,-56698
MafA_R1.macs2_peak_25727,Chr6,32305339,32305636,32305487.5,+,298,48,6,-182589
MafA_R1.macs2_peak_26505,Chr6,97323677,97323999,97323838,+,323,48,1,-94120
MafA_R1.macs2_peak_26964,Chr6,136476122,136476828,136476475,+,707,48,11,-19374
MafA_R1.macs2_peak_26960,Chr6,136330601,136331176,136330888.5,+,576,53,5,26351
MafA_R1.macs2_peak_26511,Chr6,97573209,97573732,97573470.5,+,524,66,1,21148
MafA_R1.macs2_peak_25596,Chr6,23210057,23210679,23210368,+,623,45,1,37895
MafA_R1.macs2_peak_26872,Chr6,127538218,127538951,127538584.5,+,734,202,1,285
MafA_R1.macs2_peak_26561,Chr6,100424097,100424703,100424400,+,607,75,6,-79961
MafA_R1.macs2_peak_26629,Chr6,108042013,108042661,108042337,+,649,249,3,331
MafA_R1.macs2_peak_26608,Chr6,105915431,105916256,105915843.5,+,826,46,2,-179883
MafA_R1.macs2_peak_26527,Chr6,99201234,99201616,99201425,+,383,58,1,-39445
MafA_R1.macs2_peak_26556,Chr6,100139863,100140480,100140171.5,+,618,78,3,124148
MafA_R1.macs2_peak_26434,Chr6,93520154,93521159,93520656.5,+,1006,60,6,369288
MafA_R1.macs2_peak_27088,Chr6,145419268,145419751,145419509.5,+,484,50,7,-38858
MafA_R1.macs2_peak_26053,Chr6,55479199,55479560,55479379.5,+,362,37,1,50416
MafA_R1.macs2_peak_27095,Chr6,145578765,145579112,145578938.5,+,348,37,4,17249
MafA_R1.macs2_peak_25967,Chr6,51110971,51111241,51111106,+,271,32,1,135784
MafA_R1.macs2_peak_26677,Chr6,112800226,112800525,112800375.5,+,300,32,1,123852
MafA_R1.macs2_peak_25617,Chr6,28458957,28459206,28459081.5,+,250,56,4,-9742
MafA_R1.macs2_peak_26325,Chr6,86518553,86518807,86518680,+,255,39,1,14297
MafA_R1.macs2_peak_26934,Chr6,134807129,134807439,134807284,+,311,300,1,122
MafA_R1.macs2_peak_25963,Chr6,50970899,50971579,50971239,+,681,60,6,87853
MafA_R1.macs2_peak_26024,Chr6,54527867,54528355,54528111,+,489,60,1,15256
MafA_R1.macs2_peak_26488,Chr6,96228426,96229413,96228919.5,+,988,60,9,-85733
MafA_R1.macs2_peak_26550,Chr6,100049631,100050127,100049879,+,497,43,12,214440
MafA_R1.macs2_peak_26980,Chr6,137979060,137979638,137979349,+,579,33,3,77565
MafA_R1.macs2_peak_26944,Chr6,135226645,135227156,135226900.5,+,512,51,4,-2018
MafA_R1.macs2_peak_26626,Chr6,107689595,107690912,107690253.5,+,1318,71,1,183566
MafA_R1.macs2_peak_26013,Chr6,53812668,53813094,53812881,+,427,28,5,-15071
MafA_R1.macs2_peak_26577,Chr6,101102420,101102667,101102543.5,+,248,28,3,252315
MafA_R1.macs2_peak_26611,Chr6,106130698,106130979,106130838.5,+,282,28,4,34935
MafA_R1.macs2_peak_26953,Chr6,135805187,135805690,135805438.5,+,504,28,3,169527
MafA_R1.macs2_peak_27064,Chr6,143259854,143260101,143259977.5,+,248,28,1,68363
MafA_R1.macs2_peak_26614,Chr6,106444637,106444965,106444801,+,329,28,1,281197
MafA_R1.macs2_peak_26025,Chr6,54531554,54531818,54531686,+,265,34,1,11681
MafA_R1.macs2_peak_26617,Chr6,106639207,106639651,106639429,+,445,34,2,86569
MafA_R1.macs2_peak_25601,Chr6,23457544,23457844,23457694,+,301,43,2,192610
MafA_R1.macs2_peak_26683,Chr6,113004729,113005085,113004907,+,357,43,1,-18356
MafA_R1.macs2_peak_26966,Chr6,136527802,136528414,136528108,+,613,50,2,32259
MafA_R1.macs2_peak_26524,Chr6,99071770,99072661,99072215.5,+,892,73,1,-66956
MafA_R1.macs2_peak_26892,Chr6,128740734,128741088,128740911,+,355,82,1,24693
MafA_R1.macs2_peak_26959,Chr6,136314241,136314496,136314368.5,+,256,27,1,9831
MafA_R1.macs2_peak_26446,Chr6,94015745,94016003,94015874,+,259,31,1,-125203
MafA_R1.macs2_peak_26596,Chr6,103375726,103376002,103375864,+,277,26,1,-111973
MafA_R1.macs2_peak_26278,Chr6,83255865,83256426,83256145.5,+,562,35,1,38441
MafA_R1.macs2_peak_26905,Chr6,129370052,129370489,129370270.5,+,438,35,5,-3990
MafA_R1.macs2_peak_25907,Chr6,47755337,47755897,47755617,+,561,76,7,24969
MafA_R1.macs2_peak_26896,Chr6,128820309,128821097,128820703,+,789,174,1,-17425
MafA_R1.macs2_peak_26820,Chr6,121516247,121516657,121516452,+,411,26,10,-65815
MafA_R1.macs2_peak_25656,Chr6,29024108,29024576,29024342,+,469,36,3,1724
MafA_R1.macs2_peak_26871,Chr6,127506668,127506941,127506804.5,+,274,36,4,-31495
MafA_R1.macs2_peak_26855,Chr6,126916670,126917143,126916906.5,+,474,173,1,-23
MafA_R1.macs2_peak_25732,Chr6,32954585,32954928,32954756.5,+,344,67,2,82439
MafA_R1.macs2_peak_25675,Chr6,30403260,30403543,30403401.5,+,284,53,2,1547
MafA_R1.macs2_peak_26937,Chr6,134874871,134875735,134875303,+,865,166,7,-146
MafA_R1.macs2_peak_27061,Chr6,143088887,143089140,143089013.5,+,254,29,1,10644
MafA_R1.macs2_peak_26931,Chr6,134790778,134791408,134791093,+,631,48,5,-16069
MafA_R1.macs2_peak_26369,Chr6,88989966,88990348,88990157,+,383,43,1,-82935
MafA_R1.macs2_peak_26806,Chr6,121022253,121022794,121022523.5,+,542,70,3,-18902
MafA_R1.macs2_peak_26386,Chr6,90697046,90697335,90697190.5,+,290,27,2,-3679
MafA_R1.macs2_peak_26509,Chr6,97507697,97508148,97507922.5,+,452,38,4,-43141
MafA_R1.macs2_peak_26652,Chr6,111349543,111349799,111349671,+,257,45,6,727112
MafA_R1.macs2_peak_26687,Chr6,113053557,113054178,113053867.5,+,622,178,2,338
MafA_R1.macs2_peak_27002,Chr6,140045548,140045845,140045696.5,+,298,24,1,58413
MafA_R1.macs2_peak_25548,Chr6,17554784,17555055,17554919.5,+,272,34,7,-82090
MafA_R1.macs2_peak_26962,Chr6,136441657,136441939,136441798,+,283,35,2,-49231
MafA_R1.macs2_peak_26569,Chr6,100936636,100936965,100936800.5,+,330,23,1,126201
MafA_R1.macs2_peak_25926,Chr6,49589822,49590209,49590015.5,+,388,21,2,-209675
MafA_R1.macs2_peak_26496,Chr6,96913314,96913631,96913472.5,+,318,21,2,123900
MafA_R1.macs2_peak_26320,Chr6,86448547,86449182,86448864.5,+,636,82,1,8948
MafA_R1.macs2_peak_25593,Chr6,22982910,22983476,22983193,+,567,28,1,107692
MafA_R1.macs2_peak_26521,Chr6,98566230,98566518,98566374,+,289,28,1,-246659
MafA_R1.macs2_peak_26582,Chr6,102377475,102377955,102377715,+,481,28,1,63913
MafA_R1.macs2_peak_26741,Chr6,116242031,116242284,116242157.5,+,254,28,1,977
MafA_R1.macs2_peak_26913,Chr6,131365512,131365764,131365638,+,253,78,1,-225
MafA_R1.macs2_peak_26032,Chr6,54735442,54735749,54735595.5,+,308,25,2,-58306
MafA_R1.macs2_peak_26947,Chr6,135346531,135346841,135346686,+,311,31,1,2195
MafA_R1.macs2_peak_26460,Chr6,94377355,94377806,94377580.5,+,452,59,1,-99715
MafA_R1.macs2_peak_26891,Chr6,128573586,128574736,128574161,+,1151,88,11,-15592
MafA_R1.macs2_peak_25532,Chr6,16221013,16221347,16221180,+,335,33,1,500520
MafA_R1.macs2_peak_25728,Chr6,32354530,32355055,32354792.5,+,526,40,1,-133284
MafA_R1.macs2_peak_26856,Chr6,127011790,127012076,127011933,+,287,34,12,19428
MafA_R1.macs2_peak_26924,Chr6,134366753,134367033,134366893,+,281,26,8,-6399
MafA_R1.macs2_peak_27003,Chr6,140084120,140084532,140084326,+,413,26,2,97043
MafA_R1.macs2_peak_26894,Chr6,128776026,128776781,128776403.5,+,756,112,10,-10799
MafA_R1.macs2_peak_26483,Chr6,95994556,95994856,95994706,+,301,33,1,-95429
MafA_R1.macs2_peak_26846,Chr6,125143656,125144626,125144141,+,971,81,1,-711
MafA_R1.macs2_peak_25908,Chr6,47757647,47758230,47757938.5,+,584,83,1,22648
MafA_R1.macs2_peak_26728,Chr6,115521321,115521938,115521629.5,+,618,83,7,-23
MafA_R1.macs2_peak_27102,Chr6,145879330,145880072,145879701,+,743,68,2,-147
MafA_R1.macs2_peak_25609,Chr6,25808968,25809626,25809297,+,659,86,11,-80
MafA_R1.macs2_peak_26268,Chr6,82391457,82391706,82391581.5,+,250,20,1,12125
MafA_R1.macs2_peak_25879,Chr6,45281223,45281726,45281474.5,+,504,60,2,244479
MafA_R1.macs2_peak_26748,Chr6,116647890,116648227,116648058.5,+,338,60,1,2739
MafA_R1.macs2_peak_25896,Chr6,47077320,47077698,47077509,+,379,22,2,-143821
MafA_R1.macs2_peak_26958,Chr6,136254009,136254331,136254170,+,323,22,1,-50367
MafA_R1.macs2_peak_26812,Chr6,121162002,121162283,121162142.5,+,282,49,6,1516
MafA_R1.macs2_peak_25431,Chr6,6515940,6516262,6516101,+,323,25,1,62557
MafA_R1.macs2_peak_26436,Chr6,93734374,93734661,93734517.5,+,288,25,5,155427
MafA_R1.macs2_peak_26918,Chr6,134011990,134012568,134012279,+,579,124,4,-384
MafA_R1.macs2_peak_26862,Chr6,127128152,127129149,127128650.5,+,998,77,1,-639
MafA_R1.macs2_peak_26258,Chr6,81845304,81845925,81845614.5,+,622,28,4,27030
MafA_R1.macs2_peak_26534,Chr6,99499709,99500711,99500210,+,1003,96,1,-2256
MafA_R1.macs2_peak_26912,Chr6,131330132,131330591,131330361.5,+,460,53,1,35052
MafA_R1.macs2_peak_26590,Chr6,103342885,103343211,103343048,+,327,20,1,-144789
MafA_R1.macs2_peak_26952,Chr6,135559606,135559998,135559802,+,393,20,4,-76109
MafA_R1.macs2_peak_26720,Chr6,114965600,114966040,114965820,+,441,23,1,-19656
MafA_R1.macs2_peak_25919,Chr6,48749209,48749504,48749356.5,+,296,26,1,-1571
MafA_R1.macs2_peak_26323,Chr6,86502977,86503476,86503226.5,+,500,106,1,-55
MafA_R1.macs2_peak_26030,Chr6,54676358,54676820,54676589,+,463,40,5,17980
MafA_R1.macs2_peak_26794,Chr6,120340787,120341287,120341037,+,501,83,1,-23
MafA_R1.macs2_peak_25912,Chr6,47790021,47790563,47790292,+,543,90,4,154
MafA_R1.macs2_peak_26640,Chr6,108635885,108636774,108636329.5,+,890,86,2,-1261
MafA_R1.macs2_peak_26737,Chr6,115971744,115972272,115972008,+,529,58,3,-42
MafA_R1.macs2_peak_26558,Chr6,100264174,100264929,100264551.5,+,756,61,1,-232
MafA_R1.macs2_peak_26213,Chr6,70820534,70821753,70821143.5,+,1220,76,2,-356
MafA_R1.macs2_peak_26694,Chr6,113354539,113355066,113354802.5,+,528,120,1,-272
MafA_R1.macs2_peak_26525,Chr6,99150832,99151205,99151018.5,+,374,35,1,10962
MafA_R1.macs2_peak_27077,Chr6,145155493,145157150,145156321.5,+,1658,52,1,375
MafA_R1.macs2_peak_25439,Chr6,6955676,6956525,6956100.5,+,850,45,1,82
MafA_R1.macs2_peak_26925,Chr6,134390459,134391197,134390828,+,739,42,1,-563
MafA_R1.macs2_peak_26933,Chr6,134806552,134806839,134806695.5,+,288,30,3,-467
MafA_R1.macs2_peak_25434,Chr6,6578423,6579043,6578733,+,621,49,6,-75
MafA_R1.macs2_peak_26270,Chr6,82894397,82895082,82894739.5,+,686,21,10,22011
MafA_R1.macs2_peak_26963,Chr6,136445559,136446009,136445784,+,451,20,4,-50065
MafA_R1.macs2_peak_26722,Chr6,115111638,115112105,115111871.5,+,468,25,1,8
MafA_R1.macs2_peak_26324,Chr6,86503746,86504216,86503981,+,471,62,1,-331
MafA_R1.macs2_peak_26940,Chr6,134960497,134960958,134960727.5,+,462,30,6,1763
MafA_R1.macs2_peak_26772,Chr6,118898315,118898788,118898551.5,+,474,21,1,41432
MafA_R1.macs2_peak_26280,Chr6,83417694,83418942,83418318,+,1249,37,1,342
MafA_R1.macs2_peak_25917,Chr6,48513921,48514772,48514346.5,+,852,26,14,62
MafA_R1.macs2_peak_26398,Chr6,91450144,91450494,91450319,+,351,54,4,86
MafA_R1.macs2_peak_26206,Chr6,70768935,70769539,70769237,+,605,34,6,-78
MafA_R1.macs2_peak_26533,Chr6,99498902,99499390,99499146,+,489,33,1,-1192
MafA_R1.macs2_peak_28019,Chr7,79232801,79233514,79233157.5,+,714,1516,1,34248
MafA_R1.macs2_peak_28009,Chr7,78958581,78961151,78959866,+,2571,1261,1,36852
MafA_R1.macs2_peak_27281,Chr7,24435402,24436328,24435865,+,927,1559,19,-9532
MafA_R1.macs2_peak_28505,Chr7,116279490,116281551,116280520.5,+,2062,2761,2,176916
MafA_R1.macs2_peak_28080,Chr7,81215071,81215817,81215444,+,747,1458,2,1285
MafA_R1.macs2_peak_27371,Chr7,29789630,29790985,29790307.5,+,1356,3076,4,-372
MafA_R1.macs2_peak_27266,Chr7,19564508,19565761,19565134.5,+,1254,1550,7,-8454
MafA_R1.macs2_peak_28775,Chr7,129651742,129653244,129652493,+,1503,1243,7,88604
MafA_R1.macs2_peak_27654,Chr7,49591775,49592598,49592186.5,+,824,740,15,30738
MafA_R1.macs2_peak_28504,Chr7,116253398,116254946,116254172,+,1549,989,12,150568
MafA_R1.macs2_peak_27408,Chr7,34403390,34405145,34404267.5,+,1756,1538,27,-49333
MafA_R1.macs2_peak_28439,Chr7,112406126,112407264,112406695,+,1139,1509,4,128132
MafA_R1.macs2_peak_27572,Chr7,46108105,46110060,46109082.5,+,1956,2294,11,63190
MafA_R1.macs2_peak_28483,Chr7,113909719,113911271,113910495,+,1553,991,5,-35144
MafA_R1.macs2_peak_28635,Chr7,122667057,122669021,122668039,+,1965,1203,6,-55069
MafA_R1.macs2_peak_27962,Chr7,76539128,76540790,76539959,+,1663,687,14,660324
MafA_R1.macs2_peak_28507,Chr7,116375666,116376595,116376130.5,+,930,579,5,272526
MafA_R1.macs2_peak_27256,Chr7,19076802,19078183,19077492.5,+,1382,1817,13,-1504
MafA_R1.macs2_peak_28298,Chr7,100381712,100382951,100382331.5,+,1240,523,1,26489
MafA_R1.macs2_peak_27665,Chr7,50006384,50007856,50007120,+,1473,837,7,218512
MafA_R1.macs2_peak_27550,Chr7,45771843,45773966,45772904.5,+,2124,1407,23,-22716
MafA_R1.macs2_peak_28633,Chr7,122658658,122659637,122659147.5,+,980,446,4,-63961
MafA_R1.macs2_peak_28444,Chr7,112439372,112440151,112439761.5,+,780,499,2,-113408
MafA_R1.macs2_peak_27726,Chr7,55393814,55395341,55394577.5,+,1528,978,10,-23355
MafA_R1.macs2_peak_27730,Chr7,55560270,55561793,55561031.5,+,1524,1135,15,51210
MafA_R1.macs2_peak_28083,Chr7,81375697,81376719,81376208,+,1023,732,7,-19535
MafA_R1.macs2_peak_27713,Chr7,53643969,53644994,53644481.5,+,1026,551,11,-102844
MafA_R1.macs2_peak_28285,Chr7,100079329,100080706,100080017.5,+,1378,723,5,-42181
MafA_R1.macs2_peak_27559,Chr7,45804639,45805971,45805305,+,1333,625,18,24152
MafA_R1.macs2_peak_28426,Chr7,112134616,112135230,112134923,+,615,411,1,-33
MafA_R1.macs2_peak_27423,Chr7,35071724,35073297,35072510.5,+,1574,1238,5,23682
MafA_R1.macs2_peak_28479,Chr7,113798145,113800356,113799250.5,+,2212,601,1,54665
MafA_R1.macs2_peak_27852,Chr7,67198595,67199509,67199052,+,915,706,2,95932
MafA_R1.macs2_peak_27512,Chr7,44337917,44339188,44338552.5,+,1272,489,9,-18285
MafA_R1.macs2_peak_28043,Chr7,79816027,79817310,79816668.5,+,1284,733,2,-19921
MafA_R1.macs2_peak_27608,Chr7,48724262,48727043,48725652.5,+,2782,838,26,86254
MafA_R1.macs2_peak_28687,Chr7,125565231,125566092,125565661.5,+,862,411,1,115922
MafA_R1.macs2_peak_27623,Chr7,48856758,48857570,48857164,+,813,437,6,-38773
MafA_R1.macs2_peak_27499,Chr7,44027546,44028250,44027898,+,705,703,9,-3444
MafA_R1.macs2_peak_27738,Chr7,56082040,56083586,56082813,+,1547,545,4,193306
MafA_R1.macs2_peak_27884,Chr7,72235586,72236993,72236289.5,+,1408,340,1,-279946
MafA_R1.macs2_peak_27965,Chr7,76855093,76855959,76855526,+,867,389,1,975891
MafA_R1.macs2_peak_28917,Chr7,137461493,137462701,137462097,+,1209,371,2,422694
MafA_R1.macs2_peak_28029,Chr7,79706321,79707494,79706907.5,+,1174,593,4,18098
MafA_R1.macs2_peak_27462,Chr7,37866725,37867517,37867121,+,793,507,6,-15521
MafA_R1.macs2_peak_28459,Chr7,112849861,112850706,112850283.5,+,846,424,1,43565
MafA_R1.macs2_peak_27566,Chr7,45970408,45971231,45970819.5,+,824,314,8,-50008
MafA_R1.macs2_peak_27624,Chr7,48883056,48884287,48883671.5,+,1232,498,14,-12266
MafA_R1.macs2_peak_27215,Chr7,15836552,15839038,15837795,+,2487,1287,5,5290
MafA_R1.macs2_peak_27718,Chr7,54548093,54548588,54548340.5,+,496,300,1,63347
MafA_R1.macs2_peak_28255,Chr7,98561689,98563256,98562472.5,+,1568,470,2,74420
MafA_R1.macs2_peak_28799,Chr7,130283124,130284195,130283659.5,+,1072,730,11,-10689
MafA_R1.macs2_peak_27953,Chr7,75563454,75564037,75563745.5,+,584,400,1,65659
MafA_R1.macs2_peak_27653,Chr7,49572629,49573604,49573116.5,+,976,573,4,11668
MafA_R1.macs2_peak_27561,Chr7,45811547,45814148,45812847.5,+,2602,446,27,16610
MafA_R1.macs2_peak_27650,Chr7,49532078,49533244,49532661,+,1167,621,16,-27386
MafA_R1.macs2_peak_27673,Chr7,50348233,50349982,50349107.5,+,1750,621,13,100169
MafA_R1.macs2_peak_28128,Chr7,84338710,84339545,84339127.5,+,836,1602,1,38
MafA_R1.macs2_peak_28673,Chr7,124934290,124935623,124934956.5,+,1334,901,5,14002
MafA_R1.macs2_peak_27413,Chr7,34611334,34612417,34611875.5,+,1084,661,12,43
MafA_R1.macs2_peak_28057,Chr7,80278013,80279056,80278534.5,+,1044,275,7,-7231
MafA_R1.macs2_peak_27383,Chr7,30140000,30140805,30140402.5,+,806,515,3,4605
MafA_R1.macs2_peak_27865,Chr7,67789822,67790535,67790178.5,+,714,277,1,123803
MafA_R1.macs2_peak_28169,Chr7,92069465,92070358,92069911.5,+,894,326,1,-140446
MafA_R1.macs2_peak_27466,Chr7,39193776,39194577,39194176.5,+,802,737,3,26986
MafA_R1.macs2_peak_28411,Chr7,111801326,111802472,111801899,+,1147,763,2,-23144
MafA_R1.macs2_peak_28297,Chr7,100355060,100356058,100355559,+,999,1065,1,-283
MafA_R1.macs2_peak_27516,Chr7,44441990,44442783,44442386.5,+,794,265,16,22696
MafA_R1.macs2_peak_28155,Chr7,90949442,90950443,90949942.5,+,1002,265,2,209948
MafA_R1.macs2_peak_27479,Chr7,39997673,39998676,39998174.5,+,1004,277,1,-325987
MafA_R1.macs2_peak_27551,Chr7,45777258,45778686,45777972,+,1429,677,38,-27784
MafA_R1.macs2_peak_28545,Chr7,117495667,117496278,117495972.5,+,612,404,1,219398
MafA_R1.macs2_peak_27584,Chr7,46330353,46331344,46330848.5,+,992,278,14,-8887
MafA_R1.macs2_peak_27638,Chr7,49412217,49413086,49412651.5,+,870,444,9,3391
MafA_R1.macs2_peak_28674,Chr7,124939343,124940138,124939740.5,+,796,273,5,9218
MafA_R1.macs2_peak_27556,Chr7,45794914,45796234,45795574,+,1321,767,23,33883
MafA_R1.macs2_peak_28166,Chr7,92022692,92024048,92023370,+,1357,439,3,139192
MafA_R1.macs2_peak_28798,Chr7,130270138,130271164,130270651,+,1027,382,8,-23697
MafA_R1.macs2_peak_28409,Chr7,111602904,111603593,111603248.5,+,690,241,5,-19465
MafA_R1.macs2_peak_27887,Chr7,72401029,72402187,72401608,+,1159,306,1,350208
MafA_R1.macs2_peak_27189,Chr7,6886052,6886961,6886506.5,+,910,441,1,79920
MafA_R1.macs2_peak_28052,Chr7,79974995,79975468,79975231.5,+,474,428,4,-1029
MafA_R1.macs2_peak_27467,Chr7,39201617,39202185,39201901,+,569,976,3,34711
MafA_R1.macs2_peak_27586,Chr7,46488458,46489063,46488760.5,+,606,280,6,-6468
MafA_R1.macs2_peak_28412,Chr7,111812062,111812949,111812505.5,+,888,464,6,-12538
MafA_R1.macs2_peak_27217,Chr7,15941211,15941995,15941603,+,785,371,7,14315
MafA_R1.macs2_peak_28595,Chr7,121184227,121185674,121184950.5,+,1448,547,1,4109
MafA_R1.macs2_peak_27500,Chr7,44031643,44034290,44032966.5,+,2648,804,14,-584
MafA_R1.macs2_peak_27552,Chr7,45780161,45782282,45781221.5,+,2122,627,37,-31033
MafA_R1.macs2_peak_28795,Chr7,130198137,130199894,130199015.5,+,1758,724,2,19847
MafA_R1.macs2_peak_28475,Chr7,113628704,113629308,113629006,+,605,267,1,88010
MafA_R1.macs2_peak_28036,Chr7,79772648,79773753,79773200.5,+,1106,353,1,-8102
MafA_R1.macs2_peak_27798,Chr7,64269938,64270768,64270353,+,831,504,7,118467
MafA_R1.macs2_peak_27675,Chr7,50363248,50364386,50363817,+,1139,343,3,114879
MafA_R1.macs2_peak_28218,Chr7,96481720,96482693,96482206.5,+,974,358,1,-31450
MafA_R1.macs2_peak_28919,Chr7,137537385,137538465,137537925,+,1081,219,1,461534
MafA_R1.macs2_peak_27574,Chr7,46215407,46216375,46215891,+,969,286,5,73340
MafA_R1.macs2_peak_27869,Chr7,68243214,68244067,68243640.5,+,854,206,1,-24564
MafA_R1.macs2_peak_27338,Chr7,28502203,28503007,28502605,+,805,390,4,-7710
MafA_R1.macs2_peak_27416,Chr7,34726284,34726988,34726636,+,705,245,8,29355
MafA_R1.macs2_peak_27365,Chr7,29699098,29700951,29700024.5,+,1854,642,2,16644
MafA_R1.macs2_peak_27960,Chr7,76364863,76366157,76365510,+,1295,176,2,485875
MafA_R1.macs2_peak_27242,Chr7,18736916,18738147,18737531.5,+,1232,939,1,-452
MafA_R1.macs2_peak_28907,Chr7,136812406,136813434,136812920,+,1029,241,2,-23492
MafA_R1.macs2_peak_27651,Chr7,49551575,49552782,49552178.5,+,1208,695,10,-7869
MafA_R1.macs2_peak_28421,Chr7,112043694,112044525,112044109.5,+,832,348,3,17196
MafA_R1.macs2_peak_27649,Chr7,49518880,49519707,49519293.5,+,828,223,4,-40754
MafA_R1.macs2_peak_27301,Chr7,26957622,26958108,26957865,+,487,802,1,-321
MafA_R1.macs2_peak_27592,Chr7,46717393,46718030,46717711.5,+,638,238,2,15261
MafA_R1.macs2_peak_27590,Chr7,46662790,46663774,46663282,+,985,379,4,-5120
MafA_R1.macs2_peak_28908,Chr7,136830427,136831697,136831062,+,1271,643,2,-5350
MafA_R1.macs2_peak_28270,Chr7,99290331,99290869,99290600,+,539,193,1,-14290
MafA_R1.macs2_peak_28315,Chr7,100972213,100972962,100972587.5,+,750,687,2,2267
MafA_R1.macs2_peak_28672,Chr7,124893296,124894043,124893669.5,+,748,182,7,55289
MafA_R1.macs2_peak_28779,Chr7,129861719,129863198,129862458.5,+,1480,517,1,6080
MafA_R1.macs2_peak_27414,Chr7,34638683,34639263,34638973,+,581,369,1,27141
MafA_R1.macs2_peak_28259,Chr7,98714349,98715880,98715114.5,+,1532,301,10,75237
MafA_R1.macs2_peak_27430,Chr7,35406268,35406877,35406572.5,+,610,164,1,47307
MafA_R1.macs2_peak_27904,Chr7,73362001,73363651,73362826,+,1651,212,3,-26515
MafA_R1.macs2_peak_28165,Chr7,92020462,92021351,92020906.5,+,890,212,2,136728
MafA_R1.macs2_peak_28055,Chr7,80152438,80153653,80153045.5,+,1216,174,5,31701
MafA_R1.macs2_peak_28237,Chr7,97440955,97441859,97441407,+,905,254,3,3659
MafA_R1.macs2_peak_28274,Chr7,99625137,99625996,99625566.5,+,860,359,1,4099
MafA_R1.macs2_peak_28307,Chr7,100840100,100841287,100840693.5,+,1188,359,1,82711
MafA_R1.macs2_peak_27276,Chr7,24015707,24016581,24016144,+,875,465,17,-53
MafA_R1.macs2_peak_28536,Chr7,117219178,117220217,117219697.5,+,1040,182,1,239491
MafA_R1.macs2_peak_28432,Chr7,112319493,112320330,112319911.5,+,838,290,1,41348
MafA_R1.macs2_peak_28149,Chr7,89703877,89704619,89704248,+,743,423,1,25881
MafA_R1.macs2_peak_27569,Chr7,46097347,46097764,46097555.5,+,418,213,1,51663
MafA_R1.macs2_peak_28205,Chr7,96058509,96059415,96058962,+,907,186,8,-67791
MafA_R1.macs2_peak_28404,Chr7,111271195,111272319,111271757,+,1125,293,1,107427
MafA_R1.macs2_peak_28746,Chr7,128273331,128275062,128274196.5,+,1732,659,1,-16398
MafA_R1.macs2_peak_27570,Chr7,46098476,46099422,46098949,+,947,244,3,53057
MafA_R1.macs2_peak_27409,Chr7,34413778,34414826,34414302,+,1049,275,11,-59368
MafA_R1.macs2_peak_28113,Chr7,83533135,83534608,83533871.5,+,1474,566,4,-322
MafA_R1.macs2_peak_27856,Chr7,67503657,67504511,67504084,+,855,477,1,-50840
MafA_R1.macs2_peak_28223,Chr7,96616210,96616835,96616522.5,+,626,339,1,15788
MafA_R1.macs2_peak_28142,Chr7,89294058,89294396,89294227,+,339,162,2,12201
MafA_R1.macs2_peak_27502,Chr7,44054798,44055329,44055063.5,+,532,152,5,21513
MafA_R1.macs2_peak_28221,Chr7,96577991,96578488,96578239.5,+,498,171,5,-22495
MafA_R1.macs2_peak_28099,Chr7,82544704,82546445,82545574.5,+,1742,202,17,29033
MafA_R1.macs2_peak_27406,Chr7,34318015,34318545,34318280,+,531,233,3,34077
MafA_R1.macs2_peak_28847,Chr7,132612643,132613922,132613282.5,+,1280,432,1,3694
MafA_R1.macs2_peak_28247,Chr7,98341893,98342909,98342401,+,1017,361,1,9734
MafA_R1.macs2_peak_27701,Chr7,51655337,51656389,51655863,+,1053,946,1,-97
MafA_R1.macs2_peak_28442,Chr7,112425387,112426359,112425873,+,973,289,1,-127296
MafA_R1.macs2_peak_27631,Chr7,49137957,49139214,49138585.5,+,1258,225,22,147998
MafA_R1.macs2_peak_28108,Chr7,83030374,83032813,83031593.5,+,2440,351,1,-202546
MafA_R1.macs2_peak_28708,Chr7,126345679,126346574,126346126.5,+,896,223,1,-12672
MafA_R1.macs2_peak_27974,Chr7,77735534,77736922,77736228,+,1389,429,2,491358
MafA_R1.macs2_peak_28484,Chr7,113920491,113922948,113921719.5,+,2458,429,2,-46368
MafA_R1.macs2_peak_27620,Chr7,48831937,48832625,48832281,+,689,183,1,-20375
MafA_R1.macs2_peak_28415,Chr7,111889472,111890335,111889903.5,+,864,213,1,64860
MafA_R1.macs2_peak_28452,Chr7,112631684,112633138,112632411,+,1455,218,17,79242
MafA_R1.macs2_peak_27948,Chr7,75259206,75260368,75259787,+,1163,419,3,154505
MafA_R1.macs2_peak_27268,Chr7,19601696,19602420,19602058,+,725,181,16,-6834
MafA_R1.macs2_peak_28103,Chr7,82879825,82880520,82880172.5,+,696,181,1,82494
MafA_R1.macs2_peak_27472,Chr7,39398112,39398425,39398268.5,+,314,141,7,231078
MafA_R1.macs2_peak_27474,Chr7,39786241,39786994,39786617.5,+,754,131,11,-537544
MafA_R1.macs2_peak_28194,Chr7,93924458,93924984,93924721,+,527,131,15,-1091338
MafA_R1.macs2_peak_27470,Chr7,39324432,39325528,39324980,+,1097,290,12,157790
MafA_R1.macs2_peak_28675,Chr7,124992799,124993343,124993071,+,545,666,2,25038
MafA_R1.macs2_peak_28193,Chr7,93918057,93919371,93918714,+,1315,208,12,-1085331
MafA_R1.macs2_peak_28489,Chr7,114148839,114149947,114149393,+,1109,192,1,12814
MafA_R1.macs2_peak_27273,Chr7,23811809,23813021,23812415,+,1213,470,5,670
MafA_R1.macs2_peak_27213,Chr7,15831807,15832784,15832295.5,+,978,565,1,-210
MafA_R1.macs2_peak_27517,Chr7,44465003,44466041,44465522,+,1039,797,11,10
MafA_R1.macs2_peak_27434,Chr7,35856292,35857210,35856751,+,919,179,1,-354337
MafA_R1.macs2_peak_28291,Chr7,100239430,100241050,100240240,+,1621,877,4,381
MafA_R1.macs2_peak_28910,Chr7,136843100,136844002,136843551,+,903,326,1,7139
MafA_R1.macs2_peak_28424,Chr7,112090654,112091328,112090991,+,675,316,9,43899
MafA_R1.macs2_peak_28097,Chr7,82514833,82516938,82515885.5,+,2106,942,5,-656
MafA_R1.macs2_peak_27218,Chr7,15942451,15943295,15942873,+,845,221,18,13045
MafA_R1.macs2_peak_28741,Chr7,128184688,128185391,128185039.5,+,704,163,2,-28050
MafA_R1.macs2_peak_28159,Chr7,91338650,91339506,91339078,+,857,144,1,-372524
MafA_R1.macs2_peak_28214,Chr7,96387175,96387921,96387548,+,747,125,2,63208
MafA_R1.macs2_peak_28685,Chr7,125498054,125498343,125498198.5,+,290,125,2,183385
MafA_R1.macs2_peak_27368,Chr7,29708337,29709803,29709070,+,1467,587,2,25690
MafA_R1.macs2_peak_27260,Chr7,19280963,19281710,19281336.5,+,748,152,5,14987
MafA_R1.macs2_peak_27473,Chr7,39746240,39747048,39746644,+,809,120,3,-577517
MafA_R1.macs2_peak_27652,Chr7,49563464,49563837,49563650.5,+,374,120,1,2202
MafA_R1.macs2_peak_27431,Chr7,35432741,35433672,35433206.5,+,932,283,2,20673
MafA_R1.macs2_peak_28408,Chr7,111567670,111567993,111567831.5,+,324,161,12,-54882
MafA_R1.macs2_peak_28640,Chr7,122703994,122704272,122704133,+,279,128,1,-18975
MafA_R1.macs2_peak_28210,Chr7,96123112,96124318,96123715,+,1207,183,1,-132544
MafA_R1.macs2_peak_28320,Chr7,101272115,101273516,101272815.5,+,1402,183,3,-40143
MafA_R1.macs2_peak_28096,Chr7,82451953,82452283,82452118,+,331,117,4,-47266
MafA_R1.macs2_peak_27475,Chr7,39863396,39865615,39864505.5,+,2220,331,19,-459656
MafA_R1.macs2_peak_28173,Chr7,92128363,92129468,92128915.5,+,1106,172,22,-81442
MafA_R1.macs2_peak_27593,Chr7,46722594,46723895,46723244.5,+,1302,229,1,9728
MafA_R1.macs2_peak_28306,Chr7,100609698,100610391,100610044.5,+,694,229,3,3529
MafA_R1.macs2_peak_27511,Chr7,44334631,44334908,44334769.5,+,278,195,2,-14502
MafA_R1.macs2_peak_27888,Chr7,72526323,72527214,72526768.5,+,892,130,2,225048
MafA_R1.macs2_peak_27876,Chr7,68475095,68475960,68475527.5,+,866,275,6,-76541
MafA_R1.macs2_peak_27712,Chr7,53562524,53562959,53562741.5,+,436,134,6,-21104
MafA_R1.macs2_peak_28776,Chr7,129684349,129685486,129684917.5,+,1138,156,1,121032
MafA_R1.macs2_peak_27438,Chr7,36367966,36368452,36368209,+,487,137,6,-29334
MafA_R1.macs2_peak_28413,Chr7,111832425,111833691,111833058,+,1267,197,1,8015
MafA_R1.macs2_peak_27435,Chr7,35954663,35955480,35955071.5,+,818,114,3,-442472
MafA_R1.macs2_peak_28642,Chr7,122830600,122831037,122830818.5,+,438,110,1,16729
MafA_R1.macs2_peak_27547,Chr7,45761685,45763584,45762634.5,+,1900,266,12,-12446
MafA_R1.macs2_peak_27729,Chr7,55530657,55531103,55530880,+,447,140,10,39061
MafA_R1.macs2_peak_28417,Chr7,111988743,111991372,111990057.5,+,2630,336,3,22542
MafA_R1.macs2_peak_27602,Chr7,48579953,48580650,48580301.5,+,698,256,1,-28520
MafA_R1.macs2_peak_28740,Chr7,128175700,128176023,128175861.5,+,324,143,1,-37228
MafA_R1.macs2_peak_28124,Chr7,84300848,84301620,84301234,+,773,192,2,27370
MafA_R1.macs2_peak_27941,Chr7,74944654,74945174,74944914,+,521,142,1,7443
MafA_R1.macs2_peak_27973,Chr7,77729308,77729878,77729593,+,571,120,7,497993
MafA_R1.macs2_peak_27322,Chr7,28074683,28075453,28075068,+,771,330,3,-2981
MafA_R1.macs2_peak_27921,Chr7,74021109,74022162,74021635.5,+,1054,153,1,182893
MafA_R1.macs2_peak_28271,Chr7,99444373,99445634,99445003.5,+,1262,225,1,28632
MafA_R1.macs2_peak_27926,Chr7,74066495,74067727,74067111,+,1233,183,1,137417
MafA_R1.macs2_peak_28228,Chr7,97040410,97041304,97040857,+,895,201,2,-8353
MafA_R1.macs2_peak_27795,Chr7,64218234,64218868,64218551,+,635,126,1,66665
MafA_R1.macs2_peak_27995,Chr7,78490737,78491418,78491077.5,+,682,104,2,5882
MafA_R1.macs2_peak_27714,Chr7,53832272,53832923,53832597.5,+,652,99,6,-290960
MafA_R1.macs2_peak_28676,Chr7,125033867,125034595,125034231,+,729,218,10,-9561
MafA_R1.macs2_peak_28175,Chr7,92164454,92165241,92164847.5,+,788,103,4,-45510
MafA_R1.macs2_peak_28040,Chr7,79793074,79793644,79793359,+,571,216,2,-28261
MafA_R1.macs2_peak_28686,Chr7,125510262,125511514,125510888,+,1253,216,2,170695
MafA_R1.macs2_peak_28416,Chr7,111973221,111973944,111973582.5,+,724,140,1,6067
MafA_R1.macs2_peak_27342,Chr7,28545481,28546114,28545797.5,+,634,110,7,12202
MafA_R1.macs2_peak_28072,Chr7,80710831,80711203,80711017,+,373,110,6,3669
MafA_R1.macs2_peak_27541,Chr7,45357300,45357844,45357572,+,545,402,3,2901
MafA_R1.macs2_peak_28303,Chr7,100575442,100576474,100575958,+,1033,402,3,5410
MafA_R1.macs2_peak_27422,Chr7,35058696,35059421,35059058.5,+,726,113,2,25396
MafA_R1.macs2_peak_28791,Chr7,130176042,130176944,130176493,+,903,292,1,-2675
MafA_R1.macs2_peak_27635,Chr7,49212464,49212769,49212616.5,+,306,104,2,73967
MafA_R1.macs2_peak_28645,Chr7,122988707,122989571,122989139,+,865,146,1,11934
MafA_R1.macs2_peak_28065,Chr7,80415854,80416300,80416077,+,447,158,1,37002
MafA_R1.macs2_peak_27660,Chr7,49755344,49756076,49755710,+,733,245,10,130612
MafA_R1.macs2_peak_28478,Chr7,113780405,113781330,113780867.5,+,926,228,3,-63851
MafA_R1.macs2_peak_28485,Chr7,114030815,114031595,114031205,+,781,127,1,16716
MafA_R1.macs2_peak_28289,Chr7,100232061,100232324,100232192.5,+,264,448,1,145
MafA_R1.macs2_peak_27626,Chr7,48909591,48910329,48909960,+,739,123,14,14023
MafA_R1.macs2_peak_27938,Chr7,74892120,74892884,74892502,+,765,106,2,-22735
MafA_R1.macs2_peak_27548,Chr7,45765337,45766379,45765858,+,1043,169,7,-15670
MafA_R1.macs2_peak_28042,Chr7,79806198,79806983,79806590.5,+,786,160,2,-29999
MafA_R1.macs2_peak_28144,Chr7,89647176,89647961,89647568.5,+,786,160,1,-17384
MafA_R1.macs2_peak_28187,Chr7,92759803,92760287,92760045,+,485,89,1,30959
MafA_R1.macs2_peak_27461,Chr7,37807166,37807602,37807384,+,437,526,3,-469
MafA_R1.macs2_peak_27509,Chr7,44238900,44240447,44239673.5,+,1548,340,11,-637
MafA_R1.macs2_peak_27622,Chr7,48852540,48853047,48852793.5,+,508,142,6,-40887
MafA_R1.macs2_peak_28430,Chr7,112278145,112280584,112279364.5,+,2440,431,3,801
MafA_R1.macs2_peak_27613,Chr7,48744050,48744608,48744329,+,559,137,7,67577
MafA_R1.macs2_peak_28476,Chr7,113637967,113638965,113638466,+,999,137,7,78550
MafA_R1.macs2_peak_28333,Chr7,101921530,101921847,101921688.5,+,318,195,4,4662
MafA_R1.macs2_peak_27384,Chr7,30192049,30193153,30192601,+,1105,153,4,-482
MafA_R1.macs2_peak_27949,Chr7,75262845,75263783,75263314,+,939,153,5,158032
MafA_R1.macs2_peak_27955,Chr7,75777057,75777829,75777443,+,773,111,2,-102192
MafA_R1.macs2_peak_28458,Chr7,112826309,112827018,112826663.5,+,710,160,1,19945
MafA_R1.macs2_peak_28664,Chr7,124279311,124280029,124279670,+,719,190,2,28488
MafA_R1.macs2_peak_28406,Chr7,111314171,111314434,111314302.5,+,264,87,1,64882
MafA_R1.macs2_peak_28226,Chr7,96994288,96994935,96994611.5,+,648,114,6,13081
MafA_R1.macs2_peak_27168,Chr7,4797550,4798445,4797997.5,+,896,220,1,2033
MafA_R1.macs2_peak_27854,Chr7,67389906,67390821,67390363.5,+,916,85,6,19127
MafA_R1.macs2_peak_27454,Chr7,37422701,37423556,37423128.5,+,856,140,2,46049
MafA_R1.macs2_peak_27907,Chr7,73398819,73400597,73399708,+,1779,140,8,9653
MafA_R1.macs2_peak_27160,Chr7,4100859,4101956,4101407.5,+,1098,128,17,-21122
MafA_R1.macs2_peak_28445,Chr7,112450474,112453395,112451934.5,+,2922,128,1,-101235
MafA_R1.macs2_peak_28212,Chr7,96220140,96220724,96220432,+,585,92,1,-229261
MafA_R1.macs2_peak_27706,Chr7,52342845,52343533,52343189,+,689,88,1,-677725
MafA_R1.macs2_peak_28178,Chr7,92319325,92319820,92319572.5,+,496,453,2,-452
MafA_R1.macs2_peak_27238,Chr7,16676688,16677554,16677121,+,867,172,1,-1486
MafA_R1.macs2_peak_27444,Chr7,36677188,36677991,36677589.5,+,804,88,4,280046
MafA_R1.macs2_peak_27720,Chr7,54555824,54556522,54556173,+,699,88,3,71180
MafA_R1.macs2_peak_28110,Chr7,83217157,83217727,83217442,+,571,143,1,-16697
MafA_R1.macs2_peak_28136,Chr7,89072431,89072765,89072598,+,335,143,1,-2916
MafA_R1.macs2_peak_27420,Chr7,34933569,34934592,34934080.5,+,1024,320,27,-19310
MafA_R1.macs2_peak_27740,Chr7,57123664,57124017,57123840.5,+,354,91,1,35917
MafA_R1.macs2_peak_28669,Chr7,124814948,124815587,124815267.5,+,640,91,3,133691
MafA_R1.macs2_peak_27958,Chr7,76137280,76137838,76137559,+,559,80,1,257924
MafA_R1.macs2_peak_28192,Chr7,93693163,93693467,93693315,+,305,80,1,-859932
MafA_R1.macs2_peak_27278,Chr7,24245751,24246288,24246019.5,+,538,256,2,-105
MafA_R1.macs2_peak_27632,Chr7,49143195,49143529,49143362,+,335,158,3,143221
MafA_R1.macs2_peak_28227,Chr7,97009902,97010711,97010306.5,+,810,158,3,-10518
MafA_R1.macs2_peak_27875,Chr7,68472890,68473450,68473170,+,561,117,6,-74184
MafA_R1.macs2_peak_28147,Chr7,89697689,89698221,89697955,+,533,173,7,19588
MafA_R1.macs2_peak_28120,Chr7,84059115,84059801,84059458,+,687,209,1,-212
MafA_R1.macs2_peak_27536,Chr7,45242241,45242657,45242449,+,417,105,1,-17849
MafA_R1.macs2_peak_27558,Chr7,45802307,45803023,45802665,+,717,85,12,26792
MafA_R1.macs2_peak_27436,Chr7,35968217,35969119,35968668,+,903,119,8,-428875
MafA_R1.macs2_peak_28460,Chr7,112852651,112853442,112853046.5,+,792,155,2,46328
MafA_R1.macs2_peak_27252,Chr7,18962270,18962606,18962438,+,337,1073,1,124
MafA_R1.macs2_peak_28157,Chr7,91106184,91106816,91106500,+,633,76,1,366506
MafA_R1.macs2_peak_28628,Chr7,122568528,122568987,122568757.5,+,460,422,1,925
MafA_R1.macs2_peak_27722,Chr7,54631729,54632571,54632150,+,843,90,6,147157
MafA_R1.macs2_peak_28203,Chr7,95985523,95986140,95985831.5,+,618,90,1,5340
MafA_R1.macs2_peak_27567,Chr7,46031878,46032349,46032113.5,+,472,93,10,6215
MafA_R1.macs2_peak_27480,Chr7,40000577,40002142,40001359.5,+,1566,101,1,-322802
MafA_R1.macs2_peak_28627,Chr7,122537478,122538127,122537802.5,+,650,119,1,31880
MafA_R1.macs2_peak_28299,Chr7,100399266,100400044,100399655,+,779,82,11,43813
MafA_R1.macs2_peak_28643,Chr7,122837713,122838248,122837980.5,+,536,74,6,23891
MafA_R1.macs2_peak_27503,Chr7,44082661,44083308,44082984.5,+,648,96,2,-8927
MafA_R1.macs2_peak_27954,Chr7,75770993,75772014,75771503.5,+,1022,96,5,-108132
MafA_R1.macs2_peak_29016,Chr7,144460739,144461974,144461356.5,+,1236,96,8,-7481
MafA_R1.macs2_peak_27721,Chr7,54559590,54560307,54559948.5,+,718,111,1,74955
MafA_R1.macs2_peak_27739,Chr7,56240265,56241172,56240718.5,+,908,126,8,351211
MafA_R1.macs2_peak_27937,Chr7,74889932,74891062,74890497,+,1131,126,3,-20730
MafA_R1.macs2_peak_27546,Chr7,45745813,45746118,45745965.5,+,306,141,6,3696
MafA_R1.macs2_peak_27508,Chr7,44217982,44218564,44218273,+,583,81,5,-3596
MafA_R1.macs2_peak_27598,Chr7,48529086,48529720,48529403,+,635,187,2,1386
MafA_R1.macs2_peak_27478,Chr7,39983171,39984112,39983641.5,+,942,70,7,-340520
MafA_R1.macs2_peak_27545,Chr7,45668520,45669538,45669029,+,1019,70,11,10681
MafA_R1.macs2_peak_28670,Chr7,124836053,124836313,124836183,+,261,70,1,112775
MafA_R1.macs2_peak_28678,Chr7,125148696,125149195,125148945.5,+,500,99,7,-2498
MafA_R1.macs2_peak_28267,Chr7,99123870,99124575,99124222.5,+,706,189,5,4692
MafA_R1.macs2_peak_27274,Chr7,23833161,23833864,23833512.5,+,704,241,17,1715
MafA_R1.macs2_peak_28807,Chr7,130456667,130458015,130457341,+,1349,130,1,-10113
MafA_R1.macs2_peak_27450,Chr7,37262568,37263591,37263079.5,+,1024,127,2,206098
MafA_R1.macs2_peak_28132,Chr7,84725582,84726913,84726247.5,+,1332,210,51,-65019
MafA_R1.macs2_peak_28030,Chr7,79728415,79729063,79728739,+,649,123,1,-3734
MafA_R1.macs2_peak_27515,Chr7,44397965,44398269,44398117,+,305,403,3,64
MafA_R1.macs2_peak_28792,Chr7,130179148,130179746,130179447,+,599,115,1,279
MafA_R1.macs2_peak_28946,Chr7,139136126,139136953,139136539.5,+,828,179,3,26174
MafA_R1.macs2_peak_28195,Chr7,95502622,95503200,95502911,+,579,133,1,-317540
MafA_R1.macs2_peak_28742,Chr7,128223711,128225331,128224521,+,1621,133,8,11432
MafA_R1.macs2_peak_27496,Chr7,43924806,43925070,43924938,+,265,118,9,-2356
MafA_R1.macs2_peak_27583,Chr7,46326052,46327228,46326640,+,1177,102,14,-4679
MafA_R1.macs2_peak_28027,Chr7,79699349,79699922,79699635.5,+,574,74,1,23659
MafA_R1.macs2_peak_28288,Chr7,100199382,100200032,100199707,+,651,74,2,13400
MafA_R1.macs2_peak_27579,Chr7,46262492,46262748,46262620,+,257,87,9,26611
MafA_R1.macs2_peak_27664,Chr7,50001286,50002381,50001833.5,+,1096,87,7,223799
MafA_R1.macs2_peak_28209,Chr7,96104913,96105635,96105274,+,723,87,2,-114103
MafA_R1.macs2_peak_27573,Chr7,46207016,46207490,46207253,+,475,187,4,81978
MafA_R1.macs2_peak_27361,Chr7,29605290,29605968,29605629,+,679,273,2,-100
MafA_R1.macs2_peak_27279,Chr7,24402704,24403066,24402885,+,363,73,2,-5799
MafA_R1.macs2_peak_28200,Chr7,95870028,95870541,95870284.5,+,514,73,2,9406
MafA_R1.macs2_peak_29017,Chr7,144837853,144838196,144838024.5,+,344,154,1,-276
MafA_R1.macs2_peak_27606,Chr7,48678861,48679405,48679133,+,545,110,3,70312
MafA_R1.macs2_peak_28063,Chr7,80367386,80367784,80367585,+,399,110,1,-28960
MafA_R1.macs2_peak_27961,Chr7,76438666,76439270,76438968,+,605,61,6,559333
MafA_R1.macs2_peak_28145,Chr7,89665593,89666114,89665853.5,+,522,61,1,-12514
MafA_R1.macs2_peak_27201,Chr7,12771626,12772268,12771947,+,643,440,1,-42
MafA_R1.macs2_peak_27316,Chr7,27750785,27751705,27751245,+,921,148,1,-1728
MafA_R1.macs2_peak_27521,Chr7,44537792,44538313,44538052.5,+,522,144,5,3796
MafA_R1.macs2_peak_27659,Chr7,49695011,49695668,49695339.5,+,658,94,7,70241
MafA_R1.macs2_peak_27931,Chr7,74464309,74464918,74464613.5,+,610,94,1,-215346
MafA_R1.macs2_peak_28174,Chr7,92155527,92156477,92156002,+,951,94,5,-54355
MafA_R1.macs2_peak_27627,Chr7,48911841,48912183,48912012,+,343,67,1,16075
MafA_R1.macs2_peak_28929,Chr7,138860728,138861250,138860989,+,523,66,2,32591
MafA_R1.macs2_peak_27216,Chr7,15887483,15887905,15887694,+,423,79,1,-21626
MafA_R1.macs2_peak_27666,Chr7,50011610,50011939,50011774.5,+,330,79,3,213858
MafA_R1.macs2_peak_27863,Chr7,67769218,67769967,67769592.5,+,750,79,1,144389
MafA_R1.macs2_peak_28084,Chr7,81392121,81392733,81392427,+,613,79,1,-20274
MafA_R1.macs2_peak_28668,Chr7,124639983,124640574,124640278.5,+,592,79,2,308723
MafA_R1.macs2_peak_27614,Chr7,48752108,48752459,48752283.5,+,352,69,4,59623
MafA_R1.macs2_peak_27456,Chr7,37698850,37699455,37699152.5,+,606,72,4,19825
MafA_R1.macs2_peak_27728,Chr7,55508861,55509720,55509290.5,+,860,72,17,17471
MafA_R1.macs2_peak_27481,Chr7,40050869,40051506,40051187.5,+,638,62,2,-272974
MafA_R1.macs2_peak_28028,Chr7,79703135,79703650,79703392.5,+,516,65,6,21613
MafA_R1.macs2_peak_28143,Chr7,89490973,89491228,89491100.5,+,256,62,3,61737
MafA_R1.macs2_peak_28263,Chr7,98936238,98936615,98936426.5,+,378,62,7,18873
MafA_R1.macs2_peak_28688,Chr7,125631785,125632126,125631955.5,+,342,102,1,49628
MafA_R1.macs2_peak_28943,Chr7,139047806,139049206,139048506,+,1401,102,1,68096
MafA_R1.macs2_peak_27596,Chr7,48438750,48439062,48438906,+,313,386,1,155
MafA_R1.macs2_peak_27321,Chr7,28071853,28073138,28072495.5,+,1286,490,3,-408
MafA_R1.macs2_peak_28918,Chr7,137526271,137526569,137526420,+,299,61,3,473039
MafA_R1.macs2_peak_27433,Chr7,35619423,35619772,35619597.5,+,350,64,4,-117183
MafA_R1.macs2_peak_27855,Chr7,67399053,67399449,67399251,+,397,64,1,10239
MafA_R1.macs2_peak_27735,Chr7,56069557,56069902,56069729.5,+,346,87,3,180222
MafA_R1.macs2_peak_27465,Chr7,39167136,39167431,39167283.5,+,296,459,3,93
MafA_R1.macs2_peak_28233,Chr7,97380300,97381121,97380710.5,+,822,83,6,6744
MafA_R1.macs2_peak_28644,Chr7,122951542,122951916,122951729,+,375,58,4,17409
MafA_R1.macs2_peak_27557,Chr7,45797418,45797738,45797578,+,321,77,7,31879
MafA_R1.macs2_peak_27648,Chr7,49513411,49513807,49513609,+,397,86,3,-46438
MafA_R1.macs2_peak_27678,Chr7,50536907,50538029,50537468,+,1123,86,1,288530
MafA_R1.macs2_peak_27617,Chr7,48795856,48796283,48796069.5,+,428,80,1,15837
MafA_R1.macs2_peak_28498,Chr7,115699353,115699855,115699604,+,503,80,1,6989
MafA_R1.macs2_peak_27524,Chr7,44544516,44545467,44544991.5,+,952,524,13,-512
MafA_R1.macs2_peak_28455,Chr7,112750718,112751285,112751001.5,+,568,57,2,-9779
MafA_R1.macs2_peak_27576,Chr7,46222208,46222804,46222506,+,597,109,10,66725
MafA_R1.macs2_peak_27578,Chr7,46256735,46257193,46256964,+,459,95,5,32267
MafA_R1.macs2_peak_27674,Chr7,50351284,50352047,50351665.5,+,764,56,10,102727
MafA_R1.macs2_peak_27410,Chr7,34497476,34498562,34498019,+,1087,71,6,14117
MafA_R1.macs2_peak_27633,Chr7,49160726,49161458,49161092,+,733,71,7,125491
MafA_R1.macs2_peak_27657,Chr7,49655955,49656647,49656301,+,693,71,9,31203
MafA_R1.macs2_peak_28316,Chr7,100979589,100980187,100979888,+,599,71,1,9568
MafA_R1.macs2_peak_27388,Chr7,30299118,30299409,30299263.5,+,292,141,1,-929
MafA_R1.macs2_peak_27315,Chr7,27730290,27730568,27730429,+,279,52,1,-16889
MafA_R1.macs2_peak_27477,Chr7,39959972,39960359,39960165.5,+,388,52,14,-363996
MafA_R1.macs2_peak_27707,Chr7,52351794,52352129,52351961.5,+,336,52,1,-686497
MafA_R1.macs2_peak_27914,Chr7,73723979,73724296,73724137.5,+,318,52,8,-60707
MafA_R1.macs2_peak_27498,Chr7,44022908,44023931,44023419.5,+,1024,173,5,1035
MafA_R1.macs2_peak_27645,Chr7,49483982,49484312,49484147,+,331,60,2,56041
MafA_R1.macs2_peak_28176,Chr7,92169678,92170014,92169846,+,337,52,1,-40511
MafA_R1.macs2_peak_28641,Chr7,122707082,122708099,122707590.5,+,1018,102,6,-15518
MafA_R1.macs2_peak_27264,Chr7,19543180,19543542,19543361,+,363,76,4,-12627
MafA_R1.macs2_peak_28046,Chr7,79842056,79842540,79842298,+,485,82,1,5709
MafA_R1.macs2_peak_27733,Chr7,55763935,55764516,55764225.5,+,582,51,3,64088
MafA_R1.macs2_peak_27568,Chr7,46067617,46068127,46067872,+,511,79,4,21980
MafA_R1.macs2_peak_28196,Chr7,95574211,95574755,95574483,+,545,79,1,-245968
MafA_R1.macs2_peak_28278,Chr7,99937120,99937517,99937318.5,+,398,110,1,2591
MafA_R1.macs2_peak_28305,Chr7,100588393,100588691,100588542,+,299,65,3,-7174
MafA_R1.macs2_peak_27443,Chr7,36673955,36674495,36674225,+,541,56,1,276682
MafA_R1.macs2_peak_28743,Chr7,128225900,128226284,128226092,+,385,56,2,13003
MafA_R1.macs2_peak_27441,Chr7,36594622,36595209,36594915.5,+,588,53,4,197372
MafA_R1.macs2_peak_28451,Chr7,112629806,112630267,112630036.5,+,462,59,11,76867
MafA_R1.macs2_peak_27379,Chr7,30031287,30031817,30031552,+,531,86,1,-9752
MafA_R1.macs2_peak_27975,Chr7,77804816,77805476,77805146,+,661,86,2,422440
MafA_R1.macs2_peak_27562,Chr7,45817494,45817872,45817683,+,379,64,5,11774
MafA_R1.macs2_peak_27656,Chr7,49637554,49637931,49637742.5,+,378,52,5,12644
MafA_R1.macs2_peak_27447,Chr7,37193543,37193839,37193691,+,297,50,1,275486
MafA_R1.macs2_peak_27468,Chr7,39304439,39304697,39304568,+,259,118,1,137378
MafA_R1.macs2_peak_28509,Chr7,116487710,116487986,116487848,+,277,80,1,384244
MafA_R1.macs2_peak_27221,Chr7,16028259,16028808,16028533.5,+,550,199,2,-7813
MafA_R1.macs2_peak_27734,Chr7,55998181,55998651,55998416,+,471,49,10,108909
MafA_R1.macs2_peak_27241,Chr7,18724093,18725005,18724549,+,913,619,6,-621
MafA_R1.macs2_peak_27641,Chr7,49455307,49455924,49455615.5,+,618,76,1,27509
MafA_R1.macs2_peak_28062,Chr7,80365272,80365534,80365403,+,263,76,1,-26778
MafA_R1.macs2_peak_27400,Chr7,30844588,30845636,30845112,+,1049,94,7,5484
MafA_R1.macs2_peak_27554,Chr7,45784434,45785030,45784732,+,597,94,9,-34544
MafA_R1.macs2_peak_28245,Chr7,98321233,98322154,98321693.5,+,922,94,1,-15917
MafA_R1.macs2_peak_27360,Chr7,29600265,29600810,29600537.5,+,546,63,1,4992
MafA_R1.macs2_peak_27203,Chr7,12788107,12788622,12788364.5,+,516,258,3,327
MafA_R1.macs2_peak_28222,Chr7,96594571,96595020,96594795.5,+,450,51,3,-5939
MafA_R1.macs2_peak_28624,Chr7,122399813,122400191,122400002,+,379,51,1,129035
MafA_R1.macs2_peak_28047,Chr7,79845149,79845999,79845574,+,851,135,1,-2615
MafA_R1.macs2_peak_27658,Chr7,49690874,49691150,49691012,+,277,48,7,65914
MafA_R1.macs2_peak_27525,Chr7,44567153,44567860,44567506.5,+,708,103,7,11408
MafA_R1.macs2_peak_29018,Chr7,144894289,144894596,144894442.5,+,308,103,1,25870
MafA_R1.macs2_peak_27535,Chr7,45217389,45218063,45217726,+,675,176,7,-1851
MafA_R1.macs2_peak_28780,Chr7,129885647,129885897,129885772,+,251,47,1,-17234
MafA_R1.macs2_peak_28123,Chr7,84254892,84255729,84255310.5,+,838,129,6,-160
MafA_R1.macs2_peak_27282,Chr7,24583602,24583909,24583755.5,+,308,451,1,-262
MafA_R1.macs2_peak_27469,Chr7,39320470,39321003,39320736.5,+,534,50,6,153546
MafA_R1.macs2_peak_28334,Chr7,102003486,102003806,102003646,+,321,50,6,86620
MafA_R1.macs2_peak_27604,Chr7,48612243,48613161,48612702,+,919,101,9,3881
MafA_R1.macs2_peak_28264,Chr7,98960887,98961364,98961125.5,+,478,88,9,41321
MafA_R1.macs2_peak_28189,Chr7,92888585,92889393,92888989,+,809,52,2,-55606
MafA_R1.macs2_peak_28257,Chr7,98623823,98624173,98623998,+,351,52,3,135946
MafA_R1.macs2_peak_27254,Chr7,19041902,19042966,19042434,+,1065,427,1,1536
MafA_R1.macs2_peak_28251,Chr7,98464792,98465472,98465132,+,681,252,1,-19187
MafA_R1.macs2_peak_28677,Chr7,125043822,125044437,125044129.5,+,616,385,16,337
MafA_R1.macs2_peak_27251,Chr7,18912561,18912916,18912738.5,+,356,79,7,-2357
MafA_R1.macs2_peak_28335,Chr7,102066539,102067014,102066776.5,+,476,79,7,-24126
MafA_R1.macs2_peak_27840,Chr7,65899726,65900099,65899912.5,+,374,46,5,131560
MafA_R1.macs2_peak_27594,Chr7,48399163,48399807,48399485,+,645,178,7,-39266
MafA_R1.macs2_peak_27616,Chr7,48770655,48771114,48770884.5,+,460,55,13,41022
MafA_R1.macs2_peak_27544,Chr7,45565843,45566141,45565992,+,299,228,1,4281
MafA_R1.macs2_peak_28056,Chr7,80184396,80185430,80184913,+,1035,228,11,-46
MafA_R1.macs2_peak_27426,Chr7,35363641,35363967,35363804,+,327,49,4,-16897
MafA_R1.macs2_peak_27619,Chr7,48827888,48828185,48828036.5,+,298,49,2,-16130
MafA_R1.macs2_peak_27717,Chr7,54495906,54496480,54496193,+,575,87,8,11200
MafA_R1.macs2_peak_28667,Chr7,124637884,124638822,124638353,+,939,87,13,310648
MafA_R1.macs2_peak_27577,Chr7,46223743,46224069,46223906,+,327,52,1,65325
MafA_R1.macs2_peak_28171,Chr7,92110070,92110581,92110325.5,+,512,60,1,-100032
MafA_R1.macs2_peak_28925,Chr7,138767602,138768270,138767936,+,669,60,2,474
MafA_R1.macs2_peak_28647,Chr7,123030307,123030825,123030566,+,519,49,1,23526
MafA_R1.macs2_peak_27913,Chr7,73674184,73674874,73674529,+,691,80,2,-11099
MafA_R1.macs2_peak_27709,Chr7,53120179,53120443,53120311,+,265,43,7,421326
MafA_R1.macs2_peak_27405,Chr7,34305638,34306749,34306193.5,+,1112,154,4,46164
MafA_R1.macs2_peak_27532,Chr7,45055315,45055883,45055599,+,569,59,6,215
MafA_R1.macs2_peak_27240,Chr7,18574111,18574433,18574272,+,323,48,1,381
MafA_R1.macs2_peak_27605,Chr7,48641565,48641939,48641752,+,375,48,1,32931
MafA_R1.macs2_peak_27668,Chr7,50030141,50030495,50030318,+,355,48,2,195314
MafA_R1.macs2_peak_28905,Chr7,136308894,136309472,136309183,+,579,48,1,3150
MafA_R1.macs2_peak_28287,Chr7,100186275,100186815,100186545,+,541,230,12,238
MafA_R1.macs2_peak_27873,Chr7,68398747,68399660,68399203.5,+,914,238,1,-217
MafA_R1.macs2_peak_28160,Chr7,91475978,91476277,91476127.5,+,300,45,3,-235475
MafA_R1.macs2_peak_28232,Chr7,97378671,97378924,97378797.5,+,254,47,1,8657
MafA_R1.macs2_peak_27640,Chr7,49436607,49437169,49436888,+,563,56,1,8782
MafA_R1.macs2_peak_27662,Chr7,49963415,49963816,49963615.5,+,402,56,5,262017
MafA_R1.macs2_peak_28269,Chr7,99202405,99202763,99202584,+,359,56,1,1108
MafA_R1.macs2_peak_28474,Chr7,113424720,113425153,113424936.5,+,434,56,5,59705
MafA_R1.macs2_peak_27352,Chr7,29123902,29124800,29124351,+,899,130,1,80534
MafA_R1.macs2_peak_27930,Chr7,74358580,74359016,74358798,+,437,42,1,-154270
MafA_R1.macs2_peak_28146,Chr7,89694551,89694807,89694679,+,257,52,2,16312
MafA_R1.macs2_peak_27571,Chr7,46103395,46103827,46103611,+,433,64,1,57719
MafA_R1.macs2_peak_27637,Chr7,49403123,49403379,49403251,+,257,47,1,-5603
MafA_R1.macs2_peak_27204,Chr7,12997966,12998791,12998378.5,+,826,72,1,-12861
MafA_R1.macs2_peak_28405,Chr7,111283509,111284054,111283781.5,+,546,72,2,95403
MafA_R1.macs2_peak_28235,Chr7,97394773,97395115,97394944,+,343,69,1,-7490
MafA_R1.macs2_peak_27270,Chr7,19667092,19667613,19667352.5,+,522,77,7,-12284
MafA_R1.macs2_peak_27972,Chr7,77695417,77695665,77695541,+,249,41,3,532045
MafA_R1.macs2_peak_27732,Chr7,55636115,55636786,55636450.5,+,672,49,10,24171
MafA_R1.macs2_peak_27647,Chr7,49498011,49498288,49498149.5,+,278,57,2,-61898
MafA_R1.macs2_peak_27800,Chr7,64378682,64379706,64379194,+,1025,57,4,143594
MafA_R1.macs2_peak_28422,Chr7,112052952,112053423,112053187.5,+,472,57,1,26274
MafA_R1.macs2_peak_28414,Chr7,111877838,111878306,111878072,+,469,41,2,53029
MafA_R1.macs2_peak_27303,Chr7,27030165,27030711,27030438,+,547,131,2,2635
MafA_R1.macs2_peak_28266,Chr7,99123057,99123535,99123296,+,479,70,1,5618
MafA_R1.macs2_peak_27588,Chr7,46612780,46613085,46612932.5,+,306,91,8,-4666
MafA_R1.macs2_peak_27495,Chr7,43229177,43229458,43229317.5,+,282,265,3,307
MafA_R1.macs2_peak_27415,Chr7,34700285,34700685,34700485,+,401,44,6,55506
MafA_R1.macs2_peak_28646,Chr7,122990546,122990806,122990676,+,261,39,1,13471
MafA_R1.macs2_peak_27412,Chr7,34512226,34512579,34512402.5,+,354,168,2,-266
MafA_R1.macs2_peak_28279,Chr7,99951750,99952044,99951897,+,295,57,2,17170
MafA_R1.macs2_peak_28041,Chr7,79794140,79794424,79794282,+,285,46,4,-29184
MafA_R1.macs2_peak_28488,Chr7,114135320,114136208,114135764,+,889,116,2,26443
MafA_R1.macs2_peak_28258,Chr7,98638557,98639174,98638865.5,+,618,90,7,150813
MafA_R1.macs2_peak_27549,Chr7,45767456,45768197,45767826.5,+,742,73,5,-17638
MafA_R1.macs2_peak_27407,Chr7,34375831,34376158,34375994.5,+,328,65,1,-21060
MafA_R1.macs2_peak_27464,Chr7,39136814,39137127,39136970.5,+,314,41,11,-30220
MafA_R1.macs2_peak_27173,Chr7,5090799,5091189,5090994,+,391,56,1,7760
MafA_R1.macs2_peak_27358,Chr7,29501060,29501479,29501269.5,+,420,36,3,-14228
MafA_R1.macs2_peak_27395,Chr7,30544345,30544597,30544471,+,253,36,1,11132
MafA_R1.macs2_peak_27458,Chr7,37746504,37747022,37746763,+,519,36,12,-27786
MafA_R1.macs2_peak_28407,Chr7,111450239,111450579,111450409,+,341,36,1,-71225
MafA_R1.macs2_peak_27267,Chr7,19575978,19576261,19576119.5,+,284,48,1,-9809
MafA_R1.macs2_peak_27661,Chr7,49878010,49878467,49878238.5,+,458,48,3,253140
MafA_R1.macs2_peak_28199,Chr7,95867566,95867859,95867712.5,+,294,48,1,6834
MafA_R1.macs2_peak_28268,Chr7,99167779,99168574,99168176.5,+,796,48,1,-16517
MafA_R1.macs2_peak_28481,Chr7,113875523,113875845,113875684,+,323,174,1,-333
MafA_R1.macs2_peak_28185,Chr7,92729179,92729522,92729350.5,+,344,53,4,263
MafA_R1.macs2_peak_28689,Chr7,125681678,125681961,125681819.5,+,284,53,1,-236
MafA_R1.macs2_peak_27501,Chr7,44048241,44048980,44048610.5,+,740,40,5,15060
MafA_R1.macs2_peak_27565,Chr7,45896783,45897185,45896984,+,403,43,10,6573
MafA_R1.macs2_peak_27610,Chr7,48733460,48733760,48733610,+,301,44,3,78296
MafA_R1.macs2_peak_28425,Chr7,112091715,112092087,112091901,+,373,50,1,42989
MafA_R1.macs2_peak_28926,Chr7,138792471,138793606,138793038.5,+,1136,220,6,134
MafA_R1.macs2_peak_27277,Chr7,24099052,24099516,24099284,+,465,284,8,231
MafA_R1.macs2_peak_28202,Chr7,95984105,95984528,95984316.5,+,424,35,2,6855
MafA_R1.macs2_peak_27591,Chr7,46665176,46665974,46665575,+,799,84,14,-7413
MafA_R1.macs2_peak_27628,Chr7,48925356,48925655,48925505.5,+,300,41,5,29568
MafA_R1.macs2_peak_27609,Chr7,48732211,48732796,48732503.5,+,586,75,2,79403
MafA_R1.macs2_peak_27580,Chr7,46289254,46289610,46289432,+,357,121,10,-201
MafA_R1.macs2_peak_28234,Chr7,97386513,97387229,97386871,+,717,213,1,583
MafA_R1.macs2_peak_28164,Chr7,92016131,92016388,92016259.5,+,258,34,6,132081
MafA_R1.macs2_peak_27530,Chr7,44831277,44832137,44831707,+,861,68,3,1288
MafA_R1.macs2_peak_28260,Chr7,98781397,98782153,98781775,+,757,58,3,8576
MafA_R1.macs2_peak_28423,Chr7,112068918,112069405,112069161.5,+,488,58,2,42248
MafA_R1.macs2_peak_28482,Chr7,113900636,113901276,113900956,+,641,58,1,-25605
MafA_R1.macs2_peak_28265,Chr7,99030263,99030900,99030581.5,+,638,130,1,-144
MafA_R1.macs2_peak_27401,Chr7,33933339,33934453,33933896,+,1115,263,18,-4135
MafA_R1.macs2_peak_27249,Chr7,18883430,18883688,18883559,+,259,385,1,-204
MafA_R1.macs2_peak_27643,Chr7,49469669,49470332,49470000.5,+,664,50,2,41894
MafA_R1.macs2_peak_28243,Chr7,98026596,98026865,98026730.5,+,270,50,1,-16195
MafA_R1.macs2_peak_28448,Chr7,112541870,112542364,112542117,+,495,50,5,-11052
MafA_R1.macs2_peak_27634,Chr7,49165139,49165551,49165345,+,413,42,3,121238
MafA_R1.macs2_peak_28130,Chr7,84428621,84428899,84428760,+,279,219,1,-74019
MafA_R1.macs2_peak_27655,Chr7,49603454,49604032,49603743,+,579,77,4,-21355
MafA_R1.macs2_peak_27199,Chr7,12699261,12700156,12699708.5,+,896,268,2,-57
MafA_R1.macs2_peak_27280,Chr7,24404086,24404579,24404332.5,+,494,41,1,-4352
MafA_R1.macs2_peak_27459,Chr7,37755783,37756251,37756017,+,469,41,6,-37040
MafA_R1.macs2_peak_27537,Chr7,45265868,45266216,45266042,+,349,41,4,-988
MafA_R1.macs2_peak_27575,Chr7,46218880,46219378,46219129,+,499,41,11,70102
MafA_R1.macs2_peak_27607,Chr7,48715920,48716355,48716137.5,+,436,41,6,95769
MafA_R1.macs2_peak_28339,Chr7,105217996,105219265,105218630.5,+,1270,192,3,-105
MafA_R1.macs2_peak_28927,Chr7,138800185,138800529,138800357,+,345,69,4,-7134
MafA_R1.macs2_peak_28671,Chr7,124882785,124883046,124882915.5,+,262,34,4,66043
MafA_R1.macs2_peak_27933,Chr7,74690564,74691244,74690904,+,681,60,4,10945
MafA_R1.macs2_peak_27814,Chr7,64770604,64770886,64770745,+,283,38,1,35531
MafA_R1.macs2_peak_27560,Chr7,45809661,45810361,45810011,+,701,43,11,19446
MafA_R1.macs2_peak_28928,Chr7,138814457,138814999,138814728,+,543,108,9,-13670
MafA_R1.macs2_peak_28064,Chr7,80412340,80412591,80412465.5,+,252,47,1,40614
MafA_R1.macs2_peak_27421,Chr7,35032949,35033685,35033317,+,737,173,1,-345
MafA_R1.macs2_peak_28909,Chr7,136839752,136840742,136840247,+,991,80,2,3835
MafA_R1.macs2_peak_27429,Chr7,35403339,35403756,35403547.5,+,418,33,2,50332
MafA_R1.macs2_peak_27629,Chr7,49040837,49041131,49040984,+,295,33,2,145047
MafA_R1.macs2_peak_27715,Chr7,54108097,54108564,54108330.5,+,468,33,3,-376663
MafA_R1.macs2_peak_27976,Chr7,77932748,77933310,77933029,+,563,35,1,294557
MafA_R1.macs2_peak_27476,Chr7,39890569,39891805,39891187,+,1237,51,19,-432974
MafA_R1.macs2_peak_28246,Chr7,98323439,98323863,98323651,+,425,35,1,-17875
MafA_R1.macs2_peak_27838,Chr7,65814876,65815749,65815312.5,+,874,71,3,56072
MafA_R1.macs2_peak_27691,Chr7,51472181,51472774,51472477.5,+,594,28,1,-39286
MafA_R1.macs2_peak_27719,Chr7,54548845,54549176,54549010.5,+,332,28,2,64017
MafA_R1.macs2_peak_28092,Chr7,81967741,81967999,81967870,+,259,28,1,-17032
MafA_R1.macs2_peak_27250,Chr7,18906891,18907246,18907068.5,+,356,91,4,-3278
MafA_R1.macs2_peak_27737,Chr7,56073825,56074544,56074184.5,+,720,48,6,184677
MafA_R1.macs2_peak_27964,Chr7,76781549,76781985,76781767,+,437,34,4,902132
MafA_R1.macs2_peak_27799,Chr7,64355980,64356275,64356127.5,+,296,30,1,166661
MafA_R1.macs2_peak_28114,Chr7,83540672,83541453,83541062.5,+,782,215,2,-146
MafA_R1.macs2_peak_28773,Chr7,129610360,129610668,129610514,+,309,28,2,46625
MafA_R1.macs2_peak_28703,Chr7,126224630,126225153,126224891.5,+,524,43,1,-249
MafA_R1.macs2_peak_27507,Chr7,44210191,44210517,44210354,+,327,40,1,-6965
MafA_R1.macs2_peak_28319,Chr7,101187540,101187814,101187677,+,275,54,2,17332
MafA_R1.macs2_peak_27600,Chr7,48569789,48570449,48570119,+,661,35,6,-38702
MafA_R1.macs2_peak_27736,Chr7,56070156,56070479,56070317.5,+,324,35,1,180810
MafA_R1.macs2_peak_27543,Chr7,45433071,45433329,45433200,+,259,192,1,-171
MafA_R1.macs2_peak_27797,Chr7,64258714,64259219,64258966.5,+,506,35,5,107080
MafA_R1.macs2_peak_28453,Chr7,112719387,112719782,112719584.5,+,396,35,1,21638
MafA_R1.macs2_peak_27587,Chr7,46607807,46608167,46607987,+,361,119,1,279
MafA_R1.macs2_peak_27741,Chr7,57240338,57240785,57240561.5,+,448,142,2,295
MafA_R1.macs2_peak_27442,Chr7,36640082,36640736,36640409,+,655,45,3,242866
MafA_R1.macs2_peak_28477,Chr7,113716777,113717041,113716909,+,265,154,3,107
MafA_R1.macs2_peak_28220,Chr7,96563136,96563636,96563386,+,501,36,3,-37348
MafA_R1.macs2_peak_27246,Chr7,18827268,18827701,18827484.5,+,434,132,1,-985
MafA_R1.macs2_peak_28632,Chr7,122645828,122646918,122646373,+,1091,56,9,76586
MafA_R1.macs2_peak_27597,Chr7,48526222,48526674,48526448,+,453,51,4,4341
MafA_R1.macs2_peak_28073,Chr7,80784520,80784980,80784750,+,461,37,1,20203
MafA_R1.macs2_peak_28679,Chr7,125150773,125151720,125151246.5,+,948,116,3,-197
MafA_R1.macs2_peak_27947,Chr7,75104795,75105173,75104984,+,379,79,3,-298
MafA_R1.macs2_peak_27265,Chr7,19551240,19551825,19551532.5,+,586,104,6,5148
MafA_R1.macs2_peak_27253,Chr7,18972343,18972743,18972543,+,401,37,3,10229
MafA_R1.macs2_peak_27882,Chr7,71945718,71946010,71945864,+,293,37,1,10479
MafA_R1.macs2_peak_27724,Chr7,54998342,54998589,54998465.5,+,248,26,2,-419467
MafA_R1.macs2_peak_28680,Chr7,125212824,125213093,125212958.5,+,270,26,2,10357
MafA_R1.macs2_peak_28067,Chr7,80437882,80438160,80438021,+,279,32,1,15058
MafA_R1.macs2_peak_27514,Chr7,44394547,44395201,44394874,+,655,62,4,2899
MafA_R1.macs2_peak_27257,Chr7,19079000,19079297,19079148.5,+,298,222,1,152
MafA_R1.macs2_peak_28248,Chr7,98351832,98352211,98352021.5,+,380,149,1,114
MafA_R1.macs2_peak_27621,Chr7,48845388,48846030,48845709,+,643,39,6,-33803
MafA_R1.macs2_peak_28663,Chr7,124272342,124272746,124272544,+,405,39,2,35614
MafA_R1.macs2_peak_27612,Chr7,48740213,48740543,48740378,+,331,35,3,71528
MafA_R1.macs2_peak_27275,Chr7,23936861,23937123,23936992,+,263,102,3,31
MafA_R1.macs2_peak_27667,Chr7,50012436,50012788,50012612,+,353,21,3,213020
MafA_R1.macs2_peak_28098,Chr7,82538677,82539084,82538880.5,+,408,21,6,22339
MafA_R1.macs2_peak_27528,Chr7,44761978,44762239,44762108.5,+,262,25,3,-8862
MafA_R1.macs2_peak_27672,Chr7,50314025,50314841,50314433,+,817,53,5,65495
MafA_R1.macs2_peak_27618,Chr7,48827080,48827465,48827272.5,+,386,28,2,-15366
MafA_R1.macs2_peak_27853,Chr7,67356936,67357203,67357069.5,+,268,30,1,52421
MafA_R1.macs2_peak_27463,Chr7,37900264,37900823,37900543.5,+,560,135,2,17332
MafA_R1.macs2_peak_27259,Chr7,19154965,19155304,19155134.5,+,340,67,1,208
MafA_R1.macs2_peak_28090,Chr7,81666799,81667366,81667082.5,+,568,56,1,-25035
MafA_R1.macs2_peak_28431,Chr7,112315796,112317170,112316483,+,1375,56,2,37920
MafA_R1.macs2_peak_27255,Chr7,19066489,19066826,19066657.5,+,338,60,3,-12339
MafA_R1.macs2_peak_27341,Chr7,28519142,28519483,28519312.5,+,342,31,1,-5451
MafA_R1.macs2_peak_27364,Chr7,29698146,29698726,29698436,+,581,31,3,15056
MafA_R1.macs2_peak_27885,Chr7,72360911,72361313,72361112,+,403,31,1,390704
MafA_R1.macs2_peak_27237,Chr7,16666844,16667247,16667045.5,+,404,45,1,-9088
MafA_R1.macs2_peak_27195,Chr7,12552414,12553221,12552817.5,+,808,103,2,-30
MafA_R1.macs2_peak_27595,Chr7,48433236,48434099,48433667.5,+,864,133,11,-5084
MafA_R1.macs2_peak_28082,Chr7,81334173,81334540,81334356.5,+,368,20,2,8357
MafA_R1.macs2_peak_27603,Chr7,48608527,48609172,48608849.5,+,646,99,1,28
MafA_R1.macs2_peak_27449,Chr7,37248526,37249058,37248792,+,533,33,1,220385
MafA_R1.macs2_peak_28039,Chr7,79788465,79789275,79788870,+,811,33,1,-23772
MafA_R1.macs2_peak_27555,Chr7,45787389,45787650,45787519.5,+,262,28,3,-37331
MafA_R1.macs2_peak_27563,Chr7,45818314,45818745,45818529.5,+,432,28,6,10928
MafA_R1.macs2_peak_28272,Chr7,99476909,99477510,99477209.5,+,602,65,1,415
MafA_R1.macs2_peak_27344,Chr7,28653035,28653862,28653448.5,+,828,50,5,8309
MafA_R1.macs2_peak_27589,Chr7,46658284,46658826,46658555,+,543,152,1,-393
MafA_R1.macs2_peak_28181,Chr7,92523505,92524291,92523898,+,787,150,1,-443
MafA_R1.macs2_peak_27440,Chr7,36465849,36466259,36466054,+,411,20,5,68511
MafA_R1.macs2_peak_27455,Chr7,37432419,37432684,37432551.5,+,266,20,2,36626
MafA_R1.macs2_peak_27663,Chr7,49968801,49969265,49969033,+,465,20,5,256599
MafA_R1.macs2_peak_27615,Chr7,48755634,48755887,48755760.5,+,254,36,2,56146
MafA_R1.macs2_peak_28231,Chr7,97371552,97372240,97371896,+,689,36,3,15558
MafA_R1.macs2_peak_27271,Chr7,19690926,19691181,19691053.5,+,256,20,1,-3474
MafA_R1.macs2_peak_27398,Chr7,30562745,30563310,30563027.5,+,566,74,1,-2132
MafA_R1.macs2_peak_28631,Chr7,122629990,122630419,122630204.5,+,430,39,1,60417
MafA_R1.macs2_peak_27542,Chr7,45358197,45358732,45358464.5,+,536,81,2,3793
MafA_R1.macs2_peak_28170,Chr7,92077105,92077353,92077229,+,249,22,2,-133128
MafA_R1.macs2_peak_27261,Chr7,19399231,19399603,19399417,+,373,102,2,-462
MafA_R1.macs2_peak_27437,Chr7,36366924,36367184,36367054,+,261,42,3,-30489
MafA_R1.macs2_peak_28712,Chr7,126421253,126421508,126421380.5,+,256,63,2,-1095
MafA_R1.macs2_peak_28148,Chr7,89701255,89701913,89701584,+,659,45,12,23217
MafA_R1.macs2_peak_28197,Chr7,95859470,95860324,95859897,+,855,69,5,53
MafA_R1.macs2_peak_27196,Chr7,12628924,12629256,12629090,+,333,25,1,-2646
MafA_R1.macs2_peak_27611,Chr7,48734267,48734764,48734515.5,+,498,25,11,77391
MafA_R1.macs2_peak_27601,Chr7,48578046,48578529,48578287.5,+,484,28,12,-30534
MafA_R1.macs2_peak_27688,Chr7,51421923,51422502,51422212.5,+,580,28,1,-89551
MafA_R1.macs2_peak_28025,Chr7,79637488,79637913,79637700.5,+,426,28,1,-36862
MafA_R1.macs2_peak_28630,Chr7,122623815,122624301,122624058,+,487,33,1,54271
MafA_R1.macs2_peak_28912,Chr7,137012216,137012771,137012493.5,+,556,227,3,-8
MafA_R1.macs2_peak_27471,Chr7,39328681,39329142,39328911.5,+,462,31,5,161721
MafA_R1.macs2_peak_28105,Chr7,82907681,82908283,82907982,+,603,31,1,110304
MafA_R1.macs2_peak_27290,Chr7,25101940,25102234,25102087,+,295,34,1,-6675
MafA_R1.macs2_peak_28634,Chr7,122665181,122666184,122665682.5,+,1004,34,4,-57426
MafA_R1.macs2_peak_27424,Chr7,35255003,35255341,35255172,+,339,68,5,181
MafA_R1.macs2_peak_27164,Chr7,4549862,4550958,4550410,+,1097,74,2,130
MafA_R1.macs2_peak_27522,Chr7,44541907,44542160,44542033.5,+,254,154,1,-185
MafA_R1.macs2_peak_28699,Chr7,126027969,126028499,126028234,+,531,94,1,295
MafA_R1.macs2_peak_28433,Chr7,112340698,112341510,112341104,+,813,53,3,62541
MafA_R1.macs2_peak_27158,Chr7,3706681,3707263,3706972,+,583,107,5,-68
MafA_R1.macs2_peak_27357,Chr7,29467467,29467922,29467694.5,+,456,107,5,-283
MafA_R1.macs2_peak_27457,Chr7,37718890,37719221,37719055.5,+,332,61,4,-78
MafA_R1.macs2_peak_27222,Chr7,16029102,16030307,16029704.5,+,1206,62,1,-8984
MafA_R1.macs2_peak_28280,Chr7,99959919,99960313,99960116,+,395,20,1,25389
MafA_R1.macs2_peak_27630,Chr7,49134613,49134865,49134739,+,253,20,7,151844
MafA_R1.macs2_peak_28163,Chr7,91743061,91743500,91743280.5,+,440,20,3,25439
MafA_R1.macs2_peak_28219,Chr7,96561259,96561750,96561504.5,+,492,20,4,-39230
MafA_R1.macs2_peak_28229,Chr7,97173468,97174101,97173784.5,+,634,26,3,43621
MafA_R1.macs2_peak_27646,Chr7,49492349,49493504,49492926.5,+,1156,41,4,64820
MafA_R1.macs2_peak_27389,Chr7,30364544,30364906,30364725,+,363,58,1,-306
MafA_R1.macs2_peak_27625,Chr7,48895593,48896235,48895914,+,643,71,3,-23
MafA_R1.macs2_peak_27519,Chr7,44506546,44507040,44506793,+,495,111,1,-34
MafA_R1.macs2_peak_27727,Chr7,55443116,55443778,55443447,+,663,56,14,-426
MafA_R1.macs2_peak_27553,Chr7,45783366,45783639,45783502.5,+,274,20,3,-33314
MafA_R1.macs2_peak_27411,Chr7,34510493,34511431,34510962,+,939,77,3,1174
MafA_R1.macs2_peak_28456,Chr7,112766352,112766759,112766555.5,+,408,37,5,-25333
MafA_R1.macs2_peak_27523,Chr7,44542421,44542803,44542612,+,383,58,4,-764
MafA_R1.macs2_peak_27171,Chr7,5063085,5064565,5063825,+,1481,158,3,-1317
MafA_R1.macs2_peak_27585,Chr7,46470834,46471377,46471105.5,+,544,24,8,-24123
MafA_R1.macs2_peak_27581,Chr7,46292581,46293068,46292824.5,+,488,21,9,-3593
MafA_R1.macs2_peak_27505,Chr7,44145637,44146334,44145985.5,+,698,118,1,-34
MafA_R1.macs2_peak_27639,Chr7,49427767,49428426,49428096.5,+,660,48,7,-10
MafA_R1.macs2_peak_27243,Chr7,18757716,18758056,18757886,+,341,64,3,-416
MafA_R1.macs2_peak_28154,Chr7,90106220,90106690,90106455,+,471,39,1,-44
MafA_R1.macs2_peak_28930,Chr7,138878224,138878954,138878589,+,731,26,2,50191
MafA_R1.macs2_peak_28463,Chr7,112968748,112969305,112969026.5,+,558,74,1,-480
MafA_R1.macs2_peak_27526,Chr7,44646784,44647290,44647037,+,507,67,1,-34
MafA_R1.macs2_peak_27539,Chr7,45353573,45354188,45353880.5,+,616,86,4,-791
MafA_R1.macs2_peak_28427,Chr7,112192807,112193331,112193069,+,525,30,2,-58179
MafA_R1.macs2_peak_27540,Chr7,45354442,45354767,45354604.5,+,326,77,1,-67
MafA_R1.macs2_peak_27460,Chr7,37784781,37785040,37784910.5,+,260,38,2,22005
MafA_R1.macs2_peak_28327,Chr7,101619484,101619788,101619636,+,305,62,1,586
MafA_R1.macs2_peak_27211,Chr7,15781894,15782685,15782289.5,+,792,63,1,-23481
MafA_R1.macs2_peak_27731,Chr7,55612416,55612722,55612569,+,307,31,2,290
MafA_R1.macs2_peak_27504,Chr7,44117087,44117668,44117377.5,+,582,47,6,-27
MafA_R1.macs2_peak_27258,Chr7,19137895,19138347,19138121,+,453,21,3,-92
MafA_R1.macs2_peak_27234,Chr7,16608377,16608783,16608580,+,407,59,1,231
MafA_R1.macs2_peak_27491,Chr7,42341982,42342462,42342222,+,481,23,3,-80
MafA_R1.macs2_peak_27190,Chr7,6921343,6921642,6921492.5,+,300,20,1,58169
MafA_R1.macs2_peak_27370,Chr7,29750616,29751036,29750826,+,421,25,3,-5
MafA_R1.macs2_peak_27219,Chr7,16006793,16007195,16006994,+,403,47,2,623
MafA_R1.macs2_peak_27292,Chr7,25418322,25418863,25418592.5,+,542,27,1,-132
MafA_R1.macs2_peak_27564,Chr7,45837299,45837707,45837503,+,409,22,4,-8046
MafA_R1.macs2_peak_27531,Chr7,44982405,44982728,44982566.5,+,324,27,1,638
MafA_R1.macs2_peak_27518,Chr7,44498701,44499282,44498991.5,+,582,61,1,-68
MafA_R1.macs2_peak_27248,Chr7,18865641,18866010,18865825.5,+,370,20,2,12041
MafA_R1.macs2_peak_27599,Chr7,48531019,48531360,48531189.5,+,342,36,1,141
MafA_R1.macs2_peak_27212,Chr7,15785763,15786234,15785998.5,+,472,31,1,-19772
MafA_R1.macs2_peak_28236,Chr7,97437615,97437893,97437754,+,279,25,2,6
MafA_R1.macs2_peak_28332,Chr7,101916492,101916892,101916692,+,401,28,4,-334
MafA_R1.macs2_peak_29350,Chr8,35146853,35147747,35147300,+,895,1596,7,-39830
MafA_R1.macs2_peak_29982,Chr8,94415035,94417295,94416165,+,2261,1204,7,30438
MafA_R1.macs2_peak_29420,Chr8,41062454,41064062,41063258,+,1609,1876,17,24577
MafA_R1.macs2_peak_29795,Chr8,84149669,84150682,84150175.5,+,1014,864,6,19116
MafA_R1.macs2_peak_30312,Chr8,117046689,117047667,117047178,+,979,960,12,-184576
MafA_R1.macs2_peak_29212,Chr8,24909399,24912782,24911090.5,+,3384,1212,1,17872
MafA_R1.macs2_peak_29985,Chr8,94438936,94440874,94439905,+,1939,1932,2,6698
MafA_R1.macs2_peak_29542,Chr8,48961260,48962856,48962058,+,1597,1168,1,165667
MafA_R1.macs2_peak_29774,Chr8,82722837,82724122,82723479.5,+,1286,993,9,405736
MafA_R1.macs2_peak_29845,Chr8,86030920,86032406,86031663,+,1487,1639,5,5402
MafA_R1.macs2_peak_29230,Chr8,25493742,25495388,25494565,+,1647,1050,2,12373
MafA_R1.macs2_peak_29313,Chr8,31859747,31860918,31860332.5,+,1172,949,12,2555
MafA_R1.macs2_peak_30278,Chr8,115077827,115079382,115078604.5,+,1556,1028,12,-386
MafA_R1.macs2_peak_29453,Chr8,42792827,42793810,42793318.5,+,984,555,13,513014
MafA_R1.macs2_peak_29965,Chr8,92435870,92436807,92436338.5,+,938,1122,4,91944
MafA_R1.macs2_peak_30264,Chr8,114819593,114820734,114820163.5,+,1142,668,4,-40151
MafA_R1.macs2_peak_29702,Chr8,73064585,73065787,73065186,+,1203,820,20,-7720
MafA_R1.macs2_peak_30314,Chr8,117090799,117091692,117091245.5,+,894,498,3,-140509
MafA_R1.macs2_peak_29706,Chr8,73162945,73164389,73163667,+,1445,790,5,11651
MafA_R1.macs2_peak_29337,Chr8,34691928,34693196,34692562,+,1269,1181,6,-58696
MafA_R1.macs2_peak_29220,Chr8,24980356,24982540,24981448,+,2185,894,29,-52486
MafA_R1.macs2_peak_29648,Chr8,69404159,69407627,69405893,+,3469,591,27,72686
MafA_R1.macs2_peak_29450,Chr8,42156886,42157820,42157353,+,935,799,8,-122951
MafA_R1.macs2_peak_30443,Chr8,122757265,122759269,122758267,+,2005,737,9,53504
MafA_R1.macs2_peak_30052,Chr8,96336916,96338828,96337872,+,1913,640,1,-22315
MafA_R1.macs2_peak_29457,Chr8,43066654,43068518,43067586,+,1865,530,16,526937
MafA_R1.macs2_peak_29793,Chr8,83932180,83932945,83932562.5,+,766,601,10,40581
MafA_R1.macs2_peak_29661,Chr8,70202333,70203398,70202865.5,+,1066,3916,8,-253
MafA_R1.macs2_peak_29428,Chr8,41323453,41325433,41324443,+,1981,609,14,9039
MafA_R1.macs2_peak_30442,Chr8,122748264,122749327,122748795.5,+,1064,1181,3,44032
MafA_R1.macs2_peak_29520,Chr8,47963672,47964595,47964133.5,+,924,609,1,22372
MafA_R1.macs2_peak_29276,Chr8,27237135,27239004,27238069.5,+,1870,769,2,76382
MafA_R1.macs2_peak_29783,Chr8,83561183,83562712,83561947.5,+,1530,764,25,-28038
MafA_R1.macs2_peak_29267,Chr8,26838874,26840466,26839670,+,1593,593,1,191473
MafA_R1.macs2_peak_29935,Chr8,91129752,91130879,91130315.5,+,1128,462,9,-55435
MafA_R1.macs2_peak_29419,Chr8,41025438,41027201,41026319.5,+,1764,1131,24,-57431
MafA_R1.macs2_peak_29445,Chr8,41838802,41840124,41839463,+,1323,363,3,-11729
MafA_R1.macs2_peak_29391,Chr8,37682886,37683793,37683339.5,+,908,341,4,-191947
MafA_R1.macs2_peak_29392,Chr8,37753194,37754068,37753631,+,875,314,2,-262239
MafA_R1.macs2_peak_29723,Chr8,75815685,75816740,75816212.5,+,1056,897,2,-4034
MafA_R1.macs2_peak_29666,Chr8,70557087,70557767,70557427,+,681,816,4,-2191
MafA_R1.macs2_peak_29312,Chr8,31800566,31801367,31800966.5,+,802,470,6,-56811
MafA_R1.macs2_peak_29189,Chr8,23249318,23250440,23249879,+,1123,344,1,2141
MafA_R1.macs2_peak_29308,Chr8,31767931,31770512,31769221.5,+,2582,719,24,-88556
MafA_R1.macs2_peak_29429,Chr8,41329431,41330504,41329967.5,+,1074,290,8,14563
MafA_R1.macs2_peak_29779,Chr8,83366824,83367376,83367100,+,553,373,10,133674
MafA_R1.macs2_peak_29413,Chr8,40749436,40750138,40749787,+,703,312,7,-9793
MafA_R1.macs2_peak_29404,Chr8,39078081,39079480,39078780.5,+,1400,535,13,49882
MafA_R1.macs2_peak_29997,Chr8,94730429,94731710,94731069.5,+,1282,764,2,8199
MafA_R1.macs2_peak_29980,Chr8,94394494,94395302,94394898,+,809,349,3,51705
MafA_R1.macs2_peak_29240,Chr8,25752063,25752579,25752321,+,517,270,1,43965
MafA_R1.macs2_peak_29376,Chr8,36240612,36241240,36240926,+,629,387,3,8049
MafA_R1.macs2_peak_30076,Chr8,98909748,98910994,98910371,+,1247,387,2,-828148
MafA_R1.macs2_peak_29987,Chr8,94466328,94467729,94467028.5,+,1402,438,4,-20425
MafA_R1.macs2_peak_29915,Chr8,89143634,89143983,89143808.5,+,350,340,4,-54989
MafA_R1.macs2_peak_29364,Chr8,35661379,35662408,35661893.5,+,1030,541,16,-181020
MafA_R1.macs2_peak_29815,Chr8,85072738,85073616,85073177,+,879,541,3,-68816
MafA_R1.macs2_peak_29344,Chr8,35089112,35091058,35090085,+,1947,677,12,17385
MafA_R1.macs2_peak_29339,Chr8,34792756,34794318,34793537,+,1563,325,6,-159671
MafA_R1.macs2_peak_29746,Chr8,78874198,78874972,78874585,+,775,498,1,-65386
MafA_R1.macs2_peak_30027,Chr8,95549021,95549726,95549373.5,+,706,342,2,12292
MafA_R1.macs2_peak_29256,Chr8,26459970,26460583,26460276.5,+,614,224,3,6496
MafA_R1.macs2_peak_29262,Chr8,26768870,26769816,26769343,+,947,228,3,121146
MafA_R1.macs2_peak_29545,Chr8,49232610,49234285,49233447.5,+,1676,250,5,-105722
MafA_R1.macs2_peak_29928,Chr8,90737914,90738940,90738427,+,1027,250,2,336453
MafA_R1.macs2_peak_29663,Chr8,70247069,70247939,70247504,+,871,479,3,3691
MafA_R1.macs2_peak_30342,Chr8,118870721,118872378,118871549.5,+,1658,620,1,-138801
MafA_R1.macs2_peak_29396,Chr8,38173984,38174382,38174183,+,399,212,4,545173
MafA_R1.macs2_peak_29922,Chr8,90044214,90045105,90044659.5,+,892,228,7,-273869
MafA_R1.macs2_peak_29264,Chr8,26789476,26790941,26790208.5,+,1466,464,1,142011
MafA_R1.macs2_peak_29427,Chr8,41322194,41323019,41322606.5,+,826,319,6,7202
MafA_R1.macs2_peak_29701,Chr8,72993260,72994189,72993724.5,+,930,2021,8,-138
MafA_R1.macs2_peak_29205,Chr8,24873202,24874358,24873780,+,1157,226,1,55182
MafA_R1.macs2_peak_29772,Chr8,82436930,82438348,82437639,+,1419,385,7,368448
MafA_R1.macs2_peak_29782,Chr8,83552726,83553677,83553201.5,+,952,188,6,-36784
MafA_R1.macs2_peak_29342,Chr8,34991337,34991799,34991568,+,463,241,5,115902
MafA_R1.macs2_peak_29681,Chr8,71087662,71088751,71088206.5,+,1090,247,11,-3100
MafA_R1.macs2_peak_29054,Chr8,9178274,9179212,9178743,+,939,202,2,3545
MafA_R1.macs2_peak_29808,Chr8,84996774,84997789,84997281.5,+,1016,578,5,-250
MafA_R1.macs2_peak_30012,Chr8,94985165,94986379,94985772,+,1215,348,1,-7703
MafA_R1.macs2_peak_30070,Chr8,97570360,97570838,97570599,+,479,205,2,-955566
MafA_R1.macs2_peak_29340,Chr8,34939204,34940057,34939630.5,+,854,306,19,167840
MafA_R1.macs2_peak_29788,Chr8,83666029,83667390,83666709.5,+,1362,275,11,76724
MafA_R1.macs2_peak_29963,Chr8,92319753,92320461,92320107,+,709,238,1,208175
MafA_R1.macs2_peak_30154,Chr8,107869093,107869863,107869478,+,771,379,4,-7815
MafA_R1.macs2_peak_29395,Chr8,37933449,37934267,37933858,+,819,193,10,-442466
MafA_R1.macs2_peak_29804,Chr8,84752453,84752794,84752623.5,+,342,210,4,4520
MafA_R1.macs2_peak_29372,Chr8,35919454,35920723,35920088.5,+,1270,296,9,42599
MafA_R1.macs2_peak_30287,Chr8,115317987,115320680,115319333.5,+,2694,407,1,152941
MafA_R1.macs2_peak_29343,Chr8,34992094,34993275,34992684.5,+,1182,327,8,114786
MafA_R1.macs2_peak_29273,Chr8,27083562,27084961,27084261.5,+,1400,433,3,230190
MafA_R1.macs2_peak_29929,Chr8,90971163,90972276,90971719.5,+,1114,571,4,103161
MafA_R1.macs2_peak_29847,Chr8,86036293,86037275,86036784,+,983,397,2,10523
MafA_R1.macs2_peak_29227,Chr8,25354600,25355292,25354946,+,693,230,1,-40561
MafA_R1.macs2_peak_29555,Chr8,50737629,50738853,50738241,+,1225,213,3,-82906
MafA_R1.macs2_peak_30079,Chr8,99852425,99854131,99853278,+,1707,626,5,114759
MafA_R1.macs2_peak_29304,Chr8,31159729,31160609,31160169,+,881,153,15,101746
MafA_R1.macs2_peak_29704,Chr8,73148944,73149611,73149277.5,+,668,173,4,26041
MafA_R1.macs2_peak_29271,Chr8,26961704,26962772,26962238,+,1069,565,3,314041
MafA_R1.macs2_peak_29228,Chr8,25359433,25360236,25359834.5,+,804,265,2,-45449
MafA_R1.macs2_peak_29775,Chr8,82928161,82929139,82928650,+,979,206,9,200565
MafA_R1.macs2_peak_29992,Chr8,94570324,94572515,94571419.5,+,2192,383,4,-31236
MafA_R1.macs2_peak_29381,Chr8,36498941,36499604,36499272.5,+,664,223,8,-62710
MafA_R1.macs2_peak_29761,Chr8,80160617,80161651,80161134,+,1035,223,5,-35077
MafA_R1.macs2_peak_29390,Chr8,37539923,37540237,37540080,+,315,142,8,-48688
MafA_R1.macs2_peak_29771,Chr8,82418823,82419958,82419390.5,+,1136,142,12,350199
MafA_R1.macs2_peak_29672,Chr8,70664623,70665798,70665210.5,+,1176,1356,7,-279
MafA_R1.macs2_peak_29436,Chr8,41515668,41516478,41516073,+,811,161,2,-8240
MafA_R1.macs2_peak_30007,Chr8,94955475,94957249,94956362,+,1775,170,1,15170
MafA_R1.macs2_peak_29270,Chr8,26854322,26855029,26854675.5,+,708,199,2,206478
MafA_R1.macs2_peak_29814,Chr8,85061184,85062219,85061701.5,+,1036,305,6,-64670
MafA_R1.macs2_peak_29380,Chr8,36400321,36401336,36400828.5,+,1016,354,10,-50717
MafA_R1.macs2_peak_29323,Chr8,32783196,32783974,32783585,+,779,221,3,141662
MafA_R1.macs2_peak_30026,Chr8,95541000,95541730,95541365,+,731,151,2,4284
MafA_R1.macs2_peak_29548,Chr8,49556383,49557114,49556748.5,+,732,170,3,-429023
MafA_R1.macs2_peak_29346,Chr8,35103289,35104184,35103736.5,+,896,131,8,3734
MafA_R1.macs2_peak_30431,Chr8,122623421,122626480,122624950.5,+,3060,521,26,9475
MafA_R1.macs2_peak_29305,Chr8,31313117,31313758,31313437.5,+,642,203,1,255014
MafA_R1.macs2_peak_29822,Chr8,85227761,85228700,85228230.5,+,940,257,9,86237
MafA_R1.macs2_peak_29802,Chr8,84730891,84731699,84731295,+,809,568,6,-962
MafA_R1.macs2_peak_29721,Chr8,75797937,75798319,75798128,+,383,192,1,-22118
MafA_R1.macs2_peak_29942,Chr8,91287522,91288211,91287866.5,+,690,171,7,-212986
MafA_R1.macs2_peak_29451,Chr8,42162768,42163708,42163238,+,941,157,12,-117066
MafA_R1.macs2_peak_29369,Chr8,35774465,35775571,35775018,+,1107,230,22,-67895
MafA_R1.macs2_peak_30266,Chr8,114841821,114843488,114842654.5,+,1668,447,1,-17660
MafA_R1.macs2_peak_29940,Chr8,91269317,91270031,91269674,+,715,195,1,-194794
MafA_R1.macs2_peak_29699,Chr8,72890729,72891164,72890946.5,+,436,414,4,1814
MafA_R1.macs2_peak_30471,Chr8,123928828,123929519,123929173.5,+,692,201,1,10354
MafA_R1.macs2_peak_30083,Chr8,99956670,99957004,99956837,+,335,125,2,186266
MafA_R1.macs2_peak_29574,Chr8,56178672,56179565,56179118.5,+,894,216,1,180881
MafA_R1.macs2_peak_30417,Chr8,122410189,122410816,122410502.5,+,628,216,6,-31830
MafA_R1.macs2_peak_29322,Chr8,32714915,32715624,32715269.5,+,710,120,11,73346
MafA_R1.macs2_peak_29347,Chr8,35120013,35122275,35121144,+,2263,161,10,-13674
MafA_R1.macs2_peak_29926,Chr8,90535182,90535605,90535393.5,+,424,161,10,539487
MafA_R1.macs2_peak_29936,Chr8,91140589,91141391,91140990,+,803,238,2,-66110
MafA_R1.macs2_peak_29683,Chr8,71187835,71188331,71188083,+,497,142,10,11370
MafA_R1.macs2_peak_29777,Chr8,83290938,83292093,83291515.5,+,1156,166,15,-162300
MafA_R1.macs2_peak_29675,Chr8,70848184,70849007,70848595.5,+,824,340,3,22397
MafA_R1.macs2_peak_30474,Chr8,124122329,124123403,124122866,+,1075,132,3,-10955
MafA_R1.macs2_peak_29183,Chr8,22294449,22295069,22294759,+,621,183,1,-18796
MafA_R1.macs2_peak_29424,Chr8,41103760,41104261,41104010.5,+,675,169,4,-16262
MafA_R1.macs2_peak_30039,Chr8,95936267,95936915,95936591,+,649,169,1,-67423
MafA_R1.macs2_peak_29949,Chr8,91663260,91663622,91663441,+,363,131,1,4564
MafA_R1.macs2_peak_29947,Chr8,91603398,91604732,91604065,+,1335,871,6,48602
MafA_R1.macs2_peak_29803,Chr8,84738893,84739494,84739193.5,+,602,365,3,-844
MafA_R1.macs2_peak_29438,Chr8,41577488,41578108,41577798,+,621,134,10,8965
MafA_R1.macs2_peak_29739,Chr8,78497393,78498479,78497936,+,1087,130,1,-46855
MafA_R1.macs2_peak_29324,Chr8,32794315,32795606,32794960.5,+,1292,275,18,153037
MafA_R1.macs2_peak_29608,Chr8,62078534,62078888,62078711,+,355,134,1,-34538
MafA_R1.macs2_peak_29338,Chr8,34767683,34768372,34768027.5,+,690,198,7,-134161
MafA_R1.macs2_peak_29841,Chr8,85894180,85895164,85894672,+,985,156,10,16119
MafA_R1.macs2_peak_30276,Chr8,115020383,115021470,115020926.5,+,1088,174,6,57292
MafA_R1.macs2_peak_30164,Chr8,109399075,109399721,109399398,+,647,159,1,-41878
MafA_R1.macs2_peak_29933,Chr8,91096110,91096703,91096406.5,+,594,220,1,-21526
MafA_R1.macs2_peak_30165,Chr8,109417714,109419819,109418766.5,+,2106,205,1,-22510
MafA_R1.macs2_peak_29331,Chr8,34289203,34290468,34289835.5,+,1266,581,7,-52037
MafA_R1.macs2_peak_29272,Chr8,27019464,27020397,27019930.5,+,934,140,1,294521
MafA_R1.macs2_peak_29968,Chr8,93074773,93075935,93075354,+,1163,121,8,7394
MafA_R1.macs2_peak_30158,Chr8,108125838,108126810,108126324,+,973,216,1,3513
MafA_R1.macs2_peak_29368,Chr8,35760408,35761513,35760960.5,+,1106,398,21,-81953
MafA_R1.macs2_peak_30067,Chr8,97182623,97183130,97182876.5,+,508,120,2,-567847
MafA_R1.macs2_peak_30263,Chr8,114807745,114808558,114808151.5,+,814,319,17,-52163
MafA_R1.macs2_peak_29333,Chr8,34476952,34477859,34477405.5,+,908,127,10,-57514
MafA_R1.macs2_peak_30084,Chr8,100010862,100011394,100011128,+,533,153,2,131975
MafA_R1.macs2_peak_29399,Chr8,38799383,38799773,38799578,+,391,113,2,-80222
MafA_R1.macs2_peak_29204,Chr8,24784751,24785101,24784926,+,351,105,3,144036
MafA_R1.macs2_peak_29446,Chr8,41896843,41897363,41897103,+,521,105,1,-26948
MafA_R1.macs2_peak_29785,Chr8,83572661,83573579,83573120,+,919,137,14,-16865
MafA_R1.macs2_peak_29319,Chr8,32362402,32362876,32362639,+,475,111,2,46232
MafA_R1.macs2_peak_29327,Chr8,34211890,34212251,34212070.5,+,362,192,9,-9872
MafA_R1.macs2_peak_30309,Chr8,116910944,116911520,116911232,+,577,192,1,-320522
MafA_R1.macs2_peak_29447,Chr8,41973104,41973713,41973408.5,+,610,110,16,-103253
MafA_R1.macs2_peak_29768,Chr8,81986034,81987080,81986557,+,1047,114,3,-82634
MafA_R1.macs2_peak_30280,Chr8,115095962,115096845,115096403.5,+,884,340,1,-18185
MafA_R1.macs2_peak_30034,Chr8,95710527,95710957,95710742,+,431,362,2,-285
MafA_R1.macs2_peak_29821,Chr8,85185696,85186267,85185981.5,+,572,169,3,43988
MafA_R1.macs2_peak_29954,Chr8,91821046,91821340,91821193,+,295,147,6,24508
MafA_R1.macs2_peak_30320,Chr8,117788145,117788425,117788285,+,281,117,3,20903
MafA_R1.macs2_peak_29716,Chr8,75586700,75587723,75587211.5,+,1024,121,10,-12591
MafA_R1.macs2_peak_29437,Chr8,41527261,41527896,41527578.5,+,636,146,3,-19745
MafA_R1.macs2_peak_29459,Chr8,43157587,43158658,43158122.5,+,1072,207,3,436401
MafA_R1.macs2_peak_29958,Chr8,92040135,92040666,92040400.5,+,532,519,6,247
MafA_R1.macs2_peak_29415,Chr8,40778708,40780156,40779432,+,1449,124,9,18368
MafA_R1.macs2_peak_30078,Chr8,99393729,99394446,99394087.5,+,718,95,4,-344432
MafA_R1.macs2_peak_29760,Chr8,80125917,80126616,80126266.5,+,700,380,1,-209
MafA_R1.macs2_peak_29336,Chr8,34682549,34683114,34682831.5,+,566,123,3,-48965
MafA_R1.macs2_peak_29679,Chr8,71062780,71063530,71063155,+,751,384,5,-2191
MafA_R1.macs2_peak_29349,Chr8,35138746,35139611,35139178.5,+,866,131,14,-31708
MafA_R1.macs2_peak_29044,Chr8,8394505,8395208,8394856.5,+,704,160,1,316386
MafA_R1.macs2_peak_30065,Chr8,97100050,97100305,97100177.5,+,256,89,3,-485148
MafA_R1.macs2_peak_30313,Chr8,117078677,117079023,117078850,+,347,101,1,-152904
MafA_R1.macs2_peak_29332,Chr8,34297552,34298309,34297930.5,+,758,138,18,-60132
MafA_R1.macs2_peak_29234,Chr8,25559966,25561128,25560547,+,1163,275,5,31280
MafA_R1.macs2_peak_29961,Chr8,92268397,92268742,92268569.5,+,346,93,3,228416
MafA_R1.macs2_peak_29652,Chr8,69542703,69543177,69542940,+,475,266,1,-1066
MafA_R1.macs2_peak_29827,Chr8,85541938,85542269,85542103.5,+,332,293,1,7349
MafA_R1.macs2_peak_29275,Chr8,27233379,27233808,27233593.5,+,430,115,3,80858
MafA_R1.macs2_peak_29813,Chr8,85046462,85047218,85046840,+,757,151,5,-49809
MafA_R1.macs2_peak_30166,Chr8,109547860,109548850,109548355,+,991,168,1,107079
MafA_R1.macs2_peak_29762,Chr8,80217165,80218088,80217626.5,+,924,126,2,-91569
MafA_R1.macs2_peak_29692,Chr8,71857632,71858533,71858082.5,+,902,237,6,-574
MafA_R1.macs2_peak_29812,Chr8,85043308,85044449,85043878.5,+,1142,133,9,-46847
MafA_R1.macs2_peak_29944,Chr8,91467073,91467795,91467434,+,723,92,11,76587
MafA_R1.macs2_peak_29316,Chr8,31949887,31950578,31950232.5,+,692,91,3,92455
MafA_R1.macs2_peak_29401,Chr8,38856651,38857066,38856858.5,+,416,91,5,-137502
MafA_R1.macs2_peak_29644,Chr8,69126944,69127438,69127191,+,495,91,4,60546
MafA_R1.macs2_peak_30172,Chr8,110191936,110192331,110192133.5,+,396,105,3,-28526
MafA_R1.macs2_peak_29269,Chr8,26848532,26849287,26848909.5,+,756,188,4,200712
MafA_R1.macs2_peak_29745,Chr8,78850644,78851529,78851086.5,+,886,85,2,-88885
MafA_R1.macs2_peak_30307,Chr8,116870567,116871406,116870986.5,+,840,134,4,-360768
MafA_R1.macs2_peak_29366,Chr8,35672582,35673554,35673068,+,973,164,10,-169845
MafA_R1.macs2_peak_29727,Chr8,75926165,75926968,75926566.5,+,804,195,1,-14006
MafA_R1.macs2_peak_29245,Chr8,26087090,26087909,26087499.5,+,820,523,1,4
MafA_R1.macs2_peak_29441,Chr8,41647394,41647912,41647653,+,519,86,5,20540
MafA_R1.macs2_peak_30174,Chr8,110225777,110226350,110226063.5,+,574,90,3,5404
MafA_R1.macs2_peak_30483,Chr8,124443782,124444148,124443965,+,367,90,2,-16732
MafA_R1.macs2_peak_29423,Chr8,41090024,41090798,41090411,+,775,124,3,-2576
MafA_R1.macs2_peak_29362,Chr8,35555966,35556275,35556120.5,+,310,82,2,-123276
MafA_R1.macs2_peak_29643,Chr8,69009347,69009941,69009644,+,595,82,6,178093
MafA_R1.macs2_peak_29412,Chr8,40419046,40419786,40419416,+,741,96,5,320578
MafA_R1.macs2_peak_30024,Chr8,95492416,95493266,95492841,+,851,96,15,-5967
MafA_R1.macs2_peak_30304,Chr8,116837908,116838202,116838055,+,295,96,3,-393699
MafA_R1.macs2_peak_29951,Chr8,91715993,91716285,91716139,+,293,81,3,57262
MafA_R1.macs2_peak_29265,Chr8,26798049,26799097,26798573,+,1049,111,10,150376
MafA_R1.macs2_peak_30310,Chr8,116916402,116917183,116916792.5,+,782,111,2,-314962
MafA_R1.macs2_peak_29811,Chr8,85018236,85018498,85018367,+,263,126,1,-21336
MafA_R1.macs2_peak_29981,Chr8,94401795,94402676,94402235.5,+,882,126,7,44368
MafA_R1.macs2_peak_29321,Chr8,32602104,32602752,32602428,+,649,141,1,-39495
MafA_R1.macs2_peak_29567,Chr8,54867038,54867789,54867413.5,+,752,141,1,115620
MafA_R1.macs2_peak_30283,Chr8,115173104,115174128,115173616,+,1025,156,7,7224
MafA_R1.macs2_peak_29995,Chr8,94646030,94647330,94646680,+,1301,172,5,92588
MafA_R1.macs2_peak_29755,Chr8,79773152,79773730,79773441,+,579,70,2,18375
MafA_R1.macs2_peak_30033,Chr8,95701022,95701716,95701369,+,695,146,3,-2368
MafA_R1.macs2_peak_29946,Chr8,91554821,91555791,91555306,+,971,437,3,-157
MafA_R1.macs2_peak_29939,Chr8,91245629,91246393,91246011,+,765,96,8,-171131
MafA_R1.macs2_peak_29047,Chr8,8710989,8711965,8711477,+,977,311,2,-235
MafA_R1.macs2_peak_29418,Chr8,40899113,40899640,40899376.5,+,528,88,6,22520
MafA_R1.macs2_peak_29943,Chr8,91302735,91303272,91303003.5,+,538,88,12,-228123
MafA_R1.macs2_peak_30438,Chr8,122721277,122722014,122721645.5,+,738,88,1,16882
MafA_R1.macs2_peak_29983,Chr8,94417844,94418570,94418207,+,727,77,13,28396
MafA_R1.macs2_peak_29359,Chr8,35345970,35347040,35346505,+,1071,87,2,71741
MafA_R1.macs2_peak_29432,Chr8,41384044,41384820,41384432,+,777,87,13,5162
MafA_R1.macs2_peak_29736,Chr8,78174625,78175255,78174940,+,631,87,5,3778
MafA_R1.macs2_peak_29770,Chr8,82360812,82361371,82361091.5,+,560,87,2,291900
MafA_R1.macs2_peak_30089,Chr8,102273536,102274239,102273887.5,+,704,87,3,1237856
MafA_R1.macs2_peak_29744,Chr8,78789131,78789449,78789290,+,319,70,1,-150681
MafA_R1.macs2_peak_30169,Chr8,109783876,109784515,109784195.5,+,640,77,3,-17659
MafA_R1.macs2_peak_29664,Chr8,70260530,70261243,70260886.5,+,714,142,2,-451
MafA_R1.macs2_peak_29307,Chr8,31658888,31659322,31659105,+,435,242,10,-353
MafA_R1.macs2_peak_29388,Chr8,37502866,37503944,37503405,+,1079,140,33,-12013
MafA_R1.macs2_peak_29843,Chr8,86026209,86026481,86026345,+,273,645,1,84
MafA_R1.macs2_peak_30011,Chr8,94982210,94983028,94982619,+,819,111,1,-10856
MafA_R1.macs2_peak_30444,Chr8,123002899,123003299,123003099,+,401,110,8,-5781
MafA_R1.macs2_peak_29303,Chr8,30972841,30973171,30973006,+,331,61,1,-85417
MafA_R1.macs2_peak_29397,Chr8,38591152,38591420,38591286,+,269,61,1,128070
MafA_R1.macs2_peak_30069,Chr8,97568861,97569351,97569106,+,491,61,1,-954073
MafA_R1.macs2_peak_29455,Chr8,42896077,42896652,42896364.5,+,576,61,5,616060
MafA_R1.macs2_peak_29409,Chr8,39644108,39644535,39644321.5,+,428,94,2,-106700
MafA_R1.macs2_peak_29816,Chr8,85084158,85084851,85084504.5,+,694,84,3,-57489
MafA_R1.macs2_peak_30019,Chr8,95218857,95219178,95219017.5,+,322,337,4,-12657
MafA_R1.macs2_peak_29800,Chr8,84386973,84387874,84387423.5,+,902,162,6,-5850
MafA_R1.macs2_peak_29698,Chr8,72888557,72889044,72888800.5,+,488,282,4,-332
MafA_R1.macs2_peak_29430,Chr8,41340534,41341286,41340910,+,753,80,3,25506
MafA_R1.macs2_peak_29224,Chr8,24996111,24996651,24996381,+,541,76,1,-67419
MafA_R1.macs2_peak_29315,Chr8,31911172,31911575,31911373.5,+,404,79,3,53596
MafA_R1.macs2_peak_30479,Chr8,124357322,124357822,124357572,+,501,100,1,-23096
MafA_R1.macs2_peak_30038,Chr8,95928489,95929220,95928854.5,+,732,117,2,-59686
MafA_R1.macs2_peak_29688,Chr8,71293214,71293825,71293519.5,+,612,195,3,-1155
MafA_R1.macs2_peak_29674,Chr8,70725559,70726049,70725804,+,491,69,3,-9845
MafA_R1.macs2_peak_30275,Chr8,114996724,114997003,114996863.5,+,280,69,6,64483
MafA_R1.macs2_peak_29266,Chr8,26835050,26835509,26835279.5,+,460,65,5,187082
MafA_R1.macs2_peak_30434,Chr8,122676602,122677247,122676924.5,+,646,785,1,-307
MafA_R1.macs2_peak_29848,Chr8,86038304,86038752,86038528,+,449,72,2,12267
MafA_R1.macs2_peak_29932,Chr8,91023860,91024491,91024175.5,+,632,62,7,50705
MafA_R1.macs2_peak_29546,Chr8,49234570,49235305,49234937.5,+,736,102,2,-107212
MafA_R1.macs2_peak_29925,Chr8,90335522,90336211,90335866.5,+,690,102,2,-565076
MafA_R1.macs2_peak_29839,Chr8,85761835,85762584,85762209.5,+,750,160,3,-1313
MafA_R1.macs2_peak_29370,Chr8,35884632,35884886,35884759,+,255,64,4,40943
MafA_R1.macs2_peak_29351,Chr8,35176267,35177513,35176890,+,1247,125,16,-69420
MafA_R1.macs2_peak_30308,Chr8,116903573,116904281,116903927,+,709,125,3,-327827
MafA_R1.macs2_peak_30268,Chr8,114859963,114860778,114860370.5,+,816,188,13,56
MafA_R1.macs2_peak_29179,Chr8,18687642,18688459,18688050.5,+,818,83,9,42903
MafA_R1.macs2_peak_29353,Chr8,35227465,35228042,35227753.5,+,578,86,11,-47011
MafA_R1.macs2_peak_29389,Chr8,37516160,37517839,37516999.5,+,1680,86,12,-25607
MafA_R1.macs2_peak_29962,Chr8,92270849,92271225,92271037,+,377,60,4,230884
MafA_R1.macs2_peak_30482,Chr8,124424067,124424637,124424352,+,571,70,10,-36345
MafA_R1.macs2_peak_29557,Chr8,52262469,52262994,52262731.5,+,526,80,7,-546915
MafA_R1.macs2_peak_30453,Chr8,123347827,123348240,123348033.5,+,414,63,5,1081
MafA_R1.macs2_peak_29311,Chr8,31795715,31796965,31796340,+,1251,109,10,-61437
MafA_R1.macs2_peak_29819,Chr8,85134261,85134545,85134403,+,285,109,1,-7590
MafA_R1.macs2_peak_29645,Chr8,69273716,69274012,69273864,+,297,63,1,27283
MafA_R1.macs2_peak_29960,Chr8,92105675,92105945,92105810,+,271,72,3,65657
MafA_R1.macs2_peak_29791,Chr8,83892848,83893454,83893151,+,607,252,2,1170
MafA_R1.macs2_peak_29773,Chr8,82527399,82527982,82527690.5,+,584,68,1,458499
MafA_R1.macs2_peak_29410,Chr8,39781206,39781814,39781510,+,609,71,4,30489
MafA_R1.macs2_peak_30173,Chr8,110201817,110202267,110202042,+,451,94,1,-18617
MafA_R1.macs2_peak_29458,Chr8,43151474,43151818,43151646,+,345,52,1,442877
MafA_R1.macs2_peak_30274,Chr8,114985669,114986169,114985919,+,501,64,4,53539
MafA_R1.macs2_peak_29662,Chr8,70227295,70227571,70227433,+,277,399,2,128
MafA_R1.macs2_peak_29807,Chr8,84963851,84964337,84964094,+,487,375,1,-423
MafA_R1.macs2_peak_29439,Chr8,41580283,41580645,41580464,+,363,60,14,6299
MafA_R1.macs2_peak_30435,Chr8,122694216,122694740,122694478,+,525,60,2,-10285
MafA_R1.macs2_peak_29924,Chr8,90109489,90109793,90109641,+,305,51,4,-338851
MafA_R1.macs2_peak_29384,Chr8,36732531,36732915,36732723,+,385,79,2,-16210
MafA_R1.macs2_peak_29371,Chr8,35904045,35904298,35904171.5,+,254,51,4,58516
MafA_R1.macs2_peak_29259,Chr8,26622372,26622954,26622663,+,583,56,1,13010
MafA_R1.macs2_peak_29641,Chr8,68568912,68569222,68569067,+,311,50,1,-141841
MafA_R1.macs2_peak_29434,Chr8,41469365,41470172,41469768.5,+,808,142,4,-1007
MafA_R1.macs2_peak_29406,Chr8,39266103,39266401,39266252,+,299,53,5,-137590
MafA_R1.macs2_peak_29846,Chr8,86035304,86035719,86035511.5,+,416,68,3,9250
MafA_R1.macs2_peak_30021,Chr8,95392875,95393690,95393282.5,+,816,444,1,54
MafA_R1.macs2_peak_29984,Chr8,94424026,94425011,94424518.5,+,986,86,4,22085
MafA_R1.macs2_peak_29682,Chr8,71126002,71126268,71126135,+,267,485,1,254
MafA_R1.macs2_peak_29310,Chr8,31791170,31791491,31791330.5,+,322,64,2,-66447
MafA_R1.macs2_peak_30271,Chr8,114902008,114902298,114902153,+,291,64,3,-30227
MafA_R1.macs2_peak_29382,Chr8,36660788,36661135,36660961.5,+,348,49,1,37797
MafA_R1.macs2_peak_29454,Chr8,42794205,42794594,42794399.5,+,390,49,2,514095
MafA_R1.macs2_peak_29250,Chr8,26127805,26128661,26128233,+,857,126,1,-2360
MafA_R1.macs2_peak_29786,Chr8,83584912,83585687,83585299.5,+,776,94,11,-4686
MafA_R1.macs2_peak_29203,Chr8,24777923,24778534,24778228.5,+,612,63,1,150734
MafA_R1.macs2_peak_29440,Chr8,41629629,41629880,41629754.5,+,252,63,3,38439
MafA_R1.macs2_peak_29668,Chr8,70577505,70577761,70577633,+,257,63,4,-4139
MafA_R1.macs2_peak_29842,Chr8,85947692,85948073,85947882.5,+,382,63,6,-9244
MafA_R1.macs2_peak_29255,Chr8,26454946,26455730,26455338,+,785,60,2,11434
MafA_R1.macs2_peak_29658,Chr8,70077932,70078183,70078057.5,+,252,447,4,142
MafA_R1.macs2_peak_29680,Chr8,71082318,71083070,71082694,+,753,212,8,2051
MafA_R1.macs2_peak_29707,Chr8,73168809,73169579,73169194,+,771,103,4,6124
MafA_R1.macs2_peak_30032,Chr8,95681419,95681810,95681614.5,+,392,103,4,-22123
MafA_R1.macs2_peak_30171,Chr8,110086775,110087779,110087277,+,1005,103,1,-19737
MafA_R1.macs2_peak_29417,Chr8,40887780,40888221,40888000.5,+,442,56,6,11144
MafA_R1.macs2_peak_29355,Chr8,35271977,35272821,35272399,+,845,172,8,-2365
MafA_R1.macs2_peak_29309,Chr8,31787911,31788452,31788181.5,+,542,68,14,-69596
MafA_R1.macs2_peak_29398,Chr8,38794026,38795110,38794568,+,1085,71,3,-75212
MafA_R1.macs2_peak_29956,Chr8,91917176,91917886,91917531,+,711,71,7,-55409
MafA_R1.macs2_peak_29330,Chr8,34287523,34287776,34287649.5,+,254,111,2,-49851
MafA_R1.macs2_peak_30043,Chr8,96075371,96076304,96075837.5,+,934,152,5,-3087
MafA_R1.macs2_peak_30428,Chr8,122577488,122578820,122578154,+,1333,222,3,-21846
MafA_R1.macs2_peak_30302,Chr8,116661819,116662602,116662210.5,+,784,119,11,-228577
MafA_R1.macs2_peak_29537,Chr8,48753480,48753754,48753617,+,275,47,1,190569
MafA_R1.macs2_peak_29826,Chr8,85497508,85497818,85497663,+,311,79,2,1841
MafA_R1.macs2_peak_29931,Chr8,91013152,91013411,91013281.5,+,260,49,6,61599
MafA_R1.macs2_peak_29320,Chr8,32394862,32395203,32395032.5,+,342,44,4,13839
MafA_R1.macs2_peak_29824,Chr8,85449766,85450141,85449953.5,+,376,97,1,21867
MafA_R1.macs2_peak_29967,Chr8,92700568,92700876,92700722,+,309,136,1,-172440
MafA_R1.macs2_peak_29416,Chr8,40836720,40837040,40836880,+,321,44,4,-39976
MafA_R1.macs2_peak_29190,Chr8,23297738,23298549,23298143.5,+,812,287,3,-2473
MafA_R1.macs2_peak_29747,Chr8,79075225,79075815,79075520,+,591,60,1,87756
MafA_R1.macs2_peak_30408,Chr8,121290531,121291413,121290972,+,883,245,1,24842
MafA_R1.macs2_peak_29408,Chr8,39472418,39473405,39472911.5,+,988,304,13,-88
MafA_R1.macs2_peak_29832,Chr8,85634798,85635471,85635134.5,+,674,254,2,-250
MafA_R1.macs2_peak_29411,Chr8,40403070,40403636,40403353,+,567,95,7,-307634
MafA_R1.macs2_peak_30041,Chr8,95981408,95981893,95981650.5,+,486,95,1,51563
MafA_R1.macs2_peak_29260,Chr8,26627018,26627290,26627154,+,273,48,1,17501
MafA_R1.macs2_peak_29449,Chr8,42101035,42101397,42101216,+,363,48,7,-179088
MafA_R1.macs2_peak_29749,Chr8,79316693,79317118,79316905.5,+,426,48,2,80948
MafA_R1.macs2_peak_29767,Chr8,81833794,81834218,81834006,+,425,48,8,-92471
MafA_R1.macs2_peak_29948,Chr8,91643588,91644063,91643825.5,+,476,48,1,-15052
MafA_R1.macs2_peak_29653,Chr8,69558690,69559118,69558904,+,429,43,2,-17030
MafA_R1.macs2_peak_30082,Chr8,99914270,99914982,99914626,+,713,45,1,176107
MafA_R1.macs2_peak_29957,Chr8,91953784,91954586,91954185,+,803,112,2,85665
MafA_R1.macs2_peak_29667,Chr8,70573505,70573869,70573687,+,365,121,1,-193
MafA_R1.macs2_peak_29456,Chr8,43011898,43012202,43012050,+,305,45,2,582473
MafA_R1.macs2_peak_29837,Chr8,85702897,85703607,85703252,+,711,333,4,2125
MafA_R1.macs2_peak_29709,Chr8,73324648,73325244,73324946,+,597,409,1,-54
MafA_R1.macs2_peak_29689,Chr8,71318120,71318779,71318449.5,+,660,350,5,-2547
MafA_R1.macs2_peak_29792,Chr8,83896230,83897066,83896648,+,837,73,25,4667
MafA_R1.macs2_peak_29817,Chr8,85122476,85122743,85122609.5,+,268,47,3,-19384
MafA_R1.macs2_peak_30429,Chr8,122586799,122587073,122586936,+,275,64,2,-30628
MafA_R1.macs2_peak_29805,Chr8,84874639,84874909,84874774,+,271,90,2,107
MafA_R1.macs2_peak_29425,Chr8,41106439,41107104,41106771.5,+,666,72,8,-18937
MafA_R1.macs2_peak_29274,Chr8,27117004,27118040,27117522,+,1037,80,9,196929
MafA_R1.macs2_peak_29360,Chr8,35430203,35430505,35430354,+,303,66,5,2490
MafA_R1.macs2_peak_30030,Chr8,95671296,95672350,95671823,+,1055,44,5,21501
MafA_R1.macs2_peak_29348,Chr8,35131478,35132197,35131837.5,+,720,86,5,-24367
MafA_R1.macs2_peak_29556,Chr8,50745152,50745610,50745381,+,459,41,2,-75766
MafA_R1.macs2_peak_29923,Chr8,90108789,90109080,90108934.5,+,292,41,3,-338144
MafA_R1.macs2_peak_30306,Chr8,116860154,116860419,116860286.5,+,266,41,4,-371468
MafA_R1.macs2_peak_29921,Chr8,89865196,89865986,89865591,+,791,97,12,-94801
MafA_R1.macs2_peak_29708,Chr8,73258331,73258693,73258512,+,363,106,2,-12054
MafA_R1.macs2_peak_30494,Chr8,125222284,125223251,125222767.5,+,968,131,7,-24739
MafA_R1.macs2_peak_29341,Chr8,34941441,34942322,34941881.5,+,882,166,10,165589
MafA_R1.macs2_peak_29918,Chr8,89500814,89501174,89500994,+,361,39,5,77338
MafA_R1.macs2_peak_29833,Chr8,85672178,85672744,85672461,+,567,309,2,-1159
MafA_R1.macs2_peak_29829,Chr8,85566379,85567255,85566817,+,877,142,1,477
MafA_R1.macs2_peak_29735,Chr8,78149416,78150090,78149753,+,675,116,6,28965
MafA_R1.macs2_peak_29640,Chr8,68468543,68469157,68468850,+,615,82,1,-41624
MafA_R1.macs2_peak_29700,Chr8,72972443,72972975,72972709,+,533,51,1,-880
MafA_R1.macs2_peak_29421,Chr8,41064821,41065216,41065018.5,+,396,73,6,22817
MafA_R1.macs2_peak_29535,Chr8,48657910,48658388,48658149,+,479,41,2,95101
MafA_R1.macs2_peak_29302,Chr8,30033843,30034628,30034235.5,+,786,56,1,-324571
MafA_R1.macs2_peak_29565,Chr8,54392638,54393022,54392830,+,385,56,2,-137737
MafA_R1.macs2_peak_29831,Chr8,85590249,85590550,85590399.5,+,302,56,1,-4177
MafA_R1.macs2_peak_29743,Chr8,78740227,78740490,78740358.5,+,264,36,1,-199613
MafA_R1.macs2_peak_29199,Chr8,24230499,24230868,24230683.5,+,370,48,1,71006
MafA_R1.macs2_peak_29318,Chr8,32319502,32319840,32319671,+,339,48,3,89200
MafA_R1.macs2_peak_29796,Chr8,84169356,84169738,84169547,+,383,120,3,-256
MafA_R1.macs2_peak_29448,Chr8,42097330,42098433,42097881.5,+,1104,40,3,-182423
MafA_R1.macs2_peak_29694,Chr8,72006015,72006284,72006149.5,+,270,40,3,5366
MafA_R1.macs2_peak_29776,Chr8,83082780,83083044,83082912,+,265,40,1,46303
MafA_R1.macs2_peak_29671,Chr8,70652718,70653384,70653051,+,667,162,1,11880
MafA_R1.macs2_peak_29184,Chr8,22674965,22676165,22675565,+,1201,325,1,270
MafA_R1.macs2_peak_30305,Chr8,116842541,116843741,116843141,+,1201,110,1,-388613
MafA_R1.macs2_peak_29356,Chr8,35273902,35274692,35274297,+,791,210,5,-467
MafA_R1.macs2_peak_29442,Chr8,41671017,41671283,41671150,+,267,35,4,-2957
MafA_R1.macs2_peak_29345,Chr8,35093918,35094165,35094041.5,+,248,44,3,13429
MafA_R1.macs2_peak_30524,Chr8,126672641,126673238,126672939.5,+,598,63,1,35750
MafA_R1.macs2_peak_29684,Chr8,71205607,71205925,71205766,+,319,92,1,-1562
MafA_R1.macs2_peak_29383,Chr8,36716781,36717057,36716919,+,277,84,3,-406
MafA_R1.macs2_peak_30003,Chr8,94908729,94909817,94909273,+,1089,127,1,3556
MafA_R1.macs2_peak_29670,Chr8,70650070,70650824,70650447,+,755,75,4,14484
MafA_R1.macs2_peak_29405,Chr8,39114197,39114574,39114385.5,+,378,38,7,14277
MafA_R1.macs2_peak_29798,Chr8,84320894,84321586,84321240,+,693,200,10,-120
MafA_R1.macs2_peak_30272,Chr8,114925549,114925913,114925731,+,365,58,1,-6649
MafA_R1.macs2_peak_30155,Chr8,107876856,107877122,107876989,+,267,97,1,-304
MafA_R1.macs2_peak_29789,Chr8,83669257,83670305,83669781,+,1049,50,17,79796
MafA_R1.macs2_peak_29986,Chr8,94461456,94462353,94461904.5,+,898,50,1,-15301
MafA_R1.macs2_peak_29549,Chr8,49561510,49561832,49561671,+,323,35,3,-433946
MafA_R1.macs2_peak_29328,Chr8,34237544,34238073,34237808.5,+,530,77,2,-10
MafA_R1.macs2_peak_30077,Chr8,99106682,99107668,99107175,+,987,41,8,-631344
MafA_R1.macs2_peak_29818,Chr8,85131272,85131749,85131510.5,+,478,41,2,-10483
MafA_R1.macs2_peak_29219,Chr8,24947326,24947580,24947453,+,255,32,1,-18491
MafA_R1.macs2_peak_30319,Chr8,117720034,117720289,117720161.5,+,256,224,3,76
MafA_R1.macs2_peak_29367,Chr8,35703603,35703876,35703739.5,+,274,34,6,-139174
MafA_R1.macs2_peak_29920,Chr8,89861784,89862187,89861985.5,+,404,60,2,-91195
MafA_R1.macs2_peak_29393,Chr8,37889991,37890393,37890192,+,403,38,4,-398800
MafA_R1.macs2_peak_29639,Chr8,68463137,68463407,68463272,+,271,38,4,-36046
MafA_R1.macs2_peak_29787,Chr8,83643500,83643992,83643746,+,493,38,3,53761
MafA_R1.macs2_peak_29938,Chr8,91239728,91240626,91240177,+,899,47,3,-165297
MafA_R1.macs2_peak_30022,Chr8,95429697,95430097,95429897,+,401,157,1,-7027
MafA_R1.macs2_peak_29654,Chr8,69661204,69661478,69661341,+,275,52,1,-357
MafA_R1.macs2_peak_30281,Chr8,115165226,115166048,115165637,+,823,77,3,-755
MafA_R1.macs2_peak_29778,Chr8,83308279,83308566,83308422.5,+,288,33,2,-179207
MafA_R1.macs2_peak_29221,Chr8,24983208,24984340,24983774,+,1133,51,2,-54812
MafA_R1.macs2_peak_30455,Chr8,123366231,123366689,123366460,+,459,51,1,-16986
MafA_R1.macs2_peak_29952,Chr8,91796244,91797287,91796765.5,+,1044,170,15,80
MafA_R1.macs2_peak_29695,Chr8,72022324,72023377,72022850.5,+,1054,361,4,-388
MafA_R1.macs2_peak_29352,Chr8,35211729,35212031,35211880,+,303,28,1,-62884
MafA_R1.macs2_peak_29374,Chr8,36162326,36162625,36162475.5,+,300,28,2,-70402
MafA_R1.macs2_peak_29386,Chr8,37299273,37299545,37299409,+,273,28,5,-99201
MafA_R1.macs2_peak_29387,Chr8,37383159,37383444,37383301.5,+,286,28,2,36295
MafA_R1.macs2_peak_29452,Chr8,42297639,42297921,42297780,+,283,28,8,17476
MafA_R1.macs2_peak_30427,Chr8,122574657,122575535,122575096,+,879,65,2,-18788
MafA_R1.macs2_peak_29657,Chr8,70070963,70071230,70071096.5,+,268,28,1,6730
MafA_R1.macs2_peak_30189,Chr8,110944051,110944511,110944281,+,461,82,1,-311
MafA_R1.macs2_peak_29225,Chr8,25014870,25015511,25015190.5,+,642,62,3,51159
MafA_R1.macs2_peak_29385,Chr8,37080883,37081365,37081124,+,483,43,4,-27
MafA_R1.macs2_peak_29784,Chr8,83568016,83568311,83568163.5,+,296,43,2,-21822
MafA_R1.macs2_peak_29916,Chr8,89330761,89331230,89330995.5,+,470,43,1,31761
MafA_R1.macs2_peak_29930,Chr8,90981844,90982105,90981974.5,+,262,43,2,92906
MafA_R1.macs2_peak_29917,Chr8,89476471,89477047,89476759,+,577,73,6,53103
MafA_R1.macs2_peak_29354,Chr8,35260044,35260433,35260238.5,+,390,54,12,-14526
MafA_R1.macs2_peak_30080,Chr8,99911036,99911450,99911243,+,415,27,1,172724
MafA_R1.macs2_peak_29953,Chr8,91806126,91806383,91806254.5,+,258,35,3,9569
MafA_R1.macs2_peak_29966,Chr8,92524355,92524799,92524577,+,445,76,4,3705
MafA_R1.macs2_peak_29669,Chr8,70646010,70646356,70646183,+,347,41,2,18748
MafA_R1.macs2_peak_29363,Chr8,35644050,35644600,35644325,+,551,45,12,-198588
MafA_R1.macs2_peak_29402,Chr8,38902534,38902927,38902730.5,+,394,45,4,-183374
MafA_R1.macs2_peak_29780,Chr8,83405440,83405956,83405698,+,517,45,1,95076
MafA_R1.macs2_peak_30279,Chr8,115087132,115087752,115087442,+,621,45,1,-9224
MafA_R1.macs2_peak_30267,Chr8,114848586,114849015,114848800.5,+,430,36,2,-11514
MafA_R1.macs2_peak_30315,Chr8,117126247,117126807,117126527,+,561,36,1,-105227
MafA_R1.macs2_peak_30282,Chr8,115166439,115167184,115166811.5,+,746,245,1,419
MafA_R1.macs2_peak_29375,Chr8,36174909,36175453,36175181,+,545,56,2,-57696
MafA_R1.macs2_peak_29326,Chr8,33738711,33738978,33738844.5,+,268,67,1,136711
MafA_R1.macs2_peak_29444,Chr8,41792943,41793294,41793118.5,+,352,31,2,34616
MafA_R1.macs2_peak_29754,Chr8,79547466,79547760,79547613,+,295,180,3,168
MafA_R1.macs2_peak_29325,Chr8,32962281,32962538,32962409.5,+,258,26,3,320486
MafA_R1.macs2_peak_29400,Chr8,38855980,38856260,38856120,+,281,26,7,-136764
MafA_R1.macs2_peak_29955,Chr8,91892129,91892500,91892314.5,+,372,26,5,-30192
MafA_R1.macs2_peak_29964,Chr8,92361938,92362215,92362076.5,+,278,26,3,166206
MafA_R1.macs2_peak_29357,Chr8,35282419,35282700,35282559.5,+,282,45,2,7795
MafA_R1.macs2_peak_29742,Chr8,78731606,78731930,78731768,+,325,28,1,-208203
MafA_R1.macs2_peak_30426,Chr8,122569887,122570299,122570093,+,413,62,7,-13785
MafA_R1.macs2_peak_29748,Chr8,79235609,79235910,79235759.5,+,302,215,1,-198
MafA_R1.macs2_peak_29677,Chr8,70990918,70992205,70991561.5,+,1288,299,1,-764
MafA_R1.macs2_peak_29691,Chr8,71823950,71824223,71824086.5,+,274,199,6,144
MafA_R1.macs2_peak_29222,Chr8,24985230,24985670,24985450,+,441,29,1,-56488
MafA_R1.macs2_peak_29988,Chr8,94536503,94537460,94536981.5,+,958,137,1,-485
MafA_R1.macs2_peak_30042,Chr8,96058561,96058838,96058699.5,+,278,219,2,-213
MafA_R1.macs2_peak_29258,Chr8,26575016,26575414,26575215,+,399,39,1,2578
MafA_R1.macs2_peak_29407,Chr8,39285145,39285431,39285288,+,287,21,2,-156626
MafA_R1.macs2_peak_29927,Chr8,90576434,90577198,90576816,+,765,53,10,498064
MafA_R1.macs2_peak_29186,Chr8,23034777,23035128,23034952.5,+,352,24,4,48877
MafA_R1.macs2_peak_29828,Chr8,85563551,85563841,85563696,+,291,56,1,3598
MafA_R1.macs2_peak_29919,Chr8,89856768,89857497,89857132.5,+,730,56,8,-86342
MafA_R1.macs2_peak_29990,Chr8,94540987,94541691,94541339,+,705,77,4,-1156
MafA_R1.macs2_peak_29969,Chr8,93082520,93083090,93082805,+,571,201,2,-57
MafA_R1.macs2_peak_30008,Chr8,94973037,94973469,94973253,+,433,31,1,-20222
MafA_R1.macs2_peak_29433,Chr8,41457285,41457730,41457507.5,+,446,59,11,-13268
MafA_R1.macs2_peak_29690,Chr8,71325642,71326425,71326033.5,+,784,106,6,101
MafA_R1.macs2_peak_29655,Chr8,69847975,69848457,69848216,+,483,62,2,-20
MafA_R1.macs2_peak_29836,Chr8,85695569,85696234,85695901.5,+,666,172,3,-350
MafA_R1.macs2_peak_29365,Chr8,35663559,35664077,35663818,+,519,50,3,-179095
MafA_R1.macs2_peak_29703,Chr8,73072480,73072918,73072699,+,439,68,6,-207
MafA_R1.macs2_peak_29178,Chr8,18669000,18669566,18669283,+,567,36,1,24136
MafA_R1.macs2_peak_29838,Chr8,85717231,85717542,85717386.5,+,312,151,2,171
MafA_R1.macs2_peak_29781,Chr8,83500521,83500779,83500650,+,259,111,3,124
MafA_R1.macs2_peak_29823,Chr8,85389625,85390335,85389980,+,711,114,5,-499
MafA_R1.macs2_peak_30437,Chr8,122704512,122704760,122704636,+,249,23,1,-127
MafA_R1.macs2_peak_29335,Chr8,34621812,34622088,34621950,+,277,74,1,217
MafA_R1.macs2_peak_30440,Chr8,122738093,122738480,122738286.5,+,388,39,2,33523
MafA_R1.macs2_peak_30050,Chr8,96323424,96323701,96323562.5,+,278,78,1,-21327
MafA_R1.macs2_peak_29809,Chr8,85011794,85012184,85011989,+,391,22,9,-14958
MafA_R1.macs2_peak_29801,Chr8,84625395,84626208,84625801.5,+,814,87,4,-926
MafA_R1.macs2_peak_30318,Chr8,117706677,117707055,117706866,+,379,69,2,-1168
MafA_R1.macs2_peak_29403,Chr8,38967037,38967489,38967263,+,453,25,5,161399
MafA_R1.macs2_peak_29934,Chr8,91101178,91101658,91101418,+,481,25,1,-26538
MafA_R1.macs2_peak_29435,Chr8,41494345,41494715,41494530,+,371,51,2,438
MafA_R1.macs2_peak_29431,Chr8,41358823,41359525,41359174,+,703,28,3,-20096
MafA_R1.macs2_peak_29797,Chr8,84310566,84311010,84310788,+,445,28,4,10332
MafA_R1.macs2_peak_29790,Chr8,83891822,83892598,83892210,+,777,82,3,229
MafA_R1.macs2_peak_30425,Chr8,122568545,122569174,122568859.5,+,630,58,1,-12551
MafA_R1.macs2_peak_29769,Chr8,82076171,82076428,82076299.5,+,258,21,4,7108
MafA_R1.macs2_peak_29422,Chr8,41087634,41087897,41087765.5,+,264,120,2,70
MafA_R1.macs2_peak_29725,Chr8,75834760,75835941,75835350.5,+,1182,99,15,-787
MafA_R1.macs2_peak_29659,Chr8,70107213,70107475,70107344,+,263,68,4,138
MafA_R1.macs2_peak_29379,Chr8,36317377,36317676,36317526.5,+,300,40,7,-23813
MafA_R1.macs2_peak_29844,Chr8,86030340,86030586,86030463,+,247,43,1,4202
MafA_R1.macs2_peak_29649,Chr8,69469718,69469984,69469851,+,267,20,4,-71537
MafA_R1.macs2_peak_29959,Chr8,92098713,92098990,92098851.5,+,278,20,3,58698
MafA_R1.macs2_peak_29045,Chr8,8428189,8428575,8428382,+,387,23,2,282860
MafA_R1.macs2_peak_29414,Chr8,40760092,40761330,40760711,+,1239,61,5,259
MafA_R1.macs2_peak_29697,Chr8,72662466,72663272,72662869,+,807,111,1,419
MafA_R1.macs2_peak_29799,Chr8,84334902,84335243,84335072.5,+,342,116,1,-105
MafA_R1.macs2_peak_29177,Chr8,18644870,18645486,18645178,+,617,115,1,31
MafA_R1.macs2_peak_30432,Chr8,122628450,122628959,122628704.5,+,510,43,1,5721
MafA_R1.macs2_peak_29647,Chr8,69282672,69283143,69282907.5,+,472,34,5,36326
MafA_R1.macs2_peak_29693,Chr8,71995561,71995814,71995687.5,+,254,115,1,113
MafA_R1.macs2_peak_29794,Chr8,84058789,84059060,84058924.5,+,272,69,2,191
MafA_R1.macs2_peak_29678,Chr8,71061984,71062379,71062181.5,+,396,60,2,-1217
MafA_R1.macs2_peak_29373,Chr8,36054678,36055040,36054859,+,363,59,1,-84
MafA_R1.macs2_peak_29835,Chr8,85692540,85693070,85692805,+,531,51,5,-100
MafA_R1.macs2_peak_29676,Chr8,70958872,70959382,70959127,+,511,117,3,-51
MafA_R1.macs2_peak_30430,Chr8,122612071,122612389,122612230,+,319,20,3,22195
MafA_R1.macs2_peak_29378,Chr8,36292993,36293417,36293205,+,425,31,2,508
MafA_R1.macs2_peak_29426,Chr8,41315459,41315795,41315627,+,337,65,2,223
MafA_R1.macs2_peak_29361,Chr8,35468128,35468522,35468325,+,395,28,1,-35481
MafA_R1.macs2_peak_29334,Chr8,34575409,34575927,34575668,+,519,51,3,198
MafA_R1.macs2_peak_29914,Chr8,89103802,89104196,89103999,+,395,24,5,-15180
MafA_R1.macs2_peak_29834,Chr8,85673148,85673610,85673379,+,463,47,2,-241
MafA_R1.macs2_peak_29443,Chr8,41692258,41692674,41692466,+,417,43,2,-330
MafA_R1.macs2_peak_29173,Chr8,14960966,14961681,14961323.5,+,716,26,1,-340
MafA_R1.macs2_peak_30433,Chr8,122646134,122647060,122646597,+,927,26,1,12025
MafA_R1.macs2_peak_29231,Chr8,25506472,25507090,25506781,+,619,101,1,157
MafA_R1.macs2_peak_29766,Chr8,81741834,81742150,81741992,+,317,39,4,-457
MafA_R1.macs2_peak_30317,Chr8,117705987,117706303,117706145,+,317,21,3,-447
MafA_R1.macs2_peak_29840,Chr8,85846195,85846623,85846409,+,429,20,2,-89
MafA_R1.macs2_peak_29830,Chr8,85583262,85583847,85583554.5,+,586,36,3,-61
MafA_R1.macs2_peak_29687,Chr8,71292341,71292881,71292611,+,541,20,4,-247
MafA_R1.macs2_peak_32151,Chr9,110976439,110979075,110977757,+,2637,1685,14,30578
MafA_R1.macs2_peak_31324,Chr9,59161677,59163754,59162715.5,+,2078,2360,2,-36140
MafA_R1.macs2_peak_31576,Chr9,67705467,67708221,67706844,+,2755,4082,34,32768
MafA_R1.macs2_peak_31840,Chr9,85102486,85104282,85103384,+,1797,1698,18,105793
MafA_R1.macs2_peak_32025,Chr9,102719572,102721592,102720582,+,2021,1105,1,8463
MafA_R1.macs2_peak_32193,Chr9,113473821,113474993,113474407,+,1173,832,1,-58187
MafA_R1.macs2_peak_31655,Chr9,70245073,70247177,70246125,+,2105,1433,1,66910
MafA_R1.macs2_peak_32091,Chr9,105864965,105866091,105865528,+,1127,1888,15,-27686
MafA_R1.macs2_peak_31329,Chr9,59304512,59306995,59305753.5,+,2484,835,1,-44962
MafA_R1.macs2_peak_31490,Chr9,64943304,64945864,64944584,+,2561,1402,4,4844
MafA_R1.macs2_peak_32221,Chr9,114879128,114879897,114879512.5,+,770,1004,4,71959
MafA_R1.macs2_peak_30764,Chr9,21640299,21641087,21640693,+,789,1389,2,5821
MafA_R1.macs2_peak_32264,Chr9,118748554,118749291,118748922.5,+,738,952,1,-6682
MafA_R1.macs2_peak_30837,Chr9,28821866,28823646,28822756,+,1781,1303,2,501225
MafA_R1.macs2_peak_31568,Chr9,67670411,67674928,67672669.5,+,4518,1532,46,-5157
MafA_R1.macs2_peak_31650,Chr9,70197439,70198635,70198037,+,1197,1127,7,83405
MafA_R1.macs2_peak_31145,Chr9,50099134,50100743,50099938.5,+,1610,949,6,44544
MafA_R1.macs2_peak_31578,Chr9,67724539,67726680,67725609.5,+,2142,709,13,14003
MafA_R1.macs2_peak_30999,Chr9,42011646,42013375,42012510.5,+,1730,805,23,23083
MafA_R1.macs2_peak_31608,Chr9,68991433,68992617,68992025,+,1185,813,9,-205098
MafA_R1.macs2_peak_31389,Chr9,61390131,61391089,61390610,+,959,607,1,110962
MafA_R1.macs2_peak_31585,Chr9,67872576,67874298,67873437,+,1723,1440,19,59559
MafA_R1.macs2_peak_31628,Chr9,69867634,69869154,69868394,+,1521,1446,3,-28354
MafA_R1.macs2_peak_31416,Chr9,62363066,62364494,62363780,+,1429,701,5,80546
MafA_R1.macs2_peak_31423,Chr9,62417081,62418807,62417944,+,1727,1493,6,26382
MafA_R1.macs2_peak_30727,Chr9,16058365,16059713,16059039,+,1349,678,9,-273187
MafA_R1.macs2_peak_30852,Chr9,29431029,29433536,29432282.5,+,2508,1220,20,-107534
MafA_R1.macs2_peak_30978,Chr9,40553528,40554557,40554042.5,+,1030,480,5,-43273
MafA_R1.macs2_peak_31115,Chr9,47641380,47642228,47641804,+,849,635,6,87702
MafA_R1.macs2_peak_31421,Chr9,62395727,62396755,62396241,+,1029,803,1,48085
MafA_R1.macs2_peak_32188,Chr9,113214832,113216039,113215435.5,+,1208,622,4,200785
MafA_R1.macs2_peak_31513,Chr9,65694174,65696224,65695199,+,2051,1120,5,39647
MafA_R1.macs2_peak_30810,Chr9,26961308,26963618,26962463,+,2311,596,2,20992
MafA_R1.macs2_peak_31402,Chr9,61663246,61665264,61664255,+,2019,1465,1,157537
MafA_R1.macs2_peak_31171,Chr9,51564717,51566617,51565667,+,1901,500,2,-110984
MafA_R1.macs2_peak_32070,Chr9,104852762,104853899,104853330.5,+,1138,368,2,-77137
MafA_R1.macs2_peak_31983,Chr9,98219809,98220932,98220370.5,+,1124,670,2,41747
MafA_R1.macs2_peak_31609,Chr9,69063038,69064031,69063534.5,+,994,402,2,-133589
MafA_R1.macs2_peak_31413,Chr9,62129264,62130200,62129732,+,937,451,6,21650
MafA_R1.macs2_peak_31825,Chr9,84450745,84452930,84451837.5,+,2186,850,1,-204614
MafA_R1.macs2_peak_31511,Chr9,65663079,65663735,65663407,+,657,441,12,71439
MafA_R1.macs2_peak_30964,Chr9,39984779,39986048,39985413.5,+,1270,547,16,-180
MafA_R1.macs2_peak_32162,Chr9,111666090,111668450,111667270,+,2361,666,4,-147854
MafA_R1.macs2_peak_31233,Chr9,55860387,55861252,55860819.5,+,866,327,3,-15416
MafA_R1.macs2_peak_32086,Chr9,105726478,105727576,105727027,+,1099,728,9,-21743
MafA_R1.macs2_peak_31885,Chr9,89800322,89801597,89800959.5,+,1276,495,4,9131
MafA_R1.macs2_peak_31124,Chr9,48377370,48378511,48377940.5,+,1142,325,6,12296
MafA_R1.macs2_peak_31821,Chr9,84247430,84249131,84248280.5,+,1702,544,4,-408171
MafA_R1.macs2_peak_30725,Chr9,16047920,16049219,16048569.5,+,1300,535,15,-262717
MafA_R1.macs2_peak_31505,Chr9,65267889,65268992,65268440.5,+,1104,470,9,98
MafA_R1.macs2_peak_31880,Chr9,89569471,89569843,89569657,+,373,325,1,17439
MafA_R1.macs2_peak_31699,Chr9,72962186,72963695,72962940.5,+,1510,695,6,-8490
MafA_R1.macs2_peak_31299,Chr9,58081982,58083892,58082937,+,1911,625,2,-16433
MafA_R1.macs2_peak_31682,Chr9,71880761,71884463,71882612,+,3703,809,1,-79234
MafA_R1.macs2_peak_30867,Chr9,29747099,29747881,29747490,+,783,312,1,127075
MafA_R1.macs2_peak_30976,Chr9,40542142,40542670,40542406,+,529,312,2,-54909
MafA_R1.macs2_peak_31170,Chr9,51352758,51353943,51353350.5,+,1186,547,2,-113133
MafA_R1.macs2_peak_31429,Chr9,62457028,62458270,62457649,+,1243,463,3,-13323
MafA_R1.macs2_peak_31419,Chr9,62384211,62385755,62384983,+,1545,756,1,59343
MafA_R1.macs2_peak_30915,Chr9,34683153,34684090,34683621.5,+,938,577,3,283594
MafA_R1.macs2_peak_31569,Chr9,67679395,67680658,67680026.5,+,1264,426,10,-12514
MafA_R1.macs2_peak_31441,Chr9,63168801,63170051,63169426,+,1251,300,7,-113183
MafA_R1.macs2_peak_31550,Chr9,66923789,66924756,66924272.5,+,968,261,2,26881
MafA_R1.macs2_peak_31525,Chr9,66254448,66255383,66254915.5,+,936,437,2,-2817
MafA_R1.macs2_peak_31253,Chr9,56556160,56557302,56556731,+,1143,410,1,-13799
MafA_R1.macs2_peak_31397,Chr9,61577233,61578504,61577868.5,+,1272,410,18,243924
MafA_R1.macs2_peak_31494,Chr9,65094132,65095034,65094583,+,903,304,2,-27389
MafA_R1.macs2_peak_31280,Chr9,57719003,57720007,57719505,+,1005,461,1,22012
MafA_R1.macs2_peak_31890,Chr9,92148698,92149817,92149257.5,+,1120,249,6,157
MafA_R1.macs2_peak_31534,Chr9,66532786,66533751,66533268.5,+,966,584,9,-32871
MafA_R1.macs2_peak_30855,Chr9,29447306,29448094,29447700,+,789,277,4,-122952
MafA_R1.macs2_peak_31612,Chr9,69184398,69185295,69184846.5,+,898,313,1,-12277
MafA_R1.macs2_peak_32044,Chr9,103501628,103503875,103502751.5,+,2248,433,5,67255
MafA_R1.macs2_peak_31577,Chr9,67709020,67711943,67710481.5,+,2924,559,52,29131
MafA_R1.macs2_peak_31396,Chr9,61552866,61554058,61553462,+,1193,810,1,268330
MafA_R1.macs2_peak_32133,Chr9,108888342,108888837,108888589.5,+,496,496,1,202
MafA_R1.macs2_peak_31287,Chr9,57960402,57961021,57960711.5,+,620,397,1,21154
MafA_R1.macs2_peak_31117,Chr9,47767577,47768368,47767972.5,+,792,256,1,-38466
MafA_R1.macs2_peak_31107,Chr9,47509122,47510677,47509899.5,+,1556,341,1,68249
MafA_R1.macs2_peak_31236,Chr9,56132211,56132997,56132604,+,787,266,1,-64250
MafA_R1.macs2_peak_31571,Chr9,67684157,67686405,67685281,+,2249,439,18,-17769
MafA_R1.macs2_peak_32132,Chr9,108883479,108884132,108883805.5,+,654,290,1,-129
MafA_R1.macs2_peak_31470,Chr9,64479772,64480885,64480328.5,+,1114,254,1,164710
MafA_R1.macs2_peak_31744,Chr9,76159215,76159962,76159588.5,+,748,382,4,-38649
MafA_R1.macs2_peak_31497,Chr9,65102616,65104580,65103598,+,1965,561,19,-18374
MafA_R1.macs2_peak_31113,Chr9,47625844,47627274,47626559,+,1431,239,5,102947
MafA_R1.macs2_peak_31014,Chr9,43008377,43009414,43008895.5,+,1038,280,1,8118
MafA_R1.macs2_peak_31521,Chr9,66093593,66094378,66093985.5,+,786,334,8,28477
MafA_R1.macs2_peak_30853,Chr9,29434348,29436013,29435180.5,+,1666,282,5,-110432
MafA_R1.macs2_peak_31288,Chr9,57966704,57968901,57967802.5,+,2198,401,4,28245
MafA_R1.macs2_peak_31908,Chr9,94578601,94579328,94578964.5,+,728,228,5,27019
MafA_R1.macs2_peak_31173,Chr9,52060294,52061254,52060774,+,961,1061,1,-111
MafA_R1.macs2_peak_31404,Chr9,61715543,61716881,61716212,+,1339,603,2,105580
MafA_R1.macs2_peak_30995,Chr9,41948519,41951445,41949982,+,2927,349,39,38527
MafA_R1.macs2_peak_30785,Chr9,23130438,23131445,23130941.5,+,1008,230,3,-3431
MafA_R1.macs2_peak_30800,Chr9,25706211,25706948,25706579.5,+,738,230,1,313686
MafA_R1.macs2_peak_31786,Chr9,80570034,80571130,80570582,+,1097,230,2,-223091
MafA_R1.macs2_peak_31837,Chr9,85038496,85041264,85039880,+,2769,495,31,169297
MafA_R1.macs2_peak_31309,Chr9,58590359,58591350,58590854.5,+,992,222,1,57988
MafA_R1.macs2_peak_31355,Chr9,60365659,60366069,60365864,+,411,338,3,52454
MafA_R1.macs2_peak_31057,Chr9,45587842,45589442,45588642,+,1601,546,1,151319
MafA_R1.macs2_peak_32199,Chr9,113640785,113642874,113641829.5,+,2090,798,3,175
MafA_R1.macs2_peak_31753,Chr9,77437059,77437807,77437433,+,749,221,1,13908
MafA_R1.macs2_peak_31566,Chr9,67666108,67666569,67666338.5,+,462,1073,14,-381
MafA_R1.macs2_peak_30981,Chr9,40668515,40669994,40669254.5,+,1480,494,10,-43318
MafA_R1.macs2_peak_30844,Chr9,29131684,29133064,29132374,+,1381,559,5,191607
MafA_R1.macs2_peak_31734,Chr9,75573636,75574527,75574081.5,+,892,410,2,17257
MafA_R1.macs2_peak_31705,Chr9,73673297,73674713,73674005,+,1417,327,25,202314
MafA_R1.macs2_peak_31030,Chr9,43840256,43841566,43840911,+,1311,245,2,-113770
MafA_R1.macs2_peak_31804,Chr9,83409867,83410943,83410405,+,1077,358,2,-19986
MafA_R1.macs2_peak_30779,Chr9,22649968,22650644,22650306,+,677,176,2,263295
MafA_R1.macs2_peak_31001,Chr9,42054184,42055158,42054671,+,975,208,6,-19078
MafA_R1.macs2_peak_30979,Chr9,40626173,40626797,40626485,+,625,181,11,29170
MafA_R1.macs2_peak_31561,Chr9,67451957,67452792,67452374.5,+,836,280,4,14611
MafA_R1.macs2_peak_32247,Chr9,117288499,117289253,117288876,+,755,174,1,170105
MafA_R1.macs2_peak_31839,Chr9,85056215,85057369,85056792,+,1155,398,4,152385
MafA_R1.macs2_peak_32267,Chr9,118757298,118758925,118758111.5,+,1628,569,9,2507
MafA_R1.macs2_peak_31281,Chr9,57720587,57721400,57720993.5,+,814,282,1,20524
MafA_R1.macs2_peak_30737,Chr9,20518454,20519471,20518962.5,+,1018,549,5,191
MafA_R1.macs2_peak_31245,Chr9,56479913,56481115,56480514,+,1203,452,2,62418
MafA_R1.macs2_peak_31706,Chr9,73683457,73683786,73683621.5,+,330,164,3,192698
MafA_R1.macs2_peak_31872,Chr9,87080325,87081027,87080676,+,703,179,1,49395
MafA_R1.macs2_peak_31736,Chr9,75575799,75576804,75576301.5,+,1006,348,1,15037
MafA_R1.macs2_peak_31555,Chr9,67207831,67208506,67208168.5,+,676,359,1,-64160
MafA_R1.macs2_peak_31677,Chr9,71450555,71451241,71450898,+,687,182,9,48744
MafA_R1.macs2_peak_31564,Chr9,67610777,67612588,67611682.5,+,1812,529,7,23380
MafA_R1.macs2_peak_31548,Chr9,66910138,66911101,66910619.5,+,964,423,9,-27853
MafA_R1.macs2_peak_31768,Chr9,77837472,77837909,77837690.5,+,438,166,2,13043
MafA_R1.macs2_peak_31054,Chr9,44876626,44878217,44877421.5,+,1592,487,11,-523
MafA_R1.macs2_peak_31485,Chr9,64892095,64893320,64892707.5,+,1226,312,19,24495
MafA_R1.macs2_peak_32139,Chr9,109787845,109788570,109788207.5,+,726,153,1,27365
MafA_R1.macs2_peak_31444,Chr9,63254191,63254552,63254371.5,+,362,168,1,30813
MafA_R1.macs2_peak_31982,Chr9,98211503,98212649,98212076,+,1147,542,1,33453
MafA_R1.macs2_peak_30753,Chr9,21421235,21422521,21421878,+,1287,799,1,-348
MafA_R1.macs2_peak_31037,Chr9,43990555,43990997,43990776,+,443,251,1,-5441
MafA_R1.macs2_peak_31693,Chr9,72609130,72609969,72609549.5,+,840,202,1,8969
MafA_R1.macs2_peak_31862,Chr9,86583422,86584521,86583971.5,+,1100,297,1,-6004
MafA_R1.macs2_peak_31884,Chr9,89689381,89689948,89689664.5,+,568,393,1,-5283
MafA_R1.macs2_peak_30896,Chr9,32280392,32281389,32280890.5,+,998,425,4,-2824
MafA_R1.macs2_peak_31575,Chr9,67701467,67703838,67702652.5,+,2372,321,3,-35140
MafA_R1.macs2_peak_32090,Chr9,105861611,105863024,105862317.5,+,1414,373,24,-24475
MafA_R1.macs2_peak_31301,Chr9,58111353,58112333,58111843,+,981,480,2,-241
MafA_R1.macs2_peak_31537,Chr9,66605195,66605452,66605323.5,+,258,223,1,-15645
MafA_R1.macs2_peak_31132,Chr9,49527406,49528054,49527730,+,649,142,2,98142
MafA_R1.macs2_peak_30730,Chr9,16213448,16214506,16213977,+,1059,192,6,199373
MafA_R1.macs2_peak_31716,Chr9,74232971,74233459,74233215,+,489,192,1,215599
MafA_R1.macs2_peak_32078,Chr9,105433167,105434039,105433603,+,873,192,3,-35147
MafA_R1.macs2_peak_31518,Chr9,65774723,65774995,65774859,+,273,161,2,17596
MafA_R1.macs2_peak_31903,Chr9,94337772,94338840,94338306,+,1069,279,4,81828
MafA_R1.macs2_peak_31499,Chr9,65112136,65113182,65112659,+,1047,191,23,-9313
MafA_R1.macs2_peak_31112,Chr9,47620723,47622816,47621769.5,+,2094,341,18,107737
MafA_R1.macs2_peak_31856,Chr9,86328675,86330713,86329694,+,2039,204,36,17275
MafA_R1.macs2_peak_30851,Chr9,29427704,29428529,29428116.5,+,826,199,7,-103368
MafA_R1.macs2_peak_31542,Chr9,66784391,66784893,66784642,+,503,213,1,42345
MafA_R1.macs2_peak_31901,Chr9,94173896,94174549,94174222.5,+,654,181,7,245912
MafA_R1.macs2_peak_31431,Chr9,62718981,62720447,62719714,+,1467,397,2,-784
MafA_R1.macs2_peak_31984,Chr9,98278985,98279762,98279373.5,+,778,235,1,-25641
MafA_R1.macs2_peak_30942,Chr9,36889012,36889384,36889198,+,373,203,1,144328
MafA_R1.macs2_peak_31543,Chr9,66785234,66785872,66785553,+,639,208,4,41434
MafA_R1.macs2_peak_31260,Chr9,56747835,56748781,56748308,+,947,257,2,10939
MafA_R1.macs2_peak_31418,Chr9,62376139,62378125,62377132,+,1987,312,10,67194
MafA_R1.macs2_peak_31691,Chr9,72562098,72562399,72562248.5,+,302,368,5,-7365
MafA_R1.macs2_peak_31899,Chr9,94121274,94122403,94121838.5,+,1130,266,2,298296
MafA_R1.macs2_peak_30913,Chr9,34632826,34633699,34633262.5,+,874,398,6,233235
MafA_R1.macs2_peak_31004,Chr9,42127202,42127922,42127562,+,721,162,12,-7035
MafA_R1.macs2_peak_32097,Chr9,106230865,106231600,106231232.5,+,736,225,1,-14599
MafA_R1.macs2_peak_32066,Chr9,104471501,104472631,104472066,+,1131,335,6,25384
MafA_R1.macs2_peak_30801,Chr9,25892199,25893314,25892756.5,+,1116,179,1,499863
MafA_R1.macs2_peak_30969,Chr9,40145576,40146110,40145843,+,535,182,3,-34669
MafA_R1.macs2_peak_30741,Chr9,20788523,20790010,20789266.5,+,1488,443,1,1740
MafA_R1.macs2_peak_32253,Chr9,117699455,117700824,117700139.5,+,1370,343,13,-169451
MafA_R1.macs2_peak_31929,Chr9,96557260,96557653,96557456.5,+,394,161,2,-43900
MafA_R1.macs2_peak_30898,Chr9,33158014,33158647,33158330.5,+,634,124,1,-318068
MafA_R1.macs2_peak_32224,Chr9,115139682,115140028,115139855,+,347,723,2,-319
MafA_R1.macs2_peak_31600,Chr9,68733003,68733722,68733362.5,+,720,128,1,60734
MafA_R1.macs2_peak_31895,Chr9,92419691,92420853,92420272,+,1163,308,1,-4004
MafA_R1.macs2_peak_31819,Chr9,84236826,84237447,84237136.5,+,622,153,1,406302
MafA_R1.macs2_peak_31718,Chr9,74812065,74813138,74812601.5,+,1074,130,10,43398
MafA_R1.macs2_peak_30908,Chr9,34530933,34531961,34531447,+,1029,275,1,131420
MafA_R1.macs2_peak_30897,Chr9,33013774,33014355,33014064.5,+,582,151,1,-173802
MafA_R1.macs2_peak_31353,Chr9,60094612,60095268,60094940,+,657,151,3,-46437
MafA_R1.macs2_peak_31586,Chr9,67880571,67881298,67880934.5,+,728,151,11,52062
MafA_R1.macs2_peak_31498,Chr9,65107646,65108687,65108166.5,+,1042,222,13,-13806
MafA_R1.macs2_peak_31508,Chr9,65410068,65410683,65410375.5,+,616,115,7,17126
MafA_R1.macs2_peak_31021,Chr9,43610793,43611787,43611290,+,995,292,1,-43961
MafA_R1.macs2_peak_32005,Chr9,100491745,100493023,100492384,+,1279,197,1,-33117
MafA_R1.macs2_peak_31725,Chr9,75341610,75343895,75342752.5,+,2286,249,4,-6054
MafA_R1.macs2_peak_31122,Chr9,47994505,47995084,47994794.5,+,580,110,5,257402
MafA_R1.macs2_peak_31822,Chr9,84290525,84291760,84291142.5,+,1236,276,12,-365309
MafA_R1.macs2_peak_31934,Chr9,96641085,96641656,96641370.5,+,572,336,1,-6245
MafA_R1.macs2_peak_31713,Chr9,74096525,74097246,74096885.5,+,722,143,1,79269
MafA_R1.macs2_peak_31428,Chr9,62447367,62448565,62447966,+,1199,287,5,-3640
MafA_R1.macs2_peak_30988,Chr9,41118939,41119256,41119097.5,+,318,351,2,1646
MafA_R1.macs2_peak_31116,Chr9,47749386,47751141,47750263.5,+,1756,280,7,-20757
MafA_R1.macs2_peak_31430,Chr9,62570889,62572202,62571545.5,+,1314,280,8,-13592
MafA_R1.macs2_peak_31284,Chr9,57905103,57905778,57905440.5,+,676,210,2,133
MafA_R1.macs2_peak_30729,Chr9,16126426,16126996,16126711,+,571,164,8,286639
MafA_R1.macs2_peak_31817,Chr9,84213079,84214348,84213713.5,+,1270,164,1,382879
MafA_R1.macs2_peak_31761,Chr9,77688959,77689948,77689453.5,+,990,146,2,27636
MafA_R1.macs2_peak_31370,Chr9,61145682,61146077,61145879.5,+,396,142,5,55212
MafA_R1.macs2_peak_31779,Chr9,78410413,78410859,78410636,+,447,120,1,-21630
MafA_R1.macs2_peak_31456,Chr9,63657428,63658462,63657945,+,1035,124,1,7331
MafA_R1.macs2_peak_31858,Chr9,86364557,86364860,86364708.5,+,304,106,6,15501
MafA_R1.macs2_peak_31424,Chr9,62424330,62425215,62424772.5,+,886,140,19,19554
MafA_R1.macs2_peak_31700,Chr9,72996481,72997004,72996742.5,+,524,127,8,-12938
MafA_R1.macs2_peak_31502,Chr9,65174844,65175610,65175227,+,767,272,9,2765
MafA_R1.macs2_peak_31011,Chr9,42624583,42625462,42625022.5,+,880,130,3,230645
MafA_R1.macs2_peak_32006,Chr9,100524323,100525297,100524810,+,975,561,1,-691
MafA_R1.macs2_peak_31750,Chr9,77376891,77377899,77377395,+,1009,201,4,-70697
MafA_R1.macs2_peak_31857,Chr9,86331281,86331804,86331542.5,+,524,178,6,15427
MafA_R1.macs2_peak_32269,Chr9,118772550,118773135,118772842.5,+,586,178,1,17238
MafA_R1.macs2_peak_31496,Chr9,65098860,65099478,65099169,+,619,155,1,-22803
MafA_R1.macs2_peak_31461,Chr9,64007533,64007876,64007704.5,+,344,103,2,-16725
MafA_R1.macs2_peak_31532,Chr9,66513735,66514427,66514081,+,693,163,6,-13684
MafA_R1.macs2_peak_31592,Chr9,68477253,68477593,68477423,+,341,99,5,-49941
MafA_R1.macs2_peak_30830,Chr9,28426573,28427566,28427069.5,+,994,137,4,111445
MafA_R1.macs2_peak_30824,Chr9,28216244,28216886,28216565,+,643,132,5,-99059
MafA_R1.macs2_peak_30925,Chr9,34825788,34826403,34826095.5,+,616,132,4,-201929
MafA_R1.macs2_peak_30902,Chr9,33725891,33726812,33726351.5,+,922,111,4,-227316
MafA_R1.macs2_peak_30951,Chr9,37088309,37089286,37088797.5,+,978,198,5,-30179
MafA_R1.macs2_peak_31654,Chr9,70235384,70236138,70235761,+,755,110,1,77274
MafA_R1.macs2_peak_32081,Chr9,105651871,105652649,105652260,+,779,110,15,34587
MafA_R1.macs2_peak_30868,Chr9,29776306,29776627,29776466.5,+,322,114,1,98099
MafA_R1.macs2_peak_30929,Chr9,34895112,34895639,34895375.5,+,528,114,1,-132649
MafA_R1.macs2_peak_31501,Chr9,65151484,65151766,65151625,+,283,114,3,-20837
MafA_R1.macs2_peak_32135,Chr9,109723713,109724193,109723953,+,481,97,2,5242
MafA_R1.macs2_peak_31514,Chr9,65699658,65701824,65700741,+,2167,426,11,34105
MafA_R1.macs2_peak_31959,Chr9,97372104,97373625,97372864.5,+,1522,169,5,-120853
MafA_R1.macs2_peak_31480,Chr9,64678357,64678785,64678571,+,429,117,5,-33533
MafA_R1.macs2_peak_30864,Chr9,29713030,29715237,29714133.5,+,2208,230,1,160432
MafA_R1.macs2_peak_31591,Chr9,68458655,68459162,68458908.5,+,508,230,1,-31426
MafA_R1.macs2_peak_31981,Chr9,98177852,98179246,98178549,+,1395,504,1,-74
MafA_R1.macs2_peak_31111,Chr9,47619532,47620427,47619979.5,+,896,207,8,109527
MafA_R1.macs2_peak_30862,Chr9,29702210,29703432,29702821,+,1223,394,2,171744
MafA_R1.macs2_peak_31104,Chr9,47465596,47466057,47465826.5,+,462,108,2,24176
MafA_R1.macs2_peak_31374,Chr9,61186193,61186796,61186494.5,+,604,108,1,14597
MafA_R1.macs2_peak_31573,Chr9,67689335,67691200,67690267.5,+,1866,307,8,-22755
MafA_R1.macs2_peak_32022,Chr9,102566797,102568066,102567431.5,+,1270,158,1,-27572
MafA_R1.macs2_peak_30839,Chr9,28985738,28986979,28986358.5,+,1242,183,13,337623
MafA_R1.macs2_peak_31110,Chr9,47618307,47619163,47618735,+,857,123,1,110771
MafA_R1.macs2_peak_31492,Chr9,65083312,65083944,65083628,+,633,119,6,35192
MafA_R1.macs2_peak_31368,Chr9,61098522,61099718,61099120,+,1197,123,2,53323
MafA_R1.macs2_peak_31278,Chr9,57672216,57673796,57673006,+,1581,479,1,137
MafA_R1.macs2_peak_31292,Chr9,57992294,57994201,57993247.5,+,1908,198,1,16261
MafA_R1.macs2_peak_31807,Chr9,83447305,83447721,83447513,+,417,89,6,17122
MafA_R1.macs2_peak_32004,Chr9,100471051,100471669,100471360,+,619,89,1,-18222
MafA_R1.macs2_peak_32190,Chr9,113240434,113241528,113240981,+,1095,89,15,175239
MafA_R1.macs2_peak_31732,Chr9,75561073,75562360,75561716.5,+,1288,275,1,28702
MafA_R1.macs2_peak_31482,Chr9,64687075,64687321,64687198,+,247,142,4,-31095
MafA_R1.macs2_peak_31516,Chr9,65727471,65728044,65727757.5,+,574,104,2,7089
MafA_R1.macs2_peak_31674,Chr9,70971812,70973234,70972523,+,1423,104,2,97392
MafA_R1.macs2_peak_32069,Chr9,104778132,104779506,104778819,+,1375,104,22,-151648
MafA_R1.macs2_peak_31371,Chr9,61148766,61149176,61148971,+,411,100,2,52120
MafA_R1.macs2_peak_30991,Chr9,41683092,41684259,41683675.5,+,1168,137,16,190453
MafA_R1.macs2_peak_31463,Chr9,64167895,64168771,64168333,+,877,137,2,-7446
MafA_R1.macs2_peak_31570,Chr9,67681625,67682254,67681939.5,+,630,137,4,-14427
MafA_R1.macs2_peak_32235,Chr9,116706233,116706715,116706474,+,483,92,2,375077
MafA_R1.macs2_peak_31582,Chr9,67780078,67780400,67780239,+,323,108,1,32606
MafA_R1.macs2_peak_31649,Chr9,70194357,70195016,70194686.5,+,660,153,4,80054
MafA_R1.macs2_peak_31848,Chr9,85295509,85295987,85295748,+,479,111,1,-86545
MafA_R1.macs2_peak_31296,Chr9,58025798,58026512,58026155,+,715,99,2,-49
MafA_R1.macs2_peak_30770,Chr9,21754337,21755026,21754681.5,+,690,156,1,7875
MafA_R1.macs2_peak_31382,Chr9,61340726,61341868,61341297,+,1143,203,1,61649
MafA_R1.macs2_peak_32074,Chr9,105240993,105241315,105241154,+,323,115,1,31332
MafA_R1.macs2_peak_32198,Chr9,113621402,113622822,113622112,+,1421,399,1,-286
MafA_R1.macs2_peak_31522,Chr9,66132990,66133372,66133181,+,383,87,5,67673
MafA_R1.macs2_peak_31460,Chr9,63957201,63957468,63957334.5,+,268,321,1,223
MafA_R1.macs2_peak_31708,Chr9,73877807,73878724,73878265.5,+,918,114,1,-1946
MafA_R1.macs2_peak_31824,Chr9,84414445,84414832,84414638.5,+,388,114,2,-241813
MafA_R1.macs2_peak_31120,Chr9,47812465,47812779,47812622,+,315,97,1,-83116
MafA_R1.macs2_peak_30848,Chr9,29350788,29351244,29351016,+,457,90,1,-26268
MafA_R1.macs2_peak_31584,Chr9,67804003,67804709,67804356,+,707,220,2,56723
MafA_R1.macs2_peak_30869,Chr9,29810144,29811085,29810614.5,+,942,128,1,63951
MafA_R1.macs2_peak_32142,Chr9,109893516,109894184,109893850,+,669,128,1,12761
MafA_R1.macs2_peak_31547,Chr9,66908358,66909117,66908737.5,+,760,144,14,-25971
MafA_R1.macs2_peak_31530,Chr9,66421932,66422816,66422374,+,885,140,3,-499
MafA_R1.macs2_peak_31873,Chr9,87106790,87107514,87107152,+,725,88,8,30433
MafA_R1.macs2_peak_31238,Chr9,56210320,56211007,56210663.5,+,688,95,1,114671
MafA_R1.macs2_peak_31574,Chr9,67692976,67693596,67693286,+,621,115,10,-25774
MafA_R1.macs2_peak_31852,Chr9,85663034,85663605,85663319.5,+,572,87,6,-31932
MafA_R1.macs2_peak_31549,Chr9,66918784,66919505,66919144.5,+,722,91,2,32009
MafA_R1.macs2_peak_30836,Chr9,28611514,28611800,28611657,+,287,80,2,296033
MafA_R1.macs2_peak_30953,Chr9,37095788,37096398,37096093,+,611,80,1,-23426
MafA_R1.macs2_peak_31083,Chr9,46426927,46427179,46427053,+,253,80,4,-195769
MafA_R1.macs2_peak_31808,Chr9,83465222,83465896,83465559,+,675,80,8,35168
MafA_R1.macs2_peak_32045,Chr9,103514264,103514813,103514538.5,+,550,80,3,55468
MafA_R1.macs2_peak_32089,Chr9,105840821,105842334,105841577.5,+,1514,80,13,-3735
MafA_R1.macs2_peak_31506,Chr9,65269915,65270186,65270050.5,+,272,91,2,1708
MafA_R1.macs2_peak_30949,Chr9,37036008,37036609,37036308.5,+,602,158,3,22310
MafA_R1.macs2_peak_31006,Chr9,42150554,42152422,42151488,+,1869,158,14,24108
MafA_R1.macs2_peak_31420,Chr9,62391529,62391986,62391757.5,+,458,87,3,52569
MafA_R1.macs2_peak_30791,Chr9,23697670,23698348,23698009,+,679,109,5,-311305
MafA_R1.macs2_peak_32176,Chr9,112064295,112065223,112064759,+,929,242,2,294
MafA_R1.macs2_peak_31106,Chr9,47493684,47494397,47494040.5,+,714,79,1,52390
MafA_R1.macs2_peak_30989,Chr9,41139751,41140412,41140081.5,+,662,105,6,22630
MafA_R1.macs2_peak_31369,Chr9,61142715,61143523,61143119,+,809,105,1,57972
MafA_R1.macs2_peak_31415,Chr9,62345426,62346509,62345967.5,+,1084,105,8,97342
MafA_R1.macs2_peak_30752,Chr9,21373983,21374914,21374448.5,+,932,82,2,33412
MafA_R1.macs2_peak_31326,Chr9,59178262,59179551,59178906.5,+,1290,132,2,-19949
MafA_R1.macs2_peak_31399,Chr9,61602329,61603515,61602922,+,1187,343,2,218870
MafA_R1.macs2_peak_32191,Chr9,113261307,113262205,113261756,+,899,136,5,154464
MafA_R1.macs2_peak_30927,Chr9,34858078,34859105,34858591.5,+,1028,139,1,-169433
MafA_R1.macs2_peak_30789,Chr9,23604238,23606542,23605390,+,2305,119,1,-403924
MafA_R1.macs2_peak_31406,Chr9,61731680,61732678,61732179,+,999,119,6,89613
MafA_R1.macs2_peak_31776,Chr9,78285765,78286023,78285894,+,259,119,1,-24
MafA_R1.macs2_peak_30843,Chr9,29129248,29129940,29129594,+,693,203,2,194387
MafA_R1.macs2_peak_31572,Chr9,67688201,67689061,67688631,+,861,119,13,-21119
MafA_R1.macs2_peak_31085,Chr9,46521947,46522656,46522301.5,+,710,81,4,-291017
MafA_R1.macs2_peak_31911,Chr9,95462677,95463154,95462915.5,+,478,81,1,13891
MafA_R1.macs2_peak_30985,Chr9,40770099,40770560,40770329.5,+,462,134,4,-15094
MafA_R1.macs2_peak_31875,Chr9,88320752,88321583,88321167.5,+,832,307,1,-185
MafA_R1.macs2_peak_32290,Chr9,120346722,120347381,120347051.5,+,660,149,5,-21833
MafA_R1.macs2_peak_32075,Chr9,105260474,105261050,105260762,+,577,91,4,11724
MafA_R1.macs2_peak_31016,Chr9,43150986,43151881,43151433.5,+,896,195,1,-320
MafA_R1.macs2_peak_31720,Chr9,74859212,74860421,74859816.5,+,1210,359,5,-346
MafA_R1.macs2_peak_31888,Chr9,90198020,90198844,90198432,+,825,93,1,-45610
MafA_R1.macs2_peak_31109,Chr9,47580499,47580930,47580714.5,+,432,97,1,139064
MafA_R1.macs2_peak_31694,Chr9,72655927,72656282,72656104.5,+,356,97,1,55524
MafA_R1.macs2_peak_31484,Chr9,64833573,64833980,64833776.5,+,408,104,1,25126
MafA_R1.macs2_peak_31663,Chr9,70734127,70734652,70734389.5,+,526,108,1,107701
MafA_R1.macs2_peak_31452,Chr9,63502664,63503384,63503024,+,721,116,2,6751
MafA_R1.macs2_peak_32149,Chr9,110512655,110513607,110513131,+,953,116,12,27560
MafA_R1.macs2_peak_31258,Chr9,56635016,56636130,56635573,+,1115,181,1,68021
MafA_R1.macs2_peak_31594,Chr9,68526571,68527115,68526843,+,545,82,1,-34225
MafA_R1.macs2_peak_32087,Chr9,105734848,105735425,105735136.5,+,578,96,14,-29852
MafA_R1.macs2_peak_31774,Chr9,78136741,78137580,78137160.5,+,840,111,9,-791
MafA_R1.macs2_peak_32084,Chr9,105694422,105695125,105694773.5,+,704,141,2,-7926
MafA_R1.macs2_peak_31475,Chr9,64517101,64517445,64517273,+,345,84,2,127765
MafA_R1.macs2_peak_30906,Chr9,34142575,34143806,34143190.5,+,1232,172,1,189523
MafA_R1.macs2_peak_31168,Chr9,51224054,51225290,51224672,+,1237,172,1,15545
MafA_R1.macs2_peak_31552,Chr9,66949068,66949869,66949468.5,+,802,172,8,1685
MafA_R1.macs2_peak_31559,Chr9,67342973,67343415,67343194,+,443,70,7,123791
MafA_R1.macs2_peak_31810,Chr9,83539361,83539874,83539617.5,+,514,70,3,-33911
MafA_R1.macs2_peak_32152,Chr9,111100329,111100615,111100472,+,287,421,1,204
MafA_R1.macs2_peak_31411,Chr9,62030173,62030873,62030523,+,701,212,1,-632
MafA_R1.macs2_peak_32000,Chr9,100336283,100336848,100336565.5,+,566,146,1,31961
MafA_R1.macs2_peak_31108,Chr9,47563638,47564399,47564018.5,+,762,69,1,122368
MafA_R1.macs2_peak_30914,Chr9,34671911,34672278,34672094.5,+,368,75,2,272067
MafA_R1.macs2_peak_31820,Chr9,84241527,84242585,84242056,+,1059,103,7,411222
MafA_R1.macs2_peak_31291,Chr9,57978687,57979281,57978984,+,595,96,3,30524
MafA_R1.macs2_peak_32093,Chr9,105916354,105916715,105916534.5,+,362,96,2,57356
MafA_R1.macs2_peak_31373,Chr9,61184857,61185921,61185389,+,1065,133,1,15702
MafA_R1.macs2_peak_32148,Chr9,110510138,110511872,110511005,+,1735,133,14,25434
MafA_R1.macs2_peak_31562,Chr9,67463225,67463831,67463528,+,607,85,1,3457
MafA_R1.macs2_peak_31599,Chr9,68699353,68700074,68699713.5,+,722,102,4,27085
MafA_R1.macs2_peak_31731,Chr9,75540188,75540634,75540411,+,447,102,5,7397
MafA_R1.macs2_peak_32031,Chr9,103275759,103276190,103275974.5,+,432,102,1,-24803
MafA_R1.macs2_peak_32009,Chr9,101059053,101059690,101059371.5,+,638,71,3,16901
MafA_R1.macs2_peak_31512,Chr9,65679415,65679911,65679663,+,497,77,10,55183
MafA_R1.macs2_peak_31560,Chr9,67384456,67385055,67384755.5,+,600,77,2,82230
MafA_R1.macs2_peak_32250,Chr9,117470577,117470950,117470763.5,+,374,67,3,-11782
MafA_R1.macs2_peak_31442,Chr9,63176842,63177374,63177108,+,533,87,1,108076
MafA_R1.macs2_peak_31450,Chr9,63460884,63461566,63461225,+,683,87,3,48550
MafA_R1.macs2_peak_32082,Chr9,105678139,105678639,105678389,+,501,73,8,8458
MafA_R1.macs2_peak_31920,Chr9,95907639,95908389,95908014,+,751,118,1,71201
MafA_R1.macs2_peak_31114,Chr9,47640168,47640548,47640358,+,381,68,4,89148
MafA_R1.macs2_peak_30775,Chr9,22133089,22133538,22133313.5,+,450,125,1,-3686
MafA_R1.macs2_peak_31417,Chr9,62374794,62375168,62374981,+,375,78,3,69345
MafA_R1.macs2_peak_32257,Chr9,117976227,117976539,117976383,+,313,78,7,2881
MafA_R1.macs2_peak_30790,Chr9,23606869,23607206,23607037.5,+,338,61,2,-402277
MafA_R1.macs2_peak_31143,Chr9,49911816,49912130,49911973,+,315,61,1,-201280
MafA_R1.macs2_peak_31727,Chr9,75422997,75423328,75423162.5,+,332,61,1,43777
MafA_R1.macs2_peak_32220,Chr9,114859437,114859820,114859628.5,+,384,61,3,52075
MafA_R1.macs2_peak_30932,Chr9,35270951,35271517,35271234,+,567,94,8,78833
MafA_R1.macs2_peak_31235,Chr9,56120498,56121592,56121045,+,1095,94,2,-52691
MafA_R1.macs2_peak_31290,Chr9,57972984,57973645,57973314.5,+,662,94,2,33757
MafA_R1.macs2_peak_31554,Chr9,66998163,66998524,66998343.5,+,362,94,6,-11239
MafA_R1.macs2_peak_31401,Chr9,61619590,61620113,61619851.5,+,524,84,1,201941
MafA_R1.macs2_peak_32251,Chr9,117614009,117614731,117614370,+,723,84,8,-155389
MafA_R1.macs2_peak_31531,Chr9,66468047,66468436,66468241.5,+,390,60,1,32156
MafA_R1.macs2_peak_31448,Chr9,63314016,63314968,63314492,+,953,76,1,-7966
MafA_R1.macs2_peak_32207,Chr9,114217983,114218597,114218290,+,615,111,4,1490
MafA_R1.macs2_peak_31850,Chr9,85630530,85632037,85631283.5,+,1508,402,3,104
MafA_R1.macs2_peak_30986,Chr9,40927515,40927956,40927735.5,+,442,79,5,-11811
MafA_R1.macs2_peak_30996,Chr9,41958774,41959748,41959261,+,975,79,15,29248
MafA_R1.macs2_peak_31392,Chr9,61453002,61453341,61453171.5,+,340,72,1,173523
MafA_R1.macs2_peak_32063,Chr9,104286399,104286949,104286674,+,551,72,6,-16638
MafA_R1.macs2_peak_31665,Chr9,70748849,70749829,70749339,+,981,69,1,92751
MafA_R1.macs2_peak_31398,Chr9,61583874,61584398,61584136,+,525,65,2,237656
MafA_R1.macs2_peak_31859,Chr9,86529135,86529385,86529260,+,251,65,1,40070
MafA_R1.macs2_peak_31860,Chr9,86550209,86550882,86550545.5,+,674,59,3,18785
MafA_R1.macs2_peak_30765,Chr9,21647646,21648404,21648025,+,759,102,5,13153
MafA_R1.macs2_peak_31381,Chr9,61303014,61304347,61303680.5,+,1334,164,1,24032
MafA_R1.macs2_peak_30861,Chr9,29673055,29673783,29673419,+,729,61,1,201146
MafA_R1.macs2_peak_31558,Chr9,67336202,67336518,67336360,+,317,61,7,130625
MafA_R1.macs2_peak_31723,Chr9,75144041,75144786,75144413.5,+,746,83,2,5117
MafA_R1.macs2_peak_31687,Chr9,72345453,72346013,72345733,+,561,162,9,-78
MafA_R1.macs2_peak_32158,Chr9,111342240,111343261,111342750.5,+,1022,86,2,74601
MafA_R1.macs2_peak_30728,Chr9,16123535,16124046,16123790.5,+,512,80,3,289560
MafA_R1.macs2_peak_31579,Chr9,67735310,67736094,67735702,+,785,110,11,3910
MafA_R1.macs2_peak_30859,Chr9,29622921,29624156,29623538.5,+,1236,63,12,251027
MafA_R1.macs2_peak_31500,Chr9,65121989,65122622,65122305.5,+,634,340,5,333
MafA_R1.macs2_peak_31491,Chr9,65008817,65009108,65008962.5,+,292,95,1,194
MafA_R1.macs2_peak_30970,Chr9,40180197,40180754,40180475.5,+,558,333,3,-37
MafA_R1.macs2_peak_30850,Chr9,29402649,29403378,29403013.5,+,730,71,10,-78265
MafA_R1.macs2_peak_31247,Chr9,56490635,56491102,56490868.5,+,468,71,1,52064
MafA_R1.macs2_peak_31311,Chr9,58676828,58677424,58677126,+,597,71,2,-28284
MafA_R1.macs2_peak_31603,Chr9,68834720,68835127,68834923.5,+,408,71,2,162295
MafA_R1.macs2_peak_31493,Chr9,65087488,65088082,65087785,+,595,117,7,-34187
MafA_R1.macs2_peak_31935,Chr9,96654422,96655218,96654820,+,797,58,1,7205
MafA_R1.macs2_peak_30849,Chr9,29369418,29369841,29369629.5,+,424,52,1,-44881
MafA_R1.macs2_peak_30967,Chr9,40132067,40132612,40132339.5,+,546,52,2,28727
MafA_R1.macs2_peak_32085,Chr9,105717248,105717678,105717463,+,431,52,5,-12179
MafA_R1.macs2_peak_32047,Chr9,103529274,103532005,103530639.5,+,2732,197,1,39367
MafA_R1.macs2_peak_31454,Chr9,63575831,63576314,63576072.5,+,484,99,1,66144
MafA_R1.macs2_peak_31747,Chr9,77334301,77334990,77334645.5,+,690,125,3,-27947
MafA_R1.macs2_peak_32196,Chr9,113578038,113579111,113578574.5,+,1074,125,1,8033
MafA_R1.macs2_peak_30921,Chr9,34757585,34758242,34757913.5,+,658,102,1,-270111
MafA_R1.macs2_peak_32029,Chr9,103045303,103045867,103045585,+,565,95,5,33679
MafA_R1.macs2_peak_30974,Chr9,40319954,40320492,40320223,+,539,54,3,-32510
MafA_R1.macs2_peak_31717,Chr9,74768862,74769166,74769014,+,305,57,1,-189
MafA_R1.macs2_peak_31105,Chr9,47467255,47467542,47467398.5,+,288,60,3,25748
MafA_R1.macs2_peak_31924,Chr9,96237740,96238402,96238071,+,663,72,1,7697
MafA_R1.macs2_peak_30834,Chr9,28555565,28556054,28555809.5,+,490,56,3,240185
MafA_R1.macs2_peak_30952,Chr9,37094440,37095182,37094811,+,743,56,1,-24708
MafA_R1.macs2_peak_32088,Chr9,105824889,105825432,105825160.5,+,544,56,9,12682
MafA_R1.macs2_peak_31034,Chr9,43886091,43886366,43886228.5,+,276,56,1,-68453
MafA_R1.macs2_peak_32064,Chr9,104287379,104287890,104287634.5,+,512,56,3,-15678
MafA_R1.macs2_peak_30797,Chr9,25411220,25412606,25411913,+,1387,86,1,19020
MafA_R1.macs2_peak_31644,Chr9,70116428,70117108,70116768,+,681,272,1,2136
MafA_R1.macs2_peak_32030,Chr9,103084803,103085343,103085073,+,541,49,1,-5809
MafA_R1.macs2_peak_31487,Chr9,64928533,64929294,64928913.5,+,762,355,5,86
MafA_R1.macs2_peak_31737,Chr9,75578467,75578861,75578664,+,395,69,4,12674
MafA_R1.macs2_peak_30965,Chr9,40088346,40088965,40088655.5,+,620,63,3,-9720
MafA_R1.macs2_peak_31196,Chr9,53967698,53967959,53967828.5,+,262,49,1,7867
MafA_R1.macs2_peak_31743,Chr9,75930644,75931631,75931137.5,+,988,72,1,8878
MafA_R1.macs2_peak_30757,Chr9,21526984,21527350,21527167,+,367,366,1,-298
MafA_R1.macs2_peak_30763,Chr9,21637808,21638136,21637972,+,329,143,4,3100
MafA_R1.macs2_peak_31748,Chr9,77345540,77346728,77346134,+,1189,143,1,-39436
MafA_R1.macs2_peak_30916,Chr9,34692624,34692995,34692809.5,+,372,56,1,292782
MafA_R1.macs2_peak_30933,Chr9,35316456,35317124,35316790,+,669,56,1,-46582
MafA_R1.macs2_peak_30990,Chr9,41646788,41647333,41647060.5,+,546,71,1,153838
MafA_R1.macs2_peak_31320,Chr9,59084891,59085791,59085341,+,901,71,4,-113514
MafA_R1.macs2_peak_32098,Chr9,106287772,106288196,106287984,+,425,92,1,-18626
MafA_R1.macs2_peak_30975,Chr9,40527678,40529609,40528643.5,+,1932,193,27,-68672
MafA_R1.macs2_peak_31607,Chr9,68952759,68953418,68953088.5,+,660,47,1,-244035
MafA_R1.macs2_peak_32092,Chr9,105880040,105880481,105880260.5,+,442,47,1,-42418
MafA_R1.macs2_peak_32266,Chr9,118754632,118756148,118755390,+,1517,252,3,-214
MafA_R1.macs2_peak_30944,Chr9,36929581,36929953,36929767,+,373,52,1,128851
MafA_R1.macs2_peak_30931,Chr9,35193653,35194069,35193861,+,417,79,1,1460
MafA_R1.macs2_peak_30960,Chr9,37537272,37537795,37537533.5,+,524,79,1,12416
MafA_R1.macs2_peak_31495,Chr9,65095611,65096375,65095993,+,765,79,3,-25979
MafA_R1.macs2_peak_32072,Chr9,105048682,105049544,105049113,+,863,79,5,-26832
MafA_R1.macs2_peak_30833,Chr9,28535597,28535890,28535743.5,+,294,44,1,220119
MafA_R1.macs2_peak_31483,Chr9,64767475,64767790,64767632.5,+,316,44,1,49339
MafA_R1.macs2_peak_31563,Chr9,67473802,67474076,67473939,+,275,44,3,-6954
MafA_R1.macs2_peak_32248,Chr9,117338215,117338463,117338339,+,249,44,1,120642
MafA_R1.macs2_peak_31546,Chr9,66907164,66907612,66907388,+,449,60,4,-24622
MafA_R1.macs2_peak_31425,Chr9,62427919,62428544,62428231.5,+,626,54,4,16095
MafA_R1.macs2_peak_31529,Chr9,66420836,66421466,66421151,+,631,95,7,724
MafA_R1.macs2_peak_31581,Chr9,67739439,67739949,67739694,+,511,110,4,-82
MafA_R1.macs2_peak_30731,Chr9,16241571,16242227,16241899,+,657,48,4,171451
MafA_R1.macs2_peak_30756,Chr9,21511356,21512040,21511698,+,685,48,4,-7571
MafA_R1.macs2_peak_31651,Chr9,70220590,70220846,70220718,+,257,48,2,92317
MafA_R1.macs2_peak_31676,Chr9,71370346,71370654,71370500,+,309,48,1,21740
MafA_R1.macs2_peak_31689,Chr9,72356921,72357189,72357055,+,269,48,2,11244
MafA_R1.macs2_peak_31930,Chr9,96566185,96566502,96566343.5,+,318,48,1,35155
MafA_R1.macs2_peak_32073,Chr9,105200817,105201243,105201030,+,427,48,5,71456
MafA_R1.macs2_peak_32154,Chr9,111142990,111143278,111143134,+,289,48,1,2327
MafA_R1.macs2_peak_30866,Chr9,29729119,29729422,29729270.5,+,304,45,1,145295
MafA_R1.macs2_peak_31846,Chr9,85282488,85283571,85283029.5,+,1084,112,2,-73826
MafA_R1.macs2_peak_32100,Chr9,106295574,106295930,106295752,+,357,50,4,-10858
MafA_R1.macs2_peak_31285,Chr9,57952338,57953381,57952859.5,+,1044,56,1,13302
MafA_R1.macs2_peak_31770,Chr9,77953942,77954644,77954293,+,703,56,6,-4947
MafA_R1.macs2_peak_31793,Chr9,82983690,82984364,82984027,+,675,56,1,44633
MafA_R1.macs2_peak_32110,Chr9,107217693,107217947,107217820,+,255,197,3,-19
MafA_R1.macs2_peak_31519,Chr9,66032274,66032559,66032416.5,+,286,227,1,-248
MafA_R1.macs2_peak_31545,Chr9,66906251,66906898,66906574.5,+,648,50,3,-23808
MafA_R1.macs2_peak_32256,Chr9,117869576,117869881,117869728.5,+,306,385,1,138
MafA_R1.macs2_peak_30909,Chr9,34574667,34575557,34575112,+,891,64,5,175085
MafA_R1.macs2_peak_31033,Chr9,43850542,43851074,43850808,+,533,64,1,-103873
MafA_R1.macs2_peak_31056,Chr9,45530857,45531561,45531209,+,705,64,1,-188679
MafA_R1.macs2_peak_31486,Chr9,64894029,64894713,64894371,+,685,64,4,26159
MafA_R1.macs2_peak_31515,Chr9,65702939,65703242,65703090.5,+,304,64,2,31756
MafA_R1.macs2_peak_31844,Chr9,85258644,85259039,85258841.5,+,396,64,3,-49638
MafA_R1.macs2_peak_32254,Chr9,117751240,117751876,117751558,+,637,64,6,-118032
MafA_R1.macs2_peak_31533,Chr9,66518939,66519479,66519209,+,541,72,2,-18812
MafA_R1.macs2_peak_31327,Chr9,59198534,59199520,59199027,+,987,293,2,172
MafA_R1.macs2_peak_31517,Chr9,65736502,65736897,65736699.5,+,396,88,2,-1853
MafA_R1.macs2_peak_32130,Chr9,108701429,108702395,108701912,+,967,467,2,-1332
MafA_R1.macs2_peak_31812,Chr9,83573209,83573993,83573601,+,785,97,3,73
MafA_R1.macs2_peak_31738,Chr9,75579280,75579915,75579597.5,+,636,56,2,11741
MafA_R1.macs2_peak_31881,Chr9,89586055,89587412,89586733.5,+,1358,166,7,363
MafA_R1.macs2_peak_31557,Chr9,67298542,67298803,67298672.5,+,262,53,4,-154664
MafA_R1.macs2_peak_31692,Chr9,72569057,72569611,72569334,+,555,289,2,-279
MafA_R1.macs2_peak_31785,Chr9,80342545,80343227,80342886,+,683,45,4,4605
MafA_R1.macs2_peak_32255,Chr9,117795668,117796115,117795891.5,+,448,45,5,-73699
MafA_R1.macs2_peak_32218,Chr9,114807473,114807984,114807728.5,+,512,186,5,175
MafA_R1.macs2_peak_31730,Chr9,75533360,75534225,75533792.5,+,866,150,4,778
MafA_R1.macs2_peak_30987,Chr9,41109783,41110574,41110178.5,+,792,90,13,-7273
MafA_R1.macs2_peak_31995,Chr9,99361375,99362030,99361702.5,+,656,82,2,9228
MafA_R1.macs2_peak_31556,Chr9,67287284,67287620,67287452,+,337,39,2,-143444
MafA_R1.macs2_peak_31058,Chr9,45600225,45600828,45600526.5,+,604,73,1,139435
MafA_R1.macs2_peak_31894,Chr9,92354669,92356299,92355484,+,1631,73,15,16053
MafA_R1.macs2_peak_32067,Chr9,104592594,104593158,104592876,+,565,70,7,146194
MafA_R1.macs2_peak_30973,Chr9,40319374,40319631,40319502.5,+,258,41,3,-31789
MafA_R1.macs2_peak_31751,Chr9,77388602,77389066,77388834,+,465,41,2,62507
MafA_R1.macs2_peak_31567,Chr9,67668943,67670124,67669533.5,+,1182,93,8,-2021
MafA_R1.macs2_peak_30923,Chr9,34773035,34773525,34773280,+,491,56,4,-254744
MafA_R1.macs2_peak_30997,Chr9,41965131,41965721,41965426,+,591,56,2,23083
MafA_R1.macs2_peak_31445,Chr9,63254949,63255330,63255139.5,+,382,56,1,30045
MafA_R1.macs2_peak_31841,Chr9,85123203,85123704,85123453.5,+,502,36,7,85724
MafA_R1.macs2_peak_31842,Chr9,85196851,85197192,85197021.5,+,342,36,1,12156
MafA_R1.macs2_peak_30739,Chr9,20742036,20742396,20742216,+,361,48,1,12426
MafA_R1.macs2_peak_30926,Chr9,34831667,34832144,34831905.5,+,478,48,6,-196119
MafA_R1.macs2_peak_30945,Chr9,36978839,36979232,36979035.5,+,394,48,1,79583
MafA_R1.macs2_peak_31323,Chr9,59157464,59157911,59157687.5,+,448,48,1,-41168
MafA_R1.macs2_peak_31809,Chr9,83491872,83492401,83492136.5,+,530,53,3,61745
MafA_R1.macs2_peak_30984,Chr9,40732592,40733580,40733086,+,989,40,7,18207
MafA_R1.macs2_peak_31395,Chr9,61542522,61542797,61542659.5,+,276,40,7,263011
MafA_R1.macs2_peak_31652,Chr9,70225831,70226253,70226042,+,423,40,3,86993
MafA_R1.macs2_peak_31893,Chr9,92295314,92295767,92295540.5,+,454,40,1,-43891
MafA_R1.macs2_peak_31002,Chr9,42096298,42096580,42096439,+,283,38,1,24088
MafA_R1.macs2_peak_31051,Chr9,44825486,44827046,44826266,+,1561,235,1,5774
MafA_R1.macs2_peak_30940,Chr9,36873470,36873755,36873612.5,+,286,37,1,128742
MafA_R1.macs2_peak_31367,Chr9,61094216,61094600,61094408,+,385,37,1,48611
MafA_R1.macs2_peak_31481,Chr9,64681716,64682283,64681999.5,+,568,92,3,-36294
MafA_R1.macs2_peak_31129,Chr9,49099623,49099941,49099782,+,319,35,1,-62049
MafA_R1.macs2_peak_31580,Chr9,67736426,67736967,67736696.5,+,542,67,3,2916
MafA_R1.macs2_peak_31755,Chr9,77445536,77446082,77445809,+,547,67,1,5532
MafA_R1.macs2_peak_31018,Chr9,43250749,43251002,43250875.5,+,254,41,3,28815
MafA_R1.macs2_peak_32243,Chr9,116962429,116962754,116962591.5,+,326,41,12,118960
MafA_R1.macs2_peak_32065,Chr9,104458891,104459864,104459377.5,+,974,58,4,12695
MafA_R1.macs2_peak_31707,Chr9,73684585,73684875,73684730,+,291,33,1,191589
MafA_R1.macs2_peak_30783,Chr9,23116415,23116846,23116630.5,+,432,35,1,-17742
MafA_R1.macs2_peak_32108,Chr9,107155035,107155452,107155243.5,+,418,35,6,11352
MafA_R1.macs2_peak_32099,Chr9,106288456,106288768,106288612,+,313,40,5,-17998
MafA_R1.macs2_peak_30993,Chr9,41862138,41862541,41862339.5,+,404,86,3,126170
MafA_R1.macs2_peak_31933,Chr9,96614163,96614957,96614560,+,795,88,1,-832
MafA_R1.macs2_peak_31539,Chr9,66702845,66703114,66702979.5,+,270,341,5,-274
MafA_R1.macs2_peak_31638,Chr9,70046711,70047531,70047121,+,821,44,2,1718
MafA_R1.macs2_peak_31172,Chr9,51676015,51677078,51676546.5,+,1064,152,1,-105
MafA_R1.macs2_peak_31405,Chr9,61719456,61721000,61720228,+,1545,106,5,101564
MafA_R1.macs2_peak_30943,Chr9,36897034,36897588,36897311,+,555,41,3,152441
MafA_R1.macs2_peak_31719,Chr9,74816723,74817174,74816948.5,+,452,41,1,-43214
MafA_R1.macs2_peak_30841,Chr9,29065540,29066158,29065849,+,619,69,2,258132
MafA_R1.macs2_peak_32019,Chr9,102457509,102458204,102457856.5,+,696,69,2,45467
MafA_R1.macs2_peak_32192,Chr9,113270900,113271271,113271085.5,+,372,69,16,145135
MafA_R1.macs2_peak_32252,Chr9,117665793,117666635,117666214,+,843,86,4,-203376
MafA_R1.macs2_peak_31634,Chr9,69938848,69940185,69939516.5,+,1338,60,2,5854
MafA_R1.macs2_peak_31354,Chr9,60305181,60305780,60305480.5,+,600,47,2,112838
MafA_R1.macs2_peak_30726,Chr9,16052194,16052475,16052334.5,+,282,33,2,-266482
MafA_R1.macs2_peak_31239,Chr9,56290181,56290619,56290400,+,439,33,1,34934
MafA_R1.macs2_peak_32068,Chr9,104699694,104700043,104699868.5,+,350,33,4,-230599
MafA_R1.macs2_peak_32136,Chr9,109724625,109725185,109724905,+,561,33,4,6194
MafA_R1.macs2_peak_32222,Chr9,115070106,115070369,115070237.5,+,264,51,3,40901
MafA_R1.macs2_peak_30870,Chr9,29852604,29852931,29852767.5,+,328,28,1,21798
MafA_R1.macs2_peak_30901,Chr9,33607061,33607325,33607193,+,265,28,2,-346474
MafA_R1.macs2_peak_30918,Chr9,34708213,34708585,34708399,+,373,28,1,308372
MafA_R1.macs2_peak_31759,Chr9,77652072,77652511,77652291.5,+,440,28,1,-9526
MafA_R1.macs2_peak_31772,Chr9,78076125,78076465,78076295,+,341,28,1,-6901
MafA_R1.macs2_peak_32018,Chr9,102451094,102451355,102451224.5,+,262,28,4,52099
MafA_R1.macs2_peak_31150,Chr9,50307141,50307831,50307486,+,691,91,7,-98339
MafA_R1.macs2_peak_31488,Chr9,64929579,64929909,64929744,+,331,58,1,-745
MafA_R1.macs2_peak_30954,Chr9,37119116,37119841,37119478.5,+,726,131,1,-41
MafA_R1.macs2_peak_30998,Chr9,42005742,42006495,42006118.5,+,754,82,1,-17609
MafA_R1.macs2_peak_31259,Chr9,56739424,56739765,56739594.5,+,342,30,1,19653
MafA_R1.macs2_peak_32189,Chr9,113216501,113216800,113216650.5,+,300,30,1,199570
MafA_R1.macs2_peak_31005,Chr9,42129975,42130942,42130458.5,+,968,62,3,-9931
MafA_R1.macs2_peak_31588,Chr9,68142110,68142457,68142283.5,+,348,62,3,-209287
MafA_R1.macs2_peak_31131,Chr9,49505164,49505420,49505292,+,257,43,1,75704
MafA_R1.macs2_peak_32167,Chr9,111883883,111884150,111884016.5,+,268,43,1,63763
MafA_R1.macs2_peak_32225,Chr9,115539171,115539588,115539379.5,+,418,43,2,-199144
MafA_R1.macs2_peak_31400,Chr9,61605190,61605574,61605382,+,385,45,1,216410
MafA_R1.macs2_peak_32007,Chr9,100798982,100799263,100799122.5,+,282,35,1,117815
MafA_R1.macs2_peak_31843,Chr9,85208878,85210552,85209715,+,1675,268,2,-512
MafA_R1.macs2_peak_31527,Chr9,66259830,66260431,66260130.5,+,602,46,4,2398
MafA_R1.macs2_peak_30992,Chr9,41848829,41849100,41848964.5,+,272,35,5,139545
MafA_R1.macs2_peak_31121,Chr9,47834658,47834955,47834806.5,+,298,35,4,-105300
MafA_R1.macs2_peak_31127,Chr9,48998744,48999029,48998886.5,+,286,35,1,-15142
MafA_R1.macs2_peak_31520,Chr9,66088649,66088935,66088792,+,287,35,1,23284
MafA_R1.macs2_peak_30941,Chr9,36884470,36885113,36884791.5,+,644,45,6,139921
MafA_R1.macs2_peak_31590,Chr9,68380241,68380822,68380531.5,+,582,45,1,46951
MafA_R1.macs2_peak_31794,Chr9,82986003,82986509,82986256,+,507,45,2,42404
MafA_R1.macs2_peak_31553,Chr9,66950660,66951300,66950980,+,641,154,2,173
MafA_R1.macs2_peak_31503,Chr9,65201493,65201966,65201729.5,+,474,233,4,187
MafA_R1.macs2_peak_31295,Chr9,58021716,58022083,58021899.5,+,368,28,1,4207
MafA_R1.macs2_peak_31551,Chr9,66948463,66948758,66948610.5,+,296,58,1,2543
MafA_R1.macs2_peak_31003,Chr9,42099264,42099590,42099427,+,327,31,3,21100
MafA_R1.macs2_peak_30767,Chr9,21698361,21698611,21698486,+,251,90,1,11356
MafA_R1.macs2_peak_31910,Chr9,95394131,95394838,95394484.5,+,708,118,7,-435
MafA_R1.macs2_peak_31266,Chr9,57108746,57109018,57108882,+,273,27,2,26323
MafA_R1.macs2_peak_31583,Chr9,67782674,67783146,67782910,+,473,27,1,35277
MafA_R1.macs2_peak_30724,Chr9,16044359,16044969,16044664,+,611,27,9,-258812
MafA_R1.macs2_peak_30835,Chr9,28598286,28598811,28598548.5,+,526,37,3,282924
MafA_R1.macs2_peak_30980,Chr9,40661502,40661969,40661735.5,+,468,37,1,-50837
MafA_R1.macs2_peak_31535,Chr9,66538539,66538898,66538718.5,+,360,37,6,-38321
MafA_R1.macs2_peak_31900,Chr9,94170416,94170847,94170631.5,+,432,37,1,249503
MafA_R1.macs2_peak_31928,Chr9,96493775,96494184,96493979.5,+,410,37,1,19577
MafA_R1.macs2_peak_31422,Chr9,62403533,62403828,62403680.5,+,296,32,1,40646
MafA_R1.macs2_peak_32223,Chr9,115082529,115082990,115082759.5,+,462,32,2,28379
MafA_R1.macs2_peak_31629,Chr9,69881512,69881776,69881644,+,265,26,1,-15104
MafA_R1.macs2_peak_31805,Chr9,83420227,83420514,83420370.5,+,288,26,3,-10021
MafA_R1.macs2_peak_32160,Chr9,111474260,111474685,111474472.5,+,426,26,10,44944
MafA_R1.macs2_peak_30857,Chr9,29566132,29566629,29566380.5,+,498,26,1,-241632
MafA_R1.macs2_peak_31868,Chr9,86781762,86782011,86781886.5,+,250,28,1,-19125
MafA_R1.macs2_peak_32001,Chr9,100427968,100428710,100428339,+,743,170,4,-152
MafA_R1.macs2_peak_31119,Chr9,47805328,47805832,47805580,+,505,39,6,-76074
MafA_R1.macs2_peak_31565,Chr9,67618786,67619401,67619093.5,+,616,64,3,15969
MafA_R1.macs2_peak_31183,Chr9,53159534,53159792,53159663,+,259,49,1,-251
MafA_R1.macs2_peak_31489,Chr9,64939363,64939990,64939676.5,+,628,105,2,-64
MafA_R1.macs2_peak_32094,Chr9,106037173,106037635,106037404,+,463,79,2,-2067
MafA_R1.macs2_peak_31541,Chr9,66762975,66763804,66763389.5,+,830,53,4,-21401
MafA_R1.macs2_peak_30736,Chr9,20432766,20433330,20433048,+,565,108,1,-333
MafA_R1.macs2_peak_32156,Chr9,111295828,111296191,111296009.5,+,364,24,4,27860
MafA_R1.macs2_peak_30751,Chr9,21322312,21322978,21322645,+,667,73,3,371
MafA_R1.macs2_peak_30773,Chr9,22028614,22029511,22029062.5,+,898,88,2,-571
MafA_R1.macs2_peak_30977,Chr9,40549712,40550134,40549923,+,423,56,4,-47392
MafA_R1.macs2_peak_31028,Chr9,43831294,43831549,43831421.5,+,256,41,1,-123260
MafA_R1.macs2_peak_31427,Chr9,62443860,62444436,62444148,+,577,183,1,178
MafA_R1.macs2_peak_30983,Chr9,40718237,40718490,40718363.5,+,254,31,2,3484
MafA_R1.macs2_peak_32095,Chr9,106089107,106089594,106089350.5,+,488,68,3,9043
MafA_R1.macs2_peak_30904,Chr9,33812363,33813016,33812689.5,+,654,31,2,-140978
MafA_R1.macs2_peak_31307,Chr9,58449525,58449789,58449657,+,265,31,1,-1434
MafA_R1.macs2_peak_31690,Chr9,72536677,72537026,72536851.5,+,350,31,1,-32762
MafA_R1.macs2_peak_32263,Chr9,118737381,118737678,118737529.5,+,298,31,2,-18075
MafA_R1.macs2_peak_31267,Chr9,57392952,57393513,57393232.5,+,562,45,1,-17889
MafA_R1.macs2_peak_32106,Chr9,106769354,106769603,106769478.5,+,250,241,2,-341
MafA_R1.macs2_peak_31811,Chr9,83568250,83568620,83568435,+,371,47,1,-5093
MafA_R1.macs2_peak_30994,Chr9,41916675,41917008,41916841.5,+,334,33,10,71668
MafA_R1.macs2_peak_30796,Chr9,25392488,25393227,25392857.5,+,740,65,1,-36
MafA_R1.macs2_peak_30912,Chr9,34626000,34627403,34626701.5,+,1404,50,3,226674
MafA_R1.macs2_peak_31043,Chr9,44308335,44308658,44308496.5,+,324,152,2,104
MafA_R1.macs2_peak_32134,Chr9,109661558,109661975,109661766.5,+,418,86,2,-96
MafA_R1.macs2_peak_31507,Chr9,65367800,65368465,65368132.5,+,666,104,2,-87
MafA_R1.macs2_peak_31845,Chr9,85262717,85263046,85262881.5,+,330,20,7,-53678
MafA_R1.macs2_peak_32107,Chr9,106785976,106786321,106786148.5,+,346,20,6,-17011
MafA_R1.macs2_peak_32083,Chr9,105686562,105686859,105686710.5,+,298,53,3,137
MafA_R1.macs2_peak_32071,Chr9,104924994,104925245,104925119.5,+,252,22,5,-5348
MafA_R1.macs2_peak_32008,Chr9,100916351,100916944,100916647.5,+,594,180,1,290
MafA_R1.macs2_peak_30950,Chr9,37056501,37057145,37056823,+,645,57,1,1795
MafA_R1.macs2_peak_31157,Chr9,50612500,50612762,50612631,+,263,39,2,26653
MafA_R1.macs2_peak_31047,Chr9,44463436,44463900,44463668,+,465,22,2,-25927
MafA_R1.macs2_peak_31181,Chr9,53012046,53012756,53012401,+,711,22,1,147011
MafA_R1.macs2_peak_31118,Chr9,47769423,47769955,47769689,+,533,42,5,-40183
MafA_R1.macs2_peak_30895,Chr9,32263578,32264312,32263945,+,735,25,9,-8305
MafA_R1.macs2_peak_31459,Chr9,63929409,63929665,63929537,+,257,48,1,-196
MafA_R1.macs2_peak_31771,Chr9,78019921,78020845,78020383,+,925,76,1,-137
MafA_R1.macs2_peak_31232,Chr9,55845076,55845689,55845382.5,+,614,107,3,21
MafA_R1.macs2_peak_31528,Chr9,66419952,66420358,66420155,+,407,34,2,1720
MafA_R1.macs2_peak_31169,Chr9,51305592,51306346,51305969,+,755,31,1,-65752
MafA_R1.macs2_peak_31762,Chr9,77713990,77714476,77714233,+,487,31,2,52416
MafA_R1.macs2_peak_32129,Chr9,108675953,108676711,108676332,+,759,31,1,3139
MafA_R1.macs2_peak_31082,Chr9,46407106,46407512,46407309,+,407,22,2,-176025
MafA_R1.macs2_peak_32268,Chr9,118765078,118765539,118765308.5,+,462,34,3,9704
MafA_R1.macs2_peak_31465,Chr9,64248573,64248846,64248709.5,+,274,52,1,-170
MafA_R1.macs2_peak_32103,Chr9,106324846,106325158,106325002,+,313,97,3,-125
MafA_R1.macs2_peak_32101,Chr9,106306106,106306526,106306316,+,421,107,8,-294
MafA_R1.macs2_peak_32077,Chr9,105272568,105272912,105272740,+,345,56,6,179
MafA_R1.macs2_peak_31294,Chr9,58019824,58020267,58020045.5,+,444,20,1,6061
MafA_R1.macs2_peak_31773,Chr9,78099014,78099307,78099160.5,+,294,20,1,-88
MafA_R1.macs2_peak_30957,Chr9,37332109,37332541,37332325,+,433,23,2,12146
MafA_R1.macs2_peak_31315,Chr9,58755791,58756125,58755958,+,335,23,1,25726
MafA_R1.macs2_peak_31879,Chr9,89556099,89556426,89556262.5,+,328,26,3,30834
MafA_R1.macs2_peak_31536,Chr9,66553757,66554044,66553900.5,+,288,38,4,-53503
MafA_R1.macs2_peak_31627,Chr9,69856497,69856837,69856667,+,341,41,2,-40081
MafA_R1.macs2_peak_32126,Chr9,108660329,108660833,108660581,+,505,60,2,-12612
MafA_R1.macs2_peak_31870,Chr9,86903723,86904293,86904008,+,571,70,5,-74
MafA_R1.macs2_peak_32113,Chr9,107464744,107465166,107464955,+,423,52,6,38
MafA_R1.macs2_peak_32076,Chr9,105266355,105266928,105266641.5,+,574,29,5,5845
MafA_R1.macs2_peak_31526,Chr9,66257288,66257605,66257446.5,+,318,53,1,-286
MafA_R1.macs2_peak_31158,Chr9,50639342,50639594,50639468,+,253,38,2,-184
MafA_R1.macs2_peak_31509,Chr9,65487871,65488315,65488093,+,445,35,4,-724
MafA_R1.macs2_peak_31874,Chr9,87137388,87137851,87137619.5,+,464,100,1,-34
MafA_R1.macs2_peak_30982,Chr9,40712226,40712709,40712467.5,+,484,109,5,-105
MafA_R1.macs2_peak_31760,Chr9,77657875,77658571,77658223,+,697,56,2,-3594
MafA_R1.macs2_peak_30809,Chr9,26941499,26941905,26941702,+,407,106,1,231
MafA_R1.macs2_peak_32102,Chr9,106315789,106316297,106316043,+,509,52,4,-608
MafA_R1.macs2_peak_31867,Chr9,86762247,86762980,86762613.5,+,734,110,3,-111
MafA_R1.macs2_peak_31007,Chr9,42175384,42175892,42175638,+,509,30,1,-42
MafA_R1.macs2_peak_32150,Chr9,110610482,110610945,110610713.5,+,464,54,3,-16540
MafA_R1.macs2_peak_32161,Chr9,111568805,111569458,111569131.5,+,654,27,1,-49715
MafA_R1.macs2_peak_31726,Chr9,75348528,75349026,75348777,+,499,56,1,-29
MafA_R1.macs2_peak_31925,Chr9,96245926,96246280,96246103,+,355,54,1,-335
MafA_R1.macs2_peak_31756,Chr9,77452072,77452515,77452293.5,+,444,29,2,-159
MafA_R1.macs2_peak_32096,Chr9,106157837,106158912,106158374.5,+,1076,72,15,114
MafA_R1.macs2_peak_31904,Chr9,94420472,94421019,94420745.5,+,548,91,5,-611
MafA_R1.macs2_peak_31877,Chr9,88405142,88405631,88405386.5,+,490,27,2,-436
MafA_R1.macs2_peak_32109,Chr9,107173531,107173966,107173748.5,+,436,30,1,-110
MafA_R1.macs2_peak_32105,Chr9,106768478,106768832,106768655,+,355,34,1,482
MafA_R1.macs2_peak_30762,Chr9,21634973,21635482,21635227.5,+,510,23,11,355
MafA_R1.macs2_peak_30742,Chr9,20799225,20799757,20799491,+,533,23,3,20
MafA_R1.macs2_peak_31544,Chr9,66853119,66853583,66853351,+,465,31,7,-17
MafA_R1.macs2_peak_30774,Chr9,22067057,22067913,22067485,+,857,21,6,-657
MafA_R1.macs2_peak_31464,Chr9,64188559,64188985,64188772,+,427,20,10,-95
MafA_R1.macs2_peak_32896,ChrX,149916293,149918165,149917229,+,1873,1447,2,-37690
MafA_R1.macs2_peak_32776,ChrX,105078548,105081651,105080099.5,+,3104,483,1,9269
MafA_R1.macs2_peak_32882,ChrX,142389638,142390713,142390175.5,+,1076,287,1,43915
MafA_R1.macs2_peak_32475,ChrX,11672804,11674708,11673756,+,1905,775,1,273036
MafA_R1.macs2_peak_32914,ChrX,152407915,152409711,152408813,+,1797,438,2,67224
MafA_R1.macs2_peak_32696,ChrX,76516665,76518673,76517669,+,2009,313,1,-37164
MafA_R1.macs2_peak_32802,ChrX,129195448,129195928,129195688,+,481,212,1,545197
MafA_R1.macs2_peak_32804,ChrX,132556481,132557527,132557004,+,1047,216,2,-31525
MafA_R1.macs2_peak_32759,ChrX,102414711,102415416,102415063.5,+,706,275,1,14981
MafA_R1.macs2_peak_32786,ChrX,105142033,105142738,105142385.5,+,706,153,2,-44496
MafA_R1.macs2_peak_32987,ChrX,163296008,163297805,163296906.5,+,1798,204,4,16007
MafA_R1.macs2_peak_32627,ChrX,51598566,51599402,51598984,+,837,151,3,-65736
MafA_R1.macs2_peak_32836,ChrX,135145483,135145735,135145609,+,253,276,1,-220
MafA_R1.macs2_peak_32844,ChrX,135969905,135970289,135970097,+,385,144,1,19754
MafA_R1.macs2_peak_32779,ChrX,105089072,105090536,105089804,+,1465,161,1,18974
MafA_R1.macs2_peak_32676,ChrX,73313583,73314235,73313909,+,653,443,1,-513
MafA_R1.macs2_peak_32785,ChrX,105131309,105132238,105131773.5,+,930,110,5,-55108
MafA_R1.macs2_peak_32906,ChrX,151491764,151492404,151492084,+,641,99,6,-51194
MafA_R1.macs2_peak_33010,ChrX,168697338,168697709,168697523.5,+,372,99,1,34908
MafA_R1.macs2_peak_32626,ChrX,51542123,51542671,51542397,+,549,80,1,-31005
MafA_R1.macs2_peak_32784,ChrX,105125975,105126769,105126372,+,795,80,1,55542
MafA_R1.macs2_peak_32794,ChrX,112216276,112217594,112216935,+,1319,70,2,8982
MafA_R1.macs2_peak_32986,ChrX,163288610,163288963,163288786.5,+,354,70,1,7887
MafA_R1.macs2_peak_32675,ChrX,73289412,73290067,73289739.5,+,656,218,2,401
MafA_R1.macs2_peak_32711,ChrX,92744443,92744935,92744689,+,493,102,1,25971
MafA_R1.macs2_peak_32477,ChrX,11697356,11697665,11697510.5,+,310,73,1,249282
MafA_R1.macs2_peak_32880,ChrX,141849596,141851332,141850464,+,1737,73,6,-32126
MafA_R1.macs2_peak_32499,ChrX,12427341,12428377,12427859,+,1037,64,2,-26139
MafA_R1.macs2_peak_32767,ChrX,102667998,102668258,102668128,+,261,83,1,-768
MafA_R1.macs2_peak_32505,ChrX,12739321,12740081,12739701,+,761,110,1,-63411
MafA_R1.macs2_peak_32837,ChrX,135170424,135170798,135170611,+,375,56,1,-391
MafA_R1.macs2_peak_32839,ChrX,135642295,135642835,135642565,+,541,195,1,-207
MafA_R1.macs2_peak_32501,ChrX,12511729,12512614,12512171.5,+,886,56,1,-6321
MafA_R1.macs2_peak_33001,ChrX,165832395,165833118,165832756.5,+,724,71,1,20610
MafA_R1.macs2_peak_32502,ChrX,12543531,12544311,12543921,+,781,46,1,-4043
MafA_R1.macs2_peak_32843,ChrX,135892269,135892555,135892412,+,287,56,2,-716
MafA_R1.macs2_peak_32628,ChrX,51614658,51615113,51614885.5,+,456,36,1,-49835
MafA_R1.macs2_peak_32989,ChrX,163582848,163583265,163583056.5,+,418,36,1,180315
MafA_R1.macs2_peak_32500,ChrX,12448408,12448910,12448659,+,503,48,2,-5339
MafA_R1.macs2_peak_32615,ChrX,48886277,48886820,48886548.5,+,544,69,2,74
MafA_R1.macs2_peak_32838,ChrX,135222095,135222419,135222257,+,325,33,1,51255
MafA_R1.macs2_peak_32588,ChrX,39555220,39555554,39555387,+,335,28,1,-602906
MafA_R1.macs2_peak_32900,ChrX,150712491,150712986,150712738.5,+,496,28,1,16528
MafA_R1.macs2_peak_32692,ChrX,76476855,76477564,76477209.5,+,710,45,1,-77624
MafA_R1.macs2_peak_32913,ChrX,152288222,152289171,152288696.5,+,950,37,2,7468
MafA_R1.macs2_peak_32503,ChrX,12627780,12628383,12628081.5,+,604,99,1,131
MafA_R1.macs2_peak_32891,ChrX,149261046,149261473,149261259.5,+,428,62,5,-19113
MafA_R1.macs2_peak_32685,ChrX,74918436,74918685,74918560.5,+,250,60,1,216
MafA_R1.macs2_peak_32912,ChrX,152285681,152286401,152286041,+,721,38,3,4813
MafA_R1.macs2_peak_32901,ChrX,151119301,151119781,151119541,+,481,38,2,5939
MafA_R1.macs2_peak_32478,ChrX,11705692,11706226,11705959,+,535,29,1,240833
MafA_R1.macs2_peak_32659,ChrX,70096082,70096950,70096516,+,869,35,2,2654
