GeneId,Symbol,Chr,Start,End,Category,Direction,log2FC_C57,log2FC_SJL
ENSMUSG00000000125,Wnt3,Chr11,103664976,103708783,Shared,UP,3.197578702,1.409374095
ENSMUSG00000000126,Wnt9a,Chr11,59197754,59224378,Shared,UP,1.090435892,1.788939654
ENSMUSG00000000394,Gcg,Chr2,62304874,62313994,Shared,UP,1.210637919,2.038632567
ENSMUSG00000000869,Il4,Chr11,53493809,53509496,Shared,UP,6.378738741,7.548591019
ENSMUSG00000000958,Slc7a7,Chr14,54606899,54655237,Shared,UP,1.011817971,1.067133066
ENSMUSG00000001260,Gabrg1,Chr5,70908390,70999960,Shared,UP,1.172351984,1.931381907
ENSMUSG00000001348,Acp5,Chr9,22038023,22047007,Shared,UP,1.206863319,2.397008861
ENSMUSG00000001630,Stk38l,Chr6,146626493,146680310,C57_Specific,UP,1.15122342,
ENSMUSG00000002190,Clgn,Chr8,84116496,84155181,Shared,UP,1.564644022,1.820309583
ENSMUSG00000002459,Rgs20,Chr1,4979799,5140508,Shared,UP,1.297018927,1.638517813
ENSMUSG00000002475,Abhd3,Chr18,10642092,10706771,C57_Specific,UP,1.325466442,
ENSMUSG00000002565,Scin,Chr12,40109768,40184227,Shared,UP,1.469853624,1.446954937
ENSMUSG00000006546,Cryba2,Chr1,74929093,74932302,Shared,UP,1.812739497,3.412409039
ENSMUSG00000007480,Mc5r,Chr18,68470575,68475517,Shared,UP,4.086036164,4.327012277
ENSMUSG00000008461,Fut1,Chr7,45266713,45270483,Shared,UP,3.27916939,1.834337492
ENSMUSG00000008734,Gprc5b,Chr7,118571270,118594434,Shared,UP,1.007190873,1.501234027
ENSMUSG00000008845,Cd163,Chr6,124281615,124307486,Shared,UP,2.414935501,2.3807366
ENSMUSG00000008999,Bmp7,Chr2,172709805,172782114,Shared,UP,1.489134687,1.101712075
ENSMUSG00000009376,Met,Chr6,17463799,17573979,C57_Specific,UP,2.015550634,
ENSMUSG00000010175,Prox1,Chr1,189850232,189902911,C57_Specific,UP,1.058444163,
ENSMUSG00000011463,Cpb1,Chr3,20302428,20329897,C57_Specific,UP,1.235064292,
ENSMUSG00000012350,Ehf,Chr2,103093778,103133623,Shared,UP,1.411469151,1.79677952
ENSMUSG00000013418,B4galnt2,Chr11,95756769,95805717,C57_Specific,UP,4.918700415,
ENSMUSG00000014104,Sval2,Chr6,41829923,41841347,C57_Specific,UP,2.900875305,
ENSMUSG00000015484,Fam163a,Chr1,155951712,156032596,C57_Specific,UP,1.175267433,
ENSMUSG00000015599,Ttbk1,Chr17,46753374,46798601,Shared,UP,1.012732208,1.272444793
ENSMUSG00000015970,Chdh,Chr14,29730980,29762484,Shared,UP,1.458595825,1.669213326
ENSMUSG00000016150,Tenm1,ChrX,41616743,42518003,C57_Specific,UP,1.833708154,
ENSMUSG00000016255,Tubb1,Chr2,174292488,174299675,Shared,UP,1.414768851,2.084896601
ENSMUSG00000016283,H2-M2,Chr17,37791742,37794443,Shared,UP,3.440372962,4.750819402
ENSMUSG00000016346,Kcnq2,Chr2,180717372,180777093,Shared,UP,3.114948015,2.675698691
ENSMUSG00000016349,Eef1a2,Chr2,180778581,180798807,Shared,UP,1.12412157,2.318721124
ENSMUSG00000017400,Stac2,Chr11,97927449,97944288,Shared,UP,1.111474647,1.219221505
ENSMUSG00000017652,Cd40,Chr2,164897547,164914868,Shared,UP,1.499199055,1.876247461
ENSMUSG00000018849,Wwc1,Chr11,35729227,35871354,Shared,UP,1.306125473,2.320555769
ENSMUSG00000019577,Pdk4,Chr6,5483351,5496309,Shared,UP,1.15756033,2.15020006
ENSMUSG00000019989,Enpp3,Chr10,24648304,24718721,Shared,UP,1.355533568,1.151029379
ENSMUSG00000020010,Vnn3,Chr10,23727360,23745741,Shared,UP,1.345334335,1.66046701
ENSMUSG00000020037,Rfx4,Chr10,84591926,84742402,Shared,UP,1.42968475,1.263528621
ENSMUSG00000020080,Hkdc1,Chr10,62218916,62258270,Shared,UP,2.09810667,2.564484825
ENSMUSG00000020102,Slc16a7,Chr10,125055139,125225334,Shared,UP,1.018438298,1.124410975
ENSMUSG00000020159,Gabrp,Chr11,33500781,33528959,Shared,UP,2.522478858,2.374904553
ENSMUSG00000020169,Best3,Chr10,116822219,116860945,C57_Specific,UP,1.275721241,
ENSMUSG00000020173,Cobl,Chr11,12186608,12414960,Shared,UP,1.054342246,1.389597835
ENSMUSG00000020176,Grb10,Chr11,11880508,11988683,Shared,UP,1.009180219,1.078521456
ENSMUSG00000020189,Osbpl8,Chr10,111000613,111133110,C57_Specific,UP,1.021588146,
ENSMUSG00000020227,Irak3,Chr10,119977553,120038035,Shared,UP,1.358698339,1.329852058
ENSMUSG00000020256,Aldh1l2,Chr10,83323314,83370004,C57_Specific,UP,1.997104165,
ENSMUSG00000020354,Sgcd,Chr11,46787080,47879796,Shared,UP,2.337609949,2.071032915
ENSMUSG00000020396,Nefh,Chr11,4888754,4898064,Shared,UP,1.527093481,1.089962069
ENSMUSG00000020431,Adcy1,Chr11,7013489,7128506,Shared,UP,1.306525959,2.928668571
ENSMUSG00000020435,Osbp2,Chr11,3653731,3813903,C57_Specific,UP,1.027438496,
ENSMUSG00000020573,Pik3cg,Chr12,32223472,32258658,Shared,UP,1.385067041,1.087790579
ENSMUSG00000020581,Agr2,Chr12,36042906,36054086,C57_Specific,UP,1.816183354,
ENSMUSG00000020598,Nrcam,Chr12,44375668,44648747,Shared,UP,4.077289788,2.202484722
ENSMUSG00000020607,Lratd1,Chr12,14196831,14202055,Shared,UP,1.10871835,1.448041847
ENSMUSG00000020684,Rasl10b,Chr11,83299963,83311865,Shared,UP,3.229999035,3.095198885
ENSMUSG00000020848,Doc2b,Chr11,75659792,75686875,C57_Specific,UP,1.294174432,
ENSMUSG00000020961,Ston2,Chr12,91599783,91755161,Shared,UP,1.179265137,1.08986848
ENSMUSG00000021071,Trim9,Chr12,70291307,70394388,C57_Specific,UP,1.0711389,
ENSMUSG00000021090,Lrrc9,Chr12,72488640,72577524,Shared,UP,1.16799809,1.023860122
ENSMUSG00000021097,Clmn,Chr12,104729376,104831335,Shared,UP,1.615522513,1.3687903
ENSMUSG00000021363,Mak,Chr13,41178484,41233182,Shared,UP,1.504483171,1.095436926
ENSMUSG00000021553,Slc28a3,Chr13,58693213,58758691,Shared,UP,1.054891839,1.219186095
ENSMUSG00000021587,Pcsk1,Chr13,75237945,75282980,C57_Specific,UP,1.229380581,
ENSMUSG00000021613,Hapln1,Chr13,89687915,89759771,Shared,UP,2.038992011,2.197704143
ENSMUSG00000021708,Rasgrf2,Chr13,92028519,92268164,Shared,UP,1.482743156,1.493385244
ENSMUSG00000021730,Hcn1,Chr13,117738856,118123954,Shared,UP,1.984097599,2.502741792
ENSMUSG00000022057,Adamdec1,Chr14,68800829,68819544,Shared,UP,4.020618969,8.923585983
ENSMUSG00000022261,Sdc2,Chr15,32920869,33035081,Shared,UP,1.069316571,1.446871205
ENSMUSG00000022286,Grhl2,Chr15,37233280,37363813,Shared,UP,1.145727083,1.021646323
ENSMUSG00000022362,Gm29394,Chr15,57891639,57939821,C57_Specific,UP,2.763304474,
ENSMUSG00000022376,Adcy8,Chr15,64568933,64794145,Shared,UP,1.456428072,1.772642407
ENSMUSG00000022408,Fam83f,Chr15,80556048,80584626,Shared,UP,1.439689746,1.399997547
ENSMUSG00000022416,Cacna1i,Chr15,80171439,80282480,Shared,UP,1.074233233,1.632680119
ENSMUSG00000022512,Cldn1,Chr16,26175392,26190591,Shared,UP,2.173316974,1.604410225
ENSMUSG00000022519,Srl,Chr16,4298080,4359680,Shared,UP,1.091172541,2.075605928
ENSMUSG00000022525,Plaat1,Chr16,29028447,29049283,C57_Specific,UP,2.324434797,
ENSMUSG00000022636,Alcam,Chr16,52069359,52274437,Shared,UP,1.123655305,1.248350574
ENSMUSG00000022747,St3gal6,Chr16,58288488,58344606,Shared,UP,1.023714606,1.376054251
ENSMUSG00000022762,Ncam2,Chr16,80997585,81423716,Shared,UP,1.187873123,1.658633844
ENSMUSG00000022766,Serpind1,Chr16,17149235,17161439,Shared,UP,1.223550979,2.362448699
ENSMUSG00000022780,Meltf,Chr16,31697628,31717838,Shared,UP,4.333178275,4.417357735
ENSMUSG00000022829,Stxbp5l,Chr16,36935304,37205324,C57_Specific,UP,1.02554435,
ENSMUSG00000022892,App,Chr16,84746573,84970654,Shared,UP,1.073613936,1.082653001
ENSMUSG00000022949,Clic6,Chr16,92282624,92338131,Shared,UP,1.53602391,1.994586834
ENSMUSG00000023031,Cela1,Chr15,100572302,100585802,C57_Specific,UP,1.268873101,
ENSMUSG00000023087,Noct,Chr3,51131868,51159065,C57_Specific,UP,1.339582498,
ENSMUSG00000023433,Cela3b,Chr4,137148310,137157851,C57_Specific,UP,1.417269832,
ENSMUSG00000023963,Cyp39a1,Chr17,43978316,44062322,C57_Specific,UP,1.550236346,
ENSMUSG00000024063,Lbh,Chr17,73225300,73248942,C57_Specific,UP,1.107651745,
ENSMUSG00000024135,Srbd1,Chr17,86292093,86452603,Shared,UP,2.140279925,2.265290621
ENSMUSG00000024225,Clps,Chr17,28777123,28779740,C57_Specific,UP,1.095833446,
ENSMUSG00000024331,Dsc2,Chr18,20163690,20192611,C57_Specific,UP,1.070168793,
ENSMUSG00000024366,Gfra3,Chr18,34822951,34853440,Shared,UP,1.999299052,1.940276894
ENSMUSG00000024388,Myo7b,Chr18,32092287,32170014,Shared,UP,1.556636117,1.571964092
ENSMUSG00000024481,Lvrn,Chr18,46983105,47040309,Shared,UP,3.320851865,3.120159197
ENSMUSG00000024503,Spink1,Chr18,43861147,43870622,C57_Specific,UP,1.33706431,
ENSMUSG00000024558,Mapk4,Chr18,74061557,74198430,Shared,UP,1.25756291,1.712756003
ENSMUSG00000024640,Psat1,Chr19,15882042,15924701,Shared,UP,1.083271997,1.395412824
ENSMUSG00000024647,Cbln2,Chr18,86729235,86736408,Shared,UP,1.952864883,1.534674396
ENSMUSG00000024727,Trpm6,Chr19,18727347,18869875,Shared,UP,2.280731468,1.752434113
ENSMUSG00000024747,Aldh1a7,Chr19,20670317,20704926,Shared,UP,1.929817796,2.612375671
ENSMUSG00000024803,Ankrd1,Chr19,36089361,36097499,Shared,UP,3.143856688,2.20090802
ENSMUSG00000024907,Gal,Chr19,3459915,3464544,Shared,UP,1.94725353,2.27157164
ENSMUSG00000024992,Pde6c,Chr19,38121229,38172406,Shared,UP,1.001523833,1.191172633
ENSMUSG00000025017,Pik3ap1,Chr19,41260816,41373541,C57_Specific,UP,1.025138825,
ENSMUSG00000025075,Habp2,Chr19,56275569,56309254,C57_Specific,UP,1.342721223,
ENSMUSG00000025089,Gfra1,Chr19,58224036,58444341,Shared,UP,1.237661245,1.572973858
ENSMUSG00000025091,Pnliprp2,Chr19,58748151,58765966,C57_Specific,UP,1.30556458,
ENSMUSG00000025129,Ppp1r27,Chr11,120440805,120441958,Shared,UP,3.300505406,3.042730689
ENSMUSG00000025279,Dnase1l3,Chr14,14475200,14505240,Shared,UP,1.678243264,3.288966879
ENSMUSG00000025370,Cdh9,Chr15,16728842,16857180,Shared,UP,1.155526714,1.610482553
ENSMUSG00000025429,Pstpip2,Chr18,77877614,77970579,C57_Specific,UP,1.429539888,
ENSMUSG00000025481,Urah,Chr7,140414931,140417879,Shared,UP,1.296406103,1.613030601
ENSMUSG00000025551,Fgf14,Chr14,124215319,124914539,Shared,UP,1.153113658,1.526507101
ENSMUSG00000025813,Homer2,Chr7,81250229,81357275,C57_Specific,UP,1.03660114,
ENSMUSG00000025938,Slco5a1,Chr1,12936773,13062874,C57_Specific,UP,1.131336736,
ENSMUSG00000025977,Boll,Chr1,55287817,55402628,C57_Specific,UP,3.800089079,
ENSMUSG00000026018,Ica1l,Chr1,60021649,60082343,C57_Specific,UP,1.176532,
ENSMUSG00000026070,Il18r1,Chr1,40504712,40540014,C57_Specific,UP,3.365059305,
ENSMUSG00000026163,Sphkap,Chr1,83231860,83385921,C57_Specific,UP,1.034553683,
ENSMUSG00000026259,Ngef,Chr1,87404556,87501592,Shared,UP,2.416963504,3.073305413
ENSMUSG00000026432,Avpr1b,Chr1,131526977,131539738,Shared,UP,1.117665064,1.959090592
ENSMUSG00000026579,F5,Chr1,163979407,164047846,Shared,UP,1.522557239,1.717739283
ENSMUSG00000026691,Fmo3,Chr1,162781369,162812097,Shared,UP,7.846905596,10.92960952
ENSMUSG00000026712,Mrc1,Chr2,14234203,14336868,Shared,UP,1.232219974,3.036229092
ENSMUSG00000026730,Pter,Chr2,12928852,13008266,Shared,UP,1.084770543,1.151746369
ENSMUSG00000026749,Nek6,Chr2,38401655,38484618,C57_Specific,UP,1.109529381,
ENSMUSG00000026818,Cel,Chr2,28445807,28453415,C57_Specific,UP,1.362958957,
ENSMUSG00000026950,Neb,Chr2,52026659,52268486,Shared,UP,1.217093415,1.000927541
ENSMUSG00000026981,Il1rn,Chr2,24226865,24241506,Shared,UP,3.523920479,3.086400151
ENSMUSG00000027219,Slc28a2,Chr2,122256958,122291618,Shared,UP,1.769944382,2.50299548
ENSMUSG00000027238,Frmd5,Chr2,121376010,121637568,Shared,UP,1.75453326,1.66219635
ENSMUSG00000027313,Chac1,Chr2,119181710,119184862,C57_Specific,UP,1.186457477,
ENSMUSG00000027318,Adam33,Chr2,130892511,130905734,Shared,UP,1.130992407,1.626714245
ENSMUSG00000027347,Rasgrp1,Chr2,117110474,117173482,Shared,UP,1.420789595,1.303765513
ENSMUSG00000027356,Fermt1,Chr2,132746309,132787826,Shared,UP,1.045087568,1.474552278
ENSMUSG00000027376,Prom2,Chr2,127368393,127383387,Shared,UP,1.049898557,1.668474484
ENSMUSG00000027380,Acoxl,Chr2,127680796,127965793,C57_Specific,UP,1.822610271,
ENSMUSG00000027524,Edn3,Chr2,174602412,174625835,Shared,UP,1.129350955,1.938109985
ENSMUSG00000027577,Chrna4,Chr2,180660173,180685339,Shared,UP,4.871118854,1.281175372
ENSMUSG00000027674,Pex5l,Chr3,33003557,33197396,Shared,UP,1.122838209,1.341036882
ENSMUSG00000027737,Slc7a11,Chr3,49846975,50398063,Shared,UP,3.155331484,1.938180092
ENSMUSG00000027792,Bche,Chr3,73543141,73615748,Shared,UP,1.391859804,1.243033419
ENSMUSG00000027831,Veph1,Chr3,65960979,66204258,Shared,UP,2.146122957,1.391751453
ENSMUSG00000027858,Tspan2,Chr3,102641845,102708829,C57_Specific,UP,1.006091613,
ENSMUSG00000027895,Kcnc4,Chr3,107345619,107366868,Shared,UP,1.24347995,2.302114832
ENSMUSG00000027961,Lrrc39,Chr3,116356622,116376783,Shared,UP,1.250861365,1.481325601
ENSMUSG00000027965,Olfm3,Chr3,114697727,114919371,C57_Specific,UP,1.011807054,
ENSMUSG00000027971,Ndst4,Chr3,125197725,125522548,Shared,UP,1.112643597,1.587058721
ENSMUSG00000028003,Lrat,Chr3,82799886,82811280,Shared,UP,3.217544262,4.228407978
ENSMUSG00000028019,Pdgfc,Chr3,80943723,81121347,C57_Specific,UP,1.440764262,
ENSMUSG00000028020,Glrb,Chr3,80750906,80820967,C57_Specific,UP,1.207438741,
ENSMUSG00000028036,Ptgfr,Chr3,151502139,151543267,Shared,UP,2.74446362,2.09804096
ENSMUSG00000028159,Dapp1,Chr3,137636768,137687306,Shared,UP,2.248413027,1.332920764
ENSMUSG00000028172,Tacr3,Chr3,134534768,134640340,Shared,UP,2.97584862,3.54247837
ENSMUSG00000028221,Pip4p2,Chr4,14864076,14915176,C57_Specific,UP,1.237153237,
ENSMUSG00000028351,Brinp1,Chr4,68679751,68872634,Shared,UP,1.459801302,1.579522698
ENSMUSG00000028354,Fmn2,Chr1,174329391,174650295,C57_Specific,UP,1.384892318,
ENSMUSG00000028373,Astn2,Chr4,65299040,66322848,Shared,UP,1.563518526,1.40118396
ENSMUSG00000028399,Ptprd,Chr4,75859475,78130198,Shared,UP,1.377412591,1.138159877
ENSMUSG00000028518,Prkaa2,Chr4,104887071,104967087,C57_Specific,UP,1.578080969,
ENSMUSG00000028519,Dab1,Chr4,103476556,104602041,Shared,UP,2.382807692,2.595828024
ENSMUSG00000028989,Angptl7,Chr4,148579640,148584917,C57_Specific,UP,3.898648511,
ENSMUSG00000029055,Plch2,Chr4,155067572,155141241,C57_Specific,UP,1.431668008,
ENSMUSG00000029093,Sorcs2,Chr5,36174524,36555483,Shared,UP,1.16676828,1.772002651
ENSMUSG00000029123,Stk32b,Chr5,37604169,37874515,Shared,UP,2.034805277,1.819979624
ENSMUSG00000029167,Ppargc1a,Chr5,51611592,51725068,Shared,UP,2.286377038,2.472498669
ENSMUSG00000029195,Klb,Chr5,65505657,65541350,Shared,UP,1.345648644,1.367632167
ENSMUSG00000029211,Gabra4,Chr5,71727092,71815651,Shared,UP,1.86584063,1.484854604
ENSMUSG00000029304,Spp1,Chr5,104582984,104588916,Shared,UP,1.637740143,2.102946448
ENSMUSG00000029309,Sparcl1,Chr5,104226977,104261599,Shared,UP,1.013271571,2.325695915
ENSMUSG00000029312,Klhl8,Chr5,104009839,104059125,C57_Specific,UP,1.045723088,
ENSMUSG00000029314,Gpat3,Chr5,100993579,101046968,Shared,UP,1.116652924,1.109783934
ENSMUSG00000029322,Plac8,Chr5,100701591,100720111,Shared,UP,1.251687718,1.855883699
ENSMUSG00000029335,Bmp3,Chr5,99002274,99032255,Shared,UP,1.615687813,1.890072012
ENSMUSG00000029426,Scarb2,Chr5,92589173,92654692,C57_Specific,UP,1.037873329,
ENSMUSG00000029491,Pde6b,Chr5,108536257,108580263,C57_Specific,UP,5.215417437,
ENSMUSG00000029650,Slc46a3,Chr5,147815247,147831625,C57_Specific,UP,1.286882401,
ENSMUSG00000029656,C8b,Chr4,104623514,104661745,Shared,UP,2.467038229,3.773482369
ENSMUSG00000029788,Cpa5,Chr6,30611009,30631744,Shared,UP,1.060011783,1.998706842
ENSMUSG00000029819,Npy,Chr6,49799690,49806487,Shared,UP,1.408084994,2.199216658
ENSMUSG00000029832,Nfe2l3,Chr6,51409650,51435748,Shared,UP,1.56895252,1.573678869
ENSMUSG00000029882,2210010C04Rik,Chr6,41007202,41012443,C57_Specific,UP,1.325954469,
ENSMUSG00000030054,Gp9,Chr6,87755054,87756750,Shared,UP,1.711734455,2.100053763
ENSMUSG00000030075,Cntn3,Chr6,102139616,102550062,C57_Specific,UP,1.368889286,
ENSMUSG00000030088,Aldh1l1,Chr6,90463409,90577185,C57_Specific,UP,1.191381507,
ENSMUSG00000030203,Dusp16,Chr6,134692431,134769588,Shared,UP,1.638474676,1.47533918
ENSMUSG00000030222,Rerg,Chr6,137031823,137147495,Shared,UP,1.393893817,3.89896904
ENSMUSG00000030306,Tmtc1,Chr6,148133928,148345887,Shared,UP,1.302331367,1.859692147
ENSMUSG00000030329,Pianp,Chr6,124973657,124980059,C57_Specific,UP,3.062987691,
ENSMUSG00000030643,Rab30,Chr7,92390811,92493743,Shared,UP,1.248054525,2.604030306
ENSMUSG00000030954,Gp2,Chr7,119041760,119058508,C57_Specific,UP,1.435518269,
ENSMUSG00000031010,Usp9x,ChrX,12937737,13039567,C57_Specific,UP,1.16015354,
ENSMUSG00000031027,Stk33,Chr7,108878430,109038288,Shared,UP,3.20463946,3.24230332
ENSMUSG00000031093,Dock11,ChrX,35152485,35340215,Shared,UP,1.054620843,1.11454429
ENSMUSG00000031099,Smarca1,ChrX,46898245,46981851,Shared,UP,1.284961382,1.704793674
ENSMUSG00000031170,Slc38a5,ChrX,8137372,8146418,Shared,UP,2.715289283,3.45080983
ENSMUSG00000031285,Dcx,ChrX,142638838,142716307,C57_Specific,UP,1.645157141,
ENSMUSG00000031289,Il13ra2,ChrX,146166472,146212188,Shared,UP,3.728024657,6.187797026
ENSMUSG00000031303,Map3k15,ChrX,158771429,158906347,Shared,UP,1.104915125,1.170781665
ENSMUSG00000031351,Zfp185,ChrX,72030945,72075149,Shared,UP,1.736151048,1.645081753
ENSMUSG00000031355,Arhgap6,ChrX,167578095,168087431,C57_Specific,UP,1.360650983,
ENSMUSG00000031490,Eif4ebp1,Chr8,27750357,27766702,Shared,UP,1.202500628,1.194889134
ENSMUSG00000031517,Gpm6a,Chr8,55407878,55513906,Shared,UP,1.447311946,1.174362342
ENSMUSG00000031538,Plat,Chr8,23247743,23272860,Shared,UP,1.647316185,1.765407823
ENSMUSG00000031543,Ank1,Chr8,23464860,23640513,Shared,UP,1.56209059,2.79225413
ENSMUSG00000031635,Anxa10,Chr8,62510076,62576184,Shared,UP,1.929593028,4.84895276
ENSMUSG00000031665,Sall1,Chr8,89753863,89770790,Shared,UP,1.960849795,1.797374597
ENSMUSG00000031772,Cntnap4,Chr8,113296675,113609349,C57_Specific,UP,1.645919591,
ENSMUSG00000031824,6430548M08Rik,Chr8,120840891,120892045,C57_Specific,UP,1.216229919,
ENSMUSG00000031896,Ctrl,Chr8,106658635,106660494,C57_Specific,UP,1.381190061,
ENSMUSG00000031957,Ctrb1,Chr8,112413151,112417642,C57_Specific,UP,1.403752124,
ENSMUSG00000032034,Kcnj5,Chr9,32226003,32255646,Discordant,UP,1.159925615,-2.79347393
ENSMUSG00000032036,Kirrel3,Chr9,34397190,34948012,Shared,UP,2.880777096,3.356172696
ENSMUSG00000032220,Myo1e,Chr9,70114632,70307048,Shared,UP,1.469012826,1.66415624
ENSMUSG00000032224,Fam81a,Chr9,69995793,70049842,Shared,UP,1.485148629,1.655150461
ENSMUSG00000032259,Drd2,Chr9,49251927,49319477,Shared,UP,1.40709531,1.578445242
ENSMUSG00000032261,Sh3bgrl2,Chr9,83430380,83520854,Shared,UP,1.174283704,2.044043243
ENSMUSG00000032315,Cyp1a1,Chr9,57595211,57611107,Shared,UP,4.060674892,3.567827493
ENSMUSG00000032417,Rwdd2a,Chr9,86454044,86456952,Shared,UP,1.74894244,2.096178961
ENSMUSG00000032418,Me1,Chr9,86463424,86578006,Shared,UP,1.090642559,1.045061884
ENSMUSG00000032487,Ptgs2,Chr1,149975782,149983978,C57_Specific,UP,1.317368042,
ENSMUSG00000032523,Hhatl,Chr9,121613082,121621573,Shared,UP,1.04890697,2.227793118
ENSMUSG00000032561,Acpp,Chr9,104165450,104214947,Shared,UP,2.867615259,2.378928033
ENSMUSG00000032715,Trib3,Chr2,152179342,152185952,C57_Specific,UP,1.176560229,
ENSMUSG00000032769,Trpa1,Chr1,14942872,14989086,Shared,UP,1.626781264,1.878827009
ENSMUSG00000032776,Mctp2,Chr7,71727578,71956356,Shared,UP,1.071831598,1.339940987
ENSMUSG00000032796,Lama1,Chr17,68004254,68129642,Shared,UP,2.187417925,2.283795621
ENSMUSG00000032854,Ugt8a,Chr3,125658920,125732268,Shared,UP,1.51822224,2.10662712
ENSMUSG00000032899,Styk1,Chr6,131276105,131330560,Shared,UP,1.627103426,1.31317718
ENSMUSG00000033059,Pygb,Chr2,150628655,150673678,Shared,UP,1.120754709,1.367017384
ENSMUSG00000033063,Cntnap3,Chr13,64883996,65051769,C57_Specific,UP,2.244130108,
ENSMUSG00000033182,Kbtbd12,Chr6,88522096,88614932,C57_Specific,UP,1.770482198,
ENSMUSG00000033187,BC016579,Chr16,45447211,45474431,Shared,UP,1.80637138,1.229370075
ENSMUSG00000033831,Fgb,Chr3,82947448,82957170,Shared,UP,1.491522056,2.124860052
ENSMUSG00000033860,Fgg,Chr3,82915031,82922356,C57_Specific,UP,2.294462087,
ENSMUSG00000034098,Fstl5,Chr3,75981577,76617326,Shared,UP,1.101627223,1.502311006
ENSMUSG00000034312,Iqsec1,Chr6,90633070,90965667,Shared,UP,1.736458198,1.165535527
ENSMUSG00000034463,Scara3,Chr14,66156843,66191384,Shared,UP,1.313505551,1.547149787
ENSMUSG00000034472,Rasd2,Chr8,75940572,75950741,Shared,UP,2.971209072,3.515932647
ENSMUSG00000034488,Edil3,Chr13,88969591,89471342,Shared,UP,3.433255332,2.453191433
ENSMUSG00000034591,Slc41a2,Chr10,83066712,83173746,Shared,UP,1.22660988,1.726516192
ENSMUSG00000034641,Cd300ld,Chr11,114873100,114880748,Shared,UP,1.584797259,1.818689735
ENSMUSG00000034783,Cd207,Chr6,83648197,83654839,Shared,UP,1.872746435,3.835222808
ENSMUSG00000034981,Parm1,Chr5,91665474,91774753,Shared,UP,1.343174982,1.726879391
ENSMUSG00000035109,Shc4,Chr2,125469367,125566068,Shared,UP,1.833535003,2.346352901
ENSMUSG00000035357,Pdzrn3,Chr6,101126570,101354858,Shared,UP,1.593812346,2.411482575
ENSMUSG00000035431,Sstr1,Chr12,58258558,58260673,Shared,UP,1.492033061,1.964589729
ENSMUSG00000035540,Gc,Chr5,89565381,89605757,Shared,UP,1.183855026,2.045607211
ENSMUSG00000035551,Igfbpl1,Chr4,45809468,45826923,Shared,UP,8.54151694,8.873304558
ENSMUSG00000035811,Ugt2b35,Chr5,87148719,87161134,C57_Specific,UP,1.17486275,
ENSMUSG00000035896,Rnase1,Chr14,51382455,51384242,C57_Specific,UP,1.160805611,
ENSMUSG00000036095,Dgkb,Chr12,37867725,38684238,Shared,UP,1.013197459,1.12119009
ENSMUSG00000036098,Myrf,Chr19,10185636,10218112,Shared,UP,1.138012516,1.325034532
ENSMUSG00000036136,Fam110c,Chr12,31123860,31130250,Shared,UP,1.528338083,1.237120413
ENSMUSG00000036198,Arhgap36,ChrX,48552822,48589121,Shared,UP,3.675640637,1.868167667
ENSMUSG00000036218,Pdzrn4,Chr15,92294762,92669700,C57_Specific,UP,1.228548741,
ENSMUSG00000036381,P2ry14,Chr3,59021276,59061039,C57_Specific,UP,1.217661644,
ENSMUSG00000036422,Pcdh8,Chr14,80004215,80008752,Shared,UP,1.369401671,2.234886684
ENSMUSG00000036782,Klhl13,ChrX,23085510,23231321,Shared,UP,1.324628805,1.397601659
ENSMUSG00000036815,Dpp10,Chr1,123249200,124773776,Shared,UP,1.765679179,1.700240451
ENSMUSG00000036832,Lpar3,Chr3,145926718,145991941,Shared,UP,2.555363295,5.0960484
ENSMUSG00000036872,Abcc12,Chr8,87208889,87307315,Shared,UP,1.014798168,1.950095848
ENSMUSG00000036902,Neto2,Chr8,86363217,86427553,Shared,UP,1.014777106,1.705132162
ENSMUSG00000036913,Trim67,Chr8,125519831,125561452,C57_Specific,UP,1.362143643,
ENSMUSG00000036938,Try5,Chr6,41288167,41293775,C57_Specific,UP,1.407932822,
ENSMUSG00000036944,Tmem71,Chr15,66398061,66432952,Shared,UP,1.030263972,1.829918661
ENSMUSG00000037124,Trim58,Chr11,58531291,58543230,C57_Specific,UP,5.092219642,
ENSMUSG00000037254,Itih2,Chr2,10099404,10136207,Shared,UP,1.313316388,2.214920754
ENSMUSG00000037306,Man1c1,Chr4,134289001,134431601,Shared,UP,1.035118532,1.129650435
ENSMUSG00000037625,Cldn11,Chr3,31204069,31218473,Shared,UP,1.057624746,2.309068418
ENSMUSG00000037643,Prkci,Chr3,31049896,31107108,C57_Specific,UP,1.085959312,
ENSMUSG00000037661,Gpr160,Chr3,30910099,30951341,Shared,UP,2.344041375,1.820487997
ENSMUSG00000037798,Mat1a,Chr14,40826992,40846369,Shared,UP,1.547453288,1.192653088
ENSMUSG00000037887,Dusp8,Chr7,141633227,141649580,C57_Specific,UP,1.077487768,
ENSMUSG00000038009,Dnajc22,Chr15,98991051,99002618,Shared,UP,1.307119805,1.831819164
ENSMUSG00000038112,AW551984,Chr9,39498692,39515699,Shared,UP,1.230325797,1.23117283
ENSMUSG00000038128,Camk4,Chr18,33067984,33324281,C57_Specific,UP,1.154144604,
ENSMUSG00000038168,P3h2,Chr16,25778038,25924534,Shared,UP,1.381170569,2.242849082
ENSMUSG00000038192,Cer1,Chr4,82799988,82803385,Shared,UP,1.341212708,1.434578198
ENSMUSG00000038257,Glra3,Chr8,56393495,56583105,C57_Specific,UP,2.878386336,
ENSMUSG00000038388,Pals2,Chr6,50087221,50175919,C57_Specific,UP,1.238286622,
ENSMUSG00000038530,Rgs4,Chr1,169569046,169575211,Shared,UP,1.08547778,1.007348118
ENSMUSG00000038580,Sct,Chr7,140858243,140859046,Shared,UP,1.443588177,2.180171855
ENSMUSG00000038594,Cep85l,Chr10,53149539,53256043,C57_Specific,UP,1.565187168,
ENSMUSG00000038602,Slc35f1,Chr10,52566629,52987718,Shared,UP,1.65438347,1.013869061
ENSMUSG00000038665,Dgki,Chr6,36822957,37277119,C57_Specific,UP,2.434565431,
ENSMUSG00000038732,Mboat1,Chr13,30320472,30430700,Shared,UP,2.29935569,2.335869736
ENSMUSG00000038764,Ptpn3,Chr4,57190841,57301837,Shared,UP,1.104042487,1.514515341
ENSMUSG00000038844,Kif16b,Chr2,142459394,142743451,C57_Specific,UP,1.017440795,
ENSMUSG00000039179,Tekt5,Chr16,10175812,10213354,C57_Specific,UP,1.296302493,
ENSMUSG00000039224,D1Pas1,Chr1,186699613,186702824,C57_Specific,UP,3.092947697,
ENSMUSG00000039252,Lgi2,Chr5,52690859,52723804,Shared,UP,1.838270247,2.12496562
ENSMUSG00000039313,Minar1,Chr9,89469269,89505178,Shared,UP,1.263969003,2.468091026
ENSMUSG00000039835,Nhsl1,Chr10,18194733,18409640,Shared,UP,1.098647897,1.402618363
ENSMUSG00000039851,4932438H23Rik,Chr16,90850823,90892010,C57_Specific,UP,1.876751967,
ENSMUSG00000039899,Fgl2,Chr5,21577640,21583372,C57_Specific,UP,1.272311116,
ENSMUSG00000040046,Tph1,Chr7,46294065,46321961,Shared,UP,4.866900835,6.722538776
ENSMUSG00000040140,Tdrd6,Chr17,43926226,43941190,C57_Specific,UP,4.966000634,
ENSMUSG00000040170,Fmo2,Chr1,162701886,162726295,Shared,UP,1.177509785,1.40535546
ENSMUSG00000040181,Fmo1,Chr1,162657130,162694179,C57_Specific,UP,1.522973335,
ENSMUSG00000040205,Cuzd1,Chr7,130910283,130924021,C57_Specific,UP,1.249496688,
ENSMUSG00000040270,Bach2,Chr4,32238804,32586108,Shared,UP,1.9772782,2.187858462
ENSMUSG00000040412,Elapor1,Chr3,108363010,108443852,Shared,UP,1.010394641,1.13778158
ENSMUSG00000040550,Otud6b,Chr4,14809498,14826587,C57_Specific,UP,1.034066443,
ENSMUSG00000040612,Ildr2,Chr1,166081708,166144392,Shared,UP,1.065364622,1.574377889
ENSMUSG00000040624,Plekhg1,Chr10,3690364,3917303,Shared,UP,1.818543139,1.820712441
ENSMUSG00000040649,Rimklb,Chr6,122424255,122475720,Shared,UP,1.257298327,1.178293677
ENSMUSG00000040724,Kcna2,Chr3,107008462,107022321,Shared,UP,2.693089499,2.191342827
ENSMUSG00000040852,Plekhh2,Chr17,84819323,84929566,C57_Specific,UP,1.016938346,
ENSMUSG00000040950,Mgl2,Chr11,70021155,70028376,Shared,UP,4.55085863,3.601467713
ENSMUSG00000040978,Gm11992,Chr11,8998594,9019356,C57_Specific,UP,1.302667858,
ENSMUSG00000041073,Nacad,Chr11,6547823,6556053,Shared,UP,1.783733285,1.297677375
ENSMUSG00000041078,Grid1,Chr14,34542065,35305336,Shared,UP,1.034166651,2.187800478
ENSMUSG00000041216,Clvs1,Chr4,9269293,9451691,Shared,UP,1.06348269,1.538992703
ENSMUSG00000041245,Wnk3,ChrX,149981074,150103148,Shared,UP,1.353635153,1.656145757
ENSMUSG00000041293,Adgrf1,Chr17,43581220,43635628,C57_Specific,UP,2.563408858,
ENSMUSG00000041301,Cftr,Chr6,18170686,18322767,Shared,UP,1.987227587,1.90973091
ENSMUSG00000041548,Hspb8,Chr5,116546550,116560923,Shared,UP,2.46342421,1.587316318
ENSMUSG00000041577,Prelp,Chr1,133838042,133849152,Shared,UP,1.162460712,2.086370681
ENSMUSG00000041710,Trpc5,ChrX,143164667,143471176,Shared,UP,2.375582067,1.991148213
ENSMUSG00000041737,Tmem45b,Chr9,31337492,31375758,Shared,UP,5.264978497,5.047174291
ENSMUSG00000041831,Sytl3,Chr17,6926492,7005443,C57_Specific,UP,1.084038891,
ENSMUSG00000041886,Macc1,Chr12,119278005,119433722,Shared,UP,1.786567364,1.856537593
ENSMUSG00000042179,Pnliprp1,Chr19,58717319,58732601,C57_Specific,UP,1.336614169,
ENSMUSG00000042377,Fam83g,Chr11,61574917,61600777,C57_Specific,UP,1.125058348,
ENSMUSG00000042453,Reln,Chr5,22089452,22549700,C57_Specific,UP,3.770295645,
ENSMUSG00000042540,Acot5,Chr12,84116099,84122794,Shared,UP,1.777698043,1.335573577
ENSMUSG00000042662,Dusp15,Chr2,152782917,152793618,Shared,UP,1.346736596,1.181010541
ENSMUSG00000042680,Garem1,Chr18,21260258,21433195,C57_Specific,UP,1.275771667,
ENSMUSG00000042684,Npl,Chr1,153378761,153425791,Shared,UP,1.482816204,1.706075015
ENSMUSG00000042761,Mrap2,Chr9,87026359,87066098,Shared,UP,1.576774221,1.490567458
ENSMUSG00000043013,Onecut1,Chr9,74769203,74799063,Shared,UP,1.770274858,1.919523128
ENSMUSG00000043740,B430306N03Rik,Chr17,48623169,48634052,Shared,UP,5.995413033,4.975084876
ENSMUSG00000043753,Dmrta1,Chr4,89567673,89583009,Shared,UP,2.438311942,2.549837695
ENSMUSG00000043832,Clec4a3,Chr6,122929474,122946834,Shared,UP,1.282583868,2.480261188
ENSMUSG00000043913,Ccdc60,Chr5,116262700,116427044,Shared,UP,1.007189113,1.302553542
ENSMUSG00000044033,Ccdc141,Chr2,76840246,77000980,Shared,UP,4.547992057,2.617898343
ENSMUSG00000044211,Gm7887,Chr6,48501488,48502024,C57_Specific,UP,2.211597696,
ENSMUSG00000044309,Apol7c,Chr15,77409052,77417516,Shared,UP,6.012013744,5.547077022
ENSMUSG00000044626,Liph,Chr16,21772567,21814413,Shared,UP,2.014488611,1.696870374
ENSMUSG00000044726,Erich5,Chr15,34453451,34474038,Shared,UP,1.593372129,1.327895876
ENSMUSG00000044968,Napepld,Chr5,21867899,21906394,Shared,UP,1.388490823,1.124116416
ENSMUSG00000044976,Wdr72,Chr9,74017638,74190590,Shared,UP,4.299612946,7.559392776
ENSMUSG00000045005,Fzd5,Chr1,64769717,64776910,C57_Specific,UP,2.25648967,
ENSMUSG00000045034,Ankrd34b,Chr13,92562404,92578166,Shared,UP,1.255742757,1.462156775
ENSMUSG00000045440,Insm2,Chr12,55646212,55648871,C57_Specific,UP,1.346372777,
ENSMUSG00000045534,Kcna5,Chr6,126509514,126512375,Shared,UP,1.075661574,1.836786469
ENSMUSG00000045658,Pid1,Chr1,84014017,84341901,C57_Specific,UP,1.09498848,
ENSMUSG00000045775,Slc16a5,Chr11,115353300,115365224,C57_Specific,UP,2.857867504,
ENSMUSG00000045875,Adra1a,Chr14,66872700,67008617,Shared,UP,1.084819946,1.253617621
ENSMUSG00000046008,Pnlip,Chr19,58640930,58670220,C57_Specific,UP,1.335416007,
ENSMUSG00000046178,Nxph1,Chr6,8948431,9249032,Shared,UP,1.117526777,1.755612776
ENSMUSG00000046215,Rprml,Chr11,103540396,103541405,Shared,UP,1.045790621,1.454260646
ENSMUSG00000046500,Tafa4,Chr6,96808164,97037374,Shared,UP,2.718081465,4.25244631
ENSMUSG00000046607,Hrk,Chr5,118302713,118327543,Shared,UP,2.245557665,2.154917329
ENSMUSG00000046694,Tent5b,Chr4,133207443,133215249,Shared,UP,2.065867381,1.224079649
ENSMUSG00000047085,Lrrc4b,Chr7,44078442,44112775,Shared,UP,1.112725698,1.623903947
ENSMUSG00000047161,Chst9,Chr18,15584981,15893214,Shared,UP,1.108233509,2.118004207
ENSMUSG00000047259,Mc4r,Chr18,66990775,66993577,Shared,UP,1.164925105,1.570387193
ENSMUSG00000047517,Dmbt1,Chr7,130633776,130723357,C57_Specific,UP,1.3915778,
ENSMUSG00000047643,Gm5454,Chr13,103492760,103494212,Shared,UP,1.436266319,1.344581494
ENSMUSG00000047712,Ust,Chr10,8080520,8394589,C57_Specific,UP,1.355910992,
ENSMUSG00000047746,Fbxo40,Chr16,36783822,36810829,C57_Specific,UP,1.408025271,
ENSMUSG00000047786,Lix1,Chr17,17622934,17679649,Shared,UP,1.456068794,2.884264904
ENSMUSG00000047797,Gjb1,ChrX,100419984,100429235,Shared,UP,1.793967786,1.116954048
ENSMUSG00000047904,Sstr2,Chr11,113510168,113516854,Shared,UP,1.030949374,2.206187827
ENSMUSG00000048058,Ldlrad3,Chr2,101780548,102016730,Shared,UP,1.449046222,1.549966489
ENSMUSG00000048498,Cd300e,Chr11,114942743,114957500,Shared,UP,1.128635072,1.757105118
ENSMUSG00000048612,Myof,Chr19,37887484,38032025,Shared,UP,1.605442768,1.801787134
ENSMUSG00000048636,A730049H05Rik,Chr6,92793401,92824155,Shared,UP,3.655297028,2.426686526
ENSMUSG00000048699,Krt90,Chr15,101460791,101471385,Shared,UP,1.002935216,1.016869407
ENSMUSG00000048814,Lonrf2,Chr1,38832726,38875792,C57_Specific,UP,1.115265352,
ENSMUSG00000048827,Pkd1l3,Chr8,110341149,110401018,Shared,UP,2.484152588,2.00053614
ENSMUSG00000048905,Bnip5,Chr17,29115366,29134298,C57_Specific,UP,1.416658071,
ENSMUSG00000049112,Oxtr,Chr6,112450644,112466904,Shared,UP,1.838961492,2.662856632
ENSMUSG00000049350,Zg16,Chr7,126649328,126686500,Shared,UP,1.276555803,1.027176541
ENSMUSG00000049414,Gm5417,Chr15,83289827,83290264,C57_Specific,UP,1.010562714,
ENSMUSG00000049420,Tmem200a,Chr10,25788229,25954950,Shared,UP,1.151900256,1.157495699
ENSMUSG00000049939,Lrrc4,Chr6,28661830,28831746,Shared,UP,1.744706069,1.263491376
ENSMUSG00000050050,Ccdc158,Chr5,92755813,92823130,C57_Specific,UP,1.240401588,
ENSMUSG00000050069,Grem2,Chr1,174661351,174749385,Shared,UP,1.051609866,1.224979771
ENSMUSG00000050272,Dscam,Chr16,96392040,96971952,Shared,UP,1.223744261,1.244099661
ENSMUSG00000050520,Cldn8,Chr16,88357716,88360071,Shared,UP,1.488725548,1.334410497
ENSMUSG00000050777,Tmem37,Chr1,119995107,120001804,Shared,UP,1.595684147,1.501797281
ENSMUSG00000050818,Or2t48,Chr11,58418012,58425662,C57_Specific,UP,5.195963085,
ENSMUSG00000051029,Serpinb1b,Chr13,33262558,33278363,C57_Specific,UP,3.279840343,
ENSMUSG00000051056,Gja10,Chr4,32596960,32602760,Shared,UP,4.316854577,2.529077675
ENSMUSG00000051065,Mb21d2,Chr16,28644928,28748425,C57_Specific,UP,1.021925328,
ENSMUSG00000051079,Rgs13,Chr1,144014392,144053110,Shared,UP,2.476652488,3.042924162
ENSMUSG00000051136,Ghsr,Chr3,27425500,27432159,Shared,UP,1.703886637,1.764578668
ENSMUSG00000051228,Nyx,ChrX,13332349,13355552,Shared,UP,2.257993917,1.87266066
ENSMUSG00000051379,Flrt3,Chr2,140492834,140513389,Shared,UP,1.524874031,1.593521737
ENSMUSG00000051855,Mest,Chr6,30723546,30748464,Shared,UP,1.103088523,1.541788244
ENSMUSG00000051951,Xkr4,Chr1,3276124,3741721,C57_Specific,UP,1.166566315,
ENSMUSG00000052085,Dock8,Chr19,24976898,25179796,C57_Specific,UP,1.626812766,
ENSMUSG00000052154,Gm9870,Chr5,73069930,73072285,C57_Specific,UP,1.027878773,
ENSMUSG00000052353,Cemip,Chr7,83582065,83735710,Shared,UP,2.848176787,1.893783572
ENSMUSG00000052560,Cpne8,Chr15,90371685,90563635,C57_Specific,UP,1.323268122,
ENSMUSG00000052981,Ube2ql1,Chr13,69850951,69888008,Shared,UP,1.018227114,1.069469473
ENSMUSG00000053182,Cd200l1,Chr16,45232131,45313332,Shared,UP,1.117440687,1.292936988
ENSMUSG00000053199,Arhgap20,Chr9,51676637,51765156,Shared,UP,4.650890039,3.622138558
ENSMUSG00000053398,Phgdh,Chr3,98220486,98247306,Shared,UP,2.216041528,1.618501275
ENSMUSG00000053580,Tanc2,Chr11,105480812,105820130,C57_Specific,UP,1.255070435,
ENSMUSG00000053626,Tll1,Chr8,64467965,64659305,Shared,UP,2.06814589,2.747838979
ENSMUSG00000053886,Sh2d4a,Chr8,68729219,68800351,Shared,UP,1.693272175,1.518818259
ENSMUSG00000054013,Tmem179,Chr12,112466623,112483181,Shared,UP,1.078182616,1.313591699
ENSMUSG00000054106,Try4,Chr6,41279203,41282466,C57_Specific,UP,1.220697103,
ENSMUSG00000054136,Adm2,Chr15,89206923,89208934,Shared,UP,2.937273108,2.130111436
ENSMUSG00000054162,Spock3,Chr8,63404043,63810137,Shared,UP,1.51950503,1.768594448
ENSMUSG00000054169,Ceacam10,Chr7,24476631,24484082,Shared,UP,3.524354888,1.841609329
ENSMUSG00000054446,Cpa1,Chr6,30639217,30645362,C57_Specific,UP,1.51299876,
ENSMUSG00000054958,Nt5c1a,Chr4,123095297,123110068,C57_Specific,UP,3.890596497,
ENSMUSG00000055003,Lrtm2,Chr6,119292094,119307727,Shared,UP,1.184656419,1.280837403
ENSMUSG00000055078,Gabra5,Chr7,57057420,57159807,C57_Specific,UP,1.46352752,
ENSMUSG00000055214,Pld5,Chr1,175789872,176102878,Shared,UP,1.099980339,1.772533666
ENSMUSG00000055675,Kbtbd11,Chr8,15061025,15083333,Shared,UP,1.100698083,1.947705378
ENSMUSG00000056174,Col8a2,Chr4,126180586,126208123,Shared,UP,1.260789057,2.100231136
ENSMUSG00000056222,Spock1,Chr13,57569008,58056146,C57_Specific,UP,1.098801113,
ENSMUSG00000056296,Synpr,Chr14,8853423,9184983,Shared,UP,2.614714507,3.063841692
ENSMUSG00000056359,D830013O20Rik,Chr12,73410170,73456619,Shared,UP,2.678833872,2.047994555
ENSMUSG00000056494,Cngb3,Chr4,19280850,19510623,Shared,UP,1.181219167,1.068123074
ENSMUSG00000056564,Or2ab1,Chr11,58485940,58491609,Shared,UP,3.083736707,2.719686619
ENSMUSG00000056596,Trnp1,Chr4,133218411,133225861,C57_Specific,UP,1.883651074,
ENSMUSG00000056854,Pou3f4,ChrX,109857886,109860813,Shared,UP,1.214752527,1.951117751
ENSMUSG00000057163,Prss2,Chr6,41498721,41502013,C57_Specific,UP,1.299132314,
ENSMUSG00000057654,Or2t47,Chr11,58441680,58446462,C57_Specific,UP,5.844794341,
ENSMUSG00000057816,Cfap299,Chr5,98477163,98949906,Shared,UP,4.120651277,3.148583073
ENSMUSG00000058056,Palld,Chr8,61964467,62355724,Shared,UP,1.344130624,1.616549614
ENSMUSG00000058119,Gm5771,Chr6,41369290,41374164,C57_Specific,UP,1.799346695,
ENSMUSG00000058145,Adamts17,Chr7,66489483,66802919,Shared,UP,1.145813107,1.149928357
ENSMUSG00000058254,Tspan7,ChrX,10351397,10462844,Shared,UP,1.049177396,1.12464557
ENSMUSG00000058488,Kl,Chr5,150876072,150917282,Shared,UP,1.182884269,1.073616586
ENSMUSG00000058579,Cela2a,Chr4,141542273,141553471,C57_Specific,UP,1.313992876,
ENSMUSG00000058952,Cfi,Chr3,129629533,129668981,Shared,UP,1.123363927,2.539356053
ENSMUSG00000058975,Kcnc1,Chr7,46045921,46088128,C57_Specific,UP,1.588291859,
ENSMUSG00000059401,Mamld1,ChrX,70093846,70199662,Shared,UP,1.160922441,1.8590013
ENSMUSG00000059654,Reg1,Chr6,78399694,78405650,C57_Specific,UP,1.23433692,
ENSMUSG00000059763,Taar2,Chr10,23814470,23817481,C57_Specific,UP,1.976690108,
ENSMUSG00000059857,Ntng1,Chr3,109687356,110051327,Shared,UP,1.190787662,1.589509842
ENSMUSG00000059974,Ntm,Chr9,28906046,29874437,Shared,UP,1.066844791,1.54550532
ENSMUSG00000060012,Kif13b,Chr14,64884714,65047066,Shared,UP,1.841318873,1.059763339
ENSMUSG00000060402,Chst8,Chr7,34373893,34512136,Shared,UP,1.117960714,1.621284816
ENSMUSG00000060548,Tnfrsf19,Chr14,61201324,61283939,Shared,UP,1.119710366,1.444707626
ENSMUSG00000060882,Kcnd2,Chr6,21215502,21729804,Shared,UP,1.209561686,1.269415594
ENSMUSG00000060961,Slc4a4,Chr5,89034345,89387512,C57_Specific,UP,1.046946216,
ENSMUSG00000060988,Galnt13,Chr2,54326329,55008321,Shared,UP,1.314777178,2.093003114
ENSMUSG00000061100,Retnla,Chr16,48662914,48664824,Shared,UP,4.632384908,9.710563806
ENSMUSG00000062209,Erbb4,Chr1,68071345,69147218,C57_Specific,UP,1.665647091,
ENSMUSG00000063089,Klk1b8,Chr7,43600088,43604365,Shared,UP,3.95507371,5.859412112
ENSMUSG00000063297,Luzp2,Chr7,54485246,54918633,C57_Specific,UP,1.249682346,
ENSMUSG00000063458,Lrmda,Chr14,22069780,23106153,C57_Specific,UP,1.195753411,
ENSMUSG00000063531,Sema3e,Chr5,14075290,14306703,Shared,UP,1.44134332,1.438259984
ENSMUSG00000063626,Unc5d,Chr8,29136745,29709664,Shared,UP,1.618069206,1.187343808
ENSMUSG00000063887,Nlgn1,Chr3,25480379,26386609,Shared,UP,1.045388645,1.463058396
ENSMUSG00000063903,Klk1,Chr7,43874784,43879042,C57_Specific,UP,1.232822371,
ENSMUSG00000063919,Srrm4,Chr5,116577334,116729876,C57_Specific,UP,1.479299642,
ENSMUSG00000064252,Or2t29,Chr11,58430627,58437248,Shared,UP,6.591520784,5.653157933
ENSMUSG00000064354,mt-Co2,ChrMT,7013,7696,C57_Specific,UP,3.940462699,
ENSMUSG00000065501,Mir335,Chr6,30741298,30741395,Shared,UP,2.888804895,3.228260513
ENSMUSG00000066150,Slc31a1,Chr4,62278964,62310006,C57_Specific,UP,1.087237394,
ENSMUSG00000066392,Nrxn3,Chr12,88689646,90301709,Shared,UP,1.070063339,1.259123513
ENSMUSG00000066687,Zbtb16,Chr9,48565597,48747522,C57_Specific,UP,1.257111541,
ENSMUSG00000066720,Cldn9,Chr17,23901558,23903000,Shared,UP,1.425697487,1.88865782
ENSMUSG00000067578,Cbln4,Chr2,171878153,171885386,Shared,UP,1.3894742,1.275747203
ENSMUSG00000067813,Xkr9,Chr1,13738995,13771947,C57_Specific,UP,3.0478676,
ENSMUSG00000068748,Ptprz1,Chr6,22875501,23052915,Shared,UP,1.096179303,1.306655444
ENSMUSG00000069733,Ube2u,Chr4,100336046,100407344,C57_Specific,UP,1.497087625,
ENSMUSG00000069805,Fbp1,Chr13,63012567,63036096,Shared,UP,1.559343096,2.326291706
ENSMUSG00000069874,Irgm2,Chr11,58090444,58113608,C57_Specific,UP,1.290669857,
ENSMUSG00000069911,Insyn2b,Chr11,34264758,34372640,Shared,UP,1.689079585,1.246478198
ENSMUSG00000070360,Amy2a1,Chr3,113323052,113326077,C57_Specific,UP,1.444301935,
ENSMUSG00000070369,Itgad,Chr7,127753548,127822988,C57_Specific,UP,1.81341242,
ENSMUSG00000070407,Hs3st3b1,Chr11,63776618,63813116,Shared,UP,1.437844132,1.195266543
ENSMUSG00000070704,Ugt2b36,Chr5,87213786,87240414,Shared,UP,1.873963585,2.717331814
ENSMUSG00000070985,Acnat1,Chr4,49447105,49473912,C57_Specific,UP,1.880153075,
ENSMUSG00000071177,Serpina1d,Chr12,103729853,103739851,C57_Specific,UP,1.002658989,
ENSMUSG00000071178,Serpina1b,Chr12,103694415,103796632,Shared,UP,1.316531132,1.927960159
ENSMUSG00000071317,Bves,Chr10,45211868,45248575,Shared,UP,5.045800281,2.982024069
ENSMUSG00000071342,Lsmem1,Chr12,40225492,40249489,Shared,UP,3.269257772,1.535996858
ENSMUSG00000071517,Gm10334,Chr6,41419150,41423079,C57_Specific,UP,2.416250757,
ENSMUSG00000071519,Prss3,Chr6,41350748,41354612,C57_Specific,UP,1.46369785,
ENSMUSG00000071531,Gprin2,Chr14,33907645,33923610,Shared,UP,1.033773704,1.206702707
ENSMUSG00000071679,Rtl4,ChrX,143471903,143905407,C57_Specific,UP,1.271365297,
ENSMUSG00000071753,Cdr1os,ChrX,60159705,60247391,C57_Specific,UP,1.095073801,
ENSMUSG00000071862,Lrrtm2,Chr18,35342056,35348077,C57_Specific,UP,1.335573073,
ENSMUSG00000072596,Ear2,Chr14,44340111,44340991,Shared,UP,5.225040336,7.853192867
ENSMUSG00000072949,Acot1,Chr12,84056264,84065145,Shared,UP,1.059423732,1.299299882
ENSMUSG00000073007,Tent5d,ChrX,106836196,106916515,Shared,UP,1.390419918,1.770806907
ENSMUSG00000073529,F830208F22Rik,Chr18,77880959,77884443,C57_Specific,UP,3.334236204,
ENSMUSG00000073530,Pappa2,Chr1,158539297,158808060,Shared,UP,1.520348006,2.5232662
ENSMUSG00000073565,Prr16,Chr18,51250805,51553116,Shared,UP,1.034127943,1.848428934
ENSMUSG00000073699,Gm833,Chr4,152781987,152785393,Shared,UP,2.113024638,2.152304107
ENSMUSG00000073805,Insyn2a,Chr7,134483655,134540159,Discordant,UP,1.345309619,-1.509475279
ENSMUSG00000073910,Mob3b,Chr4,34949074,35157484,Shared,UP,1.816040863,2.14605488
ENSMUSG00000074268,Amy2a5,Chr3,113154494,113166153,C57_Specific,UP,2.851118778,
ENSMUSG00000074577,Ripor3,Chr2,167822084,167852538,Shared,UP,2.385111748,1.732353137
ENSMUSG00000074673,Ttll9,Chr2,152804405,152850402,C57_Specific,UP,1.026475013,
ENSMUSG00000074766,Ism1,Chr2,139520098,139600501,C57_Specific,UP,1.315389383,
ENSMUSG00000078234,Klhdc7a,Chr4,139687531,139695337,Shared,UP,1.85004336,1.971795551
ENSMUSG00000078532,Nkain1,Chr4,130297197,130339644,Shared,UP,3.144652414,2.430280549
ENSMUSG00000078853,Igtp,Chr11,58090382,58098417,C57_Specific,UP,1.001424981,
ENSMUSG00000078905,Gm14393,Chr2,174903342,174909574,C57_Specific,UP,3.52869646,
ENSMUSG00000079297,Gm2223,ChrX,32943124,32944473,C57_Specific,UP,1.472758788,
ENSMUSG00000079679,Vwde,Chr6,13156298,13224964,Shared,UP,1.044230828,1.644774676
ENSMUSG00000081303,Gm16011,Chr16,45247208,45249869,C57_Specific,UP,1.013130399,
ENSMUSG00000082248,Gm13161,Chr4,147527928,147528486,C57_Specific,UP,1.888002714,
ENSMUSG00000082810,Gm8682,ChrX,158819317,158819814,Shared,UP,1.59895375,1.83454641
ENSMUSG00000083079,Amy2b,Chr3,113054972,113064043,C57_Specific,UP,2.432132856,
ENSMUSG00000083773,Gm13394,Chr2,28823622,28824621,C57_Specific,UP,6.094421224,
ENSMUSG00000083890,Gm15703,Chr16,31743807,31744686,C57_Specific,UP,1.227194403,
ENSMUSG00000084174,Sycn,Chr7,28240310,28241634,C57_Specific,UP,1.280238651,
ENSMUSG00000084780,Gm15350,Chr8,12876750,12891223,C57_Specific,UP,4.085514141,
ENSMUSG00000084848,4933408N05Rik,Chr8,115067885,115078919,C57_Specific,UP,1.875531892,
ENSMUSG00000084854,Gm12678,Chr4,44943318,44949421,C57_Specific,UP,1.688683431,
ENSMUSG00000084939,Gm830,Chr4,95336022,95375727,Shared,UP,1.71902297,3.015237601
ENSMUSG00000085071,Gm14066,Chr2,139098796,139519634,Shared,UP,1.294332231,1.630644278
ENSMUSG00000085360,Arhgap27os2,Chr11,103246502,103251918,Shared,UP,1.197954395,1.442660459
ENSMUSG00000085407,1700095J03Rik,Chr7,109037825,109044109,Shared,UP,2.219626732,3.349859665
ENSMUSG00000085733,Arhgap27os1,Chr11,103253481,103255477,Shared,UP,2.079199579,1.047018337
ENSMUSG00000086040,Wipf3,Chr6,54406588,54480753,Shared,UP,1.006248362,1.399490909
ENSMUSG00000086408,Gm11588,Chr1,61479260,61508634,Shared,UP,2.925890775,1.358925471
ENSMUSG00000086447,Gm13522,Chr2,52257020,52280332,C57_Specific,UP,1.079215144,
ENSMUSG00000086741,Gm15816,Chr8,23628805,23643127,Shared,UP,3.345016949,3.227280773
ENSMUSG00000086762,Gm14546,Chr6,34263867,34304963,C57_Specific,UP,1.436200101,
ENSMUSG00000086824,4930448D08Rik,Chr18,70102707,70105701,C57_Specific,UP,3.807994702,
ENSMUSG00000086993,Rsf1os2,Chr7,97299216,97346306,C57_Specific,UP,1.055505452,
ENSMUSG00000087266,Gm15991,Chr8,68409089,68430703,C57_Specific,UP,2.271152489,
ENSMUSG00000087613,Gm13855,Chr6,34154103,34204045,C57_Specific,UP,1.128000982,
ENSMUSG00000089679,Gm16299,Chr19,53807770,53813592,C57_Specific,UP,1.020453176,
ENSMUSG00000089745,1810008B01Rik,Chr8,125031871,125033246,C57_Specific,UP,1.895502419,
ENSMUSG00000089759,3632454L22Rik,ChrX,133923435,133961092,Shared,UP,1.955044379,1.170788932
ENSMUSG00000090175,Ugt1a9,Chr1,87998522,88146719,C57_Specific,UP,1.341514402,
ENSMUSG00000090260,2810442N19Rik,Chr1,161832538,161844063,Shared,UP,2.060960308,1.966553217
ENSMUSG00000091230,H1f11-ps,Chr19,47158908,47159573,Shared,UP,1.637765941,1.103488141
ENSMUSG00000092035,Peg10,Chr6,4747306,4760517,Shared,UP,1.224710332,1.95559993
ENSMUSG00000092060,Bend4,Chr5,67549490,67585653,C57_Specific,UP,1.455985467,
ENSMUSG00000092381,Lncob1,Chr7,19448904,19455665,C57_Specific,UP,1.350232882,
ENSMUSG00000092492,B230208B08Rik,Chr4,78130192,78145631,Shared,UP,2.984228999,1.657533251
ENSMUSG00000094463,Gm8546,Chr13,89725275,89726538,C57_Specific,UP,3.079704262,
ENSMUSG00000094724,Rnaset2b,Chr17,7238033,7278698,C57_Specific,UP,1.089060458,
ENSMUSG00000094808,1810009J06Rik,Chr6,40941688,40945369,C57_Specific,UP,5.147125618,
ENSMUSG00000095620,Csta2,Chr16,36041838,36077810,C57_Specific,UP,3.100397961,
ENSMUSG00000095704,Gm8221,Chr15,77506034,77510837,Shared,UP,6.627748933,10.11978063
ENSMUSG00000096525,Gm2663,Chr6,40972764,40976413,C57_Specific,UP,3.798476137,
ENSMUSG00000097194,9330175E14Rik,Chr8,95149524,95161731,C57_Specific,UP,1.059268203,
ENSMUSG00000097310,A930038B10Rik,Chr14,34481077,34492510,Shared,UP,3.794853764,3.927163651
ENSMUSG00000097342,Gm26618,ChrX,5755954,6004595,C57_Specific,UP,1.602561445,
ENSMUSG00000097440,Gm6277,Chr18,11953431,11973926,Shared,UP,1.061776695,1.403360347
ENSMUSG00000097724,Gm26850,Chr3,63871054,63876080,Shared,UP,1.966933287,1.368550269
ENSMUSG00000097828,6430562O15Rik,Chr13,99533432,99549384,Shared,UP,1.17327633,1.275681477
ENSMUSG00000097848,Gm807,Chr13,99234601,99258845,Shared,UP,1.563232234,2.172575737
ENSMUSG00000097877,Gm26703,Chr5,104257083,104267553,C57_Specific,UP,1.704277493,
ENSMUSG00000098050,Gm5345,Chr8,41306865,41308064,C57_Specific,UP,1.009689868,
ENSMUSG00000098076,Gm6981,Chr9,51913574,51914581,C57_Specific,UP,1.325759104,
ENSMUSG00000098128,Gm3693,Chr12,81275044,81316384,Shared,UP,4.940048636,4.543235535
ENSMUSG00000098758,7630403G23Rik,Chr9,33953665,33970965,C57_Specific,UP,3.101403193,
ENSMUSG00000100965,Gm28449,Chr1,61514110,61515187,Shared,UP,1.572539946,1.287954251
ENSMUSG00000101431,Gm7901,Chr8,76438228,76439824,Shared,UP,3.603042284,1.919416307
ENSMUSG00000102222,Pcdhga10,Chr18,37880046,37974926,C57_Specific,UP,1.027778346,
ENSMUSG00000102549,Gm38137,Chr1,60919497,60920897,C57_Specific,UP,1.387410014,
ENSMUSG00000102615,Gm37844,Chr8,15074326,15078422,Shared,UP,2.066306793,1.325108451
ENSMUSG00000102758,Naaladl2,Chr3,23852266,25198425,Shared,UP,1.626864897,1.349228476
ENSMUSG00000102801,Gm37478,Chr1,123291469,123294963,C57_Specific,UP,1.361969858,
ENSMUSG00000103088,Pcdhgb6,Chr18,37875147,37974926,C57_Specific,UP,1.000321129,
ENSMUSG00000103313,Gm38357,Chr3,51139338,51141801,C57_Specific,UP,1.429553367,
ENSMUSG00000103800,Pcdha8,Chr18,37125424,37320710,C57_Specific,UP,1.843100096,
ENSMUSG00000104033,Gm37773,Chr3,118319800,118321919,C57_Specific,UP,1.685731894,
ENSMUSG00000104063,Pcdhgb7,Chr18,37884653,37974926,C57_Specific,UP,1.435034141,
ENSMUSG00000104093,A330015K06Rik,Chr3,65040477,65210106,C57_Specific,UP,3.90292973,
ENSMUSG00000104607,Gm31651,Chr3,115992230,115996875,Shared,UP,1.998489334,2.949404688
ENSMUSG00000105112,Gm42778,Chr5,111126531,111127083,C57_Specific,UP,1.101346671,
ENSMUSG00000105528,Gm43519,Chr5,14077908,14079779,C57_Specific,UP,1.963156518,
ENSMUSG00000105741,C79130,Chr5,29481000,29485295,C57_Specific,UP,1.169488445,
ENSMUSG00000105954,Gm42793,Chr5,104582987,104584238,Shared,UP,3.979729942,1.680778379
ENSMUSG00000105987,AI506816,Chr5,23903290,23917684,C57_Specific,UP,1.31162219,
ENSMUSG00000106471,Mir3107,Chr8,23632589,23632678,Shared,UP,5.18528249,5.175477217
ENSMUSG00000108108,Gm44270,Chr6,146664079,146665312,C57_Specific,UP,2.15358033,
ENSMUSG00000108722,Gm34225,Chr7,114613893,114666064,Shared,UP,1.109751794,1.522480282
ENSMUSG00000108778,Gm20083,Chr7,72833692,72839636,Shared,UP,2.379652241,1.787900581
ENSMUSG00000109130,Gm45187,Chr7,98553475,98557262,Shared,UP,1.602178016,1.598816434
ENSMUSG00000109317,Gm45041,Chr7,48446050,48449157,Shared,UP,2.445121587,1.179932773
ENSMUSG00000109953,5430430B14Rik,Chr8,27769469,27771098,Shared,UP,1.550083458,1.689479542
ENSMUSG00000110070,Gm45619,Chr7,45017601,45018128,C57_Specific,UP,1.32332301,
ENSMUSG00000110086,Smim32,Chr13,56900184,56901640,C57_Specific,UP,1.189876803,
ENSMUSG00000110353,Gm33543,Chr10,95659830,95678792,Shared,UP,1.359722432,2.185557394
ENSMUSG00000110442,Gm45804,Chr8,95000054,95003488,C57_Specific,UP,1.236503244,
ENSMUSG00000110447,Gm31518,Chr8,96320050,96348158,Shared,UP,2.101770269,2.340507757
ENSMUSG00000112871,Gm35404,Chr10,121078806,121080267,C57_Specific,UP,1.677078338,
ENSMUSG00000113064,Gm40394,Chr12,36927924,36973407,Shared,UP,1.366616823,2.796531026
ENSMUSG00000113278,Gm33016,Chr12,71368608,71389608,C57_Specific,UP,2.026322928,
ENSMUSG00000113342,AA414992,Chr13,68329413,68330988,C57_Specific,UP,5.110546945,
ENSMUSG00000113629,Gm48558,Chr12,15892384,15900627,Shared,UP,3.085116559,1.901841436
ENSMUSG00000113835,Gm19554,Chr12,105830073,105868692,C57_Specific,UP,1.581031058,
ENSMUSG00000114922,Ppifos,Chr14,25697389,25701745,C57_Specific,UP,3.35826865,
ENSMUSG00000115125,Gm6852,Chr14,55587241,55588147,Shared,UP,4.527383852,4.049948387
ENSMUSG00000115469,Gm49227,Chr16,84876999,84880315,Shared,UP,1.392670796,1.134738027
ENSMUSG00000115811,Gm41293,Chr15,36206520,36210851,Shared,UP,2.260577269,1.529273737
ENSMUSG00000116038,Gm46563,Chr16,10602518,10630590,C57_Specific,UP,2.956544383,
ENSMUSG00000116250,Gm34939,Chr15,99600545,99601857,C57_Specific,UP,1.190341432,
ENSMUSG00000116762,Gm46560,Chr16,31325478,31332832,Shared,UP,1.076966864,2.241529144
ENSMUSG00000116812,Gm2792,Chr17,6389879,6412123,C57_Specific,UP,1.017627638,
ENSMUSG00000116964,Gm46555,Chr16,92254365,92259378,Shared,UP,6.5748948,2.361660607
ENSMUSG00000118369,Gm30541,Chr19,53295284,53314227,Shared,UP,1.011940393,1.199419148
ENSMUSG00000120000,ENSMUSG00000120000,Chr1,92307307,92321362,C57_Specific,UP,1.447410247,
ENSMUSG00000120375,ENSMUSG00000120375,Chr3,38939838,38940597,C57_Specific,UP,1.456748751,
ENSMUSG00000120760,ENSMUSG00000120760,Chr8,96534209,96534754,C57_Specific,UP,1.19632816,
ENSMUSG00000120774,ENSMUSG00000120774,Chr7,101916473,101916881,C57_Specific,UP,1.214429897,
ENSMUSG00000121068,ENSMUSG00000121068,Chr9,108216011,108217333,C57_Specific,UP,1.339288072,
ENSMUSG00000121208,ENSMUSG00000121208,Chr17,66538837,66573923,Shared,UP,1.572272705,1.704735171
ENSMUSG00002075578,Gm55971,Chr1,61509600,61509702,C57_Specific,UP,3.739745722,
ENSMUSG00002076469,Gm56457,Chr2,174128401,174128464,Shared,UP,1.092988822,2.052692038
ENSMUSG00000000204,Slfn4,Chr11,83066012,83081042,C57_Specific,DOWN,-2.613605144,
ENSMUSG00000000214,Th,Chr7,142446489,142484865,Shared,DOWN,-2.527420581,-2.609930188
ENSMUSG00000000263,Glra1,Chr11,55405064,55499024,Shared,DOWN,-2.926442312,-6.475104991
ENSMUSG00000000562,Adora3,Chr3,105778174,105816242,Shared,DOWN,-1.792234138,-2.858698822
ENSMUSG00000000690,Hoxb6,Chr11,96183302,96192395,C57_Specific,DOWN,-1.354879866,
ENSMUSG00000000766,Oprm1,Chr10,6708506,6988198,Shared,DOWN,-1.620866614,-2.503214672
ENSMUSG00000001025,S100a6,Chr3,90520189,90531488,Discordant,DOWN,-1.095044896,1.089094511
ENSMUSG00000001155,Ftcd,Chr10,76411482,76426172,C57_Specific,DOWN,-3.375994038,
ENSMUSG00000001270,Ckb,Chr12,111635795,111638772,Shared,DOWN,-2.007445771,-2.12282178
ENSMUSG00000001494,Sost,Chr11,101853284,101857841,C57_Specific,DOWN,-1.297819718,
ENSMUSG00000001508,Sgca,Chr11,94853617,94867153,C57_Specific,DOWN,-1.3367168,
ENSMUSG00000002020,Ltbp2,Chr12,84829986,84923306,Shared,DOWN,-1.188076862,-2.45597139
ENSMUSG00000002108,Nr1h3,Chr2,91014406,91033179,Shared,DOWN,-1.742479197,-1.097436181
ENSMUSG00000002324,Rec8,Chr14,55855494,55862852,Shared,DOWN,-1.055834964,-1.045293414
ENSMUSG00000003279,Dlgap1,Chr17,70276068,71128408,Shared,DOWN,-1.844953108,-2.904410457
ENSMUSG00000003379,Cd79a,Chr7,24596806,24601622,Shared,DOWN,-1.481382643,-1.959156819
ENSMUSG00000003555,Cyp17a1,Chr19,46655604,46661611,Shared,DOWN,-2.611413445,-1.053384856
ENSMUSG00000003882,Il7r,Chr15,9505874,9530262,C57_Specific,DOWN,-1.546497735,
ENSMUSG00000004031,Brinp2,Chr1,158072839,158183896,C57_Specific,DOWN,-1.394870261,
ENSMUSG00000004610,Etfb,Chr7,43093507,43107224,C57_Specific,DOWN,-1.259546295,
ENSMUSG00000004665,Cnn2,Chr10,79824418,79831896,C57_Specific,DOWN,-1.270364628,
ENSMUSG00000004891,Nes,Chr3,87878385,87887758,C57_Specific,DOWN,-1.038144245,
ENSMUSG00000004902,Slc25a18,Chr6,120750539,120771297,Shared,DOWN,-2.050312222,-1.522962449
ENSMUSG00000005373,Mlxipl,Chr5,135118744,135167236,Shared,DOWN,-1.956911509,-2.453750637
ENSMUSG00000005763,Cd247,Chr1,165616250,165704846,Shared,DOWN,-1.54883986,-2.533784502
ENSMUSG00000005892,Trh,Chr6,92219042,92221631,Shared,DOWN,-1.798445336,-3.012038422
ENSMUSG00000006313,Upk1a,Chr7,30302517,30312272,C57_Specific,DOWN,-1.029586418,
ENSMUSG00000006462,A530013C23Rik,Chr2,167532548,167584184,C57_Specific,DOWN,-1.205169941,
ENSMUSG00000007035,Msh5,Chr17,35247581,35265721,Shared,DOWN,-1.325680939,-1.774258013
ENSMUSG00000007591,Tssk4,Chr14,55887641,55889996,C57_Specific,DOWN,-1.021183793,
ENSMUSG00000007877,Tcap,Chr11,98274637,98275779,C57_Specific,DOWN,-1.787006705,
ENSMUSG00000008496,Pou2f2,Chr7,24786769,24879151,C57_Specific,DOWN,-1.474750078,
ENSMUSG00000009075,Cabp7,Chr11,4686892,4696778,Shared,DOWN,-1.132036822,-1.089483185
ENSMUSG00000009115,Spatc1l,Chr10,76398106,76406035,C57_Specific,DOWN,-1.206397455,
ENSMUSG00000009210,Prr29,Chr11,106256298,106268384,Shared,DOWN,-1.953569008,-1.928814954
ENSMUSG00000009246,Trpm5,Chr7,142622890,142648379,Shared,DOWN,-1.469813339,-2.68965939
ENSMUSG00000009292,Trpm2,Chr10,77743556,77806397,Shared,DOWN,-1.996164174,-2.020037026
ENSMUSG00000010122,Slc47a1,Chr11,61234227,61269171,C57_Specific,DOWN,-4.140043364,
ENSMUSG00000010529,Gm266,Chr12,111451043,111452257,C57_Specific,DOWN,-2.059786762,
ENSMUSG00000012017,Scarf2,Chr16,17615146,17626157,C57_Specific,DOWN,-2.021538225,
ENSMUSG00000013083,2200002J24Rik,Chr7,30398351,30399961,C57_Specific,DOWN,-1.069546008,
ENSMUSG00000013415,Igf2bp1,Chr11,95847989,95896766,Shared,DOWN,-1.601471678,-2.372778866
ENSMUSG00000014782,Plekhg4,Chr8,106099906,106109494,C57_Specific,DOWN,-1.142266976,
ENSMUSG00000015354,Pcolce2,Chr9,95519654,95580149,C57_Specific,DOWN,-1.060643686,
ENSMUSG00000015452,Ager,Chr17,34816836,34819910,C57_Specific,DOWN,-1.21202623,
ENSMUSG00000015533,Itga2,Chr13,114969617,115068636,C57_Specific,DOWN,-1.617738876,
ENSMUSG00000015950,Ncf1,Chr5,134248907,134258479,C57_Specific,DOWN,-1.017117998,
ENSMUSG00000015980,Lrrc27,Chr7,138792904,138822895,Shared,DOWN,-1.025269448,-1.093554167
ENSMUSG00000016028,Celsr1,Chr15,85783130,85918404,Shared,DOWN,-1.29841465,-1.163283237
ENSMUSG00000017491,Rarb,Chr14,5650540,6038924,C57_Specific,DOWN,-1.032246732,
ENSMUSG00000017688,Hnf4g,Chr3,3573084,3724860,Shared,DOWN,-1.29891943,-1.287431804
ENSMUSG00000017756,Slc12a7,Chr13,73881213,73964873,Shared,DOWN,-1.036370363,-1.372280659
ENSMUSG00000018168,Ikzf3,Chr11,98355728,98436857,Shared,DOWN,-1.178760829,-1.42225315
ENSMUSG00000018169,Mfng,Chr15,78640082,78657675,Shared,DOWN,-1.292115831,-1.371804842
ENSMUSG00000018411,Mapt,Chr11,104122216,104222916,C57_Specific,DOWN,-1.217539802,
ENSMUSG00000018451,6330403K07Rik,Chr11,70922767,70924339,Shared,DOWN,-2.54459958,-3.767435294
ENSMUSG00000018470,Kcnab3,Chr11,69217084,69223868,Shared,DOWN,-1.579421046,-1.215427632
ENSMUSG00000018845,Unc45b,Chr11,82801376,82834229,C57_Specific,DOWN,-1.077451777,
ENSMUSG00000019429,Ffar3,Chr7,30553755,30555603,Shared,DOWN,-1.803128373,-1.686430621
ENSMUSG00000019828,Grm1,Chr10,10561803,10958100,Shared,DOWN,-2.209870454,-1.396590931
ENSMUSG00000019933,Mrln,Chr10,70040494,70055541,C57_Specific,DOWN,-1.064808917,
ENSMUSG00000019997,Ccn2,Chr10,24471340,24474581,C57_Specific,DOWN,-1.304541967,
ENSMUSG00000020131,Pcsk4,Chr10,80157117,80165332,Shared,DOWN,-1.174315981,-1.561312913
ENSMUSG00000020183,Cpm,Chr10,117465405,117523257,Shared,DOWN,-1.17971289,-1.618446312
ENSMUSG00000020234,Tektip1,Chr10,81198901,81201650,C57_Specific,DOWN,-1.021713334,
ENSMUSG00000020486,Septin4,Chr11,87457479,87481365,C57_Specific,DOWN,-1.042984183,
ENSMUSG00000020718,Polg2,Chr11,106659079,106670363,Shared,DOWN,-1.203693582,-2.116137271
ENSMUSG00000020734,Grin2c,Chr11,115139995,115158069,Shared,DOWN,-1.579694161,-1.773477164
ENSMUSG00000020787,P2rx1,Chr11,72889929,72906026,Shared,DOWN,-1.859569411,-2.880519532
ENSMUSG00000020826,Nos2,Chr11,78811613,78851080,C57_Specific,DOWN,-1.074109977,
ENSMUSG00000020875,Hoxb9,Chr11,96162283,96167421,C57_Specific,DOWN,-3.041727146,
ENSMUSG00000020889,Nr1d1,Chr11,98658758,98666159,Shared,DOWN,-1.048592227,-1.62915419
ENSMUSG00000020892,Aloxe3,Chr11,69016722,69039941,Shared,DOWN,-1.231895389,-1.375685098
ENSMUSG00000020901,Pik3r5,Chr11,68322947,68388675,C57_Specific,DOWN,-1.08813346,
ENSMUSG00000021278,Amn,Chr12,111237529,111242860,C57_Specific,DOWN,-1.02769235,
ENSMUSG00000021280,Exoc3l4,Chr12,111383451,111398112,C57_Specific,DOWN,-1.255951756,
ENSMUSG00000021478,Drd1,Chr13,54205202,54209724,C57_Specific,DOWN,-1.184857986,
ENSMUSG00000021492,F12,Chr13,55565771,55574606,C57_Specific,DOWN,-2.581568434,
ENSMUSG00000021567,Nkd2,Chr13,73966653,73995750,C57_Specific,DOWN,-1.109550403,
ENSMUSG00000021679,S100z,Chr13,95613776,95615229,C57_Specific,DOWN,-2.071261743,
ENSMUSG00000021680,Crhbp,Chr13,95567879,95581432,C57_Specific,DOWN,-3.180227716,
ENSMUSG00000021750,Fam107a,Chr14,14151750,14173499,C57_Specific,DOWN,-1.160799684,
ENSMUSG00000021852,Slc35f4,Chr14,49535976,49763503,C57_Specific,DOWN,-1.912595325,
ENSMUSG00000021880,Rnase6,Chr14,51361365,51369644,C57_Specific,DOWN,-1.169148257,
ENSMUSG00000021947,Cryl1,Chr14,57512450,57635986,Shared,DOWN,-1.158963599,-1.60226532
ENSMUSG00000022018,Rgcc,Chr14,79526196,79539085,C57_Specific,DOWN,-1.069163238,
ENSMUSG00000022245,Skor1,Chr9,63045452,63056243,Shared,DOWN,-1.197465278,-1.965894046
ENSMUSG00000022439,Parvg,Chr15,84208227,84227179,C57_Specific,DOWN,-1.112510436,
ENSMUSG00000022483,Col2a1,Chr15,97873483,97902576,C57_Specific,DOWN,-1.284410749,
ENSMUSG00000022528,Hes1,Chr16,29883202,29886614,C57_Specific,DOWN,-1.105798764,
ENSMUSG00000022579,Gpihbp1,Chr15,75468477,75471330,C57_Specific,DOWN,-1.236253709,
ENSMUSG00000022617,Chkb,Chr15,89310563,89314111,Shared,DOWN,-1.003919861,-1.216168279
ENSMUSG00000022622,Acr,Chr15,89452529,89458788,Shared,DOWN,-1.179701562,-1.456325085
ENSMUSG00000022824,Muc13,Chr16,33614407,33640304,Shared,DOWN,-1.686717907,-1.357192767
ENSMUSG00000022901,Cd86,Chr16,36424231,36486443,C57_Specific,DOWN,-1.025859727,
ENSMUSG00000023017,Asic1,Chr15,99568249,99599011,Shared,DOWN,-1.856471307,-1.673521457
ENSMUSG00000023047,Amhr2,Chr15,102353802,102363068,Shared,DOWN,-1.731767833,-1.464373852
ENSMUSG00000023192,Grm2,Chr9,106520294,106533281,C57_Specific,DOWN,-2.149801552,
ENSMUSG00000023267,Gabrr2,Chr4,33062999,33095865,C57_Specific,DOWN,-1.061600063,
ENSMUSG00000023336,Wfdc1,Chr8,120393104,120414961,C57_Specific,DOWN,-1.320409882,
ENSMUSG00000023467,Tulp2,Chr7,45131301,45173056,C57_Specific,DOWN,-2.012977746,
ENSMUSG00000024411,Aqp4,Chr18,15522553,15544039,C57_Specific,DOWN,-1.627272458,
ENSMUSG00000024459,H2-M5,Chr17,37294953,37300429,C57_Specific,DOWN,-1.694042316,
ENSMUSG00000024486,Hbegf,Chr18,36637980,36648858,C57_Specific,DOWN,-1.141355185,
ENSMUSG00000024552,Slc14a2,Chr18,78189363,78640157,Shared,DOWN,-2.479752714,-3.027691273
ENSMUSG00000024806,Mlana,Chr19,29675224,29686034,C57_Specific,DOWN,-2.416821356,
ENSMUSG00000024871,Doc2g,Chr19,4053313,4057005,C57_Specific,DOWN,-1.165531055,
ENSMUSG00000024972,Lgals12,Chr19,7574025,7584558,Shared,DOWN,-1.842954807,-1.586131573
ENSMUSG00000025092,Hspa12a,Chr19,58784182,58932086,Shared,DOWN,-1.480008275,-2.008541016
ENSMUSG00000025127,Gcgr,Chr11,120421525,120429812,Shared,DOWN,-2.090762175,-2.339063744
ENSMUSG00000025372,Baiap2,Chr11,119833589,119897608,Shared,DOWN,-1.69062616,-1.523380939
ENSMUSG00000025380,Fscn2,Chr11,120252360,120258994,C57_Specific,DOWN,-1.549322658,
ENSMUSG00000025427,Rnf165,Chr18,77543806,77652857,C57_Specific,DOWN,-1.133499684,
ENSMUSG00000025537,Phkg1,Chr5,129892262,129927390,C57_Specific,DOWN,-1.459486291,
ENSMUSG00000025723,Nmb,Chr7,80551975,80554824,C57_Specific,DOWN,-1.134585882,
ENSMUSG00000025739,Gng13,Chr17,25936145,25938380,C57_Specific,DOWN,-1.606118413,
ENSMUSG00000025856,Pdgfa,Chr5,138961769,138983125,Shared,DOWN,-1.207513617,-1.127635092
ENSMUSG00000025909,Sntg1,Chr1,8431699,9370103,Shared,DOWN,-1.163239456,-1.715396894
ENSMUSG00000025916,Ppp1r42,Chr1,10038849,10079361,C57_Specific,DOWN,-1.113194295,
ENSMUSG00000026073,Il1r2,Chr1,40113239,40164391,C57_Specific,DOWN,-1.072652152,
ENSMUSG00000026208,Des,Chr1,75336973,75345223,C57_Specific,DOWN,-1.018333889,
ENSMUSG00000026278,Bok,Chr1,93613382,93623486,C57_Specific,DOWN,-1.129876812,
ENSMUSG00000026303,Mlph,Chr1,90842807,90878864,Shared,DOWN,-1.927563827,-2.435978227
ENSMUSG00000026304,Rab17,Chr1,90885855,90897383,Shared,DOWN,-2.099225691,-1.764964713
ENSMUSG00000026308,Klhl30,Chr1,91278738,91290138,C57_Specific,DOWN,-1.175881448,
ENSMUSG00000026312,Cdh7,Chr1,109910161,110067887,Shared,DOWN,-1.476979024,-3.212265039
ENSMUSG00000026354,Lct,Chr1,128212493,128256055,C57_Specific,DOWN,-1.186935592,
ENSMUSG00000026414,Tnnt2,Chr1,135764092,135779998,C57_Specific,DOWN,-2.748042411,
ENSMUSG00000026452,Syt2,Chr1,134574415,134690331,Shared,DOWN,-1.196159707,-1.488214144
ENSMUSG00000026475,Rgs16,Chr1,153616095,153621214,C57_Specific,DOWN,-2.66174472,
ENSMUSG00000026546,Cfap45,Chr1,172348368,172373437,C57_Specific,DOWN,-1.146022143,
ENSMUSG00000026574,Dpt,Chr1,164624213,164651835,Discordant,DOWN,-1.0309204,1.820674021
ENSMUSG00000026582,Sele,Chr1,163875773,163885246,C57_Specific,DOWN,-2.229647443,
ENSMUSG00000026770,Il2ra,Chr2,11647618,11698004,C57_Specific,DOWN,-1.507679588,
ENSMUSG00000026785,Pkn3,Chr2,29967696,29981034,C57_Specific,DOWN,-1.085897599,
ENSMUSG00000026805,Barhl1,Chr2,28797691,28806680,Shared,DOWN,-2.150878009,-1.648898268
ENSMUSG00000026866,Kynu,Chr2,43445341,43572734,Shared,DOWN,-1.462438042,-1.516165726
ENSMUSG00000026904,Slc4a10,Chr2,61876806,62157074,C57_Specific,DOWN,-1.288640104,
ENSMUSG00000026921,Egfl7,Chr2,26470026,26483132,C57_Specific,DOWN,-1.319193306,
ENSMUSG00000026928,Card9,Chr2,26242188,26250930,C57_Specific,DOWN,-1.119809285,
ENSMUSG00000027239,Mdk,Chr2,91760150,91762642,C57_Specific,DOWN,-1.254899711,
ENSMUSG00000027253,Lrp4,Chr2,91287856,91344124,C57_Specific,DOWN,-1.021251851,
ENSMUSG00000027314,Dll4,Chr2,119156265,119166443,C57_Specific,DOWN,-1.126099485,
ENSMUSG00000027338,Prnd,Chr2,131792781,131798050,Shared,DOWN,-4.600053483,-4.764876659
ENSMUSG00000027377,Mall,Chr2,127546306,127571852,C57_Specific,DOWN,-1.066120941,
ENSMUSG00000027400,Pdyn,Chr2,129528485,129541764,C57_Specific,DOWN,-3.019052871,
ENSMUSG00000027456,Sdcbp2,Chr2,151414542,151431925,C57_Specific,DOWN,-1.093994394,
ENSMUSG00000027474,Ccm2l,Chr2,152907875,152923655,C57_Specific,DOWN,-1.062977179,
ENSMUSG00000027517,Ankrd60,Chr2,173410454,173420134,C57_Specific,DOWN,-2.204966687,
ENSMUSG00000027603,Ggt7,Chr2,155332299,155360157,Shared,DOWN,-1.216457425,-1.017866395
ENSMUSG00000027748,Trpc4,Chr3,54063456,54225892,C57_Specific,DOWN,-1.033478676,
ENSMUSG00000027855,Sycp1,Chr3,102725815,102843416,C57_Specific,DOWN,-1.231228087,
ENSMUSG00000027896,Slc16a4,Chr3,107198546,107219431,C57_Specific,DOWN,-1.47920602,
ENSMUSG00000027996,Sfrp2,Chr3,83673628,83681623,C57_Specific,DOWN,-2.094799258,
ENSMUSG00000028328,Tmod1,Chr4,46038935,46116032,C57_Specific,DOWN,-1.014294966,
ENSMUSG00000028427,Aqp7,Chr4,41033074,41048139,Shared,DOWN,-1.24830125,-1.751168146
ENSMUSG00000028575,Eqtn,Chr4,94795504,94817080,C57_Specific,DOWN,-1.298605058,
ENSMUSG00000028584,Lrrc38,Chr4,143076327,143097602,Shared,DOWN,-1.491063198,-1.15278817
ENSMUSG00000028601,Echdc2,Chr4,108022634,108036505,Shared,DOWN,-1.13064771,-1.40661663
ENSMUSG00000028681,Ptch2,Chr4,116953272,116973298,Shared,DOWN,-1.534697467,-1.126887475
ENSMUSG00000028753,Vwa5b1,Chr4,138292671,138363195,Shared,DOWN,-1.259164448,-2.356689723
ENSMUSG00000028996,Rbp7,Chr4,149534144,149539435,C57_Specific,DOWN,-1.032456459,
ENSMUSG00000029092,D5Ertd615e,Chr5,45166513,45581744,C57_Specific,DOWN,-1.53317098,
ENSMUSG00000029163,Emilin1,Chr5,31070746,31078621,C57_Specific,DOWN,-1.377683448,
ENSMUSG00000029254,Stap1,Chr5,86219605,86253984,C57_Specific,DOWN,-1.325751023,
ENSMUSG00000029343,Crybb1,Chr5,112403681,112417451,Shared,DOWN,-1.858217397,-1.23043797
ENSMUSG00000029442,Wdr66,Chr5,123390165,123465547,C57_Specific,DOWN,-1.128343192,
ENSMUSG00000029544,Cabp1,Chr5,115306748,115332440,C57_Specific,DOWN,-1.2965762,
ENSMUSG00000029664,Tfpi2,Chr6,3962595,3988919,C57_Specific,DOWN,-1.373263946,
ENSMUSG00000029830,Svopl,Chr6,37960674,38023931,C57_Specific,DOWN,-1.045489145,
ENSMUSG00000029847,Slc23a4,Chr6,34922213,34965339,Shared,DOWN,-2.060336362,-3.277322157
ENSMUSG00000029919,Hpgds,Chr6,65094277,65121892,Shared,DOWN,-1.250651376,-1.528877325
ENSMUSG00000030098,Grip2,Chr6,91738490,91804231,C57_Specific,DOWN,-1.080127214,
ENSMUSG00000030137,Tuba8,Chr6,121187655,121203813,C57_Specific,DOWN,-1.028471357,
ENSMUSG00000030154,Klrb1f,Chr6,129022864,129034427,C57_Specific,DOWN,-2.78038727,
ENSMUSG00000030158,Clec12b,Chr6,129352478,129362837,Shared,DOWN,-1.028988226,-1.816428012
ENSMUSG00000030200,Bcl2l14,Chr6,134373281,134415699,C57_Specific,DOWN,-1.046879765,
ENSMUSG00000030218,Mgp,Chr6,136849433,136852821,C57_Specific,DOWN,-1.087519604,
ENSMUSG00000030237,Slco1a4,Chr6,141751166,141801925,C57_Specific,DOWN,-4.811367022,
ENSMUSG00000030283,St8sia1,Chr6,142767271,142910178,Shared,DOWN,-1.103926177,-2.579381622
ENSMUSG00000030402,Ppm1n,Chr7,19010730,19013989,Shared,DOWN,-2.801065048,-4.518884356
ENSMUSG00000030406,Gipr,Chr7,18889986,18900052,Shared,DOWN,-1.650547848,-2.057427227
ENSMUSG00000030413,Pglyrp1,Chr7,18605256,18624384,C57_Specific,DOWN,-1.700555647,
ENSMUSG00000030544,Mesp1,Chr7,79441989,79443536,C57_Specific,DOWN,-1.740448373,
ENSMUSG00000030787,Lyve1,Chr7,110449814,110462446,Shared,DOWN,-1.032012666,-1.01538779
ENSMUSG00000030790,Adm,Chr7,110226868,110229027,C57_Specific,DOWN,-1.277685563,
ENSMUSG00000030798,Cd37,Chr7,44883056,44888539,C57_Specific,DOWN,-1.012533749,
ENSMUSG00000030825,Hsd17b14,Chr7,45204317,45217176,C57_Specific,DOWN,-1.81240557,
ENSMUSG00000030865,Chp2,Chr7,121818719,121822047,Shared,DOWN,-1.406910336,-3.04295934
ENSMUSG00000030895,Hpx,Chr7,105240820,105249344,C57_Specific,DOWN,-1.241863407,
ENSMUSG00000030909,Anks4b,Chr7,119773081,119784809,C57_Specific,DOWN,-1.257253339,
ENSMUSG00000031160,Eras,ChrX,7790515,7794846,Shared,DOWN,-3.232838531,-3.006429956
ENSMUSG00000031163,Glod5,ChrX,7870439,7884731,Shared,DOWN,-1.980572013,-1.962430913
ENSMUSG00000031329,Tsx,ChrX,102458073,102468186,Shared,DOWN,-1.036663591,-1.692503168
ENSMUSG00000031362,Xlr4c,ChrX,72277294,72286736,C57_Specific,DOWN,-3.252103544,
ENSMUSG00000031382,Asb11,ChrX,163219990,163242166,Shared,DOWN,-1.753993317,-1.772647771
ENSMUSG00000031384,Asb9,ChrX,163289323,163322748,C57_Specific,DOWN,-2.528232158,
ENSMUSG00000031443,F7,Chr8,13076034,13085809,C57_Specific,DOWN,-1.684594343,
ENSMUSG00000031559,4930555F03Rik,Chr8,49823792,50009050,Shared,DOWN,-1.995828515,-1.98763343
ENSMUSG00000031636,Pdlim3,Chr8,46338498,46372585,C57_Specific,DOWN,-1.126008794,
ENSMUSG00000031802,Phxr4,Chr9,13342657,13344047,Shared,DOWN,-2.576668243,-1.941685126
ENSMUSG00000031842,Pde4c,Chr8,71176369,71203835,Shared,DOWN,-1.257619766,-1.002592676
ENSMUSG00000031972,Acta1,Chr8,124618508,124621490,Shared,DOWN,-1.385999852,-1.300209382
ENSMUSG00000032023,Jhy,Chr9,40806145,40875414,Shared,DOWN,-1.825648289,-2.430462256
ENSMUSG00000032028,Nxpe2,Chr9,48229306,48264754,C57_Specific,DOWN,-1.048891273,
ENSMUSG00000032033,Barx2,Chr9,31757340,31824758,C57_Specific,DOWN,-1.077763242,
ENSMUSG00000032057,Hoatz,Chr9,50992415,51013378,Shared,DOWN,-2.874961755,-3.379084694
ENSMUSG00000032085,Tagln,Chr9,45840917,45847356,C57_Specific,DOWN,-1.487652667,
ENSMUSG00000032091,Tmprss4,Chr9,45084024,45115390,Shared,DOWN,-2.306618555,-2.254563304
ENSMUSG00000032128,Robo3,Chr9,37326965,37344542,C57_Specific,DOWN,-1.281626397,
ENSMUSG00000032356,Rasgrf1,Chr9,89791961,89909030,Shared,DOWN,-1.065678609,-1.982328967
ENSMUSG00000032380,Dapk2,Chr9,66065505,66179524,C57_Specific,DOWN,-1.210778421,
ENSMUSG00000032387,Rbpms2,Chr9,65536930,65567810,C57_Specific,DOWN,-1.009067123,
ENSMUSG00000032454,Rbp2,Chr9,98368168,98391834,C57_Specific,DOWN,-1.938167258,
ENSMUSG00000032643,Fhl3,Chr4,124594494,124602404,C57_Specific,DOWN,-1.217316253,
ENSMUSG00000032690,Oas2,Chr5,120868398,120887918,C57_Specific,DOWN,-1.347687598,
ENSMUSG00000032698,Lmo2,Chr2,103788331,103812223,C57_Specific,DOWN,-1.055736863,
ENSMUSG00000032717,Mdfi,Chr17,48126253,48145616,C57_Specific,DOWN,-1.380328663,
ENSMUSG00000032766,Gng11,Chr6,4003904,4008445,C57_Specific,DOWN,-1.137793613,
ENSMUSG00000032807,Alox12b,Chr11,69047815,69060618,Shared,DOWN,-2.024372295,-1.250945744
ENSMUSG00000032946,Rasgrp2,Chr19,6449370,6465246,C57_Specific,DOWN,-1.248207385,
ENSMUSG00000033316,Galnt9,Chr5,110692221,110769246,Shared,DOWN,-1.210175939,-1.629247428
ENSMUSG00000033595,Lgi3,Chr14,70768125,70775764,C57_Specific,DOWN,-1.649279877,
ENSMUSG00000034041,Lyl1,Chr8,85428078,85431569,C57_Specific,DOWN,-1.647878593,
ENSMUSG00000034387,Ssu2,Chr6,112336285,112364984,C57_Specific,DOWN,-1.174381742,
ENSMUSG00000034427,Myo15b,Chr11,115749232,115783429,C57_Specific,DOWN,-1.664755633,
ENSMUSG00000034687,Fras1,Chr5,96521814,96932587,Shared,DOWN,-1.867438531,-2.904253665
ENSMUSG00000034706,Dnai2,Chr11,114618234,114648715,Shared,DOWN,-1.208763513,-1.207207796
ENSMUSG00000034881,Tbxa2r,Chr10,81164565,81171006,C57_Specific,DOWN,-1.161819617,
ENSMUSG00000034891,Sncb,Chr13,54906673,54914408,C57_Specific,DOWN,-1.14573824,
ENSMUSG00000034911,Ushbp1,Chr8,71836916,71848446,C57_Specific,DOWN,-1.226926761,
ENSMUSG00000034959,Rubcnl,Chr14,75253467,75289972,C57_Specific,DOWN,-1.141759674,
ENSMUSG00000035179,Ppp1r32,Chr19,10451599,10460292,C57_Specific,DOWN,-1.358143716,
ENSMUSG00000035262,Amh,Chr10,80641077,80643482,C57_Specific,DOWN,-1.093406277,
ENSMUSG00000035352,Ccl12,Chr11,81992671,81994226,Shared,DOWN,-2.007960181,-2.112676034
ENSMUSG00000035486,Plk5,Chr10,80192293,80201323,Shared,DOWN,-1.040608822,-1.179505887
ENSMUSG00000035606,Ky,Chr9,102382949,102423438,Shared,DOWN,-1.813831504,-2.261057842
ENSMUSG00000035694,Caps2,Chr10,111999526,112052460,Shared,DOWN,-1.047719027,-1.956886963
ENSMUSG00000035745,Grin3b,Chr10,79806549,79813024,C57_Specific,DOWN,-1.60722869,
ENSMUSG00000035783,Acta2,Chr19,34218490,34232990,C57_Specific,DOWN,-1.255351712,
ENSMUSG00000036040,Adamtsl2,Chr2,26969391,26998993,C57_Specific,DOWN,-1.170624782,
ENSMUSG00000036111,Lmo1,Chr7,108737779,108774414,C57_Specific,DOWN,-1.190273635,
ENSMUSG00000036185,Sapcd1,Chr17,35244935,35246992,Shared,DOWN,-1.695507135,-1.549086508
ENSMUSG00000036211,H1f6,Chr13,23879797,23880708,Shared,DOWN,-1.845651774,-1.890427676
ENSMUSG00000036570,Fxyd1,Chr7,30751103,30756624,C57_Specific,DOWN,-1.10488284,
ENSMUSG00000036572,Upf3b,ChrX,36355331,36373975,Shared,DOWN,-1.092206682,-1.084215019
ENSMUSG00000037010,Apln,ChrX,47114023,47123730,C57_Specific,DOWN,-1.324752211,
ENSMUSG00000037060,Cavin3,Chr7,105129290,105131507,C57_Specific,DOWN,-1.021373739,
ENSMUSG00000037161,Mgarp,Chr3,51295833,51304159,C57_Specific,DOWN,-1.110593555,
ENSMUSG00000037166,Ppp1r14a,Chr7,28988733,28993226,C57_Specific,DOWN,-1.119682605,
ENSMUSG00000037185,Krt80,Chr15,101245325,101268043,C57_Specific,DOWN,-1.765490241,
ENSMUSG00000037279,Ovol2,Chr2,144147095,144174066,Shared,DOWN,-1.609241808,-1.154399057
ENSMUSG00000037463,Fbxo27,Chr7,28392274,28398763,Shared,DOWN,-1.294154143,-1.149785652
ENSMUSG00000037465,Klf10,Chr15,38291707,38300950,Shared,DOWN,-1.08768348,-1.022585581
ENSMUSG00000037992,Rara,Chr11,98818644,98865768,C57_Specific,DOWN,-1.130982963,
ENSMUSG00000038058,Nod1,Chr6,54900934,54949597,C57_Specific,DOWN,-1.003303326,
ENSMUSG00000038067,Csf3,Chr11,98592089,98594455,C57_Specific,DOWN,-1.032022941,
ENSMUSG00000038086,Hspb2,Chr9,50662378,50663654,C57_Specific,DOWN,-1.181557075,
ENSMUSG00000038173,Enpp6,Chr8,47439922,47549797,Shared,DOWN,-1.259280778,-1.287956132
ENSMUSG00000038195,Rilp,Chr11,75400920,75403994,C57_Specific,DOWN,-1.034597725,
ENSMUSG00000038253,Hoxa5,Chr6,52178734,52181567,C57_Specific,DOWN,-1.283928501,
ENSMUSG00000038296,Galnt18,Chr7,111070868,111379184,C57_Specific,DOWN,-1.00051885,
ENSMUSG00000038400,Pmepa1,Chr2,173066251,173118326,C57_Specific,DOWN,-1.063578318,
ENSMUSG00000038523,1700003F12Rik,Chr2,154389005,154391923,Shared,DOWN,-1.405528145,-2.172716601
ENSMUSG00000038641,Akr1d1,Chr6,37507108,37545750,C57_Specific,DOWN,-4.475878924,
ENSMUSG00000038668,Lpar1,Chr4,58435255,58553898,C57_Specific,DOWN,-1.361707049,
ENSMUSG00000038692,Hoxb4,Chr11,96209093,96212464,C57_Specific,DOWN,-1.331058843,
ENSMUSG00000038811,Gngt2,Chr11,95728042,95736560,C57_Specific,DOWN,-1.260586376,
ENSMUSG00000038994,H1f9,Chr11,94858419,94859282,Shared,DOWN,-2.869347618,-1.156588413
ENSMUSG00000039021,Ttc16,Chr2,32647038,32665645,Shared,DOWN,-1.220371455,-1.420141857
ENSMUSG00000039109,F13a1,Chr13,37051152,37234220,Shared,DOWN,-2.806125562,-2.102300712
ENSMUSG00000039193,Nlrc4,Chr17,74732433,74766137,Shared,DOWN,-1.451317469,-1.093123246
ENSMUSG00000039419,Cntnap2,Chr6,45036291,47281147,Shared,DOWN,-3.013219778,-2.579862983
ENSMUSG00000039476,Prrx2,Chr2,30724984,30771263,C57_Specific,DOWN,-2.390792884,
ENSMUSG00000039539,Sgcz,Chr8,37989452,39128662,Shared,DOWN,-1.144030744,-1.52976765
ENSMUSG00000039629,Strip2,Chr6,29917011,29959680,Shared,DOWN,-1.376661245,-1.731331053
ENSMUSG00000039691,Tspan10,Chr11,120333470,120337776,C57_Specific,DOWN,-2.106623737,
ENSMUSG00000039714,Cplx3,Chr9,57507275,57513564,Shared,DOWN,-2.855453794,-3.563870488
ENSMUSG00000039809,Gabbr2,Chr4,46662305,46991873,Shared,DOWN,-1.036866977,-1.211537339
ENSMUSG00000039814,Xkr5,Chr8,18982745,19000991,Shared,DOWN,-1.051949499,-1.793794588
ENSMUSG00000040134,Rdh7,Chr10,127719897,127724686,C57_Specific,DOWN,-1.593052744,
ENSMUSG00000040441,Slc26a10,Chr10,127007262,127016514,C57_Specific,DOWN,-1.288993826,
ENSMUSG00000040554,Aipl1,Chr11,71918789,71928335,Shared,DOWN,-1.027119657,-1.639808878
ENSMUSG00000040740,Slc25a34,Chr4,141346135,141351132,C57_Specific,DOWN,-1.598602779,
ENSMUSG00000040966,Slc22a2,Chr17,12803019,12847375,C57_Specific,DOWN,-1.244567089,
ENSMUSG00000041046,Ramp3,Chr11,6608521,6627475,C57_Specific,DOWN,-1.038999497,
ENSMUSG00000041062,Mslnl,Chr17,25955016,25967304,Shared,DOWN,-1.1678001,-1.624678623
ENSMUSG00000041378,Cldn5,Chr16,18595597,18597012,C57_Specific,DOWN,-1.247796656,
ENSMUSG00000041534,Rbp3,Chr14,33675960,33686173,Shared,DOWN,-1.176767645,-1.744585103
ENSMUSG00000041566,Tssk1,Chr16,17712087,17715786,Shared,DOWN,-1.229349079,-1.152628103
ENSMUSG00000041617,Ccdc74a,Chr16,17464334,17468602,C57_Specific,DOWN,-1.011029582,
ENSMUSG00000041653,Pnpla3,Chr15,84052038,84071437,C57_Specific,DOWN,-1.253077598,
ENSMUSG00000041782,Lad1,Chr1,135746336,135761080,Shared,DOWN,-1.648753786,-1.73429045
ENSMUSG00000042269,Cibar2,Chr8,120893136,120904205,C57_Specific,DOWN,-1.138225376,
ENSMUSG00000042379,Esm1,Chr13,113346193,113354632,C57_Specific,DOWN,-1.162877668,
ENSMUSG00000042414,Prdm14,Chr1,13183681,13197387,C57_Specific,DOWN,-1.30596482,
ENSMUSG00000042429,Adora1,Chr1,134126963,134163169,Shared,DOWN,-1.000459311,-1.092457347
ENSMUSG00000042451,Mybph,Chr1,134121186,134128970,Shared,DOWN,-2.392933648,-1.748687205
ENSMUSG00000042485,Mustn1,Chr14,30601157,30603567,C57_Specific,DOWN,-1.100805523,
ENSMUSG00000042529,Kcnj12,Chr11,60913390,60961957,Shared,DOWN,-2.774520381,-3.713015464
ENSMUSG00000042641,Rgsl1,Chr1,153655127,153719888,C57_Specific,DOWN,-1.005111985,
ENSMUSG00000042745,Id1,Chr2,152578171,152579330,C57_Specific,DOWN,-1.033255097,
ENSMUSG00000043020,Dnai3,Chr3,145746281,145813885,C57_Specific,DOWN,-2.139224655,
ENSMUSG00000043029,Trpv3,Chr11,73158214,73191189,C57_Specific,DOWN,-1.339639974,
ENSMUSG00000043251,Exoc3l,Chr8,106016556,106022733,C57_Specific,DOWN,-1.017936931,
ENSMUSG00000043583,4930470P17Rik,Chr2,170419798,170455686,Shared,DOWN,-1.854639594,-2.19687326
ENSMUSG00000043719,Col6a6,Chr9,105565008,105705359,Shared,DOWN,-1.299315054,-2.244529
ENSMUSG00000043794,D830025C05Rik,Chr8,26087028,26089223,C57_Specific,DOWN,-1.551292616,
ENSMUSG00000043822,Adamtsl5,Chr10,80174944,80184246,C57_Specific,DOWN,-1.068369413,
ENSMUSG00000043924,Ncmap,Chr4,135096887,135125538,C57_Specific,DOWN,-1.024573216,
ENSMUSG00000043993,2900052L18Rik,Chr11,120105901,120122467,C57_Specific,DOWN,-1.019681477,
ENSMUSG00000044017,Adgrd1,Chr5,129173814,129281663,Shared,DOWN,-1.45500312,-1.189582836
ENSMUSG00000044139,Prss53,Chr7,127485013,127490142,Shared,DOWN,-1.06578943,-1.248969923
ENSMUSG00000044164,Rnf182,Chr13,43769186,43824421,Shared,DOWN,-1.930683506,-2.769855887
ENSMUSG00000044244,Il20rb,Chr9,100339772,100368841,Shared,DOWN,-1.010300744,-1.260064825
ENSMUSG00000044258,Ctla2a,Chr13,61081969,61084439,C57_Specific,DOWN,-1.236855452,
ENSMUSG00000044453,Ffar1,Chr7,30556815,30560989,Shared,DOWN,-1.273322869,-1.43702993
ENSMUSG00000044499,Hs3st5,Chr10,36382810,36710393,Shared,DOWN,-3.107731458,-2.483761959
ENSMUSG00000044667,Plppr4,Chr3,117112788,117154525,Shared,DOWN,-1.150057388,-1.344662384
ENSMUSG00000044703,Phf11a,Chr14,59514362,59534971,C57_Specific,DOWN,-2.352683798,
ENSMUSG00000044716,Dok7,Chr5,35214110,35245183,Shared,DOWN,-1.966465204,-2.221158178
ENSMUSG00000044948,Cfap43,Chr19,47725296,47907726,C57_Specific,DOWN,-1.980940746,
ENSMUSG00000045009,Prrt3,Chr6,113470600,113478892,C57_Specific,DOWN,-1.10399281,
ENSMUSG00000045053,Kcng3,Chr17,83893386,83939324,Shared,DOWN,-2.025419077,-4.109845581
ENSMUSG00000045377,Tmem88,Chr11,69287345,69289060,C57_Specific,DOWN,-1.081322253,
ENSMUSG00000045679,Pqlc3,Chr12,17038649,17050409,C57_Specific,DOWN,-1.078446256,
ENSMUSG00000045761,Togaram2,Chr17,71980256,72036664,Shared,DOWN,-1.951837612,-2.307197701
ENSMUSG00000045826,Ptprcap,Chr19,4203603,4206750,C57_Specific,DOWN,-1.045349825,
ENSMUSG00000045886,Pam16l,Chr10,43400080,43400642,C57_Specific,DOWN,-2.295619698,
ENSMUSG00000045994,B3gat1,Chr9,26645024,26674397,Shared,DOWN,-1.817005389,-1.219580689
ENSMUSG00000046408,1700067K01Rik,Chr8,84728131,84731399,C57_Specific,DOWN,-1.094476028,
ENSMUSG00000046491,C1qtnf2,Chr11,43365103,43382352,C57_Specific,DOWN,-1.39911598,
ENSMUSG00000046610,Oacyl,Chr18,65831339,65884672,Shared,DOWN,-1.484132463,-1.017378402
ENSMUSG00000046814,Gchfr,Chr2,118998254,119002871,C57_Specific,DOWN,-1.068307573,
ENSMUSG00000046997,Spsb4,Chr9,96825535,96900896,C57_Specific,DOWN,-1.433689168,
ENSMUSG00000047040,Prr15l,Chr11,96818930,96828656,C57_Specific,DOWN,-1.380004218,
ENSMUSG00000047197,Gjd3,Chr11,98873006,98873842,C57_Specific,DOWN,-1.419867463,
ENSMUSG00000047495,Dlgap2,Chr8,14145865,14897680,Shared,DOWN,-1.777350805,-1.328066718
ENSMUSG00000047591,Mafa,Chr15,75617339,75620077,Shared,DOWN,-2.019038173,-2.114000757
ENSMUSG00000047641,Krt87,Chr15,101328919,101336685,C57_Specific,DOWN,-1.8170715,
ENSMUSG00000048108,Tmem72,Chr6,116656024,116693874,C57_Specific,DOWN,-1.958136446,
ENSMUSG00000048416,Mlf1,Chr3,67281430,67307336,Shared,DOWN,-1.428489288,-3.477066908
ENSMUSG00000048450,Msx1,Chr5,37977829,37981927,C57_Specific,DOWN,-1.223234136,
ENSMUSG00000048617,Rtbdn,Chr8,85673620,85683232,Shared,DOWN,-1.331663788,-1.314660929
ENSMUSG00000048994,H2al3,ChrX,9715942,9716494,C57_Specific,DOWN,-1.576442173,
ENSMUSG00000049107,Ntf3,Chr6,126078375,126143873,C57_Specific,DOWN,-1.098271345,
ENSMUSG00000049291,Prss38,Chr11,59263495,59266483,Shared,DOWN,-3.110756058,-1.833104075
ENSMUSG00000049396,Gemin4,Chr11,76101397,76108490,C57_Specific,DOWN,-1.364838642,
ENSMUSG00000049571,Cfap46,Chr7,139180867,139263733,Shared,DOWN,-1.260016579,-1.52361214
ENSMUSG00000049690,Nckap5,Chr1,125841357,126758536,Shared,DOWN,-1.732529489,-1.882522535
ENSMUSG00000050087,Cby3,Chr11,50248588,50250526,Shared,DOWN,-1.595501126,-1.09768817
ENSMUSG00000050463,Krt78,Chr15,101854436,101862722,Shared,DOWN,-3.188588087,-5.929413126
ENSMUSG00000050493,Fam167b,Chr4,129470608,129472342,C57_Specific,DOWN,-1.097021179,
ENSMUSG00000051067,Lingo3,Chr10,80668635,80679873,Shared,DOWN,-2.681834819,-3.312487051
ENSMUSG00000051314,Ffar2,Chr7,30517773,30523200,Shared,DOWN,-1.501563538,-1.016341025
ENSMUSG00000051504,Siglech,Chr7,55417926,55428673,C57_Specific,DOWN,-1.921796349,
ENSMUSG00000051590,Map3k19,Chr1,127742528,127782768,Shared,DOWN,-2.816562031,-3.510512809
ENSMUSG00000051998,Lax1,Chr1,133606829,133617846,C57_Specific,DOWN,-1.156525798,
ENSMUSG00000052026,Slc6a7,Chr18,61128452,61147294,C57_Specific,DOWN,-2.843151069,
ENSMUSG00000052373,Mpp3,Chr11,101890478,101919287,Shared,DOWN,-1.061650494,-1.520888304
ENSMUSG00000052563,D930048N14Rik,Chr11,51541772,51548508,C57_Specific,DOWN,-1.000441891,
ENSMUSG00000052951,C130021I20Rik,Chr2,33531205,33556659,Shared,DOWN,-1.01081551,-1.013623911
ENSMUSG00000053675,Tgm5,Chr2,120876592,120916322,Shared,DOWN,-1.508941845,-2.21752889
ENSMUSG00000053693,Mast1,Chr8,85638532,85663988,Shared,DOWN,-1.124414365,-1.060182564
ENSMUSG00000053889,Kirrel3os,Chr9,34829529,34840805,Shared,DOWN,-1.098603065,-2.52479047
ENSMUSG00000053964,Lgals4,Chr7,28533279,28541133,Shared,DOWN,-1.252206622,-1.066084569
ENSMUSG00000054320,Lrrc36,Chr8,106140203,106190718,Shared,DOWN,-1.415360733,-1.97393704
ENSMUSG00000054598,9130230L23Rik,Chr5,66136701,66161628,Shared,DOWN,-1.70513002,-2.089593074
ENSMUSG00000054662,Ano9,Chr7,140681125,140697719,Shared,DOWN,-1.191488148,-1.191190218
ENSMUSG00000054855,Rnd1,Chr15,98561302,98575342,C57_Specific,DOWN,-1.296878103,
ENSMUSG00000054909,Wbscr25,Chr5,135014903,135030204,C57_Specific,DOWN,-1.397251908,
ENSMUSG00000054976,Nyap2,Chr1,81054667,81319479,C57_Specific,DOWN,-1.451059737,
ENSMUSG00000055061,4931431C16Rik,Chr5,35738571,35746116,C57_Specific,DOWN,-2.705318043,
ENSMUSG00000055323,Gm9967,Chr7,126367242,126379918,C57_Specific,DOWN,-1.182302858,
ENSMUSG00000055676,Gm5069,Chr1,180154739,180155749,Shared,DOWN,-1.397039444,-1.161407658
ENSMUSG00000055692,Tmem191,Chr16,17093941,17101093,Shared,DOWN,-1.074237527,-1.053408391
ENSMUSG00000055782,Abcd2,Chr15,91030074,91076002,C57_Specific,DOWN,-1.544548233,
ENSMUSG00000056055,Sag,Chr1,87731402,87772880,C57_Specific,DOWN,-1.326390354,
ENSMUSG00000056281,Or11n2,ChrX,48971868,48980360,Shared,DOWN,-3.056473645,-4.013671667
ENSMUSG00000056316,Gm9996,Chr10,29019278,29020190,C57_Specific,DOWN,-1.391950358,
ENSMUSG00000056445,Hoxaas2,Chr6,52142654,52146544,C57_Specific,DOWN,-1.602302435,
ENSMUSG00000056498,Tmem154,Chr3,84573499,84611882,C57_Specific,DOWN,-1.038790941,
ENSMUSG00000056708,Ier5,Chr1,154972107,154975382,C57_Specific,DOWN,-1.180559027,
ENSMUSG00000056718,Gm13199,Chr2,5866891,5867745,C57_Specific,DOWN,-1.153639147,
ENSMUSG00000056797,Gm4889,Chr8,34795064,34795507,C57_Specific,DOWN,-1.446790045,
ENSMUSG00000057157,Gm6054,Chr5,147345792,147346169,C57_Specific,DOWN,-1.213486742,
ENSMUSG00000057191,AB124611,Chr9,21437472,21456629,C57_Specific,DOWN,-1.229857223,
ENSMUSG00000057948,Unc13d,Chr11,115952921,115968787,C57_Specific,DOWN,-1.132664607,
ENSMUSG00000058715,Fcer1g,Chr1,171057141,171061934,C57_Specific,DOWN,-1.080095248,
ENSMUSG00000059027,9630013D21Rik,Chr4,109486478,109515088,Shared,DOWN,-1.171218705,-1.611416439
ENSMUSG00000059187,Tafa1,Chr6,96090135,96634159,Shared,DOWN,-1.971130526,-1.959696429
ENSMUSG00000060093,H4c1,Chr13,23944675,23945213,C57_Specific,DOWN,-1.082140557,
ENSMUSG00000060445,Sycp2,Chr2,177987086,178049478,Shared,DOWN,-1.821499022,-2.906167807
ENSMUSG00000060467,Gm10080,Chr9,44286041,44286478,C57_Specific,DOWN,-1.667938118,
ENSMUSG00000060470,Adgrg3,Chr8,95744320,95771878,C57_Specific,DOWN,-1.148594915,
ENSMUSG00000060600,Eno3,Chr11,70548028,70553339,Shared,DOWN,-1.051526482,-1.212618022
ENSMUSG00000060639,H4c9,Chr13,22224806,22225532,C57_Specific,DOWN,-1.336996941,
ENSMUSG00000060678,H4c3,Chr13,23881618,23882437,C57_Specific,DOWN,-1.084554369,
ENSMUSG00000060727,Gm12571,Chr11,78040022,78040264,C57_Specific,DOWN,-2.119276094,
ENSMUSG00000060808,B9d1os,Chr11,61395209,61396539,Shared,DOWN,-1.421844226,-1.919181083
ENSMUSG00000060981,H4c8,Chr13,23715220,23715689,Shared,DOWN,-1.626937499,-1.171791973
ENSMUSG00000061482,H4c4,Chr13,23765581,23766718,Shared,DOWN,-1.683763086,-1.395034653
ENSMUSG00000061510,Gm10101,Chr14,47066566,47069488,C57_Specific,DOWN,-1.05002869,
ENSMUSG00000061816,Myl1,Chr1,66963454,66984563,C57_Specific,DOWN,-3.593615199,
ENSMUSG00000062017,Abca14,Chr7,119803184,119924575,Shared,DOWN,-2.72450219,-2.293039097
ENSMUSG00000062044,Lmtk3,Chr7,45433162,45453568,C57_Specific,DOWN,-1.212253657,
ENSMUSG00000062284,Gm6030,Chr16,45025463,45025852,C57_Specific,DOWN,-1.333229954,
ENSMUSG00000062319,Gm10115,Chr2,6955264,6956491,C57_Specific,DOWN,-1.81539687,
ENSMUSG00000062545,Tlr12,Chr4,128509236,128512412,C57_Specific,DOWN,-1.306427093,
ENSMUSG00000063011,Msln,Chr17,25967587,25973352,Shared,DOWN,-2.508253577,-3.305114614
ENSMUSG00000063163,Speer2,Chr16,69653762,69660632,Shared,DOWN,-1.522137967,-1.958626648
ENSMUSG00000063446,Plppr1,Chr4,49059273,49340259,Shared,DOWN,-1.23659224,-1.343393825
ENSMUSG00000063590,Slc22a28,Chr19,8039574,8109346,Shared,DOWN,-2.89294719,-3.185868305
ENSMUSG00000063646,Jakmip1,Chr5,37185679,37307951,Shared,DOWN,-1.102919341,-1.658787556
ENSMUSG00000063767,S100a7a,Chr3,90561324,90565976,C57_Specific,DOWN,-4.00689269,
ENSMUSG00000063851,Rnf183,Chr4,62345777,62353489,C57_Specific,DOWN,-1.332010075,
ENSMUSG00000063971,Krt88,Chr15,101345625,101351788,Shared,DOWN,-1.193632005,-1.929568108
ENSMUSG00000064263,Platr26,Chr2,71486057,71561596,C57_Specific,DOWN,-2.060028204,
ENSMUSG00000064330,Pde6h,Chr6,136900830,136945863,C57_Specific,DOWN,-1.367352921,
ENSMUSG00000064343,mt-Tq,ChrMT,3772,3842,Shared,DOWN,-1.246817192,-1.028969503
ENSMUSG00000064344,mt-Tm,ChrMT,3845,3913,C57_Specific,DOWN,-2.112942921,
ENSMUSG00000064360,mt-Nd3,ChrMT,9459,9806,Shared,DOWN,-4.327687402,-5.985849058
ENSMUSG00000064371,mt-Tt,ChrMT,15289,15355,Shared,DOWN,-1.410540923,-2.015744515
ENSMUSG00000064372,mt-Tp,ChrMT,15356,15422,Shared,DOWN,-1.281644176,-1.384752795
ENSMUSG00000064542,Gm22980,Chr4,117011290,117011359,C57_Specific,DOWN,-1.097933354,
ENSMUSG00000064734,Gm23445,Chr7,126514892,126514998,C57_Specific,DOWN,-2.195012995,
ENSMUSG00000064851,Gm24525,Chr5,7227706,7227856,Shared,DOWN,-5.046619828,-3.435922178
ENSMUSG00000064927,Gm22043,Chr3,40947128,40947285,Shared,DOWN,-1.897468509,-1.844872285
ENSMUSG00000064952,Gm24920,Chr3,94997936,94998020,C57_Specific,DOWN,-2.473781383,
ENSMUSG00000064970,Gm23690,Chr1,181641172,181641265,Shared,DOWN,-1.818341347,-2.581201529
ENSMUSG00000065107,n-R5s88,Chr9,102005087,102005204,C57_Specific,DOWN,-3.76815238,
ENSMUSG00000065331,Gm24927,Chr16,17159770,17159876,C57_Specific,DOWN,-4.759755799,
ENSMUSG00000065400,Mir200a,Chr4,156139353,156139442,C57_Specific,DOWN,-1.950910294,
ENSMUSG00000065538,Mir153,Chr12,117214437,117214505,C57_Specific,DOWN,-2.409454991,
ENSMUSG00000065587,Mir34c,Chr9,51014334,51014410,C57_Specific,DOWN,-3.654414291,
ENSMUSG00000065599,Mir23b,Chr13,63448298,63448371,Shared,DOWN,-1.529175764,-3.126662447
ENSMUSG00000065609,Mir7-2,Chr7,78538025,78538121,Shared,DOWN,-1.617029912,-1.86216533
ENSMUSG00000065616,Mir375,Chr1,74939817,74939880,C57_Specific,DOWN,-1.312510508,
ENSMUSG00000065732,Gm24492,Chr17,84595069,84595175,C57_Specific,DOWN,-3.633598717,
ENSMUSG00000065750,Gm23346,Chr6,70832428,70832563,C57_Specific,DOWN,-1.487421423,
ENSMUSG00000065799,Gm25517,Chr14,76209926,76210059,C57_Specific,DOWN,-2.169460477,
ENSMUSG00000065847,Gm25188,Chr3,86007841,86007962,Shared,DOWN,-3.768450856,-2.733284311
ENSMUSG00000066975,Cryba4,Chr5,112394359,112400384,C57_Specific,DOWN,-1.633878025,
ENSMUSG00000067279,Ppp1r3c,Chr19,36709131,36714053,C57_Specific,DOWN,-1.374656797,
ENSMUSG00000067455,H4c11,Chr13,21919234,21920007,Shared,DOWN,-1.443755639,-1.555544059
ENSMUSG00000067786,Nnat,Chr2,157401998,157404442,Shared,DOWN,-2.774234632,-1.619773994
ENSMUSG00000067818,Myl9,Chr2,156617340,156623578,C57_Specific,DOWN,-1.069523281,
ENSMUSG00000068079,Tcf15,Chr2,151985481,151991017,C57_Specific,DOWN,-1.530626595,
ENSMUSG00000069270,H2ac6,Chr13,23865450,23867931,C57_Specific,DOWN,-1.165637799,
ENSMUSG00000069274,H4c6,Chr13,23735432,23735822,C57_Specific,DOWN,-2.210634447,
ENSMUSG00000069305,H4c18,Chr13,22015937,22016366,C57_Specific,DOWN,-1.640422822,
ENSMUSG00000069306,H4c17,Chr13,21995916,21996317,Shared,DOWN,-1.60730949,-1.467048938
ENSMUSG00000069308,H2bc22,Chr13,21971631,21973383,C57_Specific,DOWN,-2.38445252,
ENSMUSG00000069792,Wfdc17,Chr11,83594817,83597094,C57_Specific,DOWN,-1.780167202,
ENSMUSG00000070034,Sp110,Chr1,85504620,85526538,C57_Specific,DOWN,-1.071377224,
ENSMUSG00000070111,Gm10286,Chr8,95691307,95696382,C57_Specific,DOWN,-1.238030522,
ENSMUSG00000070136,Mir496a,Chr12,109705553,109705631,C57_Specific,DOWN,-2.030524535,
ENSMUSG00000070345,Hsf5,Chr11,87507990,87550368,C57_Specific,DOWN,-1.472000402,
ENSMUSG00000070490,Gm10293,Chr3,52520256,52521257,Shared,DOWN,-1.409544104,-1.787016405
ENSMUSG00000070563,Spaca4,Chr7,45374531,45375237,C57_Specific,DOWN,-2.240597243,
ENSMUSG00000070661,Rnf186,Chr4,138694423,138695676,Shared,DOWN,-1.200806021,-1.459437723
ENSMUSG00000070891,Gm12689,Chr4,99184137,99185495,C57_Specific,DOWN,-1.801505655,
ENSMUSG00000071005,Ccl19,Chr4,42754525,42756577,C57_Specific,DOWN,-2.107316851,
ENSMUSG00000071347,C1qtnf9,Chr14,61005583,61018318,C57_Specific,DOWN,-1.080681483,
ENSMUSG00000071478,H2ac7,Chr13,23758555,23759126,Shared,DOWN,-1.111742888,-1.300529236
ENSMUSG00000072673,Gm10392,Chr11,77407486,77410024,C57_Specific,DOWN,-1.515937884,
ENSMUSG00000072720,Myo18b,Chr5,112836742,113044228,C57_Specific,DOWN,-1.037295384,
ENSMUSG00000072753,9230020A06Rik,Chr11,71403173,71464009,Shared,DOWN,-2.963078639,-4.10022459
ENSMUSG00000073491,Ifi213,Chr1,173393849,173426840,C57_Specific,DOWN,-1.547657821,
ENSMUSG00000073528,Gm10530,Chr1,159442319,159512446,C57_Specific,DOWN,-3.121230279,
ENSMUSG00000073728,Tmem51os1,Chr4,141811182,141815521,Shared,DOWN,-1.109199634,-1.102968036
ENSMUSG00000073752,Gm10570,Chr4,130183952,130202467,Shared,DOWN,-1.027366293,-1.019970045
ENSMUSG00000073761,4933427I04Rik,Chr4,123753446,123756962,C57_Specific,DOWN,-2.326288387,
ENSMUSG00000074037,Mc1r,Chr8,124133846,124137483,C57_Specific,DOWN,-2.346885922,
ENSMUSG00000074039,4930520O04Rik,Chr9,114196960,114208127,Shared,DOWN,-1.025976259,-1.656563204
ENSMUSG00000074240,Cib3,Chr8,72958179,72966840,Shared,DOWN,-1.582396745,-2.62813248
ENSMUSG00000074344,Tmigd3,Chr3,105778219,105831358,Shared,DOWN,-1.479445628,-2.197593457
ENSMUSG00000074628,Tldc2,Chr2,156928975,156938402,Shared,DOWN,-1.132672245,-1.490285678
ENSMUSG00000074639,Rdh16f2,Chr10,127702343,127713186,Shared,DOWN,-1.655895113,-1.966568329
ENSMUSG00000074676,Foxs1,Chr2,152773818,152775128,C57_Specific,DOWN,-1.251109641,
ENSMUSG00000074715,Ccl28,Chr13,120085355,120115895,C57_Specific,DOWN,-1.49975564,
ENSMUSG00000074912,Gm14207,Chr2,119143467,119157582,Shared,DOWN,-2.302577929,-1.232237476
ENSMUSG00000074981,Dcdc5,Chr2,105868563,106234411,Shared,DOWN,-1.546970561,-1.701642785
ENSMUSG00000075010,AW112010,Chr19,11021549,11033246,C57_Specific,DOWN,-1.013108443,
ENSMUSG00000075031,H2bc3,Chr13,23930717,23931224,Shared,DOWN,-1.234780032,-1.398320363
ENSMUSG00000075394,Hoxc4,Chr15,102927366,102945278,C57_Specific,DOWN,-2.146271781,
ENSMUSG00000075480,Gm10840,Chr11,106051019,106051984,Shared,DOWN,-1.273776855,-1.55038398
ENSMUSG00000075600,Zc3h3,Chr15,75626279,75713764,Shared,DOWN,-1.513914555,-2.030755742
ENSMUSG00000076335,Mir670,Chr2,94091645,94091744,Shared,DOWN,-1.647422593,-1.009387517
ENSMUSG00000077383,Gm22659,Chr9,46474272,46474401,C57_Specific,DOWN,-1.476125991,
ENSMUSG00000077497,Gm23593,Chr14,57570823,57570942,C57_Specific,DOWN,-3.332338835,
ENSMUSG00000077602,Gm22672,Chr16,24702923,24703056,C57_Specific,DOWN,-3.457939729,
ENSMUSG00000078253,Krtap16-1,Chr11,99875536,99877423,C57_Specific,DOWN,-1.192465202,
ENSMUSG00000078444,Gm10941,Chr10,77069656,77095116,Shared,DOWN,-1.743855197,-1.761751285
ENSMUSG00000078486,Perm1,Chr4,156300325,156305764,C57_Specific,DOWN,-1.289106838,
ENSMUSG00000078519,2310026L22Rik,Chr4,137938997,137943503,C57_Specific,DOWN,-2.107155908,
ENSMUSG00000078531,Gm831,Chr4,131214364,131232838,Shared,DOWN,-1.726423496,-2.236400204
ENSMUSG00000078796,Zfp541,Chr7,15795739,15830259,Shared,DOWN,-2.23813823,-3.922769128
ENSMUSG00000078816,Prkcg,Chr7,3337704,3379615,Shared,DOWN,-1.008017904,-1.274709352
ENSMUSG00000078935,1700025C18Rik,Chr2,164920613,164932670,Shared,DOWN,-4.020503857,-4.551953349
ENSMUSG00000079071,Slc28a2b,Chr2,122315422,122358521,C57_Specific,DOWN,-2.500155561,
ENSMUSG00000079243,Xirp1,Chr9,119842821,119852664,C57_Specific,DOWN,-2.017864252,
ENSMUSG00000079262,Slco1a6,Chr6,142031487,142154247,C57_Specific,DOWN,-1.129606836,
ENSMUSG00000079560,Hoxa3,Chr6,52146042,52190316,C57_Specific,DOWN,-1.058849414,
ENSMUSG00000079598,Clec2l,Chr6,38640002,38657800,C57_Specific,DOWN,-1.453797843,
ENSMUSG00000080950,Gm7278,Chr1,152604910,152606310,Shared,DOWN,-1.183617644,-2.824299803
ENSMUSG00000081046,Gm12846,Chr4,98552603,98554374,Shared,DOWN,-3.234347287,-1.43746351
ENSMUSG00000081078,Gm12568,Chr11,46134398,46135021,Shared,DOWN,-2.809004226,-1.644147196
ENSMUSG00000081196,Gm13858,Chr6,34356402,34357380,C57_Specific,DOWN,-3.338829141,
ENSMUSG00000081307,Gm13627,Chr2,66359758,66361090,Shared,DOWN,-2.941432885,-1.483978825
ENSMUSG00000081340,Gm12275,Chr11,62195690,62195996,C57_Specific,DOWN,-1.945504806,
ENSMUSG00000081487,Gm13689,Chr2,80380056,80380740,Shared,DOWN,-2.892288845,-1.650358088
ENSMUSG00000081512,Gm15821,Chr17,34430286,34433433,Shared,DOWN,-1.042601842,-1.313804018
ENSMUSG00000081619,Gm13351,Chr2,18183840,18184253,Shared,DOWN,-2.822292411,-2.32340432
ENSMUSG00000081648,Gm13423,Chr2,23092045,23093695,C57_Specific,DOWN,-1.63375365,
ENSMUSG00000081730,Gm13785,Chr2,92142499,92143188,C57_Specific,DOWN,-1.799615828,
ENSMUSG00000081758,Gm11460,Chr2,165508417,165508777,Shared,DOWN,-2.347342622,-1.323253219
ENSMUSG00000081873,Gm15197,Chr10,42206782,42207259,C57_Specific,DOWN,-2.202337602,
ENSMUSG00000081884,Gm11821,Chr4,11400346,11401324,Shared,DOWN,-1.384874339,-1.550736715
ENSMUSG00000081968,Rpl23a-ps2,Chr11,70770254,70770727,C57_Specific,DOWN,-2.623941316,
ENSMUSG00000082078,Gm12098,Chr11,30518182,30518898,Shared,DOWN,-3.176814408,-1.977196414
ENSMUSG00000082129,Gm14502,ChrX,8696561,8696673,C57_Specific,DOWN,-1.373678674,
ENSMUSG00000082183,Gm15994,Chr7,112923465,112923866,C57_Specific,DOWN,-3.865812486,
ENSMUSG00000082247,Gm16074,Chr10,3942371,3942814,Shared,DOWN,-1.773806004,-3.038573532
ENSMUSG00000082305,Gm2420,Chr5,32877735,32893538,C57_Specific,DOWN,-2.435006264,
ENSMUSG00000082315,Gm16523,Chr2,39051229,39052001,Shared,DOWN,-2.353595417,-1.520078609
ENSMUSG00000082520,Gm13349,Chr2,18343390,18343800,C57_Specific,DOWN,-1.49560656,
ENSMUSG00000082532,Rpl31-ps6,Chr5,123604572,123604949,Shared,DOWN,-2.875811082,-1.223244947
ENSMUSG00000082535,Gm7860,Chr16,91336070,91336948,C57_Specific,DOWN,-3.644693212,
ENSMUSG00000082651,Gm14001,Chr2,121231626,121231872,Shared,DOWN,-1.230866154,-1.235429066
ENSMUSG00000082762,Gm12366,Chr4,35202103,35202975,Shared,DOWN,-1.48395779,-1.080731846
ENSMUSG00000082996,Gm6238,ChrX,103425648,103426112,C57_Specific,DOWN,-3.780027364,
ENSMUSG00000083012,Fam220a,Chr5,143534463,143550286,Shared,DOWN,-1.082307281,-1.995864951
ENSMUSG00000083306,Gm13868,Chr2,102142259,102142552,C57_Specific,DOWN,-2.233723322,
ENSMUSG00000083327,Vcp-rs,ChrX,103389435,103391840,C57_Specific,DOWN,-3.493963676,
ENSMUSG00000083332,Gm7599,Chr18,12875521,12876316,Shared,DOWN,-2.490344392,-1.36403579
ENSMUSG00000083518,Gm9429,ChrX,7900451,7901318,Shared,DOWN,-2.226476616,-1.878386225
ENSMUSG00000083563,Gm13340,Chr2,22478115,22479659,Shared,DOWN,-1.024489389,-1.067370616
ENSMUSG00000083626,Gm4459,Chr7,139239604,139240071,C57_Specific,DOWN,-1.620051221,
ENSMUSG00000083670,Gm6829,ChrX,9193988,9194347,C57_Specific,DOWN,-1.518093375,
ENSMUSG00000083700,Gm2986,Chr5,93343657,93344038,C57_Specific,DOWN,-2.190900218,
ENSMUSG00000083827,Gm15712,Chr16,43004936,43006091,Shared,DOWN,-2.408580596,-1.063774435
ENSMUSG00000083863,Gm13341,Chr2,22477303,22477974,Shared,DOWN,-1.064306829,-1.01342729
ENSMUSG00000083897,Gm14843,ChrX,100522954,100523165,C57_Specific,DOWN,-1.471061907,
ENSMUSG00000083953,Gm14049,Chr2,130829904,130830539,Shared,DOWN,-3.039623577,-1.663648616
ENSMUSG00000084024,Gm15937,Chr15,5238394,5239628,Shared,DOWN,-1.208212521,-1.521520333
ENSMUSG00000084056,Rhox3b-ps,ChrX,36598665,36607616,C57_Specific,DOWN,-2.128775606,
ENSMUSG00000084132,Gm15982,Chr5,74517244,74519080,C57_Specific,DOWN,-2.138316927,
ENSMUSG00000084143,Gm13400,Chr2,30813990,30814369,Shared,DOWN,-1.09983443,-1.133748806
ENSMUSG00000084154,Gm15644,Chr6,66989469,66989855,Shared,DOWN,-1.882319372,-1.747767669
ENSMUSG00000084249,Gm12267,Chr11,60340036,60340796,C57_Specific,DOWN,-2.57180023,
ENSMUSG00000084274,Ptma-ps2,Chr4,44123238,44123543,Shared,DOWN,-2.378054897,-1.643834187
ENSMUSG00000084277,Gm11702,Chr11,115548317,115548385,C57_Specific,DOWN,-2.385147298,
ENSMUSG00000084383,Gm13370,Chr2,24875996,24876478,C57_Specific,DOWN,-2.308928775,
ENSMUSG00000084399,Gm15666,Chr10,105341986,105342961,Shared,DOWN,-2.241503078,-1.191854369
ENSMUSG00000084411,Gm11510,Chr11,88323812,88324340,Shared,DOWN,-1.834191954,-1.180284074
ENSMUSG00000084761,Gm12406,Chr4,41638599,41647601,Shared,DOWN,-1.992551193,-2.143193181
ENSMUSG00000084796,Mir142hg,Chr11,87645630,87648103,C57_Specific,DOWN,-2.180367788,
ENSMUSG00000084837,1700108N11Rik,Chr2,144173338,144174567,Shared,DOWN,-2.176007517,-1.555357467
ENSMUSG00000084902,Gm281,Chr14,8555285,8655145,Shared,DOWN,-2.006034542,-3.366459606
ENSMUSG00000084904,Gm14827,ChrX,93486338,93491333,C57_Specific,DOWN,-1.040793725,
ENSMUSG00000084983,Gm11789,Chr11,120416803,120422756,Shared,DOWN,-2.840480877,-2.303795014
ENSMUSG00000085022,Gm5860,Chr4,81900283,82053563,C57_Specific,DOWN,-1.235627443,
ENSMUSG00000085078,C030013C21Rik,Chr11,80398226,80400079,C57_Specific,DOWN,-1.807458506,
ENSMUSG00000085084,4930570G19Rik,Chr3,156073048,156267452,C57_Specific,DOWN,-1.028693672,
ENSMUSG00000085116,Gm2735,Chr9,59751610,59751886,C57_Specific,DOWN,-2.363646314,
ENSMUSG00000085158,Gm14264,Chr2,170494354,170504385,C57_Specific,DOWN,-1.061293652,
ENSMUSG00000085172,Gm6542,Chr18,36743011,36743782,Shared,DOWN,-1.475735285,-1.61455183
ENSMUSG00000085204,Gm15327,Chr13,111945660,111947578,Shared,DOWN,-1.568189248,-1.491833323
ENSMUSG00000085207,Gm11767,Chr11,119822911,119834232,C57_Specific,DOWN,-1.324807743,
ENSMUSG00000085304,Gm12802,Chr4,106983810,106993449,C57_Specific,DOWN,-1.508411122,
ENSMUSG00000085310,Gm11491,Chr11,87012370,87017854,C57_Specific,DOWN,-1.820562582,
ENSMUSG00000085318,Gm12524,Chr3,108073759,108093223,C57_Specific,DOWN,-1.313087606,
ENSMUSG00000085331,Gm11274,Chr13,21941595,21955933,Shared,DOWN,-2.108271974,-1.981982975
ENSMUSG00000085391,Gm16150,Chr1,38274286,38286736,C57_Specific,DOWN,-3.854254795,
ENSMUSG00000085399,Foxd2os,Chr4,114766200,114779166,C57_Specific,DOWN,-1.194429136,
ENSMUSG00000085415,Selenok-ps1,Chr11,23508058,23508842,C57_Specific,DOWN,-1.694267177,
ENSMUSG00000085482,A230083N12Rik,Chr4,74168549,74170098,C57_Specific,DOWN,-1.149674282,
ENSMUSG00000085521,4930526A20Rik,Chr17,28294380,28295329,C57_Specific,DOWN,-1.139627202,
ENSMUSG00000085639,Gm15410,Chr5,148883402,148890003,C57_Specific,DOWN,-2.997760684,
ENSMUSG00000085684,4930469K13Rik,Chr11,33923961,34053738,Shared,DOWN,-1.06548295,-2.111639723
ENSMUSG00000085705,Gm16046,Chr17,13895924,13903832,C57_Specific,DOWN,-1.05014617,
ENSMUSG00000085772,D630024D03Rik,Chr11,31687255,31774646,Shared,DOWN,-1.327681564,-2.162920762
ENSMUSG00000085788,4930470G03Rik,Chr13,21624641,21630104,C57_Specific,DOWN,-1.339470598,
ENSMUSG00000085791,Rpl30-ps9,ChrX,104322243,104322587,C57_Specific,DOWN,-1.97549536,
ENSMUSG00000085828,Gm15612,Chr6,88819836,88824256,Shared,DOWN,-1.427291149,-1.756463694
ENSMUSG00000085926,Gm12299,Chr11,66892912,66902451,C57_Specific,DOWN,-1.475266322,
ENSMUSG00000085958,A930019D19Rik,Chr2,146101206,146109080,C57_Specific,DOWN,-1.296696905,
ENSMUSG00000085968,Gm13027,Chr4,139859188,139860662,Shared,DOWN,-2.281810241,-2.689001773
ENSMUSG00000086075,Gm15728,Chr5,117527187,117531563,Shared,DOWN,-1.106839273,-1.48929445
ENSMUSG00000086096,Gm12688,Chr4,99541833,99546551,Discordant,DOWN,-1.671220434,1.208690178
ENSMUSG00000086098,Gm14291,Chr2,167043496,167044719,Shared,DOWN,-1.085389236,-1.280282679
ENSMUSG00000086164,Gm13029,Chr4,139870184,139872304,Shared,DOWN,-2.216209491,-1.082197635
ENSMUSG00000086255,Gm11534,Chr11,95759980,95767206,C57_Specific,DOWN,-2.728470001,
ENSMUSG00000086279,Gm15634,Chr8,46605515,46609309,Shared,DOWN,-1.179855127,-1.41673916
ENSMUSG00000086355,4933428C19Rik,Chr4,40482839,40529234,Shared,DOWN,-1.155233933,-1.653329523
ENSMUSG00000086368,Gm13830,Chr5,115438793,115457267,C57_Specific,DOWN,-1.091476849,
ENSMUSG00000086390,1810019D21Rik,Chr8,106862013,106865758,C57_Specific,DOWN,-1.04267525,
ENSMUSG00000086442,Gm11722,Chr11,107372742,107373933,C57_Specific,DOWN,-1.95345668,
ENSMUSG00000086443,4933421A08Rik,Chr4,122855081,122871058,C57_Specific,DOWN,-3.882271602,
ENSMUSG00000086481,Gm11707,Chr11,106848076,106864047,C57_Specific,DOWN,-1.5027087,
ENSMUSG00000086483,8030443G20Rik,Chr4,108800040,108829274,C57_Specific,DOWN,-1.750655755,
ENSMUSG00000086513,Gvin-ps1,Chr7,105473430,105480722,C57_Specific,DOWN,-1.722421812,
ENSMUSG00000086527,Gm15856,Chr6,121200651,121203112,C57_Specific,DOWN,-3.744352705,
ENSMUSG00000086549,Gm13648,Chr4,156137172,156144278,Shared,DOWN,-1.672274138,-1.04411997
ENSMUSG00000086600,C030005K06Rik,Chr18,50175797,50186911,Shared,DOWN,-1.627791545,-1.397864948
ENSMUSG00000086630,Gm14397,Chr2,165001332,165005889,Shared,DOWN,-1.853561187,-2.470486494
ENSMUSG00000086662,BC046251,Chr7,65231818,65268632,Shared,DOWN,-1.437943663,-1.158785936
ENSMUSG00000086700,Gm15747,Chr5,123531703,123536030,C57_Specific,DOWN,-1.574320783,
ENSMUSG00000086712,Mexis,Chr4,53261354,53339840,Shared,DOWN,-1.419884436,-1.84264504
ENSMUSG00000086773,Gm16192,Chr8,41491355,41495090,C57_Specific,DOWN,-2.182972452,
ENSMUSG00000086779,Gm13562,Chr2,26242437,26263311,C57_Specific,DOWN,-1.202297604,
ENSMUSG00000086859,Snhg20,Chr11,116966617,116969792,C57_Specific,DOWN,-1.09353805,
ENSMUSG00000086866,4930512H18Rik,Chr8,62301804,62375868,C57_Specific,DOWN,-3.324706955,
ENSMUSG00000086898,Itpr3os,Chr17,27318244,27320460,Shared,DOWN,-1.454649599,-3.614150198
ENSMUSG00000086900,Kcnab3os,Chr11,69219428,69222974,C57_Specific,DOWN,-1.127117225,
ENSMUSG00000086913,Gm14019,Chr2,121695719,121698075,C57_Specific,DOWN,-1.461792665,
ENSMUSG00000086915,Gm16364,Chr10,39434492,39489916,C57_Specific,DOWN,-1.156644769,
ENSMUSG00000086917,Gm11630,Chr11,97775323,97784644,C57_Specific,DOWN,-1.562039737,
ENSMUSG00000086949,Gm13066,Chr4,149650077,149652247,Shared,DOWN,-1.512782273,-1.652197032
ENSMUSG00000086961,Gm12946,Chr4,126039772,126041528,Shared,DOWN,-1.780764507,-1.698792284
ENSMUSG00000087006,Gm13889,Chr2,93786155,93787546,C57_Specific,DOWN,-1.162887124,
ENSMUSG00000087027,Gm13206,Chr4,148384210,148401342,Shared,DOWN,-3.481487533,-4.557698847
ENSMUSG00000087060,Eldr,Chr11,16850489,16901299,C57_Specific,DOWN,-1.014922009,
ENSMUSG00000087067,Gm11532,Chr11,96911334,96917164,C57_Specific,DOWN,-1.195476132,
ENSMUSG00000087094,Gm13093,Chr4,150198336,150203720,C57_Specific,DOWN,-1.377608632,
ENSMUSG00000087181,Gm13570,Chr2,59928750,59929058,Shared,DOWN,-2.530835879,-1.691143698
ENSMUSG00000087193,Gm14820,ChrX,7814420,7941242,C57_Specific,DOWN,-2.519379691,
ENSMUSG00000087230,Mroh3,Chr1,136109390,136140566,Shared,DOWN,-2.20445707,-2.044576133
ENSMUSG00000087272,Gm15409,Chr5,148892680,148898592,C57_Specific,DOWN,-1.247047473,
ENSMUSG00000087327,Gm15884,Chr6,124691635,124695836,C57_Specific,DOWN,-1.047886087,
ENSMUSG00000087355,Gm13187,Chr2,4292406,4305978,Shared,DOWN,-2.319564326,-1.411986682
ENSMUSG00000087365,C430049B03Rik,ChrX,52141990,52146404,C57_Specific,DOWN,-2.147479264,
ENSMUSG00000087373,Gm15892,Chr11,87949892,87958305,C57_Specific,DOWN,-1.652935357,
ENSMUSG00000087400,Gm15270,Chr10,24206382,24473012,C57_Specific,DOWN,-1.377857856,
ENSMUSG00000087407,Gm11431,Chr11,84654658,84668655,C57_Specific,DOWN,-2.857064292,
ENSMUSG00000087445,Gm14286,Chr2,157386186,157387389,C57_Specific,DOWN,-1.110237319,
ENSMUSG00000087455,5330411J11Rik,Chr2,59212841,59217815,Shared,DOWN,-1.290507251,-1.541728097
ENSMUSG00000087579,Hectd2os,Chr19,36475152,36683878,C57_Specific,DOWN,-1.410099436,
ENSMUSG00000087600,Pmepa1os,Chr2,173118452,173128306,Shared,DOWN,-2.079724867,-2.235624186
ENSMUSG00000087627,A230059L01Rik,Chr1,146678703,146683078,C57_Specific,DOWN,-1.681625624,
ENSMUSG00000087632,Gm6058,Chr1,157211501,157211899,Shared,DOWN,-4.556437036,-1.998099442
ENSMUSG00000088478,Mir1946b,Chr9,21524740,21524872,C57_Specific,DOWN,-2.564865456,
ENSMUSG00000088793,Gm22540,Chr9,44387713,44387829,C57_Specific,DOWN,-1.649565975,
ENSMUSG00000089255,Snora78,Chr17,24938650,24938777,Shared,DOWN,-1.595498276,-1.184398587
ENSMUSG00000089381,Gm24678,Chr4,120760657,120760760,Shared,DOWN,-4.491663472,-3.087442313
ENSMUSG00000089486,Gm24737,Chr13,94092818,94092917,C57_Specific,DOWN,-3.958012577,
ENSMUSG00000089493,Gm26361,Chr3,95704011,95704196,C57_Specific,DOWN,-2.25755976,
ENSMUSG00000089585,Gm23338,Chr4,40458939,40459033,C57_Specific,DOWN,-2.765778005,
ENSMUSG00000089639,Gm2862,Chr15,25681884,25682211,C57_Specific,DOWN,-1.817126639,
ENSMUSG00000089678,Agxt2,Chr15,10358618,10410239,Shared,DOWN,-1.458992202,-1.885267443
ENSMUSG00000089789,Rdh1,Chr10,127595590,127604166,Shared,DOWN,-1.101868662,-1.802178149
ENSMUSG00000089827,1700023H06Rik,Chr13,81032337,81035213,C57_Specific,DOWN,-1.019438943,
ENSMUSG00000089829,Gm16565,Chr1,165607638,165616936,Shared,DOWN,-1.143841292,-2.588104488
ENSMUSG00000089854,Gm16133,Chr13,63477370,63487775,Shared,DOWN,-2.43799997,-3.09184284
ENSMUSG00000090002,Gm16006,Chr15,57571506,57572415,Shared,DOWN,-1.457035686,-1.268031173
ENSMUSG00000090101,Snhg9,Chr17,24938495,24939471,C57_Specific,DOWN,-1.543558589,
ENSMUSG00000090135,Gm15809,Chr13,43151987,43159543,Shared,DOWN,-2.668872161,-3.109768722
ENSMUSG00000090168,D630014O11Rik,Chr17,73942586,73947215,Shared,DOWN,-1.952084689,-2.968230974
ENSMUSG00000090220,Pitpnm2os1,Chr5,124367775,124375200,Shared,DOWN,-1.578889629,-1.735645449
ENSMUSG00000090223,Pcp4,Chr16,96268806,96326993,C57_Specific,DOWN,-1.117606455,
ENSMUSG00000090237,Gm16308,Chr15,71681957,71685629,Shared,DOWN,-2.216065429,-2.512666661
ENSMUSG00000090272,Mndal,Chr1,173676692,173708447,C57_Specific,DOWN,-1.047162571,
ENSMUSG00000090273,Prr22,Chr17,57077250,57079208,Shared,DOWN,-1.46214737,-1.096553908
ENSMUSG00000090516,Rps11-ps1,Chr9,59379042,59379516,Shared,DOWN,-1.736526755,-1.770815884
ENSMUSG00000090685,Atp6v1fnb,Chr6,29471436,29473464,Shared,DOWN,-2.195532119,-2.97005414
ENSMUSG00000090778,Gm3235,Chr8,92347194,92356536,C57_Specific,DOWN,-2.634327098,
ENSMUSG00000091019,Gm7502,Chr18,7932782,7933514,C57_Specific,DOWN,-2.484367372,
ENSMUSG00000091313,Fth-ps2,Chr6,39630384,39630899,Shared,DOWN,-1.362947053,-1.252112206
ENSMUSG00000091472,Gm3739,Chr14,15154693,15176125,C57_Specific,DOWN,-1.250293703,
ENSMUSG00000091478,Gm10039,Chr11,100252542,100252952,C57_Specific,DOWN,-1.227697944,
ENSMUSG00000091509,Gm17066,Chr14,105346826,105352112,C57_Specific,DOWN,-1.018602766,
ENSMUSG00000091577,Gm6211,Chr13,103296422,103297346,C57_Specific,DOWN,-2.746657233,
ENSMUSG00000091659,Gm17099,Chr9,45084295,45086459,Shared,DOWN,-2.924412672,-2.876531736
ENSMUSG00000091735,Gpr62,Chr9,106341161,106343137,Shared,DOWN,-1.598181683,-1.841048364
ENSMUSG00000091831,Gm4707,Chr17,71765298,71766913,Shared,DOWN,-2.103993026,-1.186361585
ENSMUSG00000091900,Gm4353,Chr7,115682602,115683793,C57_Specific,DOWN,-1.839491169,
ENSMUSG00000091993,B930036N10Rik,Chr1,171328136,171331679,C57_Specific,DOWN,-1.019004697,
ENSMUSG00000092006,Gm17139,Chr12,84964922,84966012,C57_Specific,DOWN,-1.348055421,
ENSMUSG00000092085,Gm17224,Chr1,172032500,172041253,Shared,DOWN,-1.468883508,-1.369808936
ENSMUSG00000092250,Gm20467,Chr19,43534856,43604772,C57_Specific,DOWN,-1.771788976,
ENSMUSG00000092253,H2-Q3,Chr17,35577965,35578948,C57_Specific,DOWN,-2.985839628,
ENSMUSG00000092274,Neat1,Chr19,5874736,5897132,Shared,DOWN,-1.193250261,-1.169975846
ENSMUSG00000092284,Gm8801,Chr17,36258138,36263189,C57_Specific,DOWN,-3.457161108,
ENSMUSG00000092354,Gm20548,Chr5,101974479,101994952,C57_Specific,DOWN,-1.504950689,
ENSMUSG00000092470,Gm20518,Chr16,17653141,17709535,Shared,DOWN,-1.302193007,-1.252341028
ENSMUSG00000092500,Gm20400,Chr6,142107218,142119687,C57_Specific,DOWN,-1.125917934,
ENSMUSG00000092536,Gm20501,Chr7,141497434,141505056,Shared,DOWN,-1.015531457,-1.433079176
ENSMUSG00000092540,Gm8738,Chr11,103770741,103771069,C57_Specific,DOWN,-1.750636369,
ENSMUSG00000092556,Or11a3-ps1,Chr17,37587539,37588996,C57_Specific,DOWN,-1.592973976,
ENSMUSG00000092563,Gm3617,Chr1,39353980,39354534,C57_Specific,DOWN,-4.687805556,
ENSMUSG00000092604,Gm20508,Chr17,36302759,36304919,Shared,DOWN,-1.188302298,-1.902226526
ENSMUSG00000092695,Mir3092,Chr3,27639049,27639144,C57_Specific,DOWN,-2.189431943,
ENSMUSG00000093392,Gm6061,Chr3,122050377,122050868,Shared,DOWN,-1.18608495,-1.156110214
ENSMUSG00000093599,Mir5620,Chr7,7301890,7301945,C57_Specific,DOWN,-1.110992834,
ENSMUSG00000093601,Gm19459,Chr10,58075430,58076483,C57_Specific,DOWN,-3.309363284,
ENSMUSG00000093628,Gm20616,Chr19,26598140,26600836,Shared,DOWN,-3.092819011,-2.586792597
ENSMUSG00000093668,Pou5f2,Chr13,78173021,78174414,C57_Specific,DOWN,-2.212376711,
ENSMUSG00000093672,Gm20655,Chr10,17660343,17711353,Shared,DOWN,-1.235964026,-1.268225595
ENSMUSG00000093673,Gm20644,Chr11,98176208,98178270,C57_Specific,DOWN,-1.318951784,
ENSMUSG00000093739,Gm20692,Chr6,120489410,120490193,Shared,DOWN,-2.196452752,-2.411121716
ENSMUSG00000093751,Gm3307,Chr7,63255767,63256398,C57_Specific,DOWN,-2.611392538,
ENSMUSG00000094112,9330182O14Rik,Chr15,39997761,40013406,C57_Specific,DOWN,-2.420339369,
ENSMUSG00000094250,Gm4479,Chr14,57024974,57025144,C57_Specific,DOWN,-4.078750166,
ENSMUSG00000094306,Gm24924,Chr18,14780824,14780987,C57_Specific,DOWN,-2.177660406,
ENSMUSG00000094392,Gm3788,Chr3,86579340,86579475,C57_Specific,DOWN,-1.028893903,
ENSMUSG00000094447,9430069I07Rik,Chr15,34349197,34358018,Shared,DOWN,-3.167659974,-1.228566368
ENSMUSG00000094893,Gm4791,Chr9,46910039,46915158,Shared,DOWN,-3.381560076,-4.047416221
ENSMUSG00000095026,Gm3336,Chr8,71171192,71175283,Shared,DOWN,-1.397591374,-1.286318556
ENSMUSG00000095040,1700001J03Rik,Chr5,146119251,146122114,C57_Specific,DOWN,-1.352367791,
ENSMUSG00000095105,Edaradd,Chr13,12487513,12535319,C57_Specific,DOWN,-1.145428942,
ENSMUSG00000095304,Plac9,Chr14,25887930,25903524,C57_Specific,DOWN,-1.163224816,
ENSMUSG00000095616,Gm26244,Chr18,10150977,10151140,C57_Specific,DOWN,-3.390410128,
ENSMUSG00000096010,H4c16,Chr6,136778551,136781413,C57_Specific,DOWN,-1.596330152,
ENSMUSG00000096141,Dnah7a,Chr1,53436165,53745943,C57_Specific,DOWN,-1.102497865,
ENSMUSG00000096768,Gm47283,ChrY,90796007,90833677,Shared,DOWN,-1.197973339,-1.018205588
ENSMUSG00000096847,Tmem151b,Chr17,45852878,45860603,C57_Specific,DOWN,-1.081675748,
ENSMUSG00000096929,A330023F24Rik,Chr1,194658636,194720212,Shared,DOWN,-1.130075418,-1.710868044
ENSMUSG00000096936,Gm3510,Chr5,16128747,16140640,C57_Specific,DOWN,-1.381050311,
ENSMUSG00000096938,9530052E02Rik,Chr8,11057741,11116532,C57_Specific,DOWN,-1.011802237,
ENSMUSG00000096950,Gm9530,Chr1,154939182,154959294,Shared,DOWN,-1.241841729,-1.522409416
ENSMUSG00000096967,Gm26621,Chr15,68206564,68209280,Shared,DOWN,-1.110858586,-2.388543696
ENSMUSG00000096971,4930556M19Rik,Chr15,10713703,10790209,C57_Specific,DOWN,-1.023662176,
ENSMUSG00000097003,D930007P13Rik,Chr15,103031491,103055799,Shared,DOWN,-2.984497388,-2.75407122
ENSMUSG00000097060,Gm26759,Chr8,127227449,127317727,Shared,DOWN,-1.256538574,-1.287667369
ENSMUSG00000097182,A830009L08Rik,Chr13,91516386,91536426,Shared,DOWN,-1.973345635,-1.454332767
ENSMUSG00000097250,Gm26771,Chr3,83679850,83697633,C57_Specific,DOWN,-1.392975496,
ENSMUSG00000097261,4930532G15Rik,Chr1,185091637,185095126,C57_Specific,DOWN,-1.041598608,
ENSMUSG00000097266,Gm26802,Chr7,19032185,19034695,Shared,DOWN,-1.393484471,-2.599287499
ENSMUSG00000097286,Gm26684,Chr15,54815466,54834615,Shared,DOWN,-1.276117858,-1.114709996
ENSMUSG00000097324,Carmn,Chr18,61782325,61799611,C57_Specific,DOWN,-2.019897079,
ENSMUSG00000097336,Fendrr,Chr8,121781621,121809849,C57_Specific,DOWN,-1.207836698,
ENSMUSG00000097385,Gm26814,Chr6,4942147,4946295,C57_Specific,DOWN,-1.891172967,
ENSMUSG00000097435,Gm26783,Chr1,134569992,134574258,C57_Specific,DOWN,-3.552154671,
ENSMUSG00000097464,Gm26736,Chr6,4946568,4947803,Shared,DOWN,-2.61570419,-1.484954936
ENSMUSG00000097476,Gm26583,Chr12,112909983,112923214,C57_Specific,DOWN,-1.049267348,
ENSMUSG00000097545,Mir124a-1hg,Chr14,64824613,64835573,C57_Specific,DOWN,-1.478775878,
ENSMUSG00000097583,6430590A07Rik,Chr3,40817683,40848628,Shared,DOWN,-1.868279123,-1.086454749
ENSMUSG00000097617,Gm10687,Chr9,44033483,44046497,C57_Specific,DOWN,-1.290432985,
ENSMUSG00000097636,Mirt1,Chr19,53431398,53453533,C57_Specific,DOWN,-1.506238761,
ENSMUSG00000097640,Gm20033,Chr5,64790847,64961791,C57_Specific,DOWN,-1.297936364,
ENSMUSG00000097689,4930471D02Rik,Chr10,93733011,93750176,C57_Specific,DOWN,-1.296181024,
ENSMUSG00000097699,5430400D12Rik,Chr7,79570446,79598163,C57_Specific,DOWN,-1.331291683,
ENSMUSG00000097702,Gm26739,Chr8,121325291,121326016,C57_Specific,DOWN,-1.108764596,
ENSMUSG00000097730,Gm26588,Chr6,88693404,88703780,C57_Specific,DOWN,-2.232074289,
ENSMUSG00000097750,Gm4673,Chr7,30656334,30661044,Shared,DOWN,-1.220868543,-1.080883236
ENSMUSG00000097812,Gm26812,Chr8,122576896,122606263,C57_Specific,DOWN,-1.166233588,
ENSMUSG00000097930,C330002G04Rik,Chr19,22955583,23071043,Shared,DOWN,-2.343086479,-1.557963661
ENSMUSG00000098053,Gm27033,Chr5,147217530,147218073,C57_Specific,DOWN,-1.01239007,
ENSMUSG00000098068,Gm7909,Chr10,31450396,31451009,Shared,DOWN,-1.623270101,-1.277761738
ENSMUSG00000098098,Bvht,Chr18,61747529,61780562,C57_Specific,DOWN,-1.004357107,
ENSMUSG00000098120,Gm5914,Chr8,106350968,106364117,C57_Specific,DOWN,-1.096533909,
ENSMUSG00000098202,B830012L14Rik,Chr12,109642711,109680989,C57_Specific,DOWN,-1.797117736,
ENSMUSG00000098257,Gm27169,Chr8,87929654,88020146,Shared,DOWN,-2.226686352,-3.061813144
ENSMUSG00000098528,Zfp572,Chr15,59180464,59183779,C57_Specific,DOWN,-3.845302923,
ENSMUSG00000099093,Mir7000,Chr2,92217729,92217791,Shared,DOWN,-3.729348245,-2.592232587
ENSMUSG00000099162,Gm27168,Chr8,87618065,87660752,Shared,DOWN,-2.859358512,-1.211756601
ENSMUSG00000099338,2810030D12Rik,Chr8,13249558,13271159,C57_Specific,DOWN,-1.128271143,
ENSMUSG00000099413,Gm17767,Chr1,51543191,51646644,Shared,DOWN,-1.085493713,-1.550131005
ENSMUSG00000099568,Gm28513,Chr1,153596986,153625070,C57_Specific,DOWN,-1.744156502,
ENSMUSG00000099583,H3c4,Chr13,23759937,23761185,Shared,DOWN,-1.547578168,-1.36782498
ENSMUSG00000099590,C330022C24Rik,Chr7,140417134,140427645,C57_Specific,DOWN,-3.678206378,
ENSMUSG00000099609,Gm29008,Chr6,124694610,124694907,C57_Specific,DOWN,-1.516577984,
ENSMUSG00000099773,Hmgb1-rs16,Chr9,104046398,104047010,Shared,DOWN,-2.743740228,-2.050613977
ENSMUSG00000100005,B130024G19Rik,Chr7,70007192,70139733,C57_Specific,DOWN,-1.233106896,
ENSMUSG00000100029,D7Ertd128e,Chr7,30584456,30585885,C57_Specific,DOWN,-1.172817778,
ENSMUSG00000100113,Gm28592,Chr10,111342436,111343523,C57_Specific,DOWN,-1.088591334,
ENSMUSG00000100131,Gm28439,Chr1,24650616,24651491,Shared,DOWN,-1.560857082,-1.296696518
ENSMUSG00000100200,H2al1m,ChrX,9150003,9150537,Shared,DOWN,-1.763146984,-1.58910901
ENSMUSG00000100210,H3c7,Chr13,23728222,23729482,Shared,DOWN,-1.331620151,-1.531419019
ENSMUSG00000100274,1700006F04Rik,Chr14,119986586,119988995,C57_Specific,DOWN,-1.394318974,
ENSMUSG00000100394,Gm28791,Chr1,152754271,152756049,C57_Specific,DOWN,-1.870800885,
ENSMUSG00000100410,2310020H05Rik,Chr13,99212867,99224566,C57_Specific,DOWN,-2.376109836,
ENSMUSG00000100552,Gm29019,Chr15,82866761,82872031,C57_Specific,DOWN,-2.855533929,
ENSMUSG00000100555,Gm8173,Chr1,111732664,111735505,C57_Specific,DOWN,-2.57640712,
ENSMUSG00000100830,Gm28441,Chr1,133762917,133819007,C57_Specific,DOWN,-3.88542086,
ENSMUSG00000100844,1810007C17Rik,Chr12,49523750,49528119,C57_Specific,DOWN,-1.378022211,
ENSMUSG00000101059,Gm4017,ChrY,1268548,1268885,Shared,DOWN,-1.031987096,-1.577562435
ENSMUSG00000101111,Gm28437,Chr1,24652270,24653052,Shared,DOWN,-3.649128905,-5.933837573
ENSMUSG00000101563,Gm7364,Chr9,102428831,102430331,Shared,DOWN,-3.041674675,-3.009415984
ENSMUSG00000101609,Kcnq1ot1,Chr7,142731402,142850327,C57_Specific,DOWN,-1.027047519,
ENSMUSG00000101651,Gm28402,Chr6,54657907,54676147,C57_Specific,DOWN,-1.246697443,
ENSMUSG00000101702,1700072G22Rik,Chr1,51495839,51498101,C57_Specific,DOWN,-2.552614379,
ENSMUSG00000101848,4933417E11Rik,Chr1,71998012,72186084,Shared,DOWN,-1.447092605,-2.13276215
ENSMUSG00000101904,Gm29427,Chr1,130597946,130643536,Shared,DOWN,-1.1186927,-1.78115473
ENSMUSG00000101939,Gm28438,Chr1,24651856,24652200,Shared,DOWN,-2.457708718,-3.197136342
ENSMUSG00000101972,H3c11,Chr13,21967130,21967540,C57_Specific,DOWN,-1.103621614,
ENSMUSG00000102211,Gm37490,Chr1,176717073,176717796,C57_Specific,DOWN,-2.156555214,
ENSMUSG00000102220,Rpl23a-ps5,Chr3,47184973,47185438,C57_Specific,DOWN,-3.628545448,
ENSMUSG00000102241,Gm37716,Chr7,100107667,100108613,Shared,DOWN,-1.530363499,-1.015697156
ENSMUSG00000102244,Gm37714,Chr9,108702548,108702889,Shared,DOWN,-1.754976698,-1.245189839
ENSMUSG00000102268,Gm8826,Chr3,7519581,7520599,C57_Specific,DOWN,-4.112100689,
ENSMUSG00000102316,Gm37629,Chr1,9261292,9262341,Shared,DOWN,-3.567287504,-2.132274548
ENSMUSG00000102326,Gm37788,Chr1,157174909,157177613,C57_Specific,DOWN,-1.577847609,
ENSMUSG00000102349,Gm37376,Chr19,5851969,5852421,Shared,DOWN,-1.092535856,-1.426680897
ENSMUSG00000102386,2900022M07Rik,Chr1,25848037,25849053,C57_Specific,DOWN,-1.980454221,
ENSMUSG00000102404,5530400K19Rik,Chr1,153590400,153592315,Shared,DOWN,-4.396489945,-4.147294318
ENSMUSG00000102423,Gm37465,Chr3,51908157,51911446,C57_Specific,DOWN,-1.268593091,
ENSMUSG00000102448,Gm37101,Chr1,138495435,138499094,C57_Specific,DOWN,-2.653679439,
ENSMUSG00000102459,Gm38352,Chr1,153765487,153768043,C57_Specific,DOWN,-1.992683962,
ENSMUSG00000102460,Gm38197,Chr3,30279722,30281843,C57_Specific,DOWN,-3.313907325,
ENSMUSG00000102498,Gm19445,Chr3,33128068,33130505,Shared,DOWN,-2.85353004,-1.346814814
ENSMUSG00000102571,Gm37967,Chr1,86845714,86848378,C57_Specific,DOWN,-1.55593816,
ENSMUSG00000102577,Gm37969,Chr6,72612130,72615538,C57_Specific,DOWN,-1.285166661,
ENSMUSG00000102588,Gm37444,Chr1,14325776,14326214,C57_Specific,DOWN,-2.258459991,
ENSMUSG00000102623,Gm37673,Chr6,40075656,40078106,C57_Specific,DOWN,-2.764110435,
ENSMUSG00000102642,A130048G24Rik,Chr1,54953004,54955753,Shared,DOWN,-3.027208359,-2.215569458
ENSMUSG00000102649,Gm38021,Chr1,86821295,86822854,C57_Specific,DOWN,-2.068963943,
ENSMUSG00000102664,Gm38380,Chr1,13424707,13426954,Shared,DOWN,-1.625880855,-1.30495179
ENSMUSG00000102719,Gm37760,Chr1,58836942,58840782,C57_Specific,DOWN,-1.55095053,
ENSMUSG00000102721,A630081D01Rik,Chr1,80724939,80726771,Shared,DOWN,-1.411505044,-1.85863885
ENSMUSG00000102723,Gm37936,Chr1,125997877,125999198,C57_Specific,DOWN,-4.729227606,
ENSMUSG00000102732,Gm37342,Chr3,51664545,51669509,Shared,DOWN,-1.533195961,-1.037947276
ENSMUSG00000102744,5830444F18Rik,Chr17,52098498,52100489,C57_Specific,DOWN,-2.381961487,
ENSMUSG00000102749,Gm37598,Chr1,176902050,176903350,C57_Specific,DOWN,-3.55493121,
ENSMUSG00000102764,Gm37183,Chr14,65073304,65076708,C57_Specific,DOWN,-1.256966315,
ENSMUSG00000102770,Gm38163,Chr9,108461955,108462560,C57_Specific,DOWN,-1.398612445,
ENSMUSG00000102779,Gm38164,Chr1,171916041,171916370,Shared,DOWN,-2.153836147,-1.573492061
ENSMUSG00000102785,Gm2447,Chr3,52571008,52685745,Shared,DOWN,-1.786558023,-1.68250894
ENSMUSG00000102786,Gm38252,Chr3,51791697,51794312,Shared,DOWN,-3.90898406,-1.678888549
ENSMUSG00000102808,5430420F09Rik,Chr3,51979010,51980808,C57_Specific,DOWN,-1.931601079,
ENSMUSG00000102844,Gm38034,Chr3,52189662,52191730,Shared,DOWN,-2.226085423,-1.561992341
ENSMUSG00000102902,Gm38263,Chr1,123487112,123490170,C57_Specific,DOWN,-1.853110599,
ENSMUSG00000102930,Gm38115,Chr1,36952682,36955620,C57_Specific,DOWN,-2.626731415,
ENSMUSG00000102937,Gm38116,Chr1,15434526,15436058,C57_Specific,DOWN,-4.032633233,
ENSMUSG00000102945,Gm37884,Chr1,78352251,78353068,C57_Specific,DOWN,-5.056065213,
ENSMUSG00000102956,Gm37017,Chr1,86915992,86916738,C57_Specific,DOWN,-3.522263061,
ENSMUSG00000103085,Gm38120,Chr1,13413787,13418428,C57_Specific,DOWN,-2.249393905,
ENSMUSG00000103114,Gm32200,Chr1,191138496,191203010,Shared,DOWN,-1.448197109,-1.519685895
ENSMUSG00000103123,Gm37390,Chr1,180200234,180201105,Shared,DOWN,-3.242136149,-3.176425366
ENSMUSG00000103149,AA914427,Chr16,17739907,17741083,C57_Specific,DOWN,-1.512351808,
ENSMUSG00000103204,Gm38139,Chr3,154362338,154385906,C57_Specific,DOWN,-1.925546533,
ENSMUSG00000103216,Gm37248,Chr17,52103045,52106218,C57_Specific,DOWN,-2.050793126,
ENSMUSG00000103220,Gm37728,Chr6,31122063,31124354,Shared,DOWN,-1.753770404,-3.283276009
ENSMUSG00000103251,Gm37519,Chr1,176801802,176804011,Shared,DOWN,-2.56779395,-1.184622671
ENSMUSG00000103261,Gm36981,Chr3,83966275,83970759,C57_Specific,DOWN,-1.808656162,
ENSMUSG00000103284,3110080O07Rik,Chr3,51736806,51737826,Shared,DOWN,-2.848470817,-1.1330394
ENSMUSG00000103343,Gm37052,Chr1,160738359,160740189,C57_Specific,DOWN,-1.312132377,
ENSMUSG00000103364,Gm38157,Chr1,34071181,34072878,Shared,DOWN,-2.042048407,-1.126914386
ENSMUSG00000103409,Lsmem2,Chr9,107469829,107474274,Shared,DOWN,-1.403032328,-1.937254283
ENSMUSG00000103415,Gm37339,Chr1,183152417,183152808,C57_Specific,DOWN,-1.598541413,
ENSMUSG00000103432,6720464F23Rik,Chr1,160436525,160440020,Shared,DOWN,-2.436772205,-1.823842599
ENSMUSG00000103452,1700008A23Rik,Chr9,99204879,99205569,C57_Specific,DOWN,-1.704451015,
ENSMUSG00000103454,Gm34303,Chr3,52332829,52333069,C57_Specific,DOWN,-1.754446713,
ENSMUSG00000103517,Gm37432,Chr1,191211844,191227507,Shared,DOWN,-1.616541735,-2.502347228
ENSMUSG00000103539,Gm37834,Chr3,32008913,32011947,C57_Specific,DOWN,-1.838688209,
ENSMUSG00000103544,Gm10048,Chr5,49082296,49086082,C57_Specific,DOWN,-4.284765277,
ENSMUSG00000103546,Gm37666,Chr2,68843956,68844821,C57_Specific,DOWN,-1.416983807,
ENSMUSG00000103563,8030445P17Rik,Chr1,25761119,25763859,Shared,DOWN,-2.733794435,-1.658037057
ENSMUSG00000103591,Gm38365,Chr1,87825262,87828254,Shared,DOWN,-1.999251027,-1.167461267
ENSMUSG00000103613,Gm34882,Chr1,184975906,184980086,C57_Specific,DOWN,-1.484447213,
ENSMUSG00000103621,Gm38366,Chr9,108408031,108409964,C57_Specific,DOWN,-1.162248077,
ENSMUSG00000103646,Gm37706,Chr1,176995664,176998428,Shared,DOWN,-3.112956955,-1.62726537
ENSMUSG00000103657,Gm37204,Chr9,100547892,100551852,Shared,DOWN,-1.634384524,-1.487797257
ENSMUSG00000103693,Gm37529,Chr1,160149256,160154648,Shared,DOWN,-1.529446342,-1.362006913
ENSMUSG00000103696,Gm37531,Chr1,59968847,59974261,Shared,DOWN,-2.39062245,-1.920369216
ENSMUSG00000103711,Tstd1,Chr1,171246440,171247920,C57_Specific,DOWN,-1.085502677,
ENSMUSG00000103772,Gm36933,Chr1,180204009,180207079,Shared,DOWN,-3.651146398,-2.965432506
ENSMUSG00000103778,Gm36930,Chr2,15036612,15038987,C57_Specific,DOWN,-2.408160529,
ENSMUSG00000103819,Gm38008,Chr1,9328842,9329359,C57_Specific,DOWN,-3.843654454,
ENSMUSG00000103822,6030460B20Rik,Chr1,60392278,60393335,C57_Specific,DOWN,-2.891628575,
ENSMUSG00000103835,Gm37612,Chr9,106747873,106748700,C57_Specific,DOWN,-1.438887763,
ENSMUSG00000103867,9630010A21Rik,Chr1,194696054,194698756,Shared,DOWN,-2.77256487,-1.078382238
ENSMUSG00000103882,Gm37452,Chr7,36409599,36410758,Shared,DOWN,-2.968677791,-1.407510083
ENSMUSG00000103932,Gm36963,Chr16,77336770,77339093,C57_Specific,DOWN,-2.8436346,
ENSMUSG00000103940,Gm38227,Chr3,96171101,96172702,C57_Specific,DOWN,-1.437156102,
ENSMUSG00000103965,Gm30173,Chr3,52410191,52457642,Shared,DOWN,-1.617995396,-2.085769664
ENSMUSG00000103970,Gm37678,Chr9,108421413,108422558,C57_Specific,DOWN,-1.307334882,
ENSMUSG00000103976,Gm37677,Chr1,134747654,134755287,C57_Specific,DOWN,-1.744072258,
ENSMUSG00000103983,Gm20045,Chr1,171148169,171153745,C57_Specific,DOWN,-1.193619263,
ENSMUSG00000104030,5330406M23Rik,Chr6,31085762,31087855,Shared,DOWN,-2.615501945,-1.906423391
ENSMUSG00000104034,2900092N22Rik,Chr2,14678215,14679623,C57_Specific,DOWN,-1.511088924,
ENSMUSG00000104044,Gm37566,Chr1,105636298,105640652,C57_Specific,DOWN,-2.14534597,
ENSMUSG00000104114,Gm37297,Chr1,89411160,89413543,Shared,DOWN,-2.860059857,-1.760022613
ENSMUSG00000104122,Gm37482,Chr3,154800502,154803292,Shared,DOWN,-1.904716057,-1.713455143
ENSMUSG00000104145,D130019J16Rik,Chr1,137862927,137865084,C57_Specific,DOWN,-4.132524466,
ENSMUSG00000104181,Gm8850,Chr1,155055547,155056134,Shared,DOWN,-1.206392923,-1.763434766
ENSMUSG00000104187,Gm37820,Chr14,61920959,61923105,Shared,DOWN,-1.545189728,-1.896441928
ENSMUSG00000104205,Gm37396,Chr1,123396179,123397673,C57_Specific,DOWN,-2.057373385,
ENSMUSG00000104257,Gm20172,Chr1,25315485,25317035,C57_Specific,DOWN,-2.191863084,
ENSMUSG00000104272,Gm38297,Chr9,100585266,100586322,Shared,DOWN,-1.454864709,-1.048966763
ENSMUSG00000104292,Gm38042,Chr8,109464225,109469432,Shared,DOWN,-2.017464776,-1.141516615
ENSMUSG00000104339,C130089K02Rik,Chr3,51964706,51971665,Shared,DOWN,-2.622593886,-1.511295433
ENSMUSG00000104343,5730408A14Rik,Chr1,175206419,175208242,C57_Specific,DOWN,-2.372702177,
ENSMUSG00000104351,Gm37125,Chr1,172340816,172342414,Shared,DOWN,-1.516140674,-2.732572229
ENSMUSG00000104378,Gm37510,Chr1,127198261,127203022,C57_Specific,DOWN,-2.368778306,
ENSMUSG00000104388,Gm37033,Chr1,180185214,180192563,Shared,DOWN,-3.627722753,-2.680590792
ENSMUSG00000104402,Gm38012,Chr1,61716408,61719436,Shared,DOWN,-1.514787589,-1.55781909
ENSMUSG00000104420,E230020A03Rik,Chr7,36426602,36428987,C57_Specific,DOWN,-1.173515374,
ENSMUSG00000104436,Gm37423,Chr1,138896248,138899589,Shared,DOWN,-2.36298057,-1.117230677
ENSMUSG00000104449,Gm37255,Chr2,12377023,12380082,C57_Specific,DOWN,-1.211386104,
ENSMUSG00000104488,Gm38062,Chr1,80706526,80708381,Shared,DOWN,-5.2203872,-3.10496179
ENSMUSG00000104493,Gm19552,Chr1,82329938,82332770,Shared,DOWN,-1.203231967,-1.308695989
ENSMUSG00000104519,Gm37161,Chr1,125847003,125849699,Shared,DOWN,-3.423863206,-3.152766574
ENSMUSG00000104524,Gm37333,Chr1,135450826,135453076,C57_Specific,DOWN,-2.314102891,
ENSMUSG00000104562,Gm42767,Chr5,49231618,49232249,C57_Specific,DOWN,-3.173363978,
ENSMUSG00000104576,F830115B05Rik,Chr5,113265437,113267330,Shared,DOWN,-1.786063803,-1.025718365
ENSMUSG00000104625,Gm42448,Chr5,14649933,14652576,Shared,DOWN,-2.745221477,-2.078371912
ENSMUSG00000104631,Gm43774,Chr3,94443918,94444795,C57_Specific,DOWN,-3.173943403,
ENSMUSG00000104672,Gm43665,Chr5,14854915,14856573,Shared,DOWN,-1.939286006,-2.28159555
ENSMUSG00000104682,Gm42636,Chr5,145229580,145231818,Shared,DOWN,-1.133253599,-1.384915968
ENSMUSG00000104685,Gm19202,Chr3,102593226,102594033,Shared,DOWN,-3.211525456,-4.287250073
ENSMUSG00000104696,Gm42946,Chr3,156351957,156354526,Shared,DOWN,-3.291723941,-3.150986227
ENSMUSG00000104795,Gm42783,Chr3,96631842,96632636,C57_Specific,DOWN,-1.093141061,
ENSMUSG00000104835,Gm5547,Chr3,105708066,105724687,C57_Specific,DOWN,-1.218261975,
ENSMUSG00000104852,Gm43201,Chr5,45915617,45919032,C57_Specific,DOWN,-2.260887298,
ENSMUSG00000104854,Mir7116,Chr11,100369237,100369306,Shared,DOWN,-1.198661509,-1.583067873
ENSMUSG00000104891,2510017J16Rik,Chr5,3635112,3636374,C57_Specific,DOWN,-1.299126227,
ENSMUSG00000104904,9330198I05Rik,Chr5,108506886,108511763,C57_Specific,DOWN,-2.65453235,
ENSMUSG00000104916,Gm42830,Chr5,122515471,122515783,Shared,DOWN,-1.733490971,-1.443633797
ENSMUSG00000104929,Gm42766,Chr5,49178349,49179680,C57_Specific,DOWN,-4.338891435,
ENSMUSG00000104938,Gm42840,Chr3,55922339,55924589,C57_Specific,DOWN,-1.690267235,
ENSMUSG00000104940,Gm42908,Chr5,123539135,123540004,C57_Specific,DOWN,-1.234414213,
ENSMUSG00000104973,A530041M06Rik,Chr3,104406636,104433969,C57_Specific,DOWN,-1.069753112,
ENSMUSG00000104978,Gm31274,Chr5,142608358,142608586,C57_Specific,DOWN,-2.405274741,
ENSMUSG00000104994,Gm42989,Chr5,132399215,132401520,C57_Specific,DOWN,-1.910427028,
ENSMUSG00000105008,Gm43652,Chr3,127656833,127657507,C57_Specific,DOWN,-3.10202804,
ENSMUSG00000105033,Gm43423,Chr5,107306344,107308437,C57_Specific,DOWN,-3.218198113,
ENSMUSG00000105071,Gm43336,Chr5,114038456,114042959,Shared,DOWN,-1.286563227,-1.097673929
ENSMUSG00000105136,8030487O14Rik,Chr5,44671000,44671902,C57_Specific,DOWN,-4.286512771,
ENSMUSG00000105167,Snord43,Chr15,79967048,79967155,C57_Specific,DOWN,-1.072169181,
ENSMUSG00000105201,Gm43362,Chr3,157739577,157742046,Shared,DOWN,-1.28356481,-1.13601333
ENSMUSG00000105304,Gm43696,Chr3,104377976,104384046,Shared,DOWN,-1.014864037,-1.42180085
ENSMUSG00000105322,Gm43751,Chr3,126842625,126845695,Shared,DOWN,-2.947795239,-1.917477478
ENSMUSG00000105332,Gm43316,Chr5,49174855,49176149,C57_Specific,DOWN,-2.229681009,
ENSMUSG00000105358,Gm43099,Chr3,108195197,108200437,C57_Specific,DOWN,-1.315233052,
ENSMUSG00000105378,Gm42515,Chr3,126531146,126534728,Shared,DOWN,-2.46109379,-1.305250851
ENSMUSG00000105434,Gm43359,Chr5,122620863,122623062,Shared,DOWN,-1.496054308,-2.898296434
ENSMUSG00000105445,Gm42972,Chr3,127060322,127065938,C57_Specific,DOWN,-2.98697126,
ENSMUSG00000105454,Gm43830,Chr5,48948242,48949308,C57_Specific,DOWN,-3.371327831,
ENSMUSG00000105470,Gm42589,Chr5,131632493,131634243,C57_Specific,DOWN,-1.726288814,
ENSMUSG00000105482,Gm42596,Chr5,110595855,110597815,Shared,DOWN,-1.29035331,-1.350078179
ENSMUSG00000105485,Gm42447,Chr5,14646878,14649780,Shared,DOWN,-2.285717175,-2.24136453
ENSMUSG00000105495,Gm42995,Chr5,132230678,132232007,C57_Specific,DOWN,-4.063797447,
ENSMUSG00000105519,E430021H15Rik,Chr5,44371143,44374601,Shared,DOWN,-2.283354893,-1.151732722
ENSMUSG00000105542,Gm34248,Chr5,146136795,146137268,Shared,DOWN,-2.260671887,-1.752026657
ENSMUSG00000105568,Gm42971,Chr3,127077130,127079208,Shared,DOWN,-2.502620921,-1.512456487
ENSMUSG00000105574,Gm43648,Chr5,48782011,48784495,C57_Specific,DOWN,-2.0649492,
ENSMUSG00000105578,Gm43663,Chr5,14715663,14717167,C57_Specific,DOWN,-4.334585473,
ENSMUSG00000105584,Gm42588,Chr5,131637136,131638432,C57_Specific,DOWN,-2.176479611,
ENSMUSG00000105632,Gm43272,Chr5,101958358,101959941,Shared,DOWN,-1.114025438,-2.082736027
ENSMUSG00000105646,Gm30211,Chr6,70695829,70730454,C57_Specific,DOWN,-1.199687508,
ENSMUSG00000105691,Gm42876,Chr3,132512014,132515228,C57_Specific,DOWN,-1.509319687,
ENSMUSG00000105700,Gm42772,Chr5,49566134,49569174,C57_Specific,DOWN,-1.935869654,
ENSMUSG00000105711,Gm42598,Chr5,7283401,7285837,C57_Specific,DOWN,-3.137564913,
ENSMUSG00000105726,Gm42443,Chr5,131723560,131724714,Shared,DOWN,-2.881238421,-2.256684994
ENSMUSG00000105740,Gm42685,Chr5,8562463,8564852,Shared,DOWN,-2.562963661,-1.042280364
ENSMUSG00000105774,Gm43006,Chr3,126451371,126452972,C57_Specific,DOWN,-1.676192307,
ENSMUSG00000105791,Gm43341,Chr5,49135620,49136927,C57_Specific,DOWN,-3.471340145,
ENSMUSG00000105815,Gm43541,Chr5,122705587,122706167,C57_Specific,DOWN,-2.092525574,
ENSMUSG00000105822,Gm42969,Chr3,127183725,127187355,Shared,DOWN,-1.003249404,-2.499294756
ENSMUSG00000105828,Gm43048,Chr5,49374643,49375030,Shared,DOWN,-4.147582858,-1.611227281
ENSMUSG00000105890,Gm42780,Chr5,111176418,111177151,C57_Specific,DOWN,-3.072961861,
ENSMUSG00000105922,Gm42769,Chr5,49273101,49274759,C57_Specific,DOWN,-2.170288358,
ENSMUSG00000105936,Gm43544,Chr1,138997951,139000422,Shared,DOWN,-2.003254186,-1.117216962
ENSMUSG00000105939,Gm43322,Chr3,126767905,126769516,Shared,DOWN,-2.171268049,-1.400053053
ENSMUSG00000105962,Gm42432,Chr9,109870248,109871864,C57_Specific,DOWN,-2.183908138,
ENSMUSG00000105974,Gm43318,Chr5,49105363,49107311,C57_Specific,DOWN,-3.145054165,
ENSMUSG00000105983,Gm42770,Chr5,49281929,49286083,C57_Specific,DOWN,-1.787970151,
ENSMUSG00000105985,Gm42993,Chr5,132044449,132051773,Shared,DOWN,-1.795105887,-1.023162554
ENSMUSG00000106024,A530083M17Rik,Chr3,153015007,153018382,C57_Specific,DOWN,-4.777660913,
ENSMUSG00000106048,Gm42444,Chr5,14654063,14658620,Shared,DOWN,-1.477025703,-2.408230185
ENSMUSG00000106054,Gm43623,Chr5,5187445,5190107,Shared,DOWN,-2.498400578,-3.038971534
ENSMUSG00000106057,Gm43560,Chr3,144228990,144229762,C57_Specific,DOWN,-2.579140503,
ENSMUSG00000106115,Gm43420,Chr5,121540721,121542577,C57_Specific,DOWN,-1.617566062,
ENSMUSG00000106153,Gm43677,Chr5,111306177,111308554,C57_Specific,DOWN,-2.974702528,
ENSMUSG00000106166,Gm43484,Chr3,37542976,37548941,Shared,DOWN,-1.779461721,-1.484150727
ENSMUSG00000106212,Gm43112,Chr5,4869506,4872627,Shared,DOWN,-2.218040592,-1.793022419
ENSMUSG00000106229,Gm19409,Chr5,30972964,30975821,Shared,DOWN,-2.149863554,-1.454219464
ENSMUSG00000106244,Gm43046,Chr5,49226352,49228802,C57_Specific,DOWN,-3.652144067,
ENSMUSG00000106263,Gm33050,Chr5,96604248,96605611,Shared,DOWN,-1.631734396,-2.941042602
ENSMUSG00000106296,4632404M16Rik,Chr3,102041931,102044812,C57_Specific,DOWN,-1.706578903,
ENSMUSG00000106320,Gm42992,Chr5,132015388,132022223,Shared,DOWN,-2.265382445,-1.708755552
ENSMUSG00000106386,Gm42991,Chr5,132000889,132004725,C57_Specific,DOWN,-1.275362307,
ENSMUSG00000106404,Gm42919,Chr5,48960070,48961353,C57_Specific,DOWN,-2.367133836,
ENSMUSG00000106408,Gm43321,Chr5,48976818,48979226,C57_Specific,DOWN,-2.794262178,
ENSMUSG00000106415,Gm42893,Chr3,116422822,116424633,C57_Specific,DOWN,-1.154103929,
ENSMUSG00000106446,Gm42970,Chr3,127091971,127093322,Shared,DOWN,-2.77332458,-1.746934208
ENSMUSG00000106469,C030015E24Rik,Chr5,49155054,49155881,C57_Specific,DOWN,-3.192601567,
ENSMUSG00000106528,Gm42841,Chr3,56036017,56037948,Shared,DOWN,-2.803223841,-1.269482627
ENSMUSG00000106543,Gm43378,Chr5,143035217,143035798,C57_Specific,DOWN,-3.296351168,
ENSMUSG00000106547,B230303O12Rik,Chr5,146125430,146131619,C57_Specific,DOWN,-1.156965294,
ENSMUSG00000106568,Gm42814,Chr3,88336243,88336702,Shared,DOWN,-1.791163358,-1.314714615
ENSMUSG00000106570,C230071H17Rik,Chr5,131911805,131914777,C57_Specific,DOWN,-3.532599575,
ENSMUSG00000106579,Gm42771,Chr5,49377018,49379503,C57_Specific,DOWN,-2.401062439,
ENSMUSG00000106636,Gm43813,Chr5,123544550,123549927,Shared,DOWN,-2.9192297,-1.28863016
ENSMUSG00000106674,Gm20005,Chr5,149559868,149572333,C57_Specific,DOWN,-3.083323215,
ENSMUSG00000106676,Gm42895,Chr6,33016059,33019054,C57_Specific,DOWN,-2.149001502,
ENSMUSG00000106706,C530043K16Rik,Chr5,66749805,66752913,Shared,DOWN,-2.966976453,-1.525806614
ENSMUSG00000106720,Gm43795,Chr5,66689139,66691504,C57_Specific,DOWN,-2.172536729,
ENSMUSG00000106732,Gm43792,Chr5,66587260,66589469,Shared,DOWN,-2.533489583,-1.839295727
ENSMUSG00000106751,Gm42467,Chr5,130255057,130256503,Shared,DOWN,-1.617454229,-1.754210863
ENSMUSG00000106753,Gm43230,Chr5,69420928,69423056,Shared,DOWN,-3.802717122,-1.546993077
ENSMUSG00000106772,Gm43794,Chr5,66601075,66601766,Shared,DOWN,-2.573101342,-1.291020823
ENSMUSG00000106777,Gm43150,Chr5,149349118,149352427,C57_Specific,DOWN,-3.223488906,
ENSMUSG00000106838,1810017P11Rik,Chr5,115113515,115114072,C57_Specific,DOWN,-1.11204618,
ENSMUSG00000106992,Gm43167,Chr5,74590161,74591766,C57_Specific,DOWN,-1.85835355,
ENSMUSG00000107009,6720475M21Rik,Chr5,74527824,74530576,Shared,DOWN,-3.149961963,-1.509564557
ENSMUSG00000107054,C730045M19Rik,Chr5,115177829,115179143,C57_Specific,DOWN,-2.13783076,
ENSMUSG00000107091,Gm43343,Chr5,66681530,66683455,Shared,DOWN,-2.385759846,-1.339293069
ENSMUSG00000107136,Gm42466,Chr5,68000463,68001763,Shared,DOWN,-2.693768826,-2.147087463
ENSMUSG00000107148,Gm42888,Chr5,69469050,69473410,Shared,DOWN,-1.809873258,-1.804551422
ENSMUSG00000107163,Gm43496,Chr1,186820357,186823357,C57_Specific,DOWN,-3.225718535,
ENSMUSG00000107205,Gm42576,Chr5,75180897,75183742,C57_Specific,DOWN,-1.156009691,
ENSMUSG00000107208,D130004A15Rik,Chr5,69326015,69327591,C57_Specific,DOWN,-3.214869467,
ENSMUSG00000107225,Gm43637,Chr5,117268388,117271313,Shared,DOWN,-1.973990575,-1.120517127
ENSMUSG00000107234,Gm43371,Chr5,69338426,69339456,C57_Specific,DOWN,-2.896851268,
ENSMUSG00000107296,Gm43500,Chr5,135151264,135152147,Shared,DOWN,-3.364093294,-1.993645277
ENSMUSG00000107304,Gm43775,Chr5,66226398,66230238,C57_Specific,DOWN,-1.160466597,
ENSMUSG00000107312,Gm43229,Chr5,69433064,69434913,C57_Specific,DOWN,-4.263672788,
ENSMUSG00000107325,Gm43425,Chr18,44954836,44958126,Shared,DOWN,-2.427332071,-2.388507224
ENSMUSG00000107362,Gm40309,Chr5,65699272,65701023,C57_Specific,DOWN,-1.819095802,
ENSMUSG00000107390,Gm43323,Chr5,66237552,66241809,C57_Specific,DOWN,-2.244342696,
ENSMUSG00000107411,Gm19040,Chr6,114715495,114720220,C57_Specific,DOWN,-1.862511741,
ENSMUSG00000107414,6330419E04Rik,Chr6,45283058,45284320,Shared,DOWN,-6.648980668,-5.433650651
ENSMUSG00000107430,Gm31532,Chr17,54006734,54007500,C57_Specific,DOWN,-1.265715975,
ENSMUSG00000107433,Gm43882,Chr6,45303336,45305599,Shared,DOWN,-4.485712201,-3.938795375
ENSMUSG00000107497,Gm44957,Chr6,116312194,116315070,C57_Specific,DOWN,-1.244256303,
ENSMUSG00000107512,Gm44433,Chr6,77405661,77410492,C57_Specific,DOWN,-1.390596395,
ENSMUSG00000107515,Gm43886,Chr6,45878872,45881257,Shared,DOWN,-4.219665579,-3.429725222
ENSMUSG00000107529,Gm44291,Chr2,37994444,37997308,C57_Specific,DOWN,-2.801830925,
ENSMUSG00000107556,Gm44237,Chr6,116366423,116367358,Shared,DOWN,-1.375821685,-1.059038227
ENSMUSG00000107571,Gm43877,Chr6,46026092,46028329,Shared,DOWN,-5.044338978,-3.958393892
ENSMUSG00000107576,Gm44093,Chr6,86938623,86940424,C57_Specific,DOWN,-1.921034034,
ENSMUSG00000107586,Gm44283,Chr2,37905230,37909179,Shared,DOWN,-4.142433978,-2.058930275
ENSMUSG00000107606,Gm43873,Chr6,46022077,46026014,Shared,DOWN,-5.630425463,-4.094249944
ENSMUSG00000107729,B230112I24Rik,Chr6,45050500,45051728,Shared,DOWN,-3.118389746,-5.690685799
ENSMUSG00000107734,Gm30055,Chr6,136963594,136964396,C57_Specific,DOWN,-1.963847046,
ENSMUSG00000107747,Gm5881,Chr6,96009984,96010350,C57_Specific,DOWN,-2.754376435,
ENSMUSG00000107760,Gm44401,Chr6,136597630,136600004,C57_Specific,DOWN,-2.747349355,
ENSMUSG00000107779,Gm43874,Chr6,45222571,45225368,Shared,DOWN,-3.877622086,-3.496671754
ENSMUSG00000107851,Gm35736,Chr6,9146766,9147078,Shared,DOWN,-1.909077647,-1.162308144
ENSMUSG00000107858,Gm43879,Chr6,45057680,45061439,Shared,DOWN,-2.888156077,-5.786504788
ENSMUSG00000107886,Gm43880,Chr6,45390169,45392330,Shared,DOWN,-4.737078856,-4.543236853
ENSMUSG00000107913,Gm43871,Chr6,46018885,46020839,C57_Specific,DOWN,-3.671232454,
ENSMUSG00000107955,Gm44027,Chr2,39068574,39072053,Shared,DOWN,-1.760786912,-1.492028603
ENSMUSG00000107985,Gm35037,Chr7,3499822,3524352,C57_Specific,DOWN,-2.376304183,
ENSMUSG00000108006,Gm44418,Chr6,87254727,87256732,Shared,DOWN,-1.582714349,-2.700229682
ENSMUSG00000108070,Gm43872,Chr6,45112204,45114416,Shared,DOWN,-3.703583267,-3.723824597
ENSMUSG00000108077,6330415B21Rik,Chr6,77357243,77359442,C57_Specific,DOWN,-2.96741789,
ENSMUSG00000108123,Gm43884,Chr6,45306172,45306730,Shared,DOWN,-4.586653164,-5.043811404
ENSMUSG00000108146,Gm43889,Chr6,45180744,45184424,Shared,DOWN,-6.738818322,-6.291487757
ENSMUSG00000108169,Gm43958,Chr6,141388086,141391629,Shared,DOWN,-4.50316692,-3.264365336
ENSMUSG00000108176,Gm43965,Chr6,128353944,128354732,C57_Specific,DOWN,-1.121622455,
ENSMUSG00000108189,Gm43887,Chr6,46053113,46056298,C57_Specific,DOWN,-3.879939814,
ENSMUSG00000108246,Gm43896,Chr6,61952082,61954113,C57_Specific,DOWN,-3.684726052,
ENSMUSG00000108291,Gm44292,Chr6,86640170,86642533,C57_Specific,DOWN,-1.251488319,
ENSMUSG00000108308,Gm45218,Chr6,91576067,91582497,Shared,DOWN,-1.217419233,-1.247298224
ENSMUSG00000108317,Gm44663,Chr7,122001678,122004827,Shared,DOWN,-2.239564555,-1.564739186
ENSMUSG00000108337,Gm4971,Chr7,73335242,73336349,Shared,DOWN,-1.559749526,-1.735636219
ENSMUSG00000108393,Gm32633,Chr7,63586876,63671130,Shared,DOWN,-2.20219513,-1.962397054
ENSMUSG00000108409,1700025J12Rik,Chr7,121188660,121200450,Shared,DOWN,-5.47327616,-3.723151064
ENSMUSG00000108436,Gm44851,Chr7,80054017,80056325,C57_Specific,DOWN,-1.259482478,
ENSMUSG00000108446,Gm44997,Chr7,42210838,42227659,C57_Specific,DOWN,-1.237737189,
ENSMUSG00000108455,Gm44745,Chr7,122062661,122065383,Shared,DOWN,-2.776479239,-1.670099398
ENSMUSG00000108460,Gm39041,Chr7,78948773,78952674,Shared,DOWN,-1.125081758,-1.470057004
ENSMUSG00000108476,Gm44974,Chr7,79480341,79481619,C57_Specific,DOWN,-1.071757293,
ENSMUSG00000108486,Gm44836,Chr7,34750823,34751962,Shared,DOWN,-1.481291645,-1.735467315
ENSMUSG00000108494,Gm45203,Chr7,79760552,79762382,Shared,DOWN,-2.634530338,-1.201954747
ENSMUSG00000108500,Gm45033,Chr7,115995786,115998952,Shared,DOWN,-1.647503169,-1.25427373
ENSMUSG00000108521,Gm44639,Chr7,78927515,78930523,Shared,DOWN,-1.983483546,-1.183617194
ENSMUSG00000108522,Gm44664,Chr7,121961223,121963008,Shared,DOWN,-2.252242144,-2.569493647
ENSMUSG00000108526,Gm45828,Chr6,91686387,91688222,Shared,DOWN,-1.390478219,-1.253990808
ENSMUSG00000108545,Gm44613,Chr7,17807941,17920877,C57_Specific,DOWN,-2.17546643,
ENSMUSG00000108557,Gm44835,Chr7,75210362,75213542,Shared,DOWN,-2.473564861,-2.154321678
ENSMUSG00000108560,Gm44695,Chr7,75134609,75136239,C57_Specific,DOWN,-2.54531088,
ENSMUSG00000108597,Gm44708,Chr7,57425177,57427413,Shared,DOWN,-1.920019445,-1.563343375
ENSMUSG00000108633,Gm44694,Chr7,75357633,75358930,Shared,DOWN,-1.62673486,-1.783466245
ENSMUSG00000108657,Gm35611,Chr7,34773468,34796156,C57_Specific,DOWN,-2.649091878,
ENSMUSG00000108760,Gm31897,Chr7,126886901,126889791,C57_Specific,DOWN,-1.545932595,
ENSMUSG00000108811,4933432K03Rik,Chr7,121068064,121240528,Shared,DOWN,-2.455446438,-2.229564443
ENSMUSG00000108830,Gm44661,Chr7,120335682,120339184,C57_Specific,DOWN,-3.696227343,
ENSMUSG00000108955,Gm44775,Chr8,3508039,3509494,Shared,DOWN,-1.33450777,-1.24799012
ENSMUSG00000108956,Gm45179,Chr7,90698207,90702543,C57_Specific,DOWN,-3.160815368,
ENSMUSG00000108984,Gm44916,Chr7,82364800,82366993,Shared,DOWN,-2.498177178,-1.787070576
ENSMUSG00000109010,Gm45027,Chr11,77090733,77107652,C57_Specific,DOWN,-3.542955283,
ENSMUSG00000109029,Gm44717,Chr8,11184951,11199393,C57_Specific,DOWN,-1.384880984,
ENSMUSG00000109051,Gm44913,Chr7,48995842,48998831,Shared,DOWN,-1.226397387,-1.240295745
ENSMUSG00000109094,Gm44587,Chr7,6903351,6905035,C57_Specific,DOWN,-1.54511134,
ENSMUSG00000109095,Gm44799,Chr8,9708248,9709449,Shared,DOWN,-2.843281577,-1.335072707
ENSMUSG00000109108,Gm36371,Chr7,6159515,6160617,C57_Specific,DOWN,-1.273255073,
ENSMUSG00000109123,Gm39059,Chr7,100191545,100192387,C57_Specific,DOWN,-1.972377442,
ENSMUSG00000109125,Gm45159,Chr7,90536280,90589260,C57_Specific,DOWN,-1.969126133,
ENSMUSG00000109131,Gm44862,Chr7,6745645,6746699,C57_Specific,DOWN,-1.4981027,
ENSMUSG00000109132,Gm44545,Chr7,100600024,100600769,Shared,DOWN,-2.771184899,-1.747338396
ENSMUSG00000109157,Gm44829,Chr7,58968379,58971571,Shared,DOWN,-1.489189699,-1.127585756
ENSMUSG00000109162,2900027M19Rik,Chr8,9735829,9740276,C57_Specific,DOWN,-1.753267889,
ENSMUSG00000109198,D7Bwg0826e,Chr7,44543729,44547523,Shared,DOWN,-1.330569033,-3.068825099
ENSMUSG00000109209,Gm45104,Chr7,18130441,18134790,Shared,DOWN,-1.202145648,-1.369078675
ENSMUSG00000109232,Gm44577,Chr18,32595604,32651987,Shared,DOWN,-1.327958,-3.735767712
ENSMUSG00000109239,Gm45176,Chr7,90781049,90785144,Shared,DOWN,-3.739953188,-4.662443388
ENSMUSG00000109286,Gm44541,Chr8,9392220,9395126,Shared,DOWN,-3.177745288,-1.393721421
ENSMUSG00000109353,Gm45183,Chr7,90953903,90955399,C57_Specific,DOWN,-2.04299137,
ENSMUSG00000109385,Gm44518,Chr8,9420957,9425326,Shared,DOWN,-2.561609182,-1.766933387
ENSMUSG00000109416,Gm44863,Chr7,6756042,6757463,C57_Specific,DOWN,-1.555148531,
ENSMUSG00000109529,Gm44801,Chr8,9653823,9655882,Shared,DOWN,-1.969711327,-1.464552336
ENSMUSG00000109560,Gm8463,Chr7,100173223,100173835,Shared,DOWN,-4.154781104,-4.689043032
ENSMUSG00000109562,Gm45178,Chr7,90644517,90648626,C57_Specific,DOWN,-2.90878587,
ENSMUSG00000109628,BC024386,Chr7,140485897,140487904,C57_Specific,DOWN,-4.0434997,
ENSMUSG00000109642,Gm45289,Chr8,92219647,92222223,Shared,DOWN,-1.955141961,-1.177663637
ENSMUSG00000109653,Gm45608,Chr8,85029592,85030362,Shared,DOWN,-3.182427345,-2.887579173
ENSMUSG00000109682,Gm45307,Chr8,26788662,26844191,C57_Specific,DOWN,-1.044812809,
ENSMUSG00000109693,Gm45483,Chr8,61528399,61530080,C57_Specific,DOWN,-1.998890536,
ENSMUSG00000109719,Gm45266,Chr8,27658868,27661040,Shared,DOWN,-2.936224421,-2.677273204
ENSMUSG00000109764,Klkb1,Chr8,45719726,45747896,C57_Specific,DOWN,-1.096962295,
ENSMUSG00000109792,Gm45426,Chr7,135890385,135894056,Shared,DOWN,-2.864886202,-2.98341148
ENSMUSG00000109812,Gm45640,Chr8,91603209,91605104,C57_Specific,DOWN,-1.27899513,
ENSMUSG00000109819,B930018H19Rik,Chr8,35056574,35107683,Shared,DOWN,-1.276710796,-2.344423405
ENSMUSG00000109879,Gm10997,Chr8,65260291,65261790,C57_Specific,DOWN,-2.270230419,
ENSMUSG00000109890,AU023762,Chr9,113299184,113440851,C57_Specific,DOWN,-4.061498206,
ENSMUSG00000109899,Gm6012,Chr8,57973191,57973920,Shared,DOWN,-2.236038799,-1.47844793
ENSMUSG00000109902,Gm45693,Chr8,46615127,46616283,C57_Specific,DOWN,-4.386442802,
ENSMUSG00000110016,Gm20751,Chr13,43864504,43872525,Shared,DOWN,-2.349508369,-2.965821777
ENSMUSG00000110027,C030029H02Rik,Chr7,135869957,135933514,Shared,DOWN,-3.402217333,-2.703565066
ENSMUSG00000110030,Gm45546,Chr8,71063075,71065468,Shared,DOWN,-1.493559025,-1.291499487
ENSMUSG00000110038,Gm45570,Chr8,26084470,26085122,C57_Specific,DOWN,-1.397415333,
ENSMUSG00000110079,Gm45292,Chr8,92176934,92179140,Shared,DOWN,-2.255434569,-1.027891499
ENSMUSG00000110159,Gm45501,Chr7,132439427,132441952,C57_Specific,DOWN,-1.008659318,
ENSMUSG00000110218,Tincr,Chr17,56858414,56861439,Shared,DOWN,-1.245657706,-1.248675267
ENSMUSG00000110250,Gm9077,Chr12,3221874,3251049,Shared,DOWN,-1.815596694,-1.837324622
ENSMUSG00000110282,B930086L07Rik,Chr7,132718263,132722000,Shared,DOWN,-2.867719776,-1.409778622
ENSMUSG00000110368,Gm45518,Chr8,65154141,65164110,Shared,DOWN,-2.48537798,-4.791087167
ENSMUSG00000110405,Gm45534,Chr8,58057852,58060190,C57_Specific,DOWN,-2.910642047,
ENSMUSG00000110427,4933406B17Rik,Chr8,96223041,96230346,Shared,DOWN,-2.365889977,-1.812944234
ENSMUSG00000110480,Gm32842,Chr8,48723283,48724020,Shared,DOWN,-2.460627538,-2.381799438
ENSMUSG00000110504,Gm45797,Chr8,95337405,95339325,C57_Specific,DOWN,-1.363202705,
ENSMUSG00000110516,Gm45758,Chr8,95816299,95817304,C57_Specific,DOWN,-1.610167397,
ENSMUSG00000110523,C230057M02Rik,Chr8,123451683,123479361,C57_Specific,DOWN,-1.355229871,
ENSMUSG00000110545,Gm7730,Chr8,70463199,70463652,C57_Specific,DOWN,-1.541009231,
ENSMUSG00000110547,Gm29773,Chr8,124623012,124627359,Shared,DOWN,-1.23435661,-2.070838096
ENSMUSG00000110554,Gm35256,Chr8,71479125,71579220,Shared,DOWN,-1.116943225,-2.174827958
ENSMUSG00000110570,Gm45778,Chr8,84476133,84476285,C57_Specific,DOWN,-2.04117619,
ENSMUSG00000110612,Gm17827,Chr8,124732044,124732785,Shared,DOWN,-4.670882035,-6.194813176
ENSMUSG00000110661,Gm31805,Chr8,96555226,96560435,C57_Specific,DOWN,-1.531156941,
ENSMUSG00000110688,Gm45696,Chr8,49974459,49975443,Shared,DOWN,-2.219145655,-1.577745996
ENSMUSG00000110724,Gm47824,Chr9,77808811,77809901,Shared,DOWN,-2.660926916,-6.076711399
ENSMUSG00000110767,Gm31432,Chr9,46395333,46455102,Shared,DOWN,-1.229259427,-1.198322963
ENSMUSG00000110795,Gm47179,Chr9,124105761,124107596,C57_Specific,DOWN,-2.58992465,
ENSMUSG00000110893,Gm47392,Chr10,44607036,44699982,Shared,DOWN,-1.952803641,-2.66484749
ENSMUSG00000110982,Gm48565,Chr9,40732265,40733969,C57_Specific,DOWN,-1.661697753,
ENSMUSG00000111157,Gm47887,Chr9,54972211,54974747,C57_Specific,DOWN,-2.174081313,
ENSMUSG00000111173,Gm48297,Chr10,18441235,18441703,C57_Specific,DOWN,-2.420251713,
ENSMUSG00000111212,5330432J10Rik,Chr9,13308563,13312795,C57_Specific,DOWN,-1.891942699,
ENSMUSG00000111213,Gm47867,Chr10,40156679,40158049,C57_Specific,DOWN,-2.625354638,
ENSMUSG00000111270,Gm47066,Chr9,120619940,120623959,C57_Specific,DOWN,-2.443223498,
ENSMUSG00000111303,4930502A04Rik,Chr9,68357594,68469564,C57_Specific,DOWN,-1.14825169,
ENSMUSG00000111333,Gm48670,Chr10,42762888,42763461,Shared,DOWN,-2.790949046,-1.635060519
ENSMUSG00000111343,Gm47175,Chr9,56412109,56413945,C57_Specific,DOWN,-1.503141754,
ENSMUSG00000111364,Gm36745,Chr9,113465596,113471122,Shared,DOWN,-2.467356876,-3.856399463
ENSMUSG00000111378,Gm47230,Chr9,44490905,44495949,C57_Specific,DOWN,-1.662734239,
ENSMUSG00000111421,Gm47643,Chr9,37207422,37210657,C57_Specific,DOWN,-1.826209105,
ENSMUSG00000111434,Gm47121,Chr9,121971515,121972774,Shared,DOWN,-2.31125847,-1.581615439
ENSMUSG00000111442,Gm48334,Chr10,30644795,30645571,Shared,DOWN,-2.086919425,-1.440315459
ENSMUSG00000111443,Gm46123,Chr9,83198744,83276420,Shared,DOWN,-1.161898885,-1.513911512
ENSMUSG00000111610,Gm34829,Chr9,77899867,77909543,C57_Specific,DOWN,-2.426436396,
ENSMUSG00000111656,Gm47232,Chr9,44510152,44511017,C57_Specific,DOWN,-1.620586107,
ENSMUSG00000111671,Gm6983,Chr10,44728710,44729337,Shared,DOWN,-2.587260596,-1.873715157
ENSMUSG00000111756,Gm48183,Chr3,68823832,68824656,Shared,DOWN,-2.163868882,-2.016631949
ENSMUSG00000111800,Gm31557,Chr9,46511512,46586679,Shared,DOWN,-1.740824183,-1.590260054
ENSMUSG00000111809,Gm49334,Chr9,60434476,60540744,C57_Specific,DOWN,-1.484604923,
ENSMUSG00000111811,Gm39327,Chr9,45060389,45082479,Shared,DOWN,-3.829123058,-3.291819273
ENSMUSG00000111844,Gm47097,Chr9,121458957,121460436,C57_Specific,DOWN,-1.161779376,
ENSMUSG00000111847,Gm8899,Chr10,39538085,39539416,Shared,DOWN,-2.270239201,-1.153646233
ENSMUSG00000111856,6530413G14Rik,Chr9,22028624,22049053,Discordant,DOWN,-1.792169245,2.739454575
ENSMUSG00000111857,1190001M18Rik,Chr11,82865142,82866411,C57_Specific,DOWN,-1.636242997,
ENSMUSG00000111865,Gm47687,Chr10,31324253,31328078,C57_Specific,DOWN,-1.207406441,
ENSMUSG00000111938,2900045O20Rik,Chr12,4558199,4572376,C57_Specific,DOWN,-1.839026429,
ENSMUSG00000111947,Gm47438,Chr10,127883188,127930612,C57_Specific,DOWN,-1.217703116,
ENSMUSG00000111997,Gm5176,Chr10,111336645,111337227,C57_Specific,DOWN,-1.042614217,
ENSMUSG00000112014,Gm48435,Chr10,121186365,121187549,C57_Specific,DOWN,-1.124039982,
ENSMUSG00000112033,Gm48808,Chr12,31797324,31797671,C57_Specific,DOWN,-3.447824483,
ENSMUSG00000112083,Gm47107,Chr10,68908119,68948666,C57_Specific,DOWN,-1.989945986,
ENSMUSG00000112090,Gm48231,Chr12,78444909,78447314,Shared,DOWN,-2.257625306,-1.647502848
ENSMUSG00000112106,Gm47026,Chr10,119489969,119492300,C57_Specific,DOWN,-4.442577628,
ENSMUSG00000112136,Gm40692,Chr10,74870177,74870859,Shared,DOWN,-1.837533013,-2.232880553
ENSMUSG00000112161,Gm34045,Chr10,118971046,119028563,C57_Specific,DOWN,-1.722886686,
ENSMUSG00000112195,Gm35405,Chr10,130371431,130371830,C57_Specific,DOWN,-1.537547214,
ENSMUSG00000112198,Gm4065,Chr10,118639624,118641879,C57_Specific,DOWN,-1.725522154,
ENSMUSG00000112309,Gm48353,Chr10,62693903,62695773,Shared,DOWN,-2.74255343,-1.502629117
ENSMUSG00000112348,Gm36634,Chr12,55538297,55604698,C57_Specific,DOWN,-1.469309033,
ENSMUSG00000112461,Gm47625,Chr10,116120454,116122248,C57_Specific,DOWN,-3.288198994,
ENSMUSG00000112513,4930422I22Rik,Chr10,115638320,115705463,C57_Specific,DOWN,-2.138030137,
ENSMUSG00000112544,Gm48089,Chr10,99103751,99114950,C57_Specific,DOWN,-1.150050143,
ENSMUSG00000112571,Gm48207,Chr10,105368845,105370354,C57_Specific,DOWN,-2.667440045,
ENSMUSG00000112576,Gm47621,Chr10,52700401,52702938,C57_Specific,DOWN,-1.507861728,
ENSMUSG00000112587,Gm47769,Chr10,17387760,17535453,C57_Specific,DOWN,-1.283019478,
ENSMUSG00000112595,Gm47340,Chr10,109975600,109976030,Shared,DOWN,-3.884938718,-2.017562702
ENSMUSG00000112611,Glipr1l3,Chr10,111977659,111996232,C57_Specific,DOWN,-2.511844125,
ENSMUSG00000112637,Gm48225,Chr12,78308067,78313149,C57_Specific,DOWN,-2.587244936,
ENSMUSG00000112639,A730063M14Rik,Chr10,126906241,126910665,C57_Specific,DOWN,-1.228979422,
ENSMUSG00000112657,BC106175,Chr12,8529091,8530303,Shared,DOWN,-1.278801045,-2.123058083
ENSMUSG00000112759,Gm47615,Chr10,63105869,63106647,C57_Specific,DOWN,-2.271562605,
ENSMUSG00000112779,Gm18029,Chr12,31798058,31799194,C57_Specific,DOWN,-1.597294262,
ENSMUSG00000112805,Gm34574,Chr10,99052258,99067758,C57_Specific,DOWN,-1.703093396,
ENSMUSG00000112813,Gm34376,Chr10,71123559,71128313,Shared,DOWN,-1.301923548,-1.283495842
ENSMUSG00000112852,Gm47767,Chr12,80255522,80258726,Shared,DOWN,-1.588841454,-2.301458997
ENSMUSG00000112907,Gm47015,Chr10,79248796,79253739,Shared,DOWN,-1.857753993,-2.456522253
ENSMUSG00000112955,Gm48889,Chr13,9462553,9465196,Shared,DOWN,-2.003379829,-1.59888511
ENSMUSG00000112977,Gm34081,Chr12,109459455,109506005,C57_Specific,DOWN,-1.2373797,
ENSMUSG00000112981,5033424D13Rik,Chr12,108844695,108845342,Shared,DOWN,-3.331835075,-3.469483166
ENSMUSG00000113003,Gm47138,Chr12,99332803,99336172,Shared,DOWN,-1.467562742,-3.136397139
ENSMUSG00000113013,Gm47833,Chr12,11831536,11842952,Shared,DOWN,-3.358511287,-2.244273014
ENSMUSG00000113074,Gm3772,Chr13,70170078,70268068,Shared,DOWN,-4.336641078,-5.055221442
ENSMUSG00000113093,Gm36862,Chr12,17603769,17656811,Shared,DOWN,-2.43157432,-2.347733781
ENSMUSG00000113109,Gm7712,Chr13,64605228,64606737,C57_Specific,DOWN,-1.743018091,
ENSMUSG00000113211,4921525O09Rik,Chr13,52250705,52278197,Shared,DOWN,-2.430387636,-2.791670163
ENSMUSG00000113244,Gm31218,Chr13,64597177,64772820,C57_Specific,DOWN,-2.009138117,
ENSMUSG00000113250,Gm48585,Chr12,100591044,100593052,Shared,DOWN,-2.235538787,-1.608221538
ENSMUSG00000113262,Gm48551,Chr10,81220300,81227394,C57_Specific,DOWN,-1.663200131,
ENSMUSG00000113318,Gm18113,Chr12,69416288,69416797,C57_Specific,DOWN,-1.605352269,
ENSMUSG00000113326,Gm47586,Chr13,63392035,63394062,Shared,DOWN,-1.749469665,-2.418769151
ENSMUSG00000113493,Gm7441,Chr13,14016827,14018835,C57_Specific,DOWN,-1.397702069,
ENSMUSG00000113502,Gm47411,Chr13,10098703,10101884,Shared,DOWN,-3.250524189,-2.26268433
ENSMUSG00000113573,AU017674,Chr13,70286996,70354091,C57_Specific,DOWN,-4.665515091,
ENSMUSG00000113621,2900060N12Rik,Chr12,24845854,24881323,C57_Specific,DOWN,-1.104883568,
ENSMUSG00000113667,Gm47853,Chr13,4073169,4075827,C57_Specific,DOWN,-4.568658923,
ENSMUSG00000113680,Gm47405,Chr13,10114794,10120902,Shared,DOWN,-2.725042224,-2.741065449
ENSMUSG00000113688,A930027P06Rik,Chr13,18126523,18129497,C57_Specific,DOWN,-1.075974377,
ENSMUSG00000113701,B230303A05Rik,Chr13,15989490,15989967,Shared,DOWN,-1.802373069,-1.525340647
ENSMUSG00000113755,Gm46391,Chr13,9322955,9323157,C57_Specific,DOWN,-3.446590116,
ENSMUSG00000113787,Gm47807,Chr12,11549296,11549893,C57_Specific,DOWN,-3.471453166,
ENSMUSG00000113788,Gm47904,Chr13,4141286,4142636,C57_Specific,DOWN,-2.742751735,
ENSMUSG00000113789,Gm47322,Chr13,12192344,12194167,C57_Specific,DOWN,-1.22582157,
ENSMUSG00000113810,Gm48259,Chr13,8328640,8329325,C57_Specific,DOWN,-2.299330338,
ENSMUSG00000113812,Gm48699,Chr13,62580680,62582204,C57_Specific,DOWN,-2.416424472,
ENSMUSG00000113860,Gm45949,Chr13,46173299,46222258,C57_Specific,DOWN,-2.752283959,
ENSMUSG00000113880,A030005L19Rik,Chr1,82891046,82891851,Shared,DOWN,-1.497496545,-1.183352756
ENSMUSG00000113984,Gm48890,Chr13,9378666,9380283,Shared,DOWN,-2.587287325,-1.165144723
ENSMUSG00000114024,Gm46336,Chr12,17393814,17398427,C57_Specific,DOWN,-1.911251807,
ENSMUSG00000114095,Gm47424,Chr13,64008896,64010105,C57_Specific,DOWN,-1.420248644,
ENSMUSG00000114115,Gm30239,Chr13,12536488,12577609,Shared,DOWN,-1.133108963,-1.410716134
ENSMUSG00000114121,Gm47728,Chr13,43836596,43854645,Shared,DOWN,-1.910238783,-2.331187048
ENSMUSG00000114206,Gm30551,Chr13,103727898,103864690,Shared,DOWN,-1.52352455,-1.338432488
ENSMUSG00000114256,Gm29844,Chr13,77317497,77318007,C57_Specific,DOWN,-1.930184386,
ENSMUSG00000114267,Gm48600,Chr14,10560615,10565094,Shared,DOWN,-1.418166833,-1.52831187
ENSMUSG00000114282,5330431K02Rik,Chr13,99638985,99640947,Shared,DOWN,-1.598851967,-1.064426912
ENSMUSG00000114285,Gm47773,Chr19,36338743,36339211,Shared,DOWN,-2.20346118,-2.493035257
ENSMUSG00000114288,Gm32123,Chr14,25108832,25148699,Shared,DOWN,-1.188255419,-1.406128548
ENSMUSG00000114306,Gm3227,Chr18,25730547,25736890,Shared,DOWN,-2.043469191,-2.423173176
ENSMUSG00000114319,Gm47509,Chr13,38966117,39009731,C57_Specific,DOWN,-1.168307303,
ENSMUSG00000114348,Gm41031,Chr13,97869992,97969795,C57_Specific,DOWN,-1.152078759,
ENSMUSG00000114382,Gm4814,Chr13,93209812,93211265,C57_Specific,DOWN,-1.063067885,
ENSMUSG00000114425,Gm33447,Chr13,97512343,97516998,Shared,DOWN,-1.688400366,-1.586391798
ENSMUSG00000114452,A530001N23Rik,Chr13,60631318,60656602,C57_Specific,DOWN,-1.460365242,
ENSMUSG00000114480,Gm3637,Chr14,8677703,8678780,Shared,DOWN,-3.166904076,-3.863049859
ENSMUSG00000114501,Gm48582,Chr13,60770781,60777209,C57_Specific,DOWN,-1.458373501,
ENSMUSG00000114554,5430425K12Rik,Chr13,81088530,81096718,C57_Specific,DOWN,-1.584649394,
ENSMUSG00000114626,Gm48266,Chr14,9699213,9700355,Shared,DOWN,-2.687438401,-1.539591987
ENSMUSG00000114691,Gm48438,Chr14,12565405,12567852,C57_Specific,DOWN,-2.070084432,
ENSMUSG00000114693,Gm41177,Chr14,65409204,65466025,Shared,DOWN,-1.532658755,-1.350143722
ENSMUSG00000114705,Gm18760,Chr14,29749644,29750308,Shared,DOWN,-2.889919822,-2.226646747
ENSMUSG00000114707,Gm47558,Chr13,114418204,114420917,C57_Specific,DOWN,-1.288859816,
ENSMUSG00000114709,Gm47920,Chr14,25460404,25462816,C57_Specific,DOWN,-1.267835907,
ENSMUSG00000114768,Gm48857,Chr14,8175083,8177358,C57_Specific,DOWN,-1.41448234,
ENSMUSG00000114883,Gm48860,Chr14,8122499,8141759,C57_Specific,DOWN,-2.347972988,
ENSMUSG00000114888,Gm49616,Chr14,26960019,26962451,C57_Specific,DOWN,-2.128894931,
ENSMUSG00000114924,Gm38408,Chr14,25067268,25169364,Shared,DOWN,-1.829547844,-1.102052576
ENSMUSG00000114939,Gm48566,Chr13,81387296,81388903,C57_Specific,DOWN,-3.118930598,
ENSMUSG00000115096,Gm48940,Chr14,49537272,49541987,C57_Specific,DOWN,-1.816249591,
ENSMUSG00000115164,Gm30159,Chr15,62938857,63014954,C57_Specific,DOWN,-4.25647396,
ENSMUSG00000115252,Gm48996,Chr15,25634713,25638329,C57_Specific,DOWN,-2.251316638,
ENSMUSG00000115275,9630050E16Rik,Chr14,45722102,45729542,Shared,DOWN,-1.526017367,-1.603132404
ENSMUSG00000115278,Gm34150,Chr15,36360657,36435107,C57_Specific,DOWN,-1.921111402,
ENSMUSG00000115303,Gm4291,Chr14,77213689,77214327,C57_Specific,DOWN,-1.302187693,
ENSMUSG00000115314,Gm48966,Chr15,35568389,35570031,Shared,DOWN,-2.175849597,-1.53205953
ENSMUSG00000115329,Gm49272,Chr15,103558219,103564125,Shared,DOWN,-1.953150502,-3.577513526
ENSMUSG00000115389,Gm48936,Chr14,49458355,49460821,C57_Specific,DOWN,-2.004466835,
ENSMUSG00000115431,Gm3219,Chr14,34067238,34067540,C57_Specific,DOWN,-1.586139915,
ENSMUSG00000115451,Gm49025,Chr14,34389988,34390296,C57_Specific,DOWN,-1.878597099,
ENSMUSG00000115456,Gm35248,Chr15,38299021,38343389,C57_Specific,DOWN,-1.761183129,
ENSMUSG00000115543,B230362B09Rik,Chr15,27503998,27505618,C57_Specific,DOWN,-1.674415559,
ENSMUSG00000115555,Gm49307,Chr14,48434217,48435487,C57_Specific,DOWN,-3.903974204,
ENSMUSG00000115632,Gm17922,Chr14,93439536,93440337,C57_Specific,DOWN,-2.567766368,
ENSMUSG00000115709,4930431P22Rik,Chr14,76942127,77000390,Shared,DOWN,-1.412178362,-1.710861801
ENSMUSG00000115715,Gm33936,Chr15,36317573,36367998,C57_Specific,DOWN,-2.417409172,
ENSMUSG00000115746,Gm49218,Chr14,99603118,99603453,C57_Specific,DOWN,-1.310841379,
ENSMUSG00000115955,9530056E24Rik,Chr2,130365915,130369204,Shared,DOWN,-1.690784581,-1.136176366
ENSMUSG00000116121,Gm49486,Chr15,79113591,79140874,C57_Specific,DOWN,-1.206537446,
ENSMUSG00000116165,Pdxp,Chr15,78798119,78803717,C57_Specific,DOWN,-1.165797768,
ENSMUSG00000116185,Gm49411,Chr15,77059989,77062464,C57_Specific,DOWN,-3.677870093,
ENSMUSG00000116238,Gm49413,Chr15,76462025,76465063,C57_Specific,DOWN,-1.743118853,
ENSMUSG00000116338,7530414M10Rik,Chr15,83057397,83060646,C57_Specific,DOWN,-4.74962661,
ENSMUSG00000116498,Gm38563,Chr15,61029641,61037594,Shared,DOWN,-2.364239098,-1.590280616
ENSMUSG00000116557,4933432I09Rik,Chr16,18016530,18035679,Shared,DOWN,-1.960343733,-1.345459954
ENSMUSG00000116571,Gm49741,Chr17,27842471,27843239,C57_Specific,DOWN,-1.190054637,
ENSMUSG00000116581,Gm46565,Chr16,30710048,30755460,Shared,DOWN,-1.094824048,-1.089205996
ENSMUSG00000116641,Gm41505,Chr16,94522576,94554311,C57_Specific,DOWN,-1.474728871,
ENSMUSG00000116652,B830017H08Rik,Chr16,17650985,17652872,Shared,DOWN,-1.665988804,-2.150843057
ENSMUSG00000116740,Gm49659,Chr16,73973681,73975722,C57_Specific,DOWN,-1.209237125,
ENSMUSG00000116777,Zfp520-ps,Chr16,17632892,17634185,Shared,DOWN,-1.344557035,-1.821358594
ENSMUSG00000116797,2600002D14Rik,Chr16,36682812,36683103,Shared,DOWN,-1.108094735,-1.522181271
ENSMUSG00000116835,Gm49594,Chr16,33827213,33827827,C57_Specific,DOWN,-2.229190437,
ENSMUSG00000116957,Gm34680,Chr16,32369029,32372573,C57_Specific,DOWN,-1.232391148,
ENSMUSG00000116965,Gm36742,Chr16,38968952,39057070,C57_Specific,DOWN,-3.746994678,
ENSMUSG00000116972,Gm6278,Chr16,85441140,85441911,Discordant,DOWN,-2.595229118,1.115776926
ENSMUSG00000116975,4930470H14Rik,Chr17,4094926,4133287,C57_Specific,DOWN,-2.869933001,
ENSMUSG00000117007,Gm41556,Chr17,29272310,29279141,C57_Specific,DOWN,-1.579383939,
ENSMUSG00000117019,Gm49896,Chr17,48863761,48879215,Shared,DOWN,-1.315755562,-1.587023687
ENSMUSG00000117040,Gm49805,Chr17,46266367,46274775,C57_Specific,DOWN,-1.086912038,
ENSMUSG00000117085,4930542M03Rik,Chr17,46190772,46196542,Shared,DOWN,-1.905912941,-3.441126447
ENSMUSG00000117123,Gm49890,Chr4,88828091,88857258,Shared,DOWN,-1.274821233,-1.119470776
ENSMUSG00000117146,Fut4-ps1,Chr17,57045332,57045815,C57_Specific,DOWN,-1.68179917,
ENSMUSG00000117239,Gpr31c,Chr17,13565094,13566048,C57_Specific,DOWN,-1.271236717,
ENSMUSG00000117255,Gm49864,Chr17,29018468,29020597,C57_Specific,DOWN,-1.240515661,
ENSMUSG00000117286,Gm1043,Chr5,37242714,37386891,Shared,DOWN,-1.111643658,-2.46585233
ENSMUSG00000117294,Gm49839,Chr17,28676458,28680069,C57_Specific,DOWN,-1.638967578,
ENSMUSG00000117379,Gm50022,Chr17,24998677,25000958,Shared,DOWN,-1.203323547,-1.553582546
ENSMUSG00000117421,Gm41639,Chr17,84257500,84266979,C57_Specific,DOWN,-1.817195403,
ENSMUSG00000117442,1810073O08Rik,Chr17,84213283,84229038,C57_Specific,DOWN,-3.315628711,
ENSMUSG00000117485,Gm19696,Chr17,84441432,84465552,Shared,DOWN,-1.309970401,-1.402367204
ENSMUSG00000117541,Gm50048,Chr18,15536144,15563847,C57_Specific,DOWN,-2.604064415,
ENSMUSG00000117546,Gm54542,Chr17,86483003,86485457,Shared,DOWN,-2.843299851,-1.952928597
ENSMUSG00000117551,Gm50015,Chr17,26536392,26541596,C57_Specific,DOWN,-2.370401494,
ENSMUSG00000117582,Gm19853,Chr17,95165647,95166046,C57_Specific,DOWN,-4.540035991,
ENSMUSG00000117613,Gm2629,Chr18,15305494,15414988,Shared,DOWN,-2.342621802,-1.147380416
ENSMUSG00000117655,6720468P15Rik,Chr19,57483949,57501221,Shared,DOWN,-1.445694962,-2.036138322
ENSMUSG00000117766,Gm50354,Chr18,64833158,64833418,C57_Specific,DOWN,-2.037881637,
ENSMUSG00000117779,Gm19209,Chr19,3871764,3872389,C57_Specific,DOWN,-1.319318828,
ENSMUSG00000117848,Gm35867,Chr19,45046902,45099534,C57_Specific,DOWN,-1.19294315,
ENSMUSG00000117864,Gm19500,Chr18,57538388,57563084,C57_Specific,DOWN,-1.571309395,
ENSMUSG00000117901,Gm54798,Chr19,7064834,7065786,C57_Specific,DOWN,-1.150687199,
ENSMUSG00000117912,Gm50383,Chr19,3913568,3917673,Shared,DOWN,-3.793842246,-2.117232173
ENSMUSG00000117916,9630028I04Rik,Chr17,27452759,27467040,C57_Specific,DOWN,-1.009358014,
ENSMUSG00000117921,Gm50186,Chr19,54072990,54075089,Shared,DOWN,-1.066847073,-1.26655551
ENSMUSG00000117943,Gm50403,Chr18,40479222,40484804,C57_Specific,DOWN,-5.227506847,
ENSMUSG00000117957,Gm50334,Chr19,44302211,44305774,Shared,DOWN,-1.109417001,-1.762997541
ENSMUSG00000117962,Gm6402,Chr17,30614594,30615007,C57_Specific,DOWN,-2.101540421,
ENSMUSG00000118021,Gm50130,Chr19,21808815,21811120,C57_Specific,DOWN,-2.204236106,
ENSMUSG00000118071,Gm50455,Chr17,31781756,31784666,C57_Specific,DOWN,-1.196134996,
ENSMUSG00000118107,Gm34455,Chr17,26686205,26723912,Shared,DOWN,-2.22302755,-2.009448383
ENSMUSG00000118119,Gm9937,Chr17,31092835,31094258,Shared,DOWN,-1.456638776,-2.833053902
ENSMUSG00000118120,Gm33732,Chr18,54901453,54962058,Shared,DOWN,-1.789716471,-2.674153579
ENSMUSG00000118133,Gm6978,Chr18,64744796,64745511,Shared,DOWN,-1.278552972,-1.513163266
ENSMUSG00000118155,Gm50136,Chr19,23038740,23046121,C57_Specific,DOWN,-3.884093687,
ENSMUSG00000118161,Rps2-ps8,Chr17,31862872,31863753,C57_Specific,DOWN,-1.671621424,
ENSMUSG00000118184,Gm50144,Chr18,35628501,35629080,Shared,DOWN,-1.785660711,-2.114009833
ENSMUSG00000118186,Gm8642,Chr18,56651312,56652452,Shared,DOWN,-2.540900819,-3.33177194
ENSMUSG00000118210,Gm50394,Chr19,53516851,53518086,C57_Specific,DOWN,-1.013286202,
ENSMUSG00000118224,Gm50352,Chr18,64817191,64818181,Shared,DOWN,-3.051327504,-2.243952743
ENSMUSG00000118281,Gm50242,Chr17,31098040,31102505,Shared,DOWN,-1.855574087,-3.263749283
ENSMUSG00000118292,Gm10549,Chr18,33597216,33607763,Shared,DOWN,-1.007389694,-1.16726168
ENSMUSG00000118310,Gm50268,Chr19,10417261,10420016,Shared,DOWN,-1.128287063,-1.538102261
ENSMUSG00000118339,4930592I03Rik,Chr18,82936523,82938706,Shared,DOWN,-1.787984249,-2.045567367
ENSMUSG00000118353,Nsa2-ps1,Chr19,22418499,22419278,Shared,DOWN,-2.347908134,-1.5456035
ENSMUSG00000118356,Gm50353,Chr18,64826607,64833125,Shared,DOWN,-1.612161926,-2.20699144
ENSMUSG00000118358,Gm36315,Chr18,36021822,36023390,Shared,DOWN,-1.114107344,-1.109401949
ENSMUSG00000118379,Gm41790,Chr18,80602991,80649026,C57_Specific,DOWN,-3.69071278,
ENSMUSG00000118467,Gm50481,Chr13,21596221,21602076,C57_Specific,DOWN,-1.263842789,
ENSMUSG00000118499,Gm31332,Chr12,3488515,3488889,Shared,DOWN,-1.399445587,-1.618954286
ENSMUSG00000118501,Gm53048,Chr18,37835738,37973182,C57_Specific,DOWN,-1.437959581,
ENSMUSG00000118672,Muc4,Chr16,32555015,32602754,Shared,DOWN,-1.360610597,-2.101185957
ENSMUSG00000119011,Gm25291,Chr11,51628606,51628749,Shared,DOWN,-1.544238224,-2.32682101
ENSMUSG00000119132,Gm24407,Chr5,115628313,115628453,C57_Specific,DOWN,-1.752860412,
ENSMUSG00000119589,Gm24095,Chr13,62691017,62691149,C57_Specific,DOWN,-4.258325081,
ENSMUSG00000119895,Gm22513,Chr12,54743567,54743730,C57_Specific,DOWN,-1.921332194,
ENSMUSG00000119945,ENSMUSG00000119945,Chr5,142803529,142804717,C57_Specific,DOWN,-1.165943959,
ENSMUSG00000119946,ENSMUSG00000119946,Chr5,130199430,130200635,Shared,DOWN,-1.106553746,-1.04354372
ENSMUSG00000119950,ENSMUSG00000119950,Chr14,25378497,25384122,Shared,DOWN,-1.509787539,-1.313877233
ENSMUSG00000119957,ENSMUSG00000119957,Chr11,30719425,30721859,C57_Specific,DOWN,-1.042031833,
ENSMUSG00000119973,ENSMUSG00000119973,Chr6,121114373,121139927,C57_Specific,DOWN,-1.146554178,
ENSMUSG00000120001,ENSMUSG00000120001,Chr7,34756099,34757188,Shared,DOWN,-1.226875155,-1.425374692
ENSMUSG00000120012,ENSMUSG00000120012,Chr11,106391429,106393417,C57_Specific,DOWN,-1.577258164,
ENSMUSG00000120035,ENSMUSG00000120035,Chr12,86987771,86994158,C57_Specific,DOWN,-1.33135692,
ENSMUSG00000120042,ENSMUSG00000120042,Chr7,78532178,78538584,Shared,DOWN,-1.366068541,-1.651651369
ENSMUSG00000120045,ENSMUSG00000120045,Chr11,50216664,50263594,C57_Specific,DOWN,-1.380451404,
ENSMUSG00000120053,ENSMUSG00000120053,Chr5,121848297,121851082,C57_Specific,DOWN,-1.010731488,
ENSMUSG00000120058,ENSMUSG00000120058,Chr9,66702827,66803818,C57_Specific,DOWN,-3.364010368,
ENSMUSG00000120059,ENSMUSG00000120059,Chr2,25246388,25248018,C57_Specific,DOWN,-1.97243878,
ENSMUSG00000120102,ENSMUSG00000120102,Chr4,106696361,106697873,C57_Specific,DOWN,-1.914197332,
ENSMUSG00000120114,ENSMUSG00000120114,Chr11,69306555,69309613,Shared,DOWN,-1.119695081,-1.642457894
ENSMUSG00000120128,ENSMUSG00000120128,Chr16,17739113,17740370,Shared,DOWN,-2.379438106,-1.803255327
ENSMUSG00000120150,ENSMUSG00000120150,Chr3,122778261,122778822,C57_Specific,DOWN,-1.25645743,
ENSMUSG00000120167,ENSMUSG00000120167,Chr19,5456436,5456767,C57_Specific,DOWN,-1.287378193,
ENSMUSG00000120177,ENSMUSG00000120177,Chr2,173861013,173863841,C57_Specific,DOWN,-2.08361717,
ENSMUSG00000120180,ENSMUSG00000120180,Chr8,35272195,35274392,C57_Specific,DOWN,-1.014587274,
ENSMUSG00000120207,ENSMUSG00000120207,Chr9,61221052,61277937,C57_Specific,DOWN,-3.504865301,
ENSMUSG00000120228,ENSMUSG00000120228,Chr4,126149936,126152306,C57_Specific,DOWN,-1.527306596,
ENSMUSG00000120230,ENSMUSG00000120230,Chr11,80271390,80274732,C57_Specific,DOWN,-1.720717082,
ENSMUSG00000120243,ENSMUSG00000120243,Chr8,35271987,35273608,C57_Specific,DOWN,-1.859428487,
ENSMUSG00000120273,ENSMUSG00000120273,Chr9,8132870,8152361,Shared,DOWN,-1.657099703,-1.109050302
ENSMUSG00000120347,ENSMUSG00000120347,Chr16,11071866,11074500,C57_Specific,DOWN,-1.274903934,
ENSMUSG00000120352,ENSMUSG00000120352,Chr4,63325698,63329020,Shared,DOWN,-1.445572652,-2.440070519
ENSMUSG00000120357,ENSMUSG00000120357,Chr5,125469489,125470396,Shared,DOWN,-1.440000919,-1.910560874
ENSMUSG00000120358,ENSMUSG00000120358,Chr3,136374432,136375705,C57_Specific,DOWN,-1.333451929,
ENSMUSG00000120368,ENSMUSG00000120368,Chr5,117256672,117258108,Shared,DOWN,-1.497938463,-1.341163972
ENSMUSG00000120371,ENSMUSG00000120371,Chr15,98852446,98921772,Shared,DOWN,-1.31505216,-1.358706807
ENSMUSG00000120372,ENSMUSG00000120372,Chr1,7157896,7159234,C57_Specific,DOWN,-1.587308898,
ENSMUSG00000120397,ENSMUSG00000120397,Chr15,59489618,59499580,C57_Specific,DOWN,-1.028399536,
ENSMUSG00000120407,ENSMUSG00000120407,Chr12,100151294,100154028,C57_Specific,DOWN,-1.362323139,
ENSMUSG00000120413,ENSMUSG00000120413,Chr1,164623090,164727558,Shared,DOWN,-4.753593565,-1.69089517
ENSMUSG00000120420,ENSMUSG00000120420,Chr16,21152105,21158921,C57_Specific,DOWN,-1.165770597,
ENSMUSG00000120435,ENSMUSG00000120435,Chr5,125470292,125471699,Shared,DOWN,-1.158899776,-1.482905379
ENSMUSG00000120437,ENSMUSG00000120437,Chr10,13839812,13841486,Shared,DOWN,-1.613792064,-1.472523429
ENSMUSG00000120509,ENSMUSG00000120509,Chr9,107971854,107980882,C57_Specific,DOWN,-2.678681647,
ENSMUSG00000120544,ENSMUSG00000120544,Chr4,133484103,133484722,C57_Specific,DOWN,-2.19656718,
ENSMUSG00000120551,ENSMUSG00000120551,Chr19,23115169,23118519,C57_Specific,DOWN,-1.362687775,
ENSMUSG00000120553,ENSMUSG00000120553,Chr12,85518205,85518992,C57_Specific,DOWN,-2.29434773,
ENSMUSG00000120554,ENSMUSG00000120554,Chr5,115331389,115344414,C57_Specific,DOWN,-1.138342383,
ENSMUSG00000120563,ENSMUSG00000120563,Chr7,19053392,19075283,Shared,DOWN,-1.458129514,-1.134030792
ENSMUSG00000120571,ENSMUSG00000120571,Chr6,115283186,115294101,C57_Specific,DOWN,-3.480956045,
ENSMUSG00000120579,ENSMUSG00000120579,Chr4,106321428,106336204,Shared,DOWN,-1.207028362,-2.747650115
ENSMUSG00000120586,ENSMUSG00000120586,Chr8,84917967,84925214,C57_Specific,DOWN,-1.526608517,
ENSMUSG00000120590,ENSMUSG00000120590,Chr7,19044356,19045108,C57_Specific,DOWN,-1.811776637,
ENSMUSG00000120607,ENSMUSG00000120607,Chr12,52487797,52500674,Shared,DOWN,-1.590649921,-1.914916443
ENSMUSG00000120622,ENSMUSG00000120622,Chr4,137976414,137977587,C57_Specific,DOWN,-2.306459146,
ENSMUSG00000120623,ENSMUSG00000120623,Chr18,61778947,61779750,C57_Specific,DOWN,-2.390123265,
ENSMUSG00000120635,ENSMUSG00000120635,Chr8,57963548,57965366,C57_Specific,DOWN,-1.24089734,
ENSMUSG00000120643,ENSMUSG00000120643,Chr18,84104691,84104857,C57_Specific,DOWN,-1.106465523,
ENSMUSG00000120668,ENSMUSG00000120668,Chr2,167417249,167431383,C57_Specific,DOWN,-1.055940564,
ENSMUSG00000120677,ENSMUSG00000120677,Chr11,69305463,69311626,Shared,DOWN,-1.143535876,-1.541821957
ENSMUSG00000120715,ENSMUSG00000120715,Chr12,86826688,86897756,Shared,DOWN,-1.383737175,-2.042428936
ENSMUSG00000120769,ENSMUSG00000120769,Chr2,20973770,20974436,C57_Specific,DOWN,-1.418634291,
ENSMUSG00000120772,ENSMUSG00000120772,Chr9,83716066,83716651,C57_Specific,DOWN,-1.638211662,
ENSMUSG00000120819,ENSMUSG00000120819,Chr9,114240055,114240272,C57_Specific,DOWN,-1.302430252,
ENSMUSG00000120823,ENSMUSG00000120823,Chr4,135582445,135583234,C57_Specific,DOWN,-1.423946663,
ENSMUSG00000120833,ENSMUSG00000120833,Chr12,76417742,76418232,C57_Specific,DOWN,-1.591806725,
ENSMUSG00000120834,Gm36012,Chr4,101400490,101408398,C57_Specific,DOWN,-1.274451342,
ENSMUSG00000120850,ENSMUSG00000120850,Chr14,77777166,77778490,C57_Specific,DOWN,-2.739888563,
ENSMUSG00000120869,ENSMUSG00000120869,Chr12,91555104,91555457,C57_Specific,DOWN,-1.595909113,
ENSMUSG00000120874,ENSMUSG00000120874,Chr1,91341152,91343508,C57_Specific,DOWN,-1.343909334,
ENSMUSG00000120926,ENSMUSG00000120926,Chr9,37457286,37458211,C57_Specific,DOWN,-2.133129803,
ENSMUSG00000120947,ENSMUSG00000120947,Chr16,23807089,23807291,Shared,DOWN,-1.074931714,-1.948046792
ENSMUSG00000120948,ENSMUSG00000120948,Chr1,13659704,13667319,C57_Specific,DOWN,-1.127892568,
ENSMUSG00000120973,ENSMUSG00000120973,Chr17,35266090,35266726,Shared,DOWN,-1.426676835,-1.969435267
ENSMUSG00000120985,ENSMUSG00000120985,Chr7,18960709,18962576,C57_Specific,DOWN,-1.650923238,
ENSMUSG00000121059,ENSMUSG00000121059,Chr4,66762713,66764269,C57_Specific,DOWN,-1.042573771,
ENSMUSG00000121060,ENSMUSG00000121060,Chr13,95901596,95912311,Shared,DOWN,-2.064302591,-1.870131803
ENSMUSG00000121092,ENSMUSG00000121092,Chr8,129231424,129231957,C57_Specific,DOWN,-1.003695129,
ENSMUSG00000121098,ENSMUSG00000121098,Chr6,48995445,49050708,C57_Specific,DOWN,-2.088797527,
ENSMUSG00000121100,ENSMUSG00000121100,Chr5,31377876,31378339,C57_Specific,DOWN,-1.743365302,
ENSMUSG00000121123,ENSMUSG00000121123,Chr9,107749687,107750449,C57_Specific,DOWN,-1.594916687,
ENSMUSG00000121126,ENSMUSG00000121126,Chr12,55437054,55445582,C57_Specific,DOWN,-1.042698202,
ENSMUSG00000121127,ENSMUSG00000121127,Chr9,82902171,82906069,C57_Specific,DOWN,-2.568316229,
ENSMUSG00000121153,ENSMUSG00000121153,Chr6,119365814,119382601,C57_Specific,DOWN,-1.755742679,
ENSMUSG00000121159,ENSMUSG00000121159,Chr8,121017388,121020357,Shared,DOWN,-1.672263107,-3.083028523
ENSMUSG00000121168,ENSMUSG00000121168,Chr5,105841568,105844079,C57_Specific,DOWN,-1.444227927,
ENSMUSG00000121178,ENSMUSG00000121178,Chr8,70963078,70965321,C57_Specific,DOWN,-1.112143307,
ENSMUSG00000121210,ENSMUSG00000121210,Chr7,28049288,28050102,C57_Specific,DOWN,-1.329419832,
ENSMUSG00000121222,ENSMUSG00000121222,Chr7,28508727,28510054,C57_Specific,DOWN,-1.325150005,
ENSMUSG00000121223,ENSMUSG00000121223,Chr1,172202533,172205564,C57_Specific,DOWN,-1.503286938,
ENSMUSG00000121224,ENSMUSG00000121224,Chr2,130682097,130683556,C57_Specific,DOWN,-2.764846177,
ENSMUSG00000121248,ENSMUSG00000121248,Chr2,164365574,164366392,Shared,DOWN,-1.887781223,-1.307924816
ENSMUSG00000121275,ENSMUSG00000121275,Chr1,167113317,167177997,C57_Specific,DOWN,-1.141135644,
ENSMUSG00000121393,ENSMUSG00000121393,Chr19,8450677,8469232,Shared,DOWN,-1.555408186,-1.996577901
ENSMUSG00000121503,H2-K2,Chr17,34193607,34198165,C57_Specific,DOWN,-1.037717043,
ENSMUSG00000121504,Ppp4r1l-ps,Chr2,173421113,173501683,Shared,DOWN,-1.121731052,-1.406037677
ENSMUSG00002074885,Gm55805,Chr6,87258131,87258242,Shared,DOWN,-3.891238856,-3.168579683
ENSMUSG00002075179,Gm55120,Chr18,3860108,3860430,Shared,DOWN,-1.986621103,-1.88049843
ENSMUSG00002075474,Gm55983,Chr9,114431156,114431260,Shared,DOWN,-2.233937537,-2.319541135
ENSMUSG00002075529,Gm55403,Chr13,13963929,13964218,Shared,DOWN,-1.276567307,-1.999435104
ENSMUSG00002075580,Gm56053,Chr6,52139105,52139247,C57_Specific,DOWN,-3.211824651,
ENSMUSG00002075656,Gm55878,Chr5,23879287,23879379,C57_Specific,DOWN,-2.780207689,
ENSMUSG00002075795,Gm54867,Chr18,73666474,73666621,C57_Specific,DOWN,-1.991195414,
ENSMUSG00002075918,Gm55758,Chr9,102424965,102425076,C57_Specific,DOWN,-3.200013169,
ENSMUSG00002075930,Gm55945,Chr1,89491082,89491196,Shared,DOWN,-2.582527687,-1.628506915
ENSMUSG00002076243,Gm55815,Chr10,116367551,116367645,C57_Specific,DOWN,-2.329597602,
ENSMUSG00002076450,Gm56352,Chr11,115144104,115144211,Shared,DOWN,-3.919437515,-4.245911263
ENSMUSG00002076629,Gm55320,Chr16,36332695,36333012,C57_Specific,DOWN,-1.977627614,
ENSMUSG00002076630,Gm54372,Chr18,20977504,20977649,C57_Specific,DOWN,-4.267447872,
ENSMUSG00002076675,Gm56334,Chr2,127314937,127315228,C57_Specific,DOWN,-1.688919999,
ENSMUSG00000000049,Apoh,Chr11,108234180,108305222,SJL_Specific,UP,,1.933917634
ENSMUSG00000000120,Ngfr,Chr11,95459644,95478561,SJL_Specific,UP,,1.566222289
ENSMUSG00000000159,Igsf5,Chr16,96162868,96223321,SJL_Specific,UP,,1.059149237
ENSMUSG00000000290,Itgb2,Chr10,77366086,77401542,SJL_Specific,UP,,1.037270823
ENSMUSG00000000318,Clec10a,Chr11,70047023,70061660,SJL_Specific,UP,,2.609690947
ENSMUSG00000000392,Fap,Chr2,62331287,62404419,SJL_Specific,UP,,1.100919061
ENSMUSG00000000560,Gabra2,Chr5,71114940,71253192,SJL_Specific,UP,,3.413147311
ENSMUSG00000000567,Sox9,Chr11,112673050,112678586,SJL_Specific,UP,,1.396468168
ENSMUSG00000000627,Sema4f,Chr6,82888866,82916750,SJL_Specific,UP,,1.170981619
ENSMUSG00000000739,Sult5a1,Chr8,123866931,123885054,SJL_Specific,UP,,1.365950089
ENSMUSG00000000753,Serpinf1,Chr11,75300595,75313527,SJL_Specific,UP,,2.148957631
ENSMUSG00000000805,Car4,Chr11,84848612,84856870,SJL_Specific,UP,,1.022181655
ENSMUSG00000000934,Top1mt,Chr15,75528884,75550649,SJL_Specific,UP,,1.256510248
ENSMUSG00000000957,Mmp14,Chr14,54669069,54682821,SJL_Specific,UP,,1.22471328
ENSMUSG00000000983,Wfdc18,Chr11,83599841,83602174,SJL_Specific,UP,,2.068749647
ENSMUSG00000001027,Scn4a,Chr11,106209418,106244114,SJL_Specific,UP,,1.389130228
ENSMUSG00000001095,Slc13a2,Chr11,78287913,78313043,SJL_Specific,UP,,3.183702045
ENSMUSG00000001119,Col6a1,Chr10,76544626,76562002,SJL_Specific,UP,,2.028751114
ENSMUSG00000001173,Ocrl,ChrX,47001264,47054745,SJL_Specific,UP,,1.132941719
ENSMUSG00000001225,Slc26a3,Chr12,31440870,31523916,SJL_Specific,UP,,4.615501422
ENSMUSG00000001333,Sync,Chr4,129181410,129202352,SJL_Specific,UP,,1.302925874
ENSMUSG00000001435,Col18a1,Chr10,76888012,77002382,SJL_Specific,UP,,1.741839021
ENSMUSG00000001504,Irx2,Chr13,72776939,72782317,SJL_Specific,UP,,1.937439906
ENSMUSG00000001506,Col1a1,Chr11,94827050,94843868,SJL_Specific,UP,,2.320131227
ENSMUSG00000001622,Csn3,Chr5,88073438,88080524,SJL_Specific,UP,,3.973439017
ENSMUSG00000001741,Il16,Chr7,83292033,83394934,SJL_Specific,UP,,1.499518827
ENSMUSG00000001761,Smo,Chr6,29735502,29761364,SJL_Specific,UP,,1.087038137
ENSMUSG00000001827,Folr1,Chr7,101507538,101519995,SJL_Specific,UP,,1.06017598
ENSMUSG00000001864,Aif1l,Chr2,31840151,31863454,SJL_Specific,UP,,1.516536897
ENSMUSG00000002489,Tiam1,Chr16,89583999,89940657,SJL_Specific,UP,,1.435387754
ENSMUSG00000002847,Pla1a,Chr16,38216479,38253507,SJL_Specific,UP,,1.106937832
ENSMUSG00000002944,Cd36,Chr5,17986688,18093799,SJL_Specific,UP,,1.819686389
ENSMUSG00000003153,Slc2a3,Chr6,122704768,122778599,SJL_Specific,UP,,1.124630689
ENSMUSG00000003227,Edar,Chr10,58436611,58511476,SJL_Specific,UP,,1.275729402
ENSMUSG00000003363,Pld3,Chr7,27231425,27252643,SJL_Specific,UP,,1.00918689
ENSMUSG00000003410,Elavl3,Chr9,21926301,21963319,SJL_Specific,UP,,1.276152286
ENSMUSG00000003477,Inmt,Chr6,55147611,55152028,SJL_Specific,UP,,2.351994546
ENSMUSG00000003617,Cp,Chr3,20011218,20063309,SJL_Specific,UP,,1.532721079
ENSMUSG00000003812,Dnase2a,Chr8,85635189,85649544,SJL_Specific,UP,,1.026640673
ENSMUSG00000003934,Efnb3,Chr11,69444918,69451031,SJL_Specific,UP,,1.155750752
ENSMUSG00000004098,Col5a3,Chr9,20681346,20726363,SJL_Specific,UP,,2.238785641
ENSMUSG00000004151,Etv1,Chr12,38829379,38920483,SJL_Specific,UP,,1.38204641
ENSMUSG00000004359,Spic,Chr10,88510634,88520877,SJL_Specific,UP,,3.748856616
ENSMUSG00000004366,Sst,Chr16,23708323,23709708,SJL_Specific,UP,,1.189267746
ENSMUSG00000004383,Large1,Chr8,73541227,74080168,SJL_Specific,UP,,1.109079268
ENSMUSG00000004415,Col26a1,Chr5,136770613,136912063,SJL_Specific,UP,,1.269059548
ENSMUSG00000004631,Sgce,Chr6,4674350,4747207,SJL_Specific,UP,,1.315777701
ENSMUSG00000004709,Cd244a,Chr1,171386761,171437314,SJL_Specific,UP,,1.426696321
ENSMUSG00000004814,Ccl24,Chr5,135598791,135601903,SJL_Specific,UP,,4.373820194
ENSMUSG00000005087,Cd44,Chr2,102641486,102732010,SJL_Specific,UP,,1.240059934
ENSMUSG00000005338,Cadm3,Chr1,173160825,173195261,SJL_Specific,UP,,1.5266999
ENSMUSG00000005672,Kit,Chr5,75735576,75817382,SJL_Specific,UP,,1.048723312
ENSMUSG00000005883,Spo11,Chr2,172819493,172835369,SJL_Specific,UP,,1.554465041
ENSMUSG00000005947,Itgae,Chr11,72981409,73038272,SJL_Specific,UP,,1.893698748
ENSMUSG00000005973,Rcn1,Chr2,105216636,105229664,SJL_Specific,UP,,1.240009058
ENSMUSG00000006205,Htra1,Chr7,130537841,130587390,SJL_Specific,UP,,1.084167261
ENSMUSG00000006344,Ggt5,Chr10,75425174,75453034,SJL_Specific,UP,,1.587226488
ENSMUSG00000006369,Fbln1,Chr15,85090150,85170736,SJL_Specific,UP,,1.702130629
ENSMUSG00000006435,Neurl1a,Chr19,47167259,47247880,SJL_Specific,UP,,1.023489105
ENSMUSG00000006731,B4galnt1,Chr10,127001094,127008199,SJL_Specific,UP,,1.450709838
ENSMUSG00000006777,Krt23,Chr11,99368800,99383963,SJL_Specific,UP,,1.521881824
ENSMUSG00000006800,Sulf2,Chr2,165915009,165997583,SJL_Specific,UP,,1.442576727
ENSMUSG00000007279,Scube2,Chr7,109397883,109464886,SJL_Specific,UP,,1.067775956
ENSMUSG00000008028,1700008O03Rik,Chr7,44009467,44035244,SJL_Specific,UP,,1.012579087
ENSMUSG00000008540,Mgst1,Chr6,138117314,138133753,SJL_Specific,UP,,1.05890666
ENSMUSG00000008658,Rbfox1,Chr16,5124665,7229391,SJL_Specific,UP,,1.507466132
ENSMUSG00000009114,2610028H24Rik,Chr10,76284915,76296944,SJL_Specific,UP,,1.569285546
ENSMUSG00000009614,Sardh,Chr2,27078405,27138349,SJL_Specific,UP,,1.192439451
ENSMUSG00000010066,Cacna2d2,Chr9,107276811,107406542,SJL_Specific,UP,,1.519921356
ENSMUSG00000010830,Kdelr3,Chr15,79400612,79411940,SJL_Specific,UP,,1.145977016
ENSMUSG00000011034,Slc5a1,Chr5,33261563,33320214,SJL_Specific,UP,,1.15904646
ENSMUSG00000011589,Fsd1,Chr17,56293509,56303881,SJL_Specific,UP,,1.371868483
ENSMUSG00000012428,Steap4,Chr5,8010457,8032213,SJL_Specific,UP,,1.121561717
ENSMUSG00000012819,Cdh23,Chr10,60138527,60532269,SJL_Specific,UP,,1.283950819
ENSMUSG00000013523,Bcas1,Chr2,170188911,170269765,SJL_Specific,UP,,1.364493161
ENSMUSG00000013562,4833413E03Rik,Chr17,31776100,31778087,SJL_Specific,UP,,3.330355491
ENSMUSG00000013707,Tnfaip8l2,Chr3,95046832,95049671,SJL_Specific,UP,,1.099461574
ENSMUSG00000015085,Entpd2,Chr2,25285886,25291333,SJL_Specific,UP,,1.12143724
ENSMUSG00000015133,Lrrk1,Chr7,65876660,66038098,SJL_Specific,UP,,1.074957064
ENSMUSG00000015134,Aldh1a3,Chr7,66040638,66077265,SJL_Specific,UP,,3.206641784
ENSMUSG00000015405,Ace2,ChrX,162922328,162971416,SJL_Specific,UP,,1.342793533
ENSMUSG00000015843,Rxrg,Chr1,167425953,167467192,SJL_Specific,UP,,1.549379887
ENSMUSG00000015852,Fcrls,Chr3,87158065,87171045,SJL_Specific,UP,,1.584594684
ENSMUSG00000015966,Il17rb,Chr14,29718092,29730853,SJL_Specific,UP,,1.226593962
ENSMUSG00000016194,Hsd11b1,Chr1,192903942,192946383,SJL_Specific,UP,,2.169306686
ENSMUSG00000016256,Ctsz,Chr2,174269286,174280832,SJL_Specific,UP,,1.174585929
ENSMUSG00000016498,Pdcd1lg2,Chr19,29388319,29448561,SJL_Specific,UP,,3.751392933
ENSMUSG00000016756,Cmah,Chr13,24511387,24661360,SJL_Specific,UP,,1.754836061
ENSMUSG00000017007,Rbpjl,Chr2,164245061,164257368,SJL_Specific,UP,,1.94477901
ENSMUSG00000017165,Gast,Chr11,100225233,100227822,SJL_Specific,UP,,1.972460198
ENSMUSG00000017314,Mpp2,Chr11,101947841,101979341,SJL_Specific,UP,,1.013018019
ENSMUSG00000017446,C1qtnf1,Chr11,118319029,118340789,SJL_Specific,UP,,1.590035022
ENSMUSG00000017466,Timp2,Chr11,118191887,118246566,SJL_Specific,UP,,1.108136545
ENSMUSG00000017607,Tns4,Chr11,98956504,98980132,SJL_Specific,UP,,1.756475171
ENSMUSG00000017724,Etv4,Chr11,101660568,101676197,SJL_Specific,UP,,1.434702632
ENSMUSG00000017969,Ptgis,Chr2,167033725,167082524,SJL_Specific,UP,,1.449639645
ENSMUSG00000018166,Erbb3,Chr10,128403392,128425521,SJL_Specific,UP,,1.00060469
ENSMUSG00000018211,Wfdc15b,Chr2,164056374,164063580,SJL_Specific,UP,,1.523077573
ENSMUSG00000018339,Gpx3,Chr11,54793279,54801203,SJL_Specific,UP,,1.889514961
ENSMUSG00000018459,Slc13a3,Chr2,165246948,165315150,SJL_Specific,UP,,1.38289077
ENSMUSG00000018581,Dnah11,Chr12,117841717,118162778,SJL_Specific,UP,,1.572077128
ENSMUSG00000018623,Mmp7,Chr9,7692091,7699587,SJL_Specific,UP,,2.941730248
ENSMUSG00000018868,Pnpla5,Chr15,83996557,84007376,SJL_Specific,UP,,3.719645831
ENSMUSG00000019027,Dnah1,Chr14,30982332,31045853,SJL_Specific,UP,,1.180078382
ENSMUSG00000019122,Ccl9,Chr11,83463745,83469462,SJL_Specific,UP,,1.075666967
ENSMUSG00000019278,Dpep1,Chr8,123912981,123928551,SJL_Specific,UP,,3.053954561
ENSMUSG00000019539,Rcn3,Chr7,44732337,44741645,SJL_Specific,UP,,1.688605957
ENSMUSG00000019848,Popdc3,Chr10,45054194,45194548,SJL_Specific,UP,,4.639592265
ENSMUSG00000019853,Hebp2,Chr10,18415246,18421824,SJL_Specific,UP,,1.914113748
ENSMUSG00000019880,Rspo3,Chr10,29328412,29411863,SJL_Specific,UP,,2.237827821
ENSMUSG00000019888,Mgat4c,Chr10,101517348,102227330,SJL_Specific,UP,,1.738081506
ENSMUSG00000019889,Ptprk,Chr10,27950816,28473393,SJL_Specific,UP,,1.349178753
ENSMUSG00000019893,Ros1,Chr10,51921817,52071340,SJL_Specific,UP,,2.260178839
ENSMUSG00000019899,Lama2,Chr10,26856032,27495754,SJL_Specific,UP,,1.505629404
ENSMUSG00000019929,Dcn,Chr10,97315471,97354005,SJL_Specific,UP,,2.030403158
ENSMUSG00000019987,Arg1,Chr10,24791119,24803382,SJL_Specific,UP,,1.363256789
ENSMUSG00000020000,Moxd1,Chr10,24099415,24178688,SJL_Specific,UP,,1.717803814
ENSMUSG00000020051,Pah,Chr10,87357657,87419998,SJL_Specific,UP,,1.128071114
ENSMUSG00000020053,Igf1,Chr10,87694127,87772904,SJL_Specific,UP,,2.154492635
ENSMUSG00000020062,Slc5a8,Chr10,88721854,88765377,SJL_Specific,UP,,2.561481947
ENSMUSG00000020123,Avpr1a,Chr10,122284404,122289357,SJL_Specific,UP,,1.046902666
ENSMUSG00000020140,Lgr5,Chr10,115286216,115423685,SJL_Specific,UP,,1.4669119
ENSMUSG00000020143,Dock2,Chr11,34176815,34674719,SJL_Specific,UP,,1.203807729
ENSMUSG00000020218,Wif1,Chr10,120869865,120936555,SJL_Specific,UP,,1.307585673
ENSMUSG00000020241,Col6a2,Chr10,76431596,76459464,SJL_Specific,UP,,2.145733054
ENSMUSG00000020297,Nsg2,Chr11,31950463,32009202,SJL_Specific,UP,,1.340781558
ENSMUSG00000020332,Meikin,Chr11,54261478,54317616,SJL_Specific,UP,,1.106726764
ENSMUSG00000020334,Slc22a4,Chr11,53873949,53918916,SJL_Specific,UP,,1.223295467
ENSMUSG00000020374,Rasgef1c,Chr11,49792662,49871821,SJL_Specific,UP,,1.477085298
ENSMUSG00000020377,Ltc4s,Chr11,50127288,50129443,SJL_Specific,UP,,2.589942063
ENSMUSG00000020388,Pdlim4,Chr11,53945754,53959840,SJL_Specific,UP,,2.413251947
ENSMUSG00000020407,Upp1,Chr11,9068103,9086170,SJL_Specific,UP,,1.174929775
ENSMUSG00000020429,Igfbp1,Chr11,7147782,7152546,SJL_Specific,UP,,3.36577614
ENSMUSG00000020436,Gabrg2,Chr11,41801030,41891684,SJL_Specific,UP,,1.081681037
ENSMUSG00000020447,Npc1l1,Chr11,6161013,6180143,SJL_Specific,UP,,1.286202226
ENSMUSG00000020473,Aebp1,Chr11,5811947,5822088,SJL_Specific,UP,,1.553508906
ENSMUSG00000020592,Sdc1,Chr12,8821323,8843715,SJL_Specific,UP,,1.570181221
ENSMUSG00000020672,Sntg2,Chr12,30224481,30423374,SJL_Specific,UP,,1.931878465
ENSMUSG00000020676,Ccl11,Chr11,81948649,81953781,SJL_Specific,UP,,2.477257619
ENSMUSG00000020695,Mrc2,Chr11,105183469,105241965,SJL_Specific,UP,,1.217346578
ENSMUSG00000020723,Cacng4,Chr11,107623183,107685383,SJL_Specific,UP,,1.162449719
ENSMUSG00000020758,Itgb4,Chr11,115865535,115899238,SJL_Specific,UP,,1.400845362
ENSMUSG00000020774,Aspa,Chr11,73195818,73220422,SJL_Specific,UP,,1.34807447
ENSMUSG00000020810,Cygb,Chr11,116536421,116545139,SJL_Specific,UP,,1.374614293
ENSMUSG00000020865,Abcc3,Chr11,94234121,94283823,SJL_Specific,UP,,1.256096221
ENSMUSG00000020866,Cacna1g,Chr11,94299217,94365024,SJL_Specific,UP,,1.621280674
ENSMUSG00000020902,Ntn1,Chr11,68100190,68291649,SJL_Specific,UP,,1.558520952
ENSMUSG00000020911,Krt19,Chr11,100031636,100039491,SJL_Specific,UP,,1.171954555
ENSMUSG00000020932,Gfap,Chr11,102778162,102791738,SJL_Specific,UP,,1.206906923
ENSMUSG00000021062,Rab15,Chr12,76844734,76869682,SJL_Specific,UP,,1.496764276
ENSMUSG00000021069,Pygl,Chr12,70237585,70278262,SJL_Specific,UP,,1.08726931
ENSMUSG00000021091,Serpina3n,Chr12,104372988,104380588,SJL_Specific,UP,,1.617327312
ENSMUSG00000021136,Smoc1,Chr12,81073582,81233188,SJL_Specific,UP,,2.016616633
ENSMUSG00000021175,Cdca7l,Chr12,117768024,117842441,SJL_Specific,UP,,1.345194594
ENSMUSG00000021182,Ccdc88c,Chr12,100877782,100995315,SJL_Specific,UP,,1.138267684
ENSMUSG00000021190,Lgmn,Chr12,102360343,102406072,SJL_Specific,UP,,1.034251449
ENSMUSG00000021253,Tgfb3,Chr12,86103519,86125815,SJL_Specific,UP,,1.306567737
ENSMUSG00000021260,Hhipl1,Chr12,108272529,108297128,SJL_Specific,UP,,1.469048109
ENSMUSG00000021301,Hecw1,Chr13,14401023,14697813,SJL_Specific,UP,,1.488086983
ENSMUSG00000021313,Ryr2,Chr13,11567988,12121831,SJL_Specific,UP,,2.444309609
ENSMUSG00000021390,Ogn,Chr13,49761522,49777977,SJL_Specific,UP,,2.563133144
ENSMUSG00000021411,Pxdc1,Chr13,34811817,34837469,SJL_Specific,UP,,1.096330623
ENSMUSG00000021448,Shc3,Chr13,51585077,51723523,SJL_Specific,UP,,1.160024043
ENSMUSG00000021456,Fbp2,Chr13,62984691,63006236,SJL_Specific,UP,,2.771992964
ENSMUSG00000021508,Cxcl14,Chr13,56436456,56444364,SJL_Specific,UP,,2.986583075
ENSMUSG00000021509,Slc25a48,Chr13,56586168,56622052,SJL_Specific,UP,,2.695122106
ENSMUSG00000021536,Adcy2,Chr13,68768162,69147660,SJL_Specific,UP,,1.396820445
ENSMUSG00000021596,Mctp1,Chr13,76532259,77179929,SJL_Specific,UP,,1.528659402
ENSMUSG00000021620,Acot12,Chr13,91889631,91934267,SJL_Specific,UP,,1.79739536
ENSMUSG00000021675,F2rl2,Chr13,95833361,95839247,SJL_Specific,UP,,2.124361349
ENSMUSG00000021696,Elovl7,Chr13,108350938,108422217,SJL_Specific,UP,,1.92382638
ENSMUSG00000021700,Rab3c,Chr13,110190721,110417530,SJL_Specific,UP,,1.676741919
ENSMUSG00000021702,Thbs4,Chr13,92888098,92931326,SJL_Specific,UP,,5.110364713
ENSMUSG00000021751,Acox2,Chr14,14210420,14244262,SJL_Specific,UP,,3.012267372
ENSMUSG00000021758,Ddx4,Chr13,112734867,112789009,SJL_Specific,UP,,1.843114875
ENSMUSG00000021763,Cspg4b,Chr13,113429693,113516245,SJL_Specific,UP,,1.028686291
ENSMUSG00000021765,Fst,Chr13,114588826,114595487,SJL_Specific,UP,,2.90723761
ENSMUSG00000021795,Sftpd,Chr14,40894171,40907106,SJL_Specific,UP,,1.448036299
ENSMUSG00000021919,Chat,Chr14,32130160,32187946,SJL_Specific,UP,,1.664367911
ENSMUSG00000021943,Gdf10,Chr14,33645544,33659940,SJL_Specific,UP,,2.263562032
ENSMUSG00000021991,Cacna2d3,Chr14,28626900,29443821,SJL_Specific,UP,,1.161727565
ENSMUSG00000022032,Scara5,Chr14,65903852,66002275,SJL_Specific,UP,,2.419566702
ENSMUSG00000022037,Clu,Chr14,66205932,66218996,SJL_Specific,UP,,1.197166148
ENSMUSG00000022054,Nefm,Chr14,68320039,68362295,SJL_Specific,UP,,1.486317793
ENSMUSG00000022090,Pdlim2,Chr14,70401667,70415130,SJL_Specific,UP,,1.161136611
ENSMUSG00000022103,Gfra2,Chr14,71127560,71217278,SJL_Specific,UP,,1.683780912
ENSMUSG00000022132,Cldn10,Chr14,119025320,119112901,SJL_Specific,UP,,1.685562678
ENSMUSG00000022144,Gdnf,Chr15,7840327,7867056,SJL_Specific,UP,,2.623973752
ENSMUSG00000022203,Efs,Chr14,55153992,55163583,SJL_Specific,UP,,1.060319693
ENSMUSG00000022206,Npr3,Chr15,11839982,11907373,SJL_Specific,UP,,1.368206605
ENSMUSG00000022296,Baalc,Chr15,38740784,38816307,SJL_Specific,UP,,4.052586208
ENSMUSG00000022324,Matn2,Chr15,34306823,34436419,SJL_Specific,UP,,1.51621348
ENSMUSG00000022357,Klhl38,Chr15,58177969,58187565,SJL_Specific,UP,,1.323269672
ENSMUSG00000022371,Col14a1,Chr15,55171146,55384199,SJL_Specific,UP,,1.497873025
ENSMUSG00000022372,Sla,Chr15,66652668,66703678,SJL_Specific,UP,,1.801452357
ENSMUSG00000022382,Wnt7b,Chr15,85419638,85466674,SJL_Specific,UP,,2.044873149
ENSMUSG00000022454,Nell2,Chr15,94973111,95426440,SJL_Specific,UP,,1.461288428
ENSMUSG00000022504,Ciita,Chr16,10297923,10346282,SJL_Specific,UP,,1.616920983
ENSMUSG00000022510,Trp63,Chr16,25502513,25710852,SJL_Specific,UP,,2.336363359
ENSMUSG00000022523,Fgf12,Chr16,27978850,28571820,SJL_Specific,UP,,1.037719831
ENSMUSG00000022577,Ly6h,Chr15,75424894,75439104,SJL_Specific,UP,,1.015725512
ENSMUSG00000022594,Lynx1,Chr15,74619701,74624895,SJL_Specific,UP,,1.476681139
ENSMUSG00000022652,Morc1,Chr16,48251600,48451263,SJL_Specific,UP,,2.410053038
ENSMUSG00000022658,Tagln3,Chr16,45531593,45544971,SJL_Specific,UP,,1.065357031
ENSMUSG00000022659,Gcsam,Chr16,45430743,45443230,SJL_Specific,UP,,3.80405399
ENSMUSG00000022667,Cd200r1,Chr16,44586099,44615341,SJL_Specific,UP,,4.064704186
ENSMUSG00000022754,Tmem45a,Chr16,56625524,56706529,SJL_Specific,UP,,1.383947449
ENSMUSG00000022887,Masp1,Chr16,23268167,23339565,SJL_Specific,UP,,1.638261132
ENSMUSG00000022894,Adamts5,Chr16,85653061,85698716,SJL_Specific,UP,,1.412975677
ENSMUSG00000023011,Faim2,Chr15,99394893,99426046,SJL_Specific,UP,,2.193712708
ENSMUSG00000023169,Slc38a1,Chr15,96469299,96540794,SJL_Specific,UP,,1.088227298
ENSMUSG00000023224,Serping1,Chr2,84595731,84605788,SJL_Specific,UP,,1.208794064
ENSMUSG00000023274,Cd4,Chr6,124841655,124865184,SJL_Specific,UP,,2.006279557
ENSMUSG00000023349,Clec4n,Chr6,123206802,123223980,SJL_Specific,UP,,1.624265496
ENSMUSG00000023827,Agpat4,Chr17,12337591,12438532,SJL_Specific,UP,,1.617228509
ENSMUSG00000023886,Smoc2,Chr17,14499768,14625052,SJL_Specific,UP,,2.92022276
ENSMUSG00000023906,Cldn6,Chr17,23898223,23901420,SJL_Specific,UP,,1.462091301
ENSMUSG00000023913,Pla2g7,Chr17,43878989,43923092,SJL_Specific,UP,,1.33094651
ENSMUSG00000024087,Cyp1b1,Chr17,80008966,80022490,SJL_Specific,UP,,1.282556722
ENSMUSG00000024112,Cacna1h,Chr17,25593259,25652759,SJL_Specific,UP,,1.334859296
ENSMUSG00000024197,Plin3,Chr17,56584476,56599873,SJL_Specific,UP,,1.766428505
ENSMUSG00000024302,Dtna,Chr18,23548192,23792772,SJL_Specific,UP,,1.197067828
ENSMUSG00000024501,Dpysl3,Chr18,43454049,43571351,SJL_Specific,UP,,1.521226355
ENSMUSG00000024511,Rab27b,Chr18,70112202,70274676,SJL_Specific,UP,,1.671253476
ENSMUSG00000024517,Grp,Chr18,66005891,66019667,SJL_Specific,UP,,3.138711224
ENSMUSG00000024529,Lox,Chr18,52649139,52662939,SJL_Specific,UP,,1.924228819
ENSMUSG00000024575,Pde6a,Chr18,61353387,61422995,SJL_Specific,UP,,2.794483712
ENSMUSG00000024617,Camk2a,Chr18,61058690,61121224,SJL_Specific,UP,,1.25849567
ENSMUSG00000024678,Ms4a4d,Chr19,11514165,11535831,SJL_Specific,UP,,2.164959252
ENSMUSG00000024679,Ms4a6d,Chr19,11563968,11582213,SJL_Specific,UP,,1.607519613
ENSMUSG00000024697,Gna14,Chr19,16413126,16588184,SJL_Specific,UP,,1.21867494
ENSMUSG00000024713,Pcsk5,Chr19,17409683,17814996,SJL_Specific,UP,,1.261362473
ENSMUSG00000024810,Il33,Chr19,29902514,29938118,SJL_Specific,UP,,1.271198192
ENSMUSG00000024986,Hhex,Chr19,37423258,37429179,SJL_Specific,UP,,1.405296333
ENSMUSG00000024987,Cyp26a1,Chr19,37686246,37689984,SJL_Specific,UP,,1.853273029
ENSMUSG00000024990,Rbp4,Chr19,38105077,38113729,SJL_Specific,UP,,1.720472865
ENSMUSG00000025044,Msr1,Chr8,40034726,40095714,SJL_Specific,UP,,2.585509316
ENSMUSG00000025141,Myadml2,Chr11,120536857,120538984,SJL_Specific,UP,,1.036986205
ENSMUSG00000025185,Loxl4,Chr19,42582421,42601252,SJL_Specific,UP,,2.626796336
ENSMUSG00000025287,Acot9,ChrX,154045439,154080650,SJL_Specific,UP,,1.101918009
ENSMUSG00000025289,Prdx4,ChrX,154106914,154123750,SJL_Specific,UP,,1.031737002
ENSMUSG00000025324,Atp10a,Chr7,58305914,58479168,SJL_Specific,UP,,1.403831346
ENSMUSG00000025330,Padi4,Chr4,140473176,140501547,SJL_Specific,UP,,2.618663099
ENSMUSG00000025407,Gli1,Chr10,127165751,127177843,SJL_Specific,UP,,1.408182485
ENSMUSG00000025478,Dpysl4,Chr7,138665917,138682620,SJL_Specific,UP,,1.105635463
ENSMUSG00000025557,Slc15a1,Chr14,121697033,121742664,SJL_Specific,UP,,1.471217639
ENSMUSG00000025658,Cnksr2,ChrX,156604432,156826290,SJL_Specific,UP,,1.347829817
ENSMUSG00000025780,Itih5,Chr2,10158382,10261340,SJL_Specific,UP,,1.953643474
ENSMUSG00000025784,Clec3b,Chr9,122980011,122986497,SJL_Specific,UP,,1.899959324
ENSMUSG00000025804,Ccr1,Chr9,123762161,123768729,SJL_Specific,UP,,1.427599692
ENSMUSG00000026042,Col5a2,Chr1,45413481,45542442,SJL_Specific,UP,,1.613909442
ENSMUSG00000026043,Col3a1,Chr1,45350698,45388866,SJL_Specific,UP,,1.88812284
ENSMUSG00000026058,Khdrbs2,Chr1,32211795,32697649,SJL_Specific,UP,,1.212097522
ENSMUSG00000026100,Mstn,Chr1,53100799,53107238,SJL_Specific,UP,,2.181045443
ENSMUSG00000026114,Cnga3,Chr1,37253515,37302465,SJL_Specific,UP,,1.318256499
ENSMUSG00000026149,Tm4sf20,Chr1,82734370,82746182,SJL_Specific,UP,,3.059320764
ENSMUSG00000026249,Serpine2,Chr1,79771914,79838897,SJL_Specific,UP,,1.577477865
ENSMUSG00000026272,Agxt,Chr1,93062962,93073143,SJL_Specific,UP,,3.704036443
ENSMUSG00000026335,Pam,Chr1,97722839,98023371,SJL_Specific,UP,,1.148640661
ENSMUSG00000026360,Rgs2,Chr1,143875076,143879899,SJL_Specific,UP,,1.551880625
ENSMUSG00000026365,Cfh,Chr1,140012446,140111502,SJL_Specific,UP,,1.671427547
ENSMUSG00000026387,Sctr,Chr1,119934624,119991266,SJL_Specific,UP,,1.063191417
ENSMUSG00000026405,C4bp,Chr1,130562510,130589369,SJL_Specific,UP,,2.420706987
ENSMUSG00000026413,Pkp1,Chr1,135799133,135846945,SJL_Specific,UP,,2.641705293
ENSMUSG00000026417,Pigr,Chr1,130754421,130779986,SJL_Specific,UP,,1.084090388
ENSMUSG00000026424,Gpr37l1,Chr1,135087972,135095419,SJL_Specific,UP,,1.428379963
ENSMUSG00000026435,Slc45a3,Chr1,131890705,131910707,SJL_Specific,UP,,1.207036267
ENSMUSG00000026656,Fcgr2b,Chr1,170786186,170804116,SJL_Specific,UP,,2.366610911
ENSMUSG00000026748,Plxdc2,Chr2,16361115,16760650,SJL_Specific,UP,,1.032666189
ENSMUSG00000026765,Lypd6b,Chr2,49677700,49838861,SJL_Specific,UP,,1.075673415
ENSMUSG00000026778,Prkcq,Chr2,11176919,11306033,SJL_Specific,UP,,1.173416414
ENSMUSG00000026809,Spaca9,Chr2,28582092,28589739,SJL_Specific,UP,,1.184991855
ENSMUSG00000026822,Lcn2,Chr2,32274645,32278264,SJL_Specific,UP,,2.004158769
ENSMUSG00000026832,Cytip,Chr2,58019149,58085544,SJL_Specific,UP,,1.225895236
ENSMUSG00000026833,Olfm1,Chr2,28083004,28120748,SJL_Specific,UP,,1.339041415
ENSMUSG00000026837,Col5a1,Chr2,27776437,27929526,SJL_Specific,UP,,2.337068211
ENSMUSG00000026840,Lamc3,Chr2,31777303,31836551,SJL_Specific,UP,,2.238092702
ENSMUSG00000026879,Gsn,Chr2,35146392,35197904,SJL_Specific,UP,,1.555249615
ENSMUSG00000026896,Ifih1,Chr2,62426142,62476599,SJL_Specific,UP,,1.188804198
ENSMUSG00000026971,Itgb6,Chr2,60428636,60552987,SJL_Specific,UP,,1.894169585
ENSMUSG00000026980,Ly75,Chr2,60122447,60213647,SJL_Specific,UP,,1.211841474
ENSMUSG00000026989,Dapl1,Chr2,59314997,59335364,SJL_Specific,UP,,2.550007137
ENSMUSG00000026994,Galnt3,Chr2,65913110,65955338,SJL_Specific,UP,,1.304810722
ENSMUSG00000027186,Elf5,Chr2,103242033,103281334,SJL_Specific,UP,,3.830425558
ENSMUSG00000027188,Pamr1,Chr2,102380357,102473386,SJL_Specific,UP,,1.06823383
ENSMUSG00000027195,Hsd17b12,Chr2,93863034,93988309,SJL_Specific,UP,,1.020363344
ENSMUSG00000027204,Fbn1,Chr2,125142514,125349913,SJL_Specific,UP,,1.379907255
ENSMUSG00000027322,Siglec1,Chr2,130911140,130928685,SJL_Specific,UP,,2.556219401
ENSMUSG00000027359,Slc27a2,Chr2,126394327,126430163,SJL_Specific,UP,,1.409673193
ENSMUSG00000027375,Mal,Chr2,127475146,127498615,SJL_Specific,UP,,1.783100998
ENSMUSG00000027446,Cstdc2,Chr2,148688631,148706958,SJL_Specific,UP,,3.835293621
ENSMUSG00000027460,Angpt4,Chr2,151753130,151787257,SJL_Specific,UP,,2.08790427
ENSMUSG00000027463,Slc52a3,Chr2,151838431,151851178,SJL_Specific,UP,,1.259021249
ENSMUSG00000027513,Pck1,Chr2,172994841,173001066,SJL_Specific,UP,,1.946795629
ENSMUSG00000027523,Gnas,Chr2,174126113,174188537,SJL_Specific,UP,,1.00908258
ENSMUSG00000027584,Oprl1,Chr2,181356809,181362778,SJL_Specific,UP,,1.073273009
ENSMUSG00000027597,Ahcy,Chr2,154901230,154916417,SJL_Specific,UP,,1.0576038
ENSMUSG00000027656,Ccn5,Chr2,163662781,163675066,SJL_Specific,UP,,1.98213474
ENSMUSG00000027661,Slc2a10,Chr2,165345707,165361837,SJL_Specific,UP,,1.544720585
ENSMUSG00000027670,Ocstamp,Chr2,165235680,165242325,SJL_Specific,UP,,4.89753646
ENSMUSG00000027695,Pld1,Chr3,27992844,28187511,SJL_Specific,UP,,1.060144262
ENSMUSG00000027750,Postn,Chr3,54268530,54298458,SJL_Specific,UP,,1.952530533
ENSMUSG00000027848,Olfml3,Chr3,103629538,103645317,SJL_Specific,UP,,1.668008842
ENSMUSG00000027849,Syt6,Chr3,103482547,103552885,SJL_Specific,UP,,1.454492097
ENSMUSG00000027864,Ptgfrn,Chr3,100947548,101017594,SJL_Specific,UP,,1.26219478
ENSMUSG00000027875,Hmgcs2,Chr3,98187751,98218054,SJL_Specific,UP,,1.172753038
ENSMUSG00000027878,Notch2,Chr3,97920843,98057677,SJL_Specific,UP,,1.247430962
ENSMUSG00000027955,Gask1b,Chr3,79791840,79853587,SJL_Specific,UP,,1.469064326
ENSMUSG00000027962,Vcam1,Chr3,115903598,115923337,SJL_Specific,UP,,1.750571997
ENSMUSG00000027994,Mcub,Chr3,129708609,129763855,SJL_Specific,UP,,1.352623333
ENSMUSG00000028033,Kcnq5,Chr1,21468627,22032166,SJL_Specific,UP,,1.149327214
ENSMUSG00000028111,Ctsk,Chr3,95406567,95416673,SJL_Specific,UP,,1.029396862
ENSMUSG00000028222,Calb1,Chr4,15881264,15908064,SJL_Specific,UP,,1.305700358
ENSMUSG00000028238,Atp6v0d2,Chr4,19876841,19922605,SJL_Specific,UP,,5.440750072
ENSMUSG00000028264,Spaca1,Chr4,34024874,34050191,SJL_Specific,UP,,1.734369145
ENSMUSG00000028307,Aldob,Chr4,49535995,49549546,SJL_Specific,UP,,2.929579646
ENSMUSG00000028327,Stra6l,Chr4,45848664,45887008,SJL_Specific,UP,,1.592972172
ENSMUSG00000028347,Tmeff1,Chr4,48585174,48663131,SJL_Specific,UP,,1.163497005
ENSMUSG00000028360,Slc44a5,Chr3,153679073,153977359,SJL_Specific,UP,,1.899804261
ENSMUSG00000028364,Tnc,Chr4,63878022,63965252,SJL_Specific,UP,,2.19923029
ENSMUSG00000028369,Svep1,Chr4,58042442,58206859,SJL_Specific,UP,,3.399602774
ENSMUSG00000028370,Pappa,Chr4,65042411,65275746,SJL_Specific,UP,,1.470881627
ENSMUSG00000028435,Aqp3,Chr4,41092722,41098183,SJL_Specific,UP,,2.044075269
ENSMUSG00000028451,1700022I11Rik,Chr4,42969604,42983640,SJL_Specific,UP,,1.959418474
ENSMUSG00000028452,Vcp,Chr4,42979963,43000507,SJL_Specific,UP,,1.155459387
ENSMUSG00000028558,Calr4,Chr4,109091682,109111768,SJL_Specific,UP,,1.704735515
ENSMUSG00000028583,Pdpn,Chr4,142994001,143026134,SJL_Specific,UP,,1.184169045
ENSMUSG00000028600,Podn,Chr4,107871988,107889534,SJL_Specific,UP,,1.485372553
ENSMUSG00000028626,Col9a2,Chr4,120896582,120912519,SJL_Specific,UP,,1.217054884
ENSMUSG00000028738,Tas1r2,Chr4,139380849,139397591,SJL_Specific,UP,,1.644931378
ENSMUSG00000028874,Fgr,Chr4,132701406,132729221,SJL_Specific,UP,,1.51885748
ENSMUSG00000028937,Acot7,Chr4,152262591,152356312,SJL_Specific,UP,,1.369574683
ENSMUSG00000029094,Afap1,Chr5,36050663,36161267,SJL_Specific,UP,,1.32272334
ENSMUSG00000029096,Htra3,Chr5,35809367,35837126,SJL_Specific,UP,,1.813107154
ENSMUSG00000029108,Pcdh7,Chr5,57875309,58290572,SJL_Specific,UP,,1.730327197
ENSMUSG00000029161,Cgref1,Chr5,31090487,31102935,SJL_Specific,UP,,1.807507049
ENSMUSG00000029182,Fam166c,Chr5,30623391,30641432,SJL_Specific,UP,,1.553425293
ENSMUSG00000029189,Sel1l3,Chr5,53264425,53371269,SJL_Specific,UP,,1.290982991
ENSMUSG00000029212,Gabrb1,Chr5,71815456,72306380,SJL_Specific,UP,,1.452802357
ENSMUSG00000029223,Uchl1,Chr5,66833434,66844577,SJL_Specific,UP,,1.072415626
ENSMUSG00000029231,Pdgfra,Chr5,75312953,75358876,SJL_Specific,UP,,2.7886589
ENSMUSG00000029270,Dipk1a,Chr5,108055919,108134951,SJL_Specific,UP,,1.165731579
ENSMUSG00000029299,Abcg3,Chr5,105082923,105130584,SJL_Specific,UP,,1.892775376
ENSMUSG00000029321,Slc10a6,Chr5,103753577,103777269,SJL_Specific,UP,,1.461569105
ENSMUSG00000029338,Antxr2,Chr5,98030642,98178902,SJL_Specific,UP,,1.198545828
ENSMUSG00000029378,Areg,Chr5,91287458,91296291,SJL_Specific,UP,,1.124069028
ENSMUSG00000029436,Mmp17,Chr5,129661233,129688163,SJL_Specific,UP,,1.039039438
ENSMUSG00000029553,Tfec,Chr6,16833372,16898440,SJL_Specific,UP,,4.965088091
ENSMUSG00000029661,Col1a2,Chr6,4504814,4541544,SJL_Specific,UP,,1.777691243
ENSMUSG00000029695,Aass,Chr6,23072172,23132985,SJL_Specific,UP,,1.675976155
ENSMUSG00000029718,Pcolce,Chr5,137603365,137612046,SJL_Specific,UP,,1.026525927
ENSMUSG00000029727,Cyp3a13,Chr5,137891194,137919881,SJL_Specific,UP,,1.74774775
ENSMUSG00000029757,Dync1i1,Chr6,5725639,6028039,SJL_Specific,UP,,1.079809844
ENSMUSG00000029762,Akr1b8,Chr6,34331054,34345398,SJL_Specific,UP,,1.675242555
ENSMUSG00000029778,Adcyap1r1,Chr6,55428963,55478436,SJL_Specific,UP,,1.039778468
ENSMUSG00000029814,Igf2bp3,Chr6,49062157,49191891,SJL_Specific,UP,,1.441269286
ENSMUSG00000029816,Gpnmb,Chr6,49013480,49047863,SJL_Specific,UP,,3.38033745
ENSMUSG00000029838,Ptn,Chr6,36691864,36787155,SJL_Specific,UP,,1.441024564
ENSMUSG00000029878,Dbpht2,Chr12,74343442,74348782,SJL_Specific,UP,,1.014627463
ENSMUSG00000029925,Tbxas1,Chr6,38852338,39061519,SJL_Specific,UP,,1.117213251
ENSMUSG00000030000,Add2,Chr6,86005663,86101391,SJL_Specific,UP,,1.722010234
ENSMUSG00000030074,Gxylt2,Chr6,100681695,100787874,SJL_Specific,UP,,2.235698627
ENSMUSG00000030077,Chl1,Chr6,103487547,103727172,SJL_Specific,UP,,1.242214304
ENSMUSG00000030102,Itpr1,Chr6,108190057,108528070,SJL_Specific,UP,,1.133086491
ENSMUSG00000030116,Mfap5,Chr6,122482804,122506249,SJL_Specific,UP,,1.983805291
ENSMUSG00000030134,Rasgef1a,Chr6,117988399,118068507,SJL_Specific,UP,,1.181425609
ENSMUSG00000030159,Clec1b,Chr6,129374260,129386298,SJL_Specific,UP,,1.606193751
ENSMUSG00000030217,Art4,Chr6,136825449,136834731,SJL_Specific,UP,,1.789221843
ENSMUSG00000030219,Erp27,Chr6,136884309,136899178,SJL_Specific,UP,,1.028426477
ENSMUSG00000030223,Ptpro,Chr6,137229317,137440231,SJL_Specific,UP,,1.183033477
ENSMUSG00000030226,Lmo3,Chr6,138339916,138558966,SJL_Specific,UP,,1.517350831
ENSMUSG00000030228,Pik3c2g,Chr6,139564219,139915010,SJL_Specific,UP,,1.557214143
ENSMUSG00000030254,Rad18,Chr6,112596811,112673647,SJL_Specific,UP,,1.019544865
ENSMUSG00000030268,Bcat1,Chr6,144939561,145021910,SJL_Specific,UP,,6.527675879
ENSMUSG00000030342,Cd9,Chr6,125437229,125471754,SJL_Specific,UP,,1.679727327
ENSMUSG00000030344,Akap3,Chr6,126830061,126851271,SJL_Specific,UP,,1.727340944
ENSMUSG00000030351,Tspan11,Chr6,127864552,127930940,SJL_Specific,UP,,2.540301748
ENSMUSG00000030361,Klrb1a,Chr6,128586190,128600496,SJL_Specific,UP,,2.852268744
ENSMUSG00000030510,Cers3,Chr7,66393252,66473439,SJL_Specific,UP,,2.000426909
ENSMUSG00000030525,Chrna7,Chr7,62748440,62862317,SJL_Specific,UP,,1.957579288
ENSMUSG00000030559,Rab38,Chr7,88079481,88140780,SJL_Specific,UP,,1.564925764
ENSMUSG00000030616,Sytl2,Chr7,89951460,90059927,SJL_Specific,UP,,1.50168761
ENSMUSG00000030621,Me3,Chr7,89281600,89503567,SJL_Specific,UP,,1.457501635
ENSMUSG00000030623,Prss23os,Chr7,89159210,89161085,SJL_Specific,UP,,2.224561951
ENSMUSG00000030638,Sh3gl3,Chr7,81823588,81956627,SJL_Specific,UP,,1.246873344
ENSMUSG00000030669,Calca,Chr7,114230713,114235592,SJL_Specific,UP,,1.102296409
ENSMUSG00000030701,Plekhb1,Chr7,100292099,100311621,SJL_Specific,UP,,1.319909713
ENSMUSG00000030762,Aqp8,Chr7,123061514,123067227,SJL_Specific,UP,,2.761831461
ENSMUSG00000030772,Dkk3,Chr7,111715224,111758264,SJL_Specific,UP,,1.418907398
ENSMUSG00000030789,Itgax,Chr7,127728719,127749829,SJL_Specific,UP,,1.620670336
ENSMUSG00000030796,Tead2,Chr7,44865177,44883068,SJL_Specific,UP,,1.096260924
ENSMUSG00000030800,Prss8,Chr7,127524888,127529276,SJL_Specific,UP,,1.361314943
ENSMUSG00000030806,Stx1b,Chr7,127403072,127423721,SJL_Specific,UP,,1.215795585
ENSMUSG00000030827,Fgf21,Chr7,45263310,45264914,SJL_Specific,UP,,2.349324328
ENSMUSG00000030905,Crym,Chr7,119785603,119801334,SJL_Specific,UP,,2.279282519
ENSMUSG00000030934,Oat,Chr7,132159207,132178127,SJL_Specific,UP,,1.097501995
ENSMUSG00000030994,D7Ertd443e,Chr7,133867508,134102889,SJL_Specific,UP,,3.717574117
ENSMUSG00000031026,Trim66,Chr7,109048213,109107341,SJL_Specific,UP,,1.021934969
ENSMUSG00000031070,Mrgprf,Chr7,144854565,144863294,SJL_Specific,UP,,1.368185502
ENSMUSG00000031101,Sash3,ChrX,47235313,47250442,SJL_Specific,UP,,1.717166179
ENSMUSG00000031130,Brs3,ChrX,56088434,56094118,SJL_Specific,UP,,2.519226985
ENSMUSG00000031253,Srpx2,ChrX,132809175,132833195,SJL_Specific,UP,,1.7788445
ENSMUSG00000031264,Btk,ChrX,133443085,133484319,SJL_Specific,UP,,1.080262431
ENSMUSG00000031271,Serpina7,ChrX,137980006,137985985,SJL_Specific,UP,,1.970114127
ENSMUSG00000031273,Col4a6,ChrX,139948399,140257072,SJL_Specific,UP,,1.43693526
ENSMUSG00000031342,Gpm6b,ChrX,165021907,165171984,SJL_Specific,UP,,1.485329887
ENSMUSG00000031354,Amelx,ChrX,167959110,167970196,SJL_Specific,UP,,2.690132106
ENSMUSG00000031375,Bgn,ChrX,72527208,72539539,SJL_Specific,UP,,1.35048841
ENSMUSG00000031383,Dusp9,ChrX,72683025,72687120,SJL_Specific,UP,,2.352943634
ENSMUSG00000031495,Cd209d,Chr8,3921824,3928555,SJL_Specific,UP,,4.257093464
ENSMUSG00000031520,Vegfc,Chr8,54530641,54640131,SJL_Specific,UP,,1.017881687
ENSMUSG00000031548,Sfrp1,Chr8,23901518,23939648,SJL_Specific,UP,,1.747630467
ENSMUSG00000031551,Ido1,Chr8,25074152,25087025,SJL_Specific,UP,,3.568045526
ENSMUSG00000031558,Slit2,Chr5,48140480,48465075,SJL_Specific,UP,,1.502769713
ENSMUSG00000031562,Dctd,Chr8,48552127,48606268,SJL_Specific,UP,,1.461266823
ENSMUSG00000031565,Fgfr1,Chr8,26003670,26065734,SJL_Specific,UP,,1.017069051
ENSMUSG00000031659,Adcy7,Chr8,88999031,89056590,SJL_Specific,UP,,1.586235257
ENSMUSG00000031673,Cdh11,Chr8,103358727,103512274,SJL_Specific,UP,,1.700166955
ENSMUSG00000031698,Mylk3,Chr8,86050932,86112974,SJL_Specific,UP,,1.561792987
ENSMUSG00000031740,Mmp2,Chr8,93553919,93580048,SJL_Specific,UP,,2.383640706
ENSMUSG00000031750,Il34,Chr8,111468461,111532556,SJL_Specific,UP,,1.378041829
ENSMUSG00000031760,Mt3,Chr8,94879235,94880774,SJL_Specific,UP,,1.558337968
ENSMUSG00000031775,Pllp,Chr8,95401522,95422906,SJL_Specific,UP,,1.549409231
ENSMUSG00000031825,Crispld2,Chr8,120719177,120779532,SJL_Specific,UP,,2.870235317
ENSMUSG00000031952,Chst5,Chr8,112615768,112637079,SJL_Specific,UP,,3.732334093
ENSMUSG00000031963,Bmper,Chr9,23134372,23396496,SJL_Specific,UP,,2.398465791
ENSMUSG00000031995,St14,Chr9,31000698,31043149,SJL_Specific,UP,,1.05909094
ENSMUSG00000031997,Trpc6,Chr9,8544143,8680742,SJL_Specific,UP,,1.196419778
ENSMUSG00000032013,Trim29,Chr9,43222145,43247412,SJL_Specific,UP,,4.059684556
ENSMUSG00000032020,Ubash3b,Chr9,40922394,41072993,SJL_Specific,UP,,1.270270623
ENSMUSG00000032076,Cadm1,Chr9,47441471,47769413,SJL_Specific,UP,,1.609428369
ENSMUSG00000032083,Apoa1,Chr9,46139878,46141764,SJL_Specific,UP,,3.576068448
ENSMUSG00000032092,Mpzl2,Chr9,44951097,44965313,SJL_Specific,UP,,1.699466362
ENSMUSG00000032118,Fez1,Chr9,36733160,36790220,SJL_Specific,UP,,2.441219934
ENSMUSG00000032122,Slc37a2,Chr9,37138881,37167034,SJL_Specific,UP,,2.595292824
ENSMUSG00000032174,Icam5,Chr9,20943369,20950332,SJL_Specific,UP,,1.910984839
ENSMUSG00000032207,Lipc,Chr9,70705410,70859508,SJL_Specific,UP,,2.52725155
ENSMUSG00000032243,Itga11,Chr9,62585108,62691264,SJL_Specific,UP,,2.321953942
ENSMUSG00000032246,Calml4,Chr9,62765362,62783203,SJL_Specific,UP,,1.253793348
ENSMUSG00000032332,Col12a1,Chr9,79506273,79626113,SJL_Specific,UP,,1.026839668
ENSMUSG00000032334,Loxl1,Chr9,58195021,58220469,SJL_Specific,UP,,1.848792676
ENSMUSG00000032495,Lrrc2,Chr9,110780613,110813134,SJL_Specific,UP,,1.167440304
ENSMUSG00000032496,Ltf,Chr9,110848339,110871835,SJL_Specific,UP,,3.065809784
ENSMUSG00000032503,Arpp21,Chr9,111894159,112065006,SJL_Specific,UP,,1.40708381
ENSMUSG00000032511,Scn5a,Chr9,119312474,119408082,SJL_Specific,UP,,1.510519551
ENSMUSG00000032532,Cck,Chr9,121318890,121324760,SJL_Specific,UP,,3.49962646
ENSMUSG00000032549,Rab6b,Chr9,102988986,103062475,SJL_Specific,UP,,1.438547652
ENSMUSG00000032554,Trf,Chr9,103081200,103107643,SJL_Specific,UP,,1.155848568
ENSMUSG00000032625,Thsd7a,Chr6,12311609,12749409,SJL_Specific,UP,,1.539037037
ENSMUSG00000032773,Chrm1,Chr19,8641153,8660951,SJL_Specific,UP,,1.506132002
ENSMUSG00000032852,Rspo4,Chr2,151684847,151716588,SJL_Specific,UP,,1.470760084
ENSMUSG00000032860,P2ry2,Chr7,100645775,100662073,SJL_Specific,UP,,1.002746338
ENSMUSG00000032889,Gm6685,Chr11,28289128,28289814,SJL_Specific,UP,,2.708921175
ENSMUSG00000032925,Itgbl1,Chr14,123897383,124213030,SJL_Specific,UP,,2.348031077
ENSMUSG00000033006,Sox10,Chr15,79039108,79049440,SJL_Specific,UP,,1.610528645
ENSMUSG00000033022,Cdo1,Chr18,46846260,46861462,SJL_Specific,UP,,1.333340109
ENSMUSG00000033033,Calhm2,Chr19,47093792,47126733,SJL_Specific,UP,,1.164930202
ENSMUSG00000033053,Cfap95,Chr19,23536117,23630176,SJL_Specific,UP,,5.124951056
ENSMUSG00000033066,Gas7,Chr11,67345917,67575800,SJL_Specific,UP,,1.309129109
ENSMUSG00000033122,Hsd17b3,Chr13,64206080,64237044,SJL_Specific,UP,,2.215207122
ENSMUSG00000033177,Tmprss7,Chr16,45476678,45514021,SJL_Specific,UP,,1.328253664
ENSMUSG00000033308,Dpyd,Chr3,118355778,119226573,SJL_Specific,UP,,1.164838693
ENSMUSG00000033342,Plppr5,Chr3,117278733,117483156,SJL_Specific,UP,,2.100654852
ENSMUSG00000033491,Prss35,Chr9,86625702,86640496,SJL_Specific,UP,,2.212179247
ENSMUSG00000033576,Apol6,Chr15,76928929,76941306,SJL_Specific,UP,,3.337569151
ENSMUSG00000033768,Nrxn2,Chr19,6468761,6594199,SJL_Specific,UP,,1.194802397
ENSMUSG00000033981,Gria2,Chr3,80588757,80710142,SJL_Specific,UP,,1.1661207
ENSMUSG00000034040,Galnt17,Chr5,130900923,131337335,SJL_Specific,UP,,2.804300677
ENSMUSG00000034107,Ano7,Chr1,93301652,93332025,SJL_Specific,UP,,1.073757845
ENSMUSG00000034127,Tspan8,Chr10,115652737,115685798,SJL_Specific,UP,,1.116014622
ENSMUSG00000034220,Gpc1,Chr1,92759367,92788501,SJL_Specific,UP,,1.054108108
ENSMUSG00000034258,Flvcr2,Chr12,85793313,85860359,SJL_Specific,UP,,1.12456093
ENSMUSG00000034391,Fbxo15,Chr18,84952907,84999598,SJL_Specific,UP,,2.400419475
ENSMUSG00000034607,Pof1b,ChrX,111548128,111608348,SJL_Specific,UP,,1.519510768
ENSMUSG00000034652,Cd300a,Chr11,114780867,114795480,SJL_Specific,UP,,1.12052064
ENSMUSG00000034738,Nostrin,Chr2,68966144,69019674,SJL_Specific,UP,,1.227074637
ENSMUSG00000034762,Glis1,Chr4,107291788,107492258,SJL_Specific,UP,,1.549230265
ENSMUSG00000034810,Scn7a,Chr2,66503769,66615258,SJL_Specific,UP,,1.760257974
ENSMUSG00000034930,Rtkn,Chr6,83112444,83129560,SJL_Specific,UP,,1.193361067
ENSMUSG00000034958,Atcay,Chr10,81040342,81066667,SJL_Specific,UP,,1.94225768
ENSMUSG00000034997,Htr2a,Chr14,74878280,74946934,SJL_Specific,UP,,2.073836106
ENSMUSG00000035004,Igsf6,Chr7,120663290,120673795,SJL_Specific,UP,,1.010010588
ENSMUSG00000035041,Creb3l3,Chr10,80920158,80934708,SJL_Specific,UP,,1.613021564
ENSMUSG00000035184,Fam124a,Chr14,62793186,62845935,SJL_Specific,UP,,1.307977207
ENSMUSG00000035189,Ano4,Chr10,88784856,89180624,SJL_Specific,UP,,3.320000601
ENSMUSG00000035228,Ccdc106,Chr7,5023552,5063784,SJL_Specific,UP,,1.052082844
ENSMUSG00000035258,Abi3bp,Chr16,56298241,56510498,SJL_Specific,UP,,1.415965381
ENSMUSG00000035277,Arx,ChrX,92330051,92341963,SJL_Specific,UP,,1.470712082
ENSMUSG00000035283,Adrb1,Chr19,56710631,56721545,SJL_Specific,UP,,1.15211475
ENSMUSG00000035473,Galm,Chr17,80434900,80492530,SJL_Specific,UP,,1.372466502
ENSMUSG00000035506,Slc12a8,Chr16,33337698,33484505,SJL_Specific,UP,,1.069654483
ENSMUSG00000035557,Krt17,Chr11,100147043,100151855,SJL_Specific,UP,,1.718744179
ENSMUSG00000035594,Chrna5,Chr9,54888164,54915063,SJL_Specific,UP,,2.004309354
ENSMUSG00000035638,Muc20,Chr16,32597793,32617805,SJL_Specific,UP,,1.65470163
ENSMUSG00000035653,Lrfn5,Chr12,61569936,61905128,SJL_Specific,UP,,1.109087703
ENSMUSG00000035818,Plekhs1,Chr19,56450072,56475184,SJL_Specific,UP,,1.271398133
ENSMUSG00000035831,Krt25,Chr11,99206342,99213777,SJL_Specific,UP,,2.274710622
ENSMUSG00000035852,Misp,Chr10,79656823,79666324,SJL_Specific,UP,,1.013317128
ENSMUSG00000035860,Cdhr3,Chr12,33083795,33142874,SJL_Specific,UP,,3.00127997
ENSMUSG00000035864,Syt1,Chr10,108333511,108846843,SJL_Specific,UP,,1.216645352
ENSMUSG00000035934,Pknox2,Chr9,36802278,37058703,SJL_Specific,UP,,1.638488577
ENSMUSG00000036103,Colec12,Chr18,9707595,9882644,SJL_Specific,UP,,1.290531617
ENSMUSG00000036106,Prr5,Chr15,84553821,84587874,SJL_Specific,UP,,1.37291446
ENSMUSG00000036144,Meox2,Chr12,37158539,37229533,SJL_Specific,UP,,1.084026822
ENSMUSG00000036169,Sostdc1,Chr12,36364138,36368451,SJL_Specific,UP,,1.600527749
ENSMUSG00000036206,Sh3bp4,Chr1,88998137,89082790,SJL_Specific,UP,,1.11722024
ENSMUSG00000036242,Armh4,Chr14,49913409,50020840,SJL_Specific,UP,,1.374370534
ENSMUSG00000036295,Lrrn3,Chr12,41501667,41536430,SJL_Specific,UP,,1.930259193
ENSMUSG00000036412,Arsi,Chr18,61044852,61051633,SJL_Specific,UP,,2.063794611
ENSMUSG00000036446,Lum,Chr10,97400990,97408565,SJL_Specific,UP,,2.035507016
ENSMUSG00000036545,Adamts2,Chr11,50492911,50698400,SJL_Specific,UP,,1.9073999
ENSMUSG00000036564,Ndrg4,Chr8,96403608,96441747,SJL_Specific,UP,,1.326169713
ENSMUSG00000036578,Fxyd7,Chr7,30741938,30750892,SJL_Specific,UP,,1.232973053
ENSMUSG00000036634,Mag,Chr7,30598601,30614298,SJL_Specific,UP,,1.017298885
ENSMUSG00000036760,Kcnk9,Chr15,72372938,72418189,SJL_Specific,UP,,3.00206356
ENSMUSG00000036907,C1ql2,Chr1,120268312,120270903,SJL_Specific,UP,,1.905438998
ENSMUSG00000036915,Kirrel2,Chr7,30146959,30157115,SJL_Specific,UP,,1.17809626
ENSMUSG00000036960,Clca2,Chr3,144776024,144805204,SJL_Specific,UP,,3.05819467
ENSMUSG00000037034,Pax1,Chr2,147203845,147235215,SJL_Specific,UP,,2.099543314
ENSMUSG00000037110,Ralgapa2,Chr2,146081799,146354264,SJL_Specific,UP,,1.150081162
ENSMUSG00000037206,Islr,Chr9,58063551,58111589,SJL_Specific,UP,,1.62212948
ENSMUSG00000037280,Galnt6,Chr15,100589694,100627257,SJL_Specific,UP,,2.170556722
ENSMUSG00000037370,Enpp1,Chr10,24513812,24588057,SJL_Specific,UP,,1.921490877
ENSMUSG00000037418,Best1,Chr19,9962538,9978997,SJL_Specific,UP,,1.793586235
ENSMUSG00000037428,Vgf,Chr5,137055246,137062205,SJL_Specific,UP,,1.885202732
ENSMUSG00000037440,Vnn1,Chr10,23770586,23781241,SJL_Specific,UP,,1.733145821
ENSMUSG00000037490,Slc2a12,Chr10,22520910,22580184,SJL_Specific,UP,,1.097936409
ENSMUSG00000037583,Nr0b2,Chr4,133280687,133283847,SJL_Specific,UP,,1.637866461
ENSMUSG00000037613,Tnfrsf23,Chr7,143219546,143239609,SJL_Specific,UP,,1.481421338
ENSMUSG00000037624,Kcnk2,Chr1,188940127,189134470,SJL_Specific,UP,,1.913814894
ENSMUSG00000037636,Slc25a43,ChrX,36007312,36040855,SJL_Specific,UP,,1.807973565
ENSMUSG00000037716,Ccdc33,Chr9,57935960,58026106,SJL_Specific,UP,,2.539212676
ENSMUSG00000037813,D630003M21Rik,Chr2,158024453,158071142,SJL_Specific,UP,,2.436827789
ENSMUSG00000037820,Tgm2,Chr2,157958322,157988356,SJL_Specific,UP,,1.145483388
ENSMUSG00000038077,Kcna6,Chr6,126685292,126717637,SJL_Specific,UP,,1.460298945
ENSMUSG00000038147,Cd84,Chr1,171667265,171718285,SJL_Specific,UP,,1.58696964
ENSMUSG00000038155,Gstp2,Chr19,4090285,4096023,SJL_Specific,UP,,1.424029163
ENSMUSG00000038156,Spon1,Chr7,113365235,113642605,SJL_Specific,UP,,1.345126932
ENSMUSG00000038167,Plekhg6,Chr6,125339623,125357756,SJL_Specific,UP,,1.055137027
ENSMUSG00000038233,Gask1a,Chr9,121780054,121809275,SJL_Specific,UP,,1.156006754
ENSMUSG00000038412,Higd1a,Chr9,121677629,121687428,SJL_Specific,UP,,1.696396909
ENSMUSG00000038415,Foxq1,Chr13,31740117,31744959,SJL_Specific,UP,,2.102791136
ENSMUSG00000038456,Dennd2a,Chr6,39439312,39534801,SJL_Specific,UP,,1.236980746
ENSMUSG00000038463,Olfml2b,Chr1,170472101,170510358,SJL_Specific,UP,,1.09259193
ENSMUSG00000038599,Capn8,Chr1,182392572,182459917,SJL_Specific,UP,,1.076239577
ENSMUSG00000038704,Aspdh,Chr7,44114815,44117182,SJL_Specific,UP,,1.690782823
ENSMUSG00000038775,Vill,Chr9,118881846,118900593,SJL_Specific,UP,,1.758986394
ENSMUSG00000039005,Tlr4,Chr4,66745821,66848521,SJL_Specific,UP,,1.041371996
ENSMUSG00000039098,Gm9767,Chr10,25954153,25955345,SJL_Specific,UP,,2.103278905
ENSMUSG00000039114,Nrn1,Chr13,36909335,36919105,SJL_Specific,UP,,1.184211533
ENSMUSG00000039116,Adgrg6,Chr10,14278327,14421403,SJL_Specific,UP,,1.610786433
ENSMUSG00000039153,Runx2,Chr17,44806874,45125684,SJL_Specific,UP,,1.529620013
ENSMUSG00000039238,Zfp750,Chr11,121401804,121410159,SJL_Specific,UP,,1.463406646
ENSMUSG00000039239,Tgfb2,Chr1,186354989,186438186,SJL_Specific,UP,,1.192143812
ENSMUSG00000039385,Cdh6,Chr15,13028787,13173761,SJL_Specific,UP,,1.413366085
ENSMUSG00000039405,Prss23,Chr7,89156991,89176395,SJL_Specific,UP,,1.319312036
ENSMUSG00000039607,Rbms3,Chr9,116401814,117701749,SJL_Specific,UP,,1.265543858
ENSMUSG00000039838,Slc45a1,Chr4,150713029,150736631,SJL_Specific,UP,,1.903605386
ENSMUSG00000039883,Lrrc17,Chr5,21748557,21780902,SJL_Specific,UP,,1.043011838
ENSMUSG00000039913,Pak5,Chr2,135923024,136229887,SJL_Specific,UP,,1.137654891
ENSMUSG00000039960,Rhou,Chr8,124380668,124390623,SJL_Specific,UP,,1.015109227
ENSMUSG00000040016,Ptger3,Chr3,157272529,157351525,SJL_Specific,UP,,1.748243394
ENSMUSG00000040148,Hmx3,Chr7,131144596,131146654,SJL_Specific,UP,,1.955685186
ENSMUSG00000040165,Cd209c,Chr8,3990222,4004746,SJL_Specific,UP,,4.524181469
ENSMUSG00000040183,Ankrd6,Chr4,32804035,32950841,SJL_Specific,UP,,1.155498806
ENSMUSG00000040249,Lrp1,Chr10,127374030,127457017,SJL_Specific,UP,,1.075441601
ENSMUSG00000040274,Cdk6,Chr5,3391485,3581008,SJL_Specific,UP,,1.230167294
ENSMUSG00000040373,Cacng5,Chr11,107765431,107805881,SJL_Specific,UP,,1.540906636
ENSMUSG00000040490,Lrfn2,Chr17,49239407,49404616,SJL_Specific,UP,,1.656825761
ENSMUSG00000040522,Tlr8,ChrX,166025692,166047325,SJL_Specific,UP,,1.87722039
ENSMUSG00000040525,Cblc,Chr7,19512806,19530734,SJL_Specific,UP,,1.112829044
ENSMUSG00000040653,Ppp1r14c,Chr10,3316057,3414975,SJL_Specific,UP,,1.520301465
ENSMUSG00000040666,Sh3bgr,Chr16,96001650,96030135,SJL_Specific,UP,,1.133573792
ENSMUSG00000040694,Apobec2,Chr17,48726259,48739958,SJL_Specific,UP,,2.581184524
ENSMUSG00000040711,Sh3pxd2b,Chr11,32297820,32378173,SJL_Specific,UP,,1.061676442
ENSMUSG00000040759,Cmtm5,Chr14,55173718,55176731,SJL_Specific,UP,,1.00541958
ENSMUSG00000040896,Kcnd3,Chr3,105359646,105581318,SJL_Specific,UP,,1.593075131
ENSMUSG00000040972,Igsf21,Chr4,139754157,139974095,SJL_Specific,UP,,1.35333643
ENSMUSG00000041189,Chrnb1,Chr11,69674862,69686769,SJL_Specific,UP,,1.078595736
ENSMUSG00000041193,Pla2g5,Chr4,138526555,138590793,SJL_Specific,UP,,1.204617898
ENSMUSG00000041202,Pla2g2d,Chr4,138503046,138509357,SJL_Specific,UP,,1.017745867
ENSMUSG00000041324,Inhba,Chr13,16186436,16206206,SJL_Specific,UP,,1.540410528
ENSMUSG00000041460,Cacna2d4,Chr6,119213487,119329368,SJL_Specific,UP,,1.706404045
ENSMUSG00000041481,Serpina3g,Chr12,104202504,104208198,SJL_Specific,UP,,3.858685156
ENSMUSG00000041654,Slc39a11,Chr11,113135679,113540905,SJL_Specific,UP,,1.13824186
ENSMUSG00000041670,Rims1,Chr1,22356475,22845203,SJL_Specific,UP,,1.545121729
ENSMUSG00000041674,BC006965,Chr11,112554747,112693854,SJL_Specific,UP,,1.941570184
ENSMUSG00000041731,Pgm5,Chr19,24660380,24839219,SJL_Specific,UP,,1.719844986
ENSMUSG00000041736,Tspo,Chr15,83447793,83458404,SJL_Specific,UP,,1.072379984
ENSMUSG00000041828,Abca8a,Chr11,109916460,109986804,SJL_Specific,UP,,2.122062149
ENSMUSG00000042190,Cmklr1,Chr5,113750415,113788487,SJL_Specific,UP,,1.254733565
ENSMUSG00000042195,Slc35f2,Chr9,53678822,53725438,SJL_Specific,UP,,1.39747351
ENSMUSG00000042251,Pm20d1,Chr1,131725119,131749211,SJL_Specific,UP,,1.331178635
ENSMUSG00000042254,Cilp,Chr9,65172462,65187887,SJL_Specific,UP,,1.469444904
ENSMUSG00000042306,S100a14,Chr3,90434163,90436144,SJL_Specific,UP,,1.230462381
ENSMUSG00000042385,Gzmk,Chr13,113308142,113362442,SJL_Specific,UP,,3.489209796
ENSMUSG00000042401,Crtac1,Chr19,42256726,42420224,SJL_Specific,UP,,1.419111734
ENSMUSG00000042549,Map2k3os,Chr11,60806544,60822794,SJL_Specific,UP,,1.045812185
ENSMUSG00000042604,Kcna4,Chr2,107120984,107128847,SJL_Specific,UP,,1.199735799
ENSMUSG00000042638,Gucy2c,Chr6,136674282,136758763,SJL_Specific,UP,,1.896705271
ENSMUSG00000042659,Arrdc4,Chr7,68386743,68398989,SJL_Specific,UP,,1.736007742
ENSMUSG00000042804,Gpr153,Chr4,152358689,152369794,SJL_Specific,UP,,1.042130104
ENSMUSG00000042808,Gpx2,Chr12,76839107,76842273,SJL_Specific,UP,,1.802967855
ENSMUSG00000042842,Serpinb6b,Chr13,33149192,33163050,SJL_Specific,UP,,1.095214163
ENSMUSG00000042846,Lrrtm3,Chr10,63764251,63926056,SJL_Specific,UP,,1.748464981
ENSMUSG00000042961,Egflam,Chr15,7235601,7427876,SJL_Specific,UP,,1.166967124
ENSMUSG00000043004,Gng2,Chr14,19922627,20027695,SJL_Specific,UP,,1.011126162
ENSMUSG00000043036,Ccdc63,Chr5,122246103,122278886,SJL_Specific,UP,,1.809214947
ENSMUSG00000043068,Fam89a,Chr8,125466996,125478571,SJL_Specific,UP,,1.571409516
ENSMUSG00000043085,Tmem82,Chr4,141340687,141345944,SJL_Specific,UP,,1.075056793
ENSMUSG00000043126,D830039M14Rik,Chr10,61309355,61312716,SJL_Specific,UP,,1.661900942
ENSMUSG00000043155,Hpdl,Chr4,116677101,116678904,SJL_Specific,UP,,1.531286874
ENSMUSG00000043157,Arl11,Chr14,61547202,61549385,SJL_Specific,UP,,1.724468674
ENSMUSG00000043164,Tmem212,Chr3,27920215,27950517,SJL_Specific,UP,,1.928162258
ENSMUSG00000043289,Mei4,Chr9,81745723,82088060,SJL_Specific,UP,,3.694540386
ENSMUSG00000043301,Kcnj6,Chr16,94549495,94798560,SJL_Specific,UP,,1.023657515
ENSMUSG00000043448,Gjc2,Chr11,59066394,59074039,SJL_Specific,UP,,2.029411311
ENSMUSG00000043456,Zfp536,Chr7,37017449,37473066,SJL_Specific,UP,,1.477440184
ENSMUSG00000043531,Sorcs1,Chr19,50131737,50667084,SJL_Specific,UP,,1.739988035
ENSMUSG00000043557,Mdga1,Chr17,30046923,30189061,SJL_Specific,UP,,1.608353489
ENSMUSG00000043673,Kcns3,Chr12,11140203,11201057,SJL_Specific,UP,,1.136442473
ENSMUSG00000043773,1700048O20Rik,Chr9,121766268,121776083,SJL_Specific,UP,,1.574879313
ENSMUSG00000043939,A530064D06Rik,Chr17,48456296,48474443,SJL_Specific,UP,,4.330251683
ENSMUSG00000044042,Fmn1,Chr2,113158081,113547112,SJL_Specific,UP,,1.548772296
ENSMUSG00000044067,Gpr22,Chr12,31756866,31763946,SJL_Specific,UP,,1.723025633
ENSMUSG00000044071,Tafa2,Chr10,123099901,123577109,SJL_Specific,UP,,1.157314973
ENSMUSG00000044117,Bmerb1,Chr16,13804468,13919364,SJL_Specific,UP,,1.478526394
ENSMUSG00000044216,Kcnj4,Chr15,79367915,79389442,SJL_Specific,UP,,1.475985706
ENSMUSG00000044312,Neurog3,Chr10,61968869,61970542,SJL_Specific,UP,,1.508833932
ENSMUSG00000044330,Gm9790,Chr3,85823090,85823377,SJL_Specific,UP,,3.410768946
ENSMUSG00000044349,Snhg11,Chr2,158217558,158228071,SJL_Specific,UP,,1.432460113
ENSMUSG00000044377,Gm13080,Chr4,143338228,143338647,SJL_Specific,UP,,2.854536948
ENSMUSG00000044447,Dock5,Chr14,67989584,68170891,SJL_Specific,UP,,1.217177065
ENSMUSG00000044533,Rps2,Chr17,24937090,24940903,SJL_Specific,UP,,1.012772613
ENSMUSG00000044694,2010007H06Rik,Chr9,51185018,51195510,SJL_Specific,UP,,1.777116807
ENSMUSG00000044708,Kcnj10,Chr1,172168777,172201652,SJL_Specific,UP,,1.12166802
ENSMUSG00000044719,E230025N22Rik,Chr18,36817976,36828978,SJL_Specific,UP,,2.301198636
ENSMUSG00000044734,Serpinb1a,Chr13,33026075,33035168,SJL_Specific,UP,,1.120203956
ENSMUSG00000044816,D630023F18Rik,Chr1,65144444,65162373,SJL_Specific,UP,,1.29200793
ENSMUSG00000044912,Syt16,Chr12,74044435,74320041,SJL_Specific,UP,,1.249628244
ENSMUSG00000045136,Tubb2b,Chr13,34310731,34314449,SJL_Specific,UP,,1.270760045
ENSMUSG00000045231,BC106179,Chr16,23034774,23044234,SJL_Specific,UP,,1.315139802
ENSMUSG00000045348,Nyap1,Chr5,137728161,137739869,SJL_Specific,UP,,1.201189778
ENSMUSG00000045573,Penk,Chr4,4133531,4138819,SJL_Specific,UP,,2.050911235
ENSMUSG00000045589,Frrs1l,Chr4,56957173,56990391,SJL_Specific,UP,,1.127660745
ENSMUSG00000045725,Prr15,Chr6,54302820,54307186,SJL_Specific,UP,,1.420083091
ENSMUSG00000045731,Pnoc,Chr14,65638122,65662921,SJL_Specific,UP,,2.303855005
ENSMUSG00000045733,Sprn,Chr7,139730541,139734790,SJL_Specific,UP,,1.607745109
ENSMUSG00000045763,Basp1,Chr15,25363363,25413850,SJL_Specific,UP,,1.650981599
ENSMUSG00000045776,Lrtm1,Chr14,28740165,28755602,SJL_Specific,UP,,3.92198577
ENSMUSG00000046080,Clec9a,Chr6,129385825,129401726,SJL_Specific,UP,,1.82269753
ENSMUSG00000046093,Hpcal4,Chr4,123077020,123088494,SJL_Specific,UP,,1.488398339
ENSMUSG00000046223,Plaur,Chr7,24161909,24175393,SJL_Specific,UP,,1.459855921
ENSMUSG00000046318,Ccbe1,Chr18,66178373,66435812,SJL_Specific,UP,,1.394494606
ENSMUSG00000046410,Kcnk6,Chr7,28921351,28931940,SJL_Specific,UP,,1.192992315
ENSMUSG00000046618,Olfml2a,Chr2,38821990,38853765,SJL_Specific,UP,,1.32064716
ENSMUSG00000046782,Ttc6,Chr12,57610899,57784714,SJL_Specific,UP,,1.775152278
ENSMUSG00000046807,Lrrc75b,Chr10,75385957,75396164,SJL_Specific,UP,,1.492676507
ENSMUSG00000046856,Gpr1,Chr1,63221850,63253702,SJL_Specific,UP,,1.61169092
ENSMUSG00000047109,Cldn14,Chr16,93715919,93809696,SJL_Specific,UP,,3.322120952
ENSMUSG00000047216,Cdh19,Chr1,110816056,110905314,SJL_Specific,UP,,1.678809135
ENSMUSG00000047222,Rnase2a,Chr14,51492719,51493569,SJL_Specific,UP,,7.149944401
ENSMUSG00000047261,Gap43,Chr16,42068805,42161014,SJL_Specific,UP,,1.168349069
ENSMUSG00000047342,Zfp286,Chr11,62643403,62680288,SJL_Specific,UP,,1.316875862
ENSMUSG00000047414,Flrt2,Chr12,95659000,95751989,SJL_Specific,UP,,1.353498748
ENSMUSG00000047415,Gpr68,Chr12,100842941,100874457,SJL_Specific,UP,,2.109290923
ENSMUSG00000047497,Adamts12,Chr15,11064876,11349317,SJL_Specific,UP,,1.393544445
ENSMUSG00000047822,Angptl8,Chr9,21746806,21748643,SJL_Specific,UP,,1.81983161
ENSMUSG00000047878,A4galt,Chr15,83110923,83135975,SJL_Specific,UP,,1.179448226
ENSMUSG00000047963,Stbd1,Chr5,92750900,92754438,SJL_Specific,UP,,1.945566814
ENSMUSG00000047976,Kcna1,Chr6,126617360,126623347,SJL_Specific,UP,,1.761320826
ENSMUSG00000048070,Pirt,Chr11,66802807,66820702,SJL_Specific,UP,,1.735432817
ENSMUSG00000048078,Tenm4,Chr7,95820453,96560300,SJL_Specific,UP,,1.088688519
ENSMUSG00000048142,Nat8l,Chr5,34153328,34163260,SJL_Specific,UP,,1.176629688
ENSMUSG00000048148,Nwd1,Chr8,73373339,73444504,SJL_Specific,UP,,1.058968355
ENSMUSG00000048402,Gli2,Chr1,118761862,118981349,SJL_Specific,UP,,1.146880464
ENSMUSG00000048483,Zdhhc22,Chr12,87027537,87037204,SJL_Specific,UP,,1.407073209
ENSMUSG00000048534,Jaml,Chr9,44990481,45019832,SJL_Specific,UP,,1.3522963
ENSMUSG00000048572,Tmem252,Chr19,24651372,24659597,SJL_Specific,UP,,2.136430383
ENSMUSG00000048752,Prss50,Chr9,110687035,110693697,SJL_Specific,UP,,2.656324986
ENSMUSG00000048758,Rpl29,Chr9,106306653,106308767,SJL_Specific,UP,,1.14672838
ENSMUSG00000048779,P2ry6,Chr7,100586837,100623856,SJL_Specific,UP,,1.182164597
ENSMUSG00000048782,Insc,Chr7,114342929,114449618,SJL_Specific,UP,,1.103307
ENSMUSG00000048978,Nrsn1,Chr13,25436023,25454485,SJL_Specific,UP,,1.493178077
ENSMUSG00000049001,Ndnf,Chr6,65648574,65689310,SJL_Specific,UP,,1.758564727
ENSMUSG00000049097,Ankrd34a,Chr3,96503952,96507091,SJL_Specific,UP,,1.201117427
ENSMUSG00000049265,Kcnk3,Chr5,30745514,30782615,SJL_Specific,UP,,1.466308338
ENSMUSG00000049349,Gm5105,Chr3,137754522,137773149,SJL_Specific,UP,,1.040073143
ENSMUSG00000049551,Fzd9,Chr5,135277792,135280084,SJL_Specific,UP,,1.090854715
ENSMUSG00000049555,Tmie,Chr9,110694779,110709181,SJL_Specific,UP,,1.374823556
ENSMUSG00000049608,Gpr55,Chr1,85866039,85888729,SJL_Specific,UP,,4.876770875
ENSMUSG00000049723,Mmp12,Chr9,7344381,7369499,SJL_Specific,UP,,1.303826748
ENSMUSG00000050248,Evc2,Chr5,37495843,37582399,SJL_Specific,UP,,1.0225216
ENSMUSG00000050288,Fzd2,Chr11,102495222,102498884,SJL_Specific,UP,,1.730240564
ENSMUSG00000050335,Lgals3,Chr14,47605208,47623617,SJL_Specific,UP,,3.017484116
ENSMUSG00000050370,Ch25h,Chr19,34451178,34452564,SJL_Specific,UP,,1.784595532
ENSMUSG00000050424,Pnma5,ChrX,72077587,72080709,SJL_Specific,UP,,4.631309502
ENSMUSG00000050447,Lypd6,Chr2,49956441,50083581,SJL_Specific,UP,,1.089246763
ENSMUSG00000050587,Lrrc4c,Chr2,96148514,97462011,SJL_Specific,UP,,1.471351819
ENSMUSG00000050671,Ism2,Chr12,87325412,87346479,SJL_Specific,UP,,1.601376934
ENSMUSG00000050830,Vwc2,Chr11,11064223,11218931,SJL_Specific,UP,,1.6204231
ENSMUSG00000050840,Cdh20,Chr1,104696254,104923206,SJL_Specific,UP,,2.169684047
ENSMUSG00000050875,Minar2,Chr18,59195320,59210034,SJL_Specific,UP,,1.131670711
ENSMUSG00000050896,Rtn4rl2,Chr2,84702268,84717054,SJL_Specific,UP,,1.583012918
ENSMUSG00000050926,Dcaf12l2,ChrX,43454335,43457219,SJL_Specific,UP,,1.528861187
ENSMUSG00000050967,Creg2,Chr1,39657574,39690642,SJL_Specific,UP,,1.247709735
ENSMUSG00000051022,Hs3st1,Chr5,39771278,39912818,SJL_Specific,UP,,1.495738523
ENSMUSG00000051041,Olfml1,Chr7,107166653,107190301,SJL_Specific,UP,,1.757387699
ENSMUSG00000051048,P4ha3,Chr7,99934727,99968906,SJL_Specific,UP,,1.29785994
ENSMUSG00000051076,Vtcn1,Chr3,100732775,100804238,SJL_Specific,UP,,1.755338922
ENSMUSG00000051209,Gpr119,ChrX,47756856,47763355,SJL_Specific,UP,,1.199814393
ENSMUSG00000051335,Gfod1,Chr13,43348721,43457648,SJL_Specific,UP,,1.069578683
ENSMUSG00000051397,Tacstd2,Chr6,67511046,67512780,SJL_Specific,UP,,3.483979277
ENSMUSG00000051506,Wdfy4,Chr14,32681504,32907465,SJL_Specific,UP,,1.778098863
ENSMUSG00000051537,Gm5124,ChrX,21227179,21229261,SJL_Specific,UP,,1.339969775
ENSMUSG00000051727,Kctd14,Chr7,97100530,97108764,SJL_Specific,UP,,1.688175669
ENSMUSG00000052125,F730043M19Rik,Chr12,33161708,33197623,SJL_Specific,UP,,1.382594178
ENSMUSG00000052151,Plpp2,Chr10,79362264,79369630,SJL_Specific,UP,,1.033392973
ENSMUSG00000052396,Mogat2,Chr7,98868291,98887826,SJL_Specific,UP,,2.440766862
ENSMUSG00000052496,Pkdrej,Chr15,85698871,85705935,SJL_Specific,UP,,1.320884283
ENSMUSG00000052551,Adarb2,Chr13,8252902,8818783,SJL_Specific,UP,,1.312654109
ENSMUSG00000052572,Dlg2,Chr7,90125880,92098455,SJL_Specific,UP,,1.553733042
ENSMUSG00000052852,Reep1,Chr6,71684545,71787694,SJL_Specific,UP,,1.388082832
ENSMUSG00000052854,Nrk,ChrX,137815179,137911281,SJL_Specific,UP,,3.034261895
ENSMUSG00000052920,Prkg1,Chr19,30541889,31742433,SJL_Specific,UP,,1.314059191
ENSMUSG00000053004,Hrh1,Chr6,114374897,114460257,SJL_Specific,UP,,3.466215306
ENSMUSG00000053025,Sv2b,Chr7,74764642,74959010,SJL_Specific,UP,,1.412884526
ENSMUSG00000053049,Gm15413,Chr7,96440640,96450756,SJL_Specific,UP,,1.535207112
ENSMUSG00000053214,Gm9899,Chr5,30731331,30745963,SJL_Specific,UP,,1.334899787
ENSMUSG00000053279,Aldh1a1,Chr19,20470079,20620829,SJL_Specific,UP,,1.736310233
ENSMUSG00000053475,Tnfaip6,Chr2,51928021,51946698,SJL_Specific,UP,,1.497347265
ENSMUSG00000053647,Gper1,Chr5,139408906,139413555,SJL_Specific,UP,,2.076445987
ENSMUSG00000053783,1700016K19Rik,Chr11,75890738,75894395,SJL_Specific,UP,,1.173085657
ENSMUSG00000054034,Tceal5,ChrX,135101697,135104625,SJL_Specific,UP,,1.451411659
ENSMUSG00000054134,Umodl1,Chr17,31173614,31229684,SJL_Specific,UP,,3.658020737
ENSMUSG00000054196,Cthrc1,Chr15,38940327,38950516,SJL_Specific,UP,,1.044839709
ENSMUSG00000054200,Ffar4,Chr19,38085519,38102711,SJL_Specific,UP,,1.58651307
ENSMUSG00000054203,Ifi205,Chr1,173839564,173859376,SJL_Specific,UP,,2.849556335
ENSMUSG00000054252,Fgfr3,Chr5,33879018,33894412,SJL_Specific,UP,,1.317483943
ENSMUSG00000054342,Kcnn4,Chr7,24069688,24086115,SJL_Specific,UP,,1.09203814
ENSMUSG00000054418,2900041M22Rik,Chr11,117501898,117504683,SJL_Specific,UP,,1.436319399
ENSMUSG00000054457,9430021M05Rik,Chr2,162501143,162522610,SJL_Specific,UP,,1.003437932
ENSMUSG00000054510,Gm14461,Chr2,77878840,78133485,SJL_Specific,UP,,2.186240056
ENSMUSG00000054932,Afp,Chr5,90638596,90656766,SJL_Specific,UP,,3.792748533
ENSMUSG00000054934,Kcnmb4,Chr10,116253766,116309783,SJL_Specific,UP,,1.168673468
ENSMUSG00000054951,9130008F23Rik,Chr17,41186373,41191450,SJL_Specific,UP,,1.114730942
ENSMUSG00000055172,C1ra,Chr6,124489364,124500402,SJL_Specific,UP,,1.248252874
ENSMUSG00000055177,Cstl1,Chr2,148592278,148597353,SJL_Specific,UP,,3.786998182
ENSMUSG00000055197,Fev,Chr1,74920668,74924578,SJL_Specific,UP,,1.487107905
ENSMUSG00000055235,Wdr86,Chr5,24916736,24935725,SJL_Specific,UP,,1.740080948
ENSMUSG00000055421,Pcdh9,Chr14,93250846,94128115,SJL_Specific,UP,,1.070597985
ENSMUSG00000055632,Hmcn2,Chr2,31204427,31350750,SJL_Specific,UP,,2.06285905
ENSMUSG00000055653,Gpc3,ChrX,51361303,51702827,SJL_Specific,UP,,1.050830783
ENSMUSG00000056130,Ticam2,Chr18,46690358,46707600,SJL_Specific,UP,,1.302234884
ENSMUSG00000056220,Pla2g4a,Chr1,149705369,149837041,SJL_Specific,UP,,1.053331626
ENSMUSG00000056258,Kcnq3,Chr15,65858236,66158491,SJL_Specific,UP,,2.744025252
ENSMUSG00000056306,Sertm1,Chr3,54804489,54823308,SJL_Specific,UP,,1.526224481
ENSMUSG00000056313,Tcim,Chr8,24927196,24929000,SJL_Specific,UP,,2.080227884
ENSMUSG00000056413,Adap1,Chr5,139257631,139311377,SJL_Specific,UP,,1.042031482
ENSMUSG00000056592,Zfp658,Chr7,43211680,43224885,SJL_Specific,UP,,1.184269998
ENSMUSG00000056737,Capg,Chr6,72521374,72539966,SJL_Specific,UP,,1.714365909
ENSMUSG00000056755,Grm7,Chr6,110622542,111544191,SJL_Specific,UP,,2.12610786
ENSMUSG00000056856,Jakmip3,Chr7,138542459,138663892,SJL_Specific,UP,,1.69941502
ENSMUSG00000056966,Gjc3,Chr5,137951723,137961360,SJL_Specific,UP,,1.710785089
ENSMUSG00000056972,Magel2,Chr7,62026758,62031388,SJL_Specific,UP,,2.788087056
ENSMUSG00000057060,Slc35f3,Chr8,126865734,127122717,SJL_Specific,UP,,1.108542406
ENSMUSG00000057123,Gja5,Chr3,96812009,96984732,SJL_Specific,UP,,1.668947103
ENSMUSG00000057614,Gnai1,Chr5,18470133,18565353,SJL_Specific,UP,,1.075894029
ENSMUSG00000057777,Mab21l2,Chr3,86452888,86455590,SJL_Specific,UP,,1.822430712
ENSMUSG00000057899,Adgrf2,Chr17,43007021,43053070,SJL_Specific,UP,,1.357587578
ENSMUSG00000057969,Sema3b,Chr9,107474873,107486428,SJL_Specific,UP,,1.022828969
ENSMUSG00000058019,Ces5a,Chr8,94225692,94262458,SJL_Specific,UP,,2.229319252
ENSMUSG00000058163,Gm5431,Chr11,48778249,48793041,SJL_Specific,UP,,1.359820419
ENSMUSG00000058174,Gm5148,Chr3,37768339,37778639,SJL_Specific,UP,,1.563347661
ENSMUSG00000058260,Serpina9,Chr12,103961002,103980014,SJL_Specific,UP,,1.779484129
ENSMUSG00000058420,Syt17,Chr7,117979940,118047445,SJL_Specific,UP,,1.211950903
ENSMUSG00000058589,Anks1b,Chr10,89709371,90809162,SJL_Specific,UP,,1.10254717
ENSMUSG00000058600,Rpl30,Chr15,34440651,34443786,SJL_Specific,UP,,1.250198261
ENSMUSG00000058624,Gda,Chr19,21368671,21450809,SJL_Specific,UP,,1.352471482
ENSMUSG00000058755,Osm,Chr11,4186420,4191026,SJL_Specific,UP,,1.816214817
ENSMUSG00000058897,Col25a1,Chr3,129925150,130393526,SJL_Specific,UP,,1.649152486
ENSMUSG00000059042,Klk1b9,Chr7,43625485,43629800,SJL_Specific,UP,,5.350039408
ENSMUSG00000059049,Frem1,Chr4,82816164,82970576,SJL_Specific,UP,,2.564710232
ENSMUSG00000059089,Fcgr4,Chr1,170846489,170857330,SJL_Specific,UP,,1.254908966
ENSMUSG00000059279,Or2t43,Chr11,58456682,58461379,SJL_Specific,UP,,4.165922101
ENSMUSG00000059336,Slc14a1,Chr18,78143306,78185334,SJL_Specific,UP,,2.722519314
ENSMUSG00000059361,Nrsn2,Chr2,152210675,152218558,SJL_Specific,UP,,1.645646632
ENSMUSG00000059900,Tmem40,Chr6,115706092,115739371,SJL_Specific,UP,,1.591554086
ENSMUSG00000059901,Adamts14,Chr10,61032891,61109217,SJL_Specific,UP,,1.629736967
ENSMUSG00000060044,Tmem26,Chr10,68559476,68618480,SJL_Specific,UP,,1.473112301
ENSMUSG00000060212,Pcnx2,Chr8,126478247,126625056,SJL_Specific,UP,,1.329661952
ENSMUSG00000060240,Cend1,Chr7,141006359,141009404,SJL_Specific,UP,,1.201265551
ENSMUSG00000060268,Armh1,Chr4,117070531,117109322,SJL_Specific,UP,,2.390525613
ENSMUSG00000060441,Trim5,Chr7,103912593,103937301,SJL_Specific,UP,,1.22571638
ENSMUSG00000060487,Samd5,Chr10,9400709,9550952,SJL_Specific,UP,,1.702808584
ENSMUSG00000060572,Mfap2,Chr4,140737729,140743295,SJL_Specific,UP,,1.114123211
ENSMUSG00000060780,Lrrtm1,Chr6,77219672,77234774,SJL_Specific,UP,,1.367647556
ENSMUSG00000060924,Csmd1,Chr8,15942537,17585602,SJL_Specific,UP,,2.609827833
ENSMUSG00000060969,Irx1,Chr13,72106040,72111842,SJL_Specific,UP,,2.190563475
ENSMUSG00000061048,Cdh3,Chr8,107237523,107283929,SJL_Specific,UP,,1.581939011
ENSMUSG00000061186,Sfmbt2,Chr2,10375321,10600064,SJL_Specific,UP,,1.181455468
ENSMUSG00000061718,Ppp1r1b,Chr11,98239230,98248622,SJL_Specific,UP,,1.577805435
ENSMUSG00000061762,Tac1,Chr6,7554879,7565834,SJL_Specific,UP,,1.471904612
ENSMUSG00000061808,Ttr,Chr18,20798337,20807378,SJL_Specific,UP,,1.913590124
ENSMUSG00000062257,Opcml,Chr9,27702071,28836706,SJL_Specific,UP,,1.100535593
ENSMUSG00000062296,Trank1,Chr9,111140807,111224843,SJL_Specific,UP,,1.236191239
ENSMUSG00000062353,Gm15772,Chr5,3286431,3286868,SJL_Specific,UP,,2.496376667
ENSMUSG00000062372,Otof,Chr5,30524406,30619276,SJL_Specific,UP,,1.100041068
ENSMUSG00000062515,Fabp4,Chr3,10269148,10273636,SJL_Specific,UP,,1.417859584
ENSMUSG00000062661,Ncs1,Chr2,31135835,31186001,SJL_Specific,UP,,1.180420032
ENSMUSG00000062939,Stat4,Chr1,52026307,52146348,SJL_Specific,UP,,1.105072019
ENSMUSG00000062991,Nrg1,Chr8,32304579,33374825,SJL_Specific,UP,,1.207650754
ENSMUSG00000063193,Cd300lb,Chr11,114813607,114825212,SJL_Specific,UP,,5.494523289
ENSMUSG00000063354,Slc39a4,Chr15,76496583,76501584,SJL_Specific,UP,,1.559760736
ENSMUSG00000063430,Wscd2,Chr5,113638199,113727786,SJL_Specific,UP,,1.422542107
ENSMUSG00000063434,Sorcs3,Chr19,48194464,48793944,SJL_Specific,UP,,2.161414936
ENSMUSG00000063564,Col23a1,Chr11,51180747,51474745,SJL_Specific,UP,,1.583443134
ENSMUSG00000063672,Nkx6-3,Chr8,23643285,23648964,SJL_Specific,UP,,2.235379016
ENSMUSG00000063683,Glyat,Chr19,12610672,12631275,SJL_Specific,UP,,2.854109507
ENSMUSG00000063704,Mapk15,Chr15,75865618,75871003,SJL_Specific,UP,,1.129143968
ENSMUSG00000063779,Chil4,Chr3,106108806,106126823,SJL_Specific,UP,,7.816902565
ENSMUSG00000063873,Slc24a3,Chr2,145009674,145484086,SJL_Specific,UP,,1.65316292
ENSMUSG00000063975,Slco1a5,Chr6,142179953,142268707,SJL_Specific,UP,,1.318287389
ENSMUSG00000064016,Gm648,ChrX,55589234,55594966,SJL_Specific,UP,,1.006279971
ENSMUSG00000064080,Fbln2,Chr6,91189437,91249522,SJL_Specific,UP,,1.219764028
ENSMUSG00000064115,Cadm2,Chr16,66452307,67417796,SJL_Specific,UP,,2.608621522
ENSMUSG00000064267,Hvcn1,Chr5,122344867,122380360,SJL_Specific,UP,,1.298346298
ENSMUSG00000064329,Scn1a,Chr2,66101122,66271184,SJL_Specific,UP,,1.258931348
ENSMUSG00000064585,Gm25129,Chr2,158221454,158221586,SJL_Specific,UP,,2.279835727
ENSMUSG00000066113,Adamtsl1,Chr4,85432409,86346622,SJL_Specific,UP,,1.549679495
ENSMUSG00000066158,AY512931,Chr8,45513739,45518455,SJL_Specific,UP,,2.188668996
ENSMUSG00000066170,E230001N04Rik,Chr17,28741661,28744372,SJL_Specific,UP,,1.239122673
ENSMUSG00000066189,Cacng3,Chr7,122269715,122368616,SJL_Specific,UP,,1.731834675
ENSMUSG00000066319,Rtp3,Chr9,110814003,110819651,SJL_Specific,UP,,1.254774453
ENSMUSG00000066361,Serpina3c,Chr12,104112641,104120129,SJL_Specific,UP,,3.978764705
ENSMUSG00000066363,Serpina3f,Chr12,104180803,104187388,SJL_Specific,UP,,2.808134002
ENSMUSG00000066607,Insyn1,Chr9,58395886,58407063,SJL_Specific,UP,,1.795636607
ENSMUSG00000066842,Hmcn1,Chr1,150438275,150869186,SJL_Specific,UP,,1.195008163
ENSMUSG00000067028,Cntnap5b,Chr1,99700490,100413667,SJL_Specific,UP,,1.116958187
ENSMUSG00000067212,H2-T23,Chr17,36340665,36343747,SJL_Specific,UP,,1.598677258
ENSMUSG00000067261,Foxd3,Chr4,99544536,99546859,SJL_Specific,UP,,1.916830704
ENSMUSG00000067872,Ccdc87,Chr19,4889394,4892556,SJL_Specific,UP,,1.14384238
ENSMUSG00000067878,Map7d3,ChrX,55843218,55867686,SJL_Specific,UP,,1.174389849
ENSMUSG00000068037,Mas1,Chr17,13059966,13087030,SJL_Specific,UP,,2.012137667
ENSMUSG00000068196,Col8a1,Chr16,57444621,57575100,SJL_Specific,UP,,1.61789174
ENSMUSG00000068220,Lgals1,Chr15,78810925,78814665,SJL_Specific,UP,,1.231053614
ENSMUSG00000068246,Apol9b,Chr15,77613239,77620582,SJL_Specific,UP,,2.335537735
ENSMUSG00000068324,Gm10029,Chr13,6712601,6712930,SJL_Specific,UP,,1.066831558
ENSMUSG00000068522,Aard,Chr15,51903503,51909118,SJL_Specific,UP,,1.528437558
ENSMUSG00000068699,Flnc,Chr6,29433255,29461882,SJL_Specific,UP,,1.17774775
ENSMUSG00000068874,Selenbp1,Chr3,94840367,94852069,SJL_Specific,UP,,1.110855278
ENSMUSG00000069372,Ctxn3,Chr18,57601588,57611205,SJL_Specific,UP,,1.804450894
ENSMUSG00000069516,Lyz2,Chr10,117113236,117118226,SJL_Specific,UP,,1.203159528
ENSMUSG00000069588,Gm11733,Chr11,117373290,117379840,SJL_Specific,UP,,1.560675782
ENSMUSG00000069830,Nlrp1a,Chr11,70983062,71035530,SJL_Specific,UP,,1.649987711
ENSMUSG00000069893,9930111J21Rik1,Chr11,48836977,48870225,SJL_Specific,UP,,1.068099385
ENSMUSG00000069939,Gm12070,Chr11,26736633,26737634,SJL_Specific,UP,,2.700437108
ENSMUSG00000070304,Scn2b,Chr9,45029080,45041368,SJL_Specific,UP,,1.36584973
ENSMUSG00000070313,Pate14,Chr9,36547050,36554672,SJL_Specific,UP,,4.860160197
ENSMUSG00000070469,Adamtsl3,Chr7,81984902,82263658,SJL_Specific,UP,,2.651642189
ENSMUSG00000070495,Ctcfl,Chr2,172935402,172961318,SJL_Specific,UP,,2.052537946
ENSMUSG00000070509,Rgma,Chr7,73025257,73069647,SJL_Specific,UP,,1.386805304
ENSMUSG00000070527,Mkrn3,Chr7,62067341,62069887,SJL_Specific,UP,,1.968842519
ENSMUSG00000070530,Wfdc16,Chr2,164476627,164480716,SJL_Specific,UP,,1.378851427
ENSMUSG00000070639,Lrrc8b,Chr5,105563641,105637940,SJL_Specific,UP,,1.461811732
ENSMUSG00000070867,Trabd2b,Chr4,114263921,114472295,SJL_Specific,UP,,1.164895787
ENSMUSG00000071113,Mboat4,Chr8,34582184,34592336,SJL_Specific,UP,,1.05401099
ENSMUSG00000071226,Cecr2,Chr6,120643330,120748151,SJL_Specific,UP,,1.000569051
ENSMUSG00000071343,Gm10327,Chr10,33684493,33685494,SJL_Specific,UP,,2.886121166
ENSMUSG00000071553,Cpa2,Chr6,30541581,30564475,SJL_Specific,UP,,1.155745719
ENSMUSG00000071713,Csf2rb,Chr15,78209952,78238047,SJL_Specific,UP,,1.626352777
ENSMUSG00000071714,Csf2rb2,Chr15,78166707,78189921,SJL_Specific,UP,,2.031983625
ENSMUSG00000071984,Fndc1,Chr17,7957401,8046134,SJL_Specific,UP,,1.695241372
ENSMUSG00000072944,Nup62cl,ChrX,138907554,138963461,SJL_Specific,UP,,1.368973777
ENSMUSG00000072955,Tmsb15l,ChrX,135855737,135877618,SJL_Specific,UP,,1.017671166
ENSMUSG00000073102,Drc1,Chr5,30486386,30524039,SJL_Specific,UP,,1.325951596
ENSMUSG00000073295,Nudt11,ChrX,5959507,5967164,SJL_Specific,UP,,1.099921119
ENSMUSG00000073394,Runx2os1,Chr17,45045606,45048508,SJL_Specific,UP,,3.809060596
ENSMUSG00000073418,C4b,Chr17,34947354,34962856,SJL_Specific,UP,,1.682061599
ENSMUSG00000073551,Spink13,Chr18,62740606,62874458,SJL_Specific,UP,,3.35460161
ENSMUSG00000073652,Apol7d,Chr1,71690128,71788968,SJL_Specific,UP,,3.694668897
ENSMUSG00000074121,Ntf5,Chr7,45063119,45066603,SJL_Specific,UP,,3.793949653
ENSMUSG00000074170,Plekhf1,Chr7,37916396,37927440,SJL_Specific,UP,,1.59300545
ENSMUSG00000074218,Cox7a1,Chr7,29883569,29885503,SJL_Specific,UP,,1.028658923
ENSMUSG00000074398,Gm15441,Chr3,96462168,96474162,SJL_Specific,UP,,1.159528662
ENSMUSG00000074415,Mir100hg,Chr9,41238321,41628290,SJL_Specific,UP,,1.087354867
ENSMUSG00000074505,Fat3,Chr9,15821485,16412581,SJL_Specific,UP,,1.552806316
ENSMUSG00000074575,Kcng1,Chr2,168102037,168123656,SJL_Specific,UP,,1.898829682
ENSMUSG00000074622,Mafb,Chr2,160205623,160208985,SJL_Specific,UP,,1.264656446
ENSMUSG00000074652,Myh7b,Chr2,155453132,155476227,SJL_Specific,UP,,2.191778934
ENSMUSG00000074785,Plxnc1,Chr10,94626728,94780697,SJL_Specific,UP,,1.822517306
ENSMUSG00000074872,Ctxn2,Chr2,124978553,124989761,SJL_Specific,UP,,1.475405306
ENSMUSG00000074923,Pak6,Chr2,118493784,118528501,SJL_Specific,UP,,1.173453375
ENSMUSG00000075012,Fjx1,Chr2,102279711,102282844,SJL_Specific,UP,,1.295305704
ENSMUSG00000075270,Pde11a,Chr2,75819485,76169118,SJL_Specific,UP,,1.906440627
ENSMUSG00000075334,Rprm,Chr2,53974105,53975564,SJL_Specific,UP,,1.101549035
ENSMUSG00000075410,Prcd,Chr11,116544360,116559215,SJL_Specific,UP,,1.811245612
ENSMUSG00000075520,Malrd1,Chr2,15531290,16260366,SJL_Specific,UP,,2.242803789
ENSMUSG00000076866,Trdv2-2,Chr14,54198401,54199059,SJL_Specific,UP,,4.036863239
ENSMUSG00000077271,Gm22781,Chr4,3796447,3796583,SJL_Specific,UP,,4.015704291
ENSMUSG00000078252,Krtap17-1,Chr11,99884060,99884820,SJL_Specific,UP,,1.668220686
ENSMUSG00000078480,Mrpl48-ps,Chr4,88517412,88518047,SJL_Specific,UP,,1.66295546
ENSMUSG00000078627,Marchf10,Chr11,105251624,105347561,SJL_Specific,UP,,4.743507776
ENSMUSG00000078920,Ifi47,Chr11,48967414,48987801,SJL_Specific,UP,,1.228282875
ENSMUSG00000078925,D030018L15Rik,Chr15,95949484,95977434,SJL_Specific,UP,,2.028666124
ENSMUSG00000078952,Lncenc1,Chr13,97571455,97652188,SJL_Specific,UP,,2.398046831
ENSMUSG00000078956,Gm14221,Chr2,160262902,160498188,SJL_Specific,UP,,1.223213539
ENSMUSG00000079014,Serpina3i,Chr12,104229381,104235631,SJL_Specific,UP,,1.915537721
ENSMUSG00000079045,Prox1os,Chr1,189900844,190030181,SJL_Specific,UP,,1.314921609
ENSMUSG00000079055,Slc8a3,Chr12,81244689,81379954,SJL_Specific,UP,,4.606052306
ENSMUSG00000079105,C7,Chr15,5018244,5093222,SJL_Specific,UP,,2.357332332
ENSMUSG00000079164,Tlr5,Chr1,182782353,182804010,SJL_Specific,UP,,2.44680805
ENSMUSG00000079235,Ccdc13,Chr9,121626693,121668527,SJL_Specific,UP,,1.218987718
ENSMUSG00000079259,Trim71,Chr9,114336201,114393437,SJL_Specific,UP,,1.211159979
ENSMUSG00000079293,Clec7a,Chr6,129438554,129449742,SJL_Specific,UP,,2.497570231
ENSMUSG00000079534,Pwwp4c,ChrX,73682725,73689241,SJL_Specific,UP,,2.03437219
ENSMUSG00000079547,H2-DMb1,Chr17,34372046,34379204,SJL_Specific,UP,,1.25256306
ENSMUSG00000079559,Pou2af3,Chr9,51181558,51190951,SJL_Specific,UP,,1.894408077
ENSMUSG00000079657,Rab26,Chr17,24746215,24753184,SJL_Specific,UP,,1.028998818
ENSMUSG00000081087,Rps15a-ps7,Chr2,152027211,152027602,SJL_Specific,UP,,2.60364863
ENSMUSG00000081400,Gm13680,Chr2,83183501,83184293,SJL_Specific,UP,,1.082265195
ENSMUSG00000082160,Gm11578,Chr1,60631410,60631868,SJL_Specific,UP,,4.080996496
ENSMUSG00000082292,Gm12250,Chr11,58078565,58079838,SJL_Specific,UP,,1.901216551
ENSMUSG00000083567,Gm11451,Chr2,162740814,162741443,SJL_Specific,UP,,1.188075754
ENSMUSG00000083649,Rasl2-9,Chr7,5127937,5128949,SJL_Specific,UP,,1.127416184
ENSMUSG00000084803,5830444B04Rik,Chr4,155483207,155519397,SJL_Specific,UP,,3.519874812
ENSMUSG00000084824,Gm16344,Chr18,32152825,32159663,SJL_Specific,UP,,2.488233792
ENSMUSG00000084862,Gm16278,Chr17,26138063,26154719,SJL_Specific,UP,,1.150809832
ENSMUSG00000085058,8030453O22Rik,Chr6,39504436,39521423,SJL_Specific,UP,,2.792249964
ENSMUSG00000085069,Prdm16os,Chr4,154722033,154729181,SJL_Specific,UP,,1.640111124
ENSMUSG00000085198,4933416E03Rik,Chr2,159789184,159827960,SJL_Specific,UP,,1.617603709
ENSMUSG00000085240,Gm12119,Chr11,33645838,33648137,SJL_Specific,UP,,4.706435559
ENSMUSG00000085347,Hk1os,Chr10,62175980,62200272,SJL_Specific,UP,,1.696854265
ENSMUSG00000085419,Gm11734,Chr11,117413906,117424933,SJL_Specific,UP,,1.087139269
ENSMUSG00000085603,Gm11346,Chr13,24782332,24783035,SJL_Specific,UP,,1.096617434
ENSMUSG00000085995,Gm2788,Chr7,48527514,48562788,SJL_Specific,UP,,1.011169067
ENSMUSG00000086177,Gm14616,Chr2,174697849,174708998,SJL_Specific,UP,,1.45420608
ENSMUSG00000086181,C230034O21Rik,Chr3,38928373,38942408,SJL_Specific,UP,,1.351712513
ENSMUSG00000086233,Gm11816,Chr4,9280064,9287391,SJL_Specific,UP,,4.315934939
ENSMUSG00000086298,Gm11716,Chr11,107226711,107235664,SJL_Specific,UP,,1.697283354
ENSMUSG00000086425,F730016J06Rik,Chr2,27985443,28017753,SJL_Specific,UP,,1.665682845
ENSMUSG00000086494,2210417A02Rik,Chr5,148678014,148693185,SJL_Specific,UP,,1.225620852
ENSMUSG00000086596,Susd5,Chr9,113886208,113927796,SJL_Specific,UP,,1.126609359
ENSMUSG00000086677,Tvp23bos,Chr11,62809896,62812666,SJL_Specific,UP,,1.94800295
ENSMUSG00000086962,Gm12248,Chr11,57954378,57983960,SJL_Specific,UP,,2.896701133
ENSMUSG00000086970,Bcas1os1,Chr2,170247101,170249095,SJL_Specific,UP,,1.40924411
ENSMUSG00000087017,4930417H01Rik,Chr2,122542835,122569552,SJL_Specific,UP,,1.299901286
ENSMUSG00000087057,Gm11730,Chr11,116985767,116994499,SJL_Specific,UP,,1.349536394
ENSMUSG00000087088,Gm16638,Chr7,83246169,83281112,SJL_Specific,UP,,1.263926777
ENSMUSG00000087149,Itih6,ChrX,149609894,149639939,SJL_Specific,UP,,2.564640992
ENSMUSG00000087179,5730471H19Rik,Chr2,156611564,156681829,SJL_Specific,UP,,1.184817509
ENSMUSG00000087184,Gm11650,Chr11,107684286,107687204,SJL_Specific,UP,,2.366649213
ENSMUSG00000087196,Gm13373,Chr2,28204845,28306074,SJL_Specific,UP,,2.0691318
ENSMUSG00000087217,Gm13209,Chr4,148669178,148670464,SJL_Specific,UP,,2.561238506
ENSMUSG00000087242,C78197,Chr11,68083019,68086979,SJL_Specific,UP,,1.450607544
ENSMUSG00000087249,Gm16062,Chr11,59700734,59709317,SJL_Specific,UP,,1.53635648
ENSMUSG00000087259,2610035D17Rik,Chr11,112934701,113092731,SJL_Specific,UP,,1.233963147
ENSMUSG00000087321,Gm5353,Chr8,77588884,77589676,SJL_Specific,UP,,2.130989663
ENSMUSG00000087364,Gm13398,Chr2,26927297,26930865,SJL_Specific,UP,,1.237146353
ENSMUSG00000087412,Gm15501,Chr7,92828228,92828852,SJL_Specific,UP,,1.251855763
ENSMUSG00000087553,5730412P04Rik,ChrX,135005342,135016188,SJL_Specific,UP,,2.841611816
ENSMUSG00000087647,Gm15407,Chr5,148757577,148774608,SJL_Specific,UP,,2.269070662
ENSMUSG00000087675,Gm11762,Chr11,119439456,119459872,SJL_Specific,UP,,1.505755199
ENSMUSG00000088139,Gm27343,Chr2,152259182,152259244,SJL_Specific,UP,,1.138578441
ENSMUSG00000089712,Gm15889,Chr8,95102969,95108084,SJL_Specific,UP,,1.889959218
ENSMUSG00000089948,Far2os1,Chr6,147837447,148028727,SJL_Specific,UP,,3.966027513
ENSMUSG00000089957,A830011K09Rik,Chr6,138397975,138406590,SJL_Specific,UP,,1.171480412
ENSMUSG00000089960,Ugt1a1,Chr1,88139681,88146719,SJL_Specific,UP,,3.113084139
ENSMUSG00000089991,Gm16332,Chr1,139790695,139864215,SJL_Specific,UP,,2.559970615
ENSMUSG00000090053,Pakap,Chr4,57434247,57712016,SJL_Specific,UP,,4.34528132
ENSMUSG00000090084,Srpx,ChrX,9904216,9983948,SJL_Specific,UP,,1.813674156
ENSMUSG00000090675,Or5v1b,Chr17,37818921,37843340,SJL_Specific,UP,,1.457956894
ENSMUSG00000091002,Tcerg1l,Chr7,137810703,137999459,SJL_Specific,UP,,1.889241138
ENSMUSG00000091243,Vgll3,Chr16,65612143,65663254,SJL_Specific,UP,,1.603171581
ENSMUSG00000091345,Col6a5,Chr9,105733277,105837842,SJL_Specific,UP,,3.015753284
ENSMUSG00000091475,Cerox1,Chr17,25789745,25794052,SJL_Specific,UP,,1.35959862
ENSMUSG00000093587,Gm20554,Chr13,72707021,72777748,SJL_Specific,UP,,1.649329528
ENSMUSG00000094504,Foxl3,Chr5,138805835,138807374,SJL_Specific,UP,,1.085128815
ENSMUSG00000096914,Galntl6,Chr8,58227086,59365674,SJL_Specific,UP,,1.805794586
ENSMUSG00000096986,4930509E16Rik,Chr9,72425527,72440005,SJL_Specific,UP,,2.257534137
ENSMUSG00000097039,Pvt1,Chr15,61888639,62249945,SJL_Specific,UP,,1.420886223
ENSMUSG00000097083,D930019O06Rik,Chr1,39689344,39703876,SJL_Specific,UP,,1.019507091
ENSMUSG00000097222,Gata6os,Chr18,10987944,11053256,SJL_Specific,UP,,1.049288994
ENSMUSG00000097354,2310001H17Rik,Chr6,129091282,129216988,SJL_Specific,UP,,1.673599907
ENSMUSG00000097366,Gm8177,Chr3,57042917,57044252,SJL_Specific,UP,,5.169383394
ENSMUSG00000097378,B230208H11Rik,Chr10,12792385,12799002,SJL_Specific,UP,,1.264783259
ENSMUSG00000097402,Gm17399,Chr9,117979165,118054245,SJL_Specific,UP,,1.289492469
ENSMUSG00000097448,Platr22,Chr1,136620525,136721596,SJL_Specific,UP,,3.883344166
ENSMUSG00000097463,4930448E22Rik,Chr9,46237691,46242118,SJL_Specific,UP,,1.810239886
ENSMUSG00000097654,Gm26714,Chr8,24912352,24939739,SJL_Specific,UP,,1.690078241
ENSMUSG00000097767,Miat,Chr5,112361094,112377261,SJL_Specific,UP,,1.622815753
ENSMUSG00000097789,Ctxnd1,Chr7,84178162,84232739,SJL_Specific,UP,,2.755650761
ENSMUSG00000097825,9630001P10Rik,Chr5,45796041,45802811,SJL_Specific,UP,,1.045510551
ENSMUSG00000097923,Gm26577,Chr10,21020983,21030273,SJL_Specific,UP,,1.309875271
ENSMUSG00000097960,A330074K22Rik,Chr8,120931173,120955074,SJL_Specific,UP,,1.134743886
ENSMUSG00000097992,Gm27016,Chr8,88201917,88222090,SJL_Specific,UP,,3.925501348
ENSMUSG00000098057,Gm6283,Chr10,127149018,127150017,SJL_Specific,UP,,1.397843744
ENSMUSG00000098893,Gm17828,Chr9,72199824,72200622,SJL_Specific,UP,,4.650342925
ENSMUSG00000099145,Mir8116,Chr5,137292042,137292138,SJL_Specific,UP,,1.171397735
ENSMUSG00000099148,Gm3331,Chr9,32699161,32750746,SJL_Specific,UP,,2.827346985
ENSMUSG00000099564,Gm28729,Chr9,96368054,96407317,SJL_Specific,UP,,1.474365707
ENSMUSG00000100182,1810006J02Rik,Chr1,98059140,98073990,SJL_Specific,UP,,1.455811604
ENSMUSG00000100241,Slc18a3,Chr14,32184395,32186807,SJL_Specific,UP,,1.958074289
ENSMUSG00000100303,2600014E21Rik,Chr2,74969187,75148164,SJL_Specific,UP,,2.299245778
ENSMUSG00000100417,Gm28578,Chr19,45288411,45326930,SJL_Specific,UP,,1.45102912
ENSMUSG00000100426,Gm4208,Chr1,62860506,62898794,SJL_Specific,UP,,2.803955794
ENSMUSG00000100465,Gm29264,Chr5,149170486,149185031,SJL_Specific,UP,,1.251983036
ENSMUSG00000100701,Gm19587,Chr1,43927211,43927755,SJL_Specific,UP,,3.546824095
ENSMUSG00000101316,Gm12663,Chr11,16585109,16586066,SJL_Specific,UP,,2.380253256
ENSMUSG00000101389,Ms4a4a,Chr19,11352887,11370154,SJL_Specific,UP,,2.655678521
ENSMUSG00000101615,Gm8495,Chr9,96419214,96419907,SJL_Specific,UP,,1.81523088
ENSMUSG00000102344,9430053O09Rik,Chr16,77216137,77218916,SJL_Specific,UP,,1.868245438
ENSMUSG00000102353,Gm38345,Chr19,37421357,37423104,SJL_Specific,UP,,1.78625561
ENSMUSG00000102796,Gm37711,Chr4,131832141,131836674,SJL_Specific,UP,,1.899327989
ENSMUSG00000103115,Gm37584,Chr3,88432484,88439152,SJL_Specific,UP,,1.019205784
ENSMUSG00000103562,2810405F15Rik,Chr2,115905646,115906577,SJL_Specific,UP,,1.434599844
ENSMUSG00000103622,B430319G15Rik,Chr9,92420854,92424922,SJL_Specific,UP,,1.2833113
ENSMUSG00000103755,Gm37805,Chr9,95289457,95290621,SJL_Specific,UP,,3.009144383
ENSMUSG00000103789,Gm10129,Chr13,38334453,38335768,SJL_Specific,UP,,1.761552163
ENSMUSG00000104234,5330439B14Rik,Chr6,142560321,142572189,SJL_Specific,UP,,2.100472179
ENSMUSG00000104507,A430027H14Rik,Chr1,189075479,189087575,SJL_Specific,UP,,1.938530656
ENSMUSG00000104516,Gm9884,Chr1,25869738,25870959,SJL_Specific,UP,,1.15202567
ENSMUSG00000104585,4921511C10Rik,Chr3,79120226,79161220,SJL_Specific,UP,,3.707221365
ENSMUSG00000104802,Gm5869,Chr5,87145018,87146274,SJL_Specific,UP,,1.140921767
ENSMUSG00000104868,Gm9954,Chr5,63803513,63808237,SJL_Specific,UP,,3.666277772
ENSMUSG00000105402,Gm3716,Chr5,64751135,64768095,SJL_Specific,UP,,1.853372679
ENSMUSG00000106300,Gm42765,Chr5,30686801,30701174,SJL_Specific,UP,,1.852818618
ENSMUSG00000106311,Gm43755,Chr5,30523390,30523834,SJL_Specific,UP,,1.317228272
ENSMUSG00000106526,Gm42604,Chr5,96881997,96887570,SJL_Specific,UP,,1.342670672
ENSMUSG00000106554,Gm33474,Chr5,107196618,107225694,SJL_Specific,UP,,1.945596672
ENSMUSG00000106689,Gm18345,Chr5,75503104,75504493,SJL_Specific,UP,,3.602049926
ENSMUSG00000107134,Gm42528,Chr5,39764270,39767687,SJL_Specific,UP,,1.233284235
ENSMUSG00000107167,B3galt9,Chr2,34723019,34729740,SJL_Specific,UP,,2.725347701
ENSMUSG00000107271,BC028471,Chr5,149286336,149330535,SJL_Specific,UP,,2.60066865
ENSMUSG00000108037,Gm44597,Chr6,125016779,125028505,SJL_Specific,UP,,1.545850501
ENSMUSG00000108079,Gm44210,Chr6,87705946,87736501,SJL_Specific,UP,,1.429454245
ENSMUSG00000108239,Gm19434,Chr6,135165478,135171958,SJL_Specific,UP,,4.273454186
ENSMUSG00000108421,Gm44718,Chr7,63415622,63415980,SJL_Specific,UP,,2.420115846
ENSMUSG00000108950,9130015G15Rik,Chr7,48772082,48809567,SJL_Specific,UP,,1.01417936
ENSMUSG00000109089,4833411C07Rik,Chr8,10949722,10973782,SJL_Specific,UP,,1.084870012
ENSMUSG00000109127,Gm31135,Chr8,8094568,8569919,SJL_Specific,UP,,3.734545288
ENSMUSG00000109141,Gm30692,Chr8,24900709,24907237,SJL_Specific,UP,,3.686076446
ENSMUSG00000109270,Gm10584,Chr7,131917393,131920020,SJL_Specific,UP,,1.812879228
ENSMUSG00000109370,Gm44675,Chr7,91213575,91216501,SJL_Specific,UP,,2.072840318
ENSMUSG00000109382,4930567K12Rik,Chr7,91741414,91768719,SJL_Specific,UP,,4.399676358
ENSMUSG00000109446,Gm9195,Chr14,72663453,72729278,SJL_Specific,UP,,6.497682497
ENSMUSG00000109517,Gm44763,Chr7,118566891,118568909,SJL_Specific,UP,,1.141084008
ENSMUSG00000109598,Gm36356,Chr7,135087580,135094034,SJL_Specific,UP,,1.99583347
ENSMUSG00000110017,Gm45237,Chr8,25930143,25938778,SJL_Specific,UP,,1.899587957
ENSMUSG00000110093,Gm45282,Chr7,48542248,48560080,SJL_Specific,UP,,1.87348609
ENSMUSG00000110110,Gm30978,Chr8,25843192,25987044,SJL_Specific,UP,,2.622413039
ENSMUSG00000110344,Smim36,Chr11,90078509,90142081,SJL_Specific,UP,,1.639317663
ENSMUSG00000110373,Gm42303,Chr4,76369124,76408926,SJL_Specific,UP,,2.420214412
ENSMUSG00000110569,Gm18860,Chr8,72156849,72157612,SJL_Specific,UP,,3.016146152
ENSMUSG00000110599,6030466F02Rik,Chr8,124460697,124466680,SJL_Specific,UP,,1.248537897
ENSMUSG00000110618,Gm39822,Chr11,51789304,51800451,SJL_Specific,UP,,2.357730494
ENSMUSG00000110653,Gm34418,Chr11,117348157,117373853,SJL_Specific,UP,,1.765913956
ENSMUSG00000110701,Gm6013,Chr8,96401324,96402022,SJL_Specific,UP,,3.008399977
ENSMUSG00000110830,Gm46218,Chr10,29133757,29189821,SJL_Specific,UP,,1.068614858
ENSMUSG00000110874,D030045P18Rik,Chr10,45683658,45728379,SJL_Specific,UP,,1.782315555
ENSMUSG00000111468,5033425B01Rik,Chr9,31349761,31351063,SJL_Specific,UP,,3.690386186
ENSMUSG00000111820,Gm36120,Chr9,83560134,83569578,SJL_Specific,UP,,1.333431247
ENSMUSG00000111936,Gm47540,Chr10,128431484,128434492,SJL_Specific,UP,,3.04539704
ENSMUSG00000112056,Gm48181,Chr12,44419980,44421045,SJL_Specific,UP,,1.188646092
ENSMUSG00000112711,Gm32552,Chr10,117695296,117702953,SJL_Specific,UP,,1.759478415
ENSMUSG00000113088,Gm36757,Chr12,111912510,111927911,SJL_Specific,UP,,1.689072327
ENSMUSG00000113165,Gm47863,Chr12,85622589,85645965,SJL_Specific,UP,,1.452192294
ENSMUSG00000113769,5033406O09Rik,Chr12,111908398,111913497,SJL_Specific,UP,,1.409115242
ENSMUSG00000114038,Gm40999,Chr13,71857174,72105011,SJL_Specific,UP,,3.339352298
ENSMUSG00000114775,Gm33172,Chr13,110820446,110823459,SJL_Specific,UP,,3.378815283
ENSMUSG00000114926,Gm2379,Chr13,97647712,97749131,SJL_Specific,UP,,2.449498076
ENSMUSG00000115109,Gm49032,Chr14,34490913,34492617,SJL_Specific,UP,,1.050874763
ENSMUSG00000115186,Gm49417,Chr14,70442773,70493197,SJL_Specific,UP,,1.211712787
ENSMUSG00000115354,Gm49083,Chr14,44042153,44049840,SJL_Specific,UP,,4.001520445
ENSMUSG00000115777,Gm32815,Chr14,86501582,86537234,SJL_Specific,UP,,1.82737602
ENSMUSG00000115834,Gm10385,Chr15,36690271,36706633,SJL_Specific,UP,,2.196421387
ENSMUSG00000116204,Gm36480,Chr15,90237909,90252647,SJL_Specific,UP,,5.053947074
ENSMUSG00000116504,I730030J21Rik,Chr15,100628073,100659499,SJL_Specific,UP,,2.606982925
ENSMUSG00000116582,Gm36169,Chr16,90464327,90473955,SJL_Specific,UP,,2.82426689
ENSMUSG00000116936,Bod1-ps,Chr16,17552033,17552550,SJL_Specific,UP,,2.543635052
ENSMUSG00000117037,Gm50433,Chr17,21750542,21751047,SJL_Specific,UP,,1.024969878
ENSMUSG00000117039,Gm32358,Chr16,96245914,96248303,SJL_Specific,UP,,1.215145676
ENSMUSG00000117486,Gm30938,Chr17,87770306,87800553,SJL_Specific,UP,,2.411213165
ENSMUSG00000117813,Gm5823,Chr18,80002221,80002754,SJL_Specific,UP,,3.237774689
ENSMUSG00000117899,Gm50218,Chr17,31466253,31476952,SJL_Specific,UP,,1.161130894
ENSMUSG00000118207,Gm50191,Chr19,54912237,54925156,SJL_Specific,UP,,3.312206207
ENSMUSG00000118216,Gm19784,Chr18,67056538,67083094,SJL_Specific,UP,,1.6934284
ENSMUSG00000118651,Gm17315,Chr17,79661580,79665452,SJL_Specific,UP,,1.323717394
ENSMUSG00000118667,Ahnak2,Chr12,112738628,112766277,SJL_Specific,UP,,1.851694572
ENSMUSG00000119960,ENSMUSG00000119960,Chr9,66913085,66930239,SJL_Specific,UP,,1.539894238
ENSMUSG00000120017,ENSMUSG00000120017,Chr11,49130910,49135226,SJL_Specific,UP,,1.212027772
ENSMUSG00000120164,ENSMUSG00000120164,Chr14,100651023,100719785,SJL_Specific,UP,,2.563606673
ENSMUSG00000120238,ENSMUSG00000120238,Chr11,57983530,57994612,SJL_Specific,UP,,3.414391092
ENSMUSG00000120268,ENSMUSG00000120268,Chr13,98664709,98672439,SJL_Specific,UP,,3.28200504
ENSMUSG00000120518,ENSMUSG00000120518,Chr15,78910900,78912345,SJL_Specific,UP,,2.596679732
ENSMUSG00000120621,ENSMUSG00000120621,Chr2,85028578,85029101,SJL_Specific,UP,,2.836753802
ENSMUSG00000120808,ENSMUSG00000120808,Chr9,123680356,123682450,SJL_Specific,UP,,1.507907332
ENSMUSG00000120849,ENSMUSG00000120849,Chr14,54678984,54679902,SJL_Specific,UP,,1.460156034
ENSMUSG00000120878,ENSMUSG00000120878,Chr19,11370203,11370687,SJL_Specific,UP,,2.323521285
ENSMUSG00000120881,ENSMUSG00000120881,Chr19,24655542,24657995,SJL_Specific,UP,,1.089041909
ENSMUSG00000120976,ENSMUSG00000120976,Chr6,126613426,126615640,SJL_Specific,UP,,2.231345614
ENSMUSG00000120990,ENSMUSG00000120990,Chr4,43359900,43399837,SJL_Specific,UP,,2.853648037
ENSMUSG00000121011,ENSMUSG00000121011,Chr6,124256006,124298604,SJL_Specific,UP,,3.669688757
ENSMUSG00000121112,ENSMUSG00000121112,Chr9,96407346,96488261,SJL_Specific,UP,,1.835758365
ENSMUSG00000121135,Hmga2-ps1,Chr1,176662183,176663734,SJL_Specific,UP,,1.51943782
ENSMUSG00000121226,ENSMUSG00000121226,Chr11,69692952,69693780,SJL_Specific,UP,,1.123250675
ENSMUSG00002076173,Gm55118,Chr16,10961989,10962045,SJL_Specific,UP,,2.096614872
ENSMUSG00000000216,Scnn1g,Chr7,121333702,121367698,SJL_Specific,DOWN,,-1.017132994
ENSMUSG00000000253,Gmpr,Chr13,45660920,45707276,SJL_Specific,DOWN,,-1.226251928
ENSMUSG00000000385,Tmprss2,Chr16,97365882,97412395,SJL_Specific,DOWN,,-1.227487737
ENSMUSG00000000982,Ccl3,Chr11,83538670,83540181,SJL_Specific,DOWN,,-1.396851312
ENSMUSG00000001566,Mnx1,Chr5,29678032,29683468,SJL_Specific,DOWN,,-1.337457211
ENSMUSG00000002265,Peg3,Chr7,6706891,6733430,SJL_Specific,DOWN,,-1.000921558
ENSMUSG00000002578,Ikzf4,Chr10,128466712,128505227,SJL_Specific,DOWN,,-1.305609647
ENSMUSG00000002983,Relb,Chr7,19340142,19363363,SJL_Specific,DOWN,,-1.28827361
ENSMUSG00000003051,Elf3,Chr1,135181313,135186306,SJL_Specific,DOWN,,-1.083422826
ENSMUSG00000003070,Efna2,Chr10,80015316,80025844,SJL_Specific,DOWN,,-1.902312687
ENSMUSG00000003545,Fosb,Chr7,19036621,19043976,SJL_Specific,DOWN,,-2.059872796
ENSMUSG00000003752,Itpkc,Chr7,26906597,26928086,SJL_Specific,DOWN,,-1.548287616
ENSMUSG00000004296,Il12b,Chr11,44290890,44304860,SJL_Specific,DOWN,,-2.454711831
ENSMUSG00000005640,Insrr,Chr3,87704258,87723408,SJL_Specific,DOWN,,-1.699276553
ENSMUSG00000006587,Snai3,Chr8,123180947,123187472,SJL_Specific,DOWN,,-2.360381756
ENSMUSG00000006711,D130043K22Rik,Chr13,25029118,25085253,SJL_Specific,DOWN,,-1.300186778
ENSMUSG00000008318,Relt,Chr7,100495054,100512653,SJL_Specific,DOWN,,-2.250033726
ENSMUSG00000008348,Ubc,Chr5,125463029,125467266,SJL_Specific,DOWN,,-1.304651728
ENSMUSG00000008874,Clec3a,Chr8,115144826,115152586,SJL_Specific,DOWN,,-3.668947672
ENSMUSG00000010044,Zmynd10,Chr9,107424497,107428518,SJL_Specific,DOWN,,-1.15826035
ENSMUSG00000010136,Pifo,Chr3,105904273,105921962,SJL_Specific,DOWN,,-2.405167928
ENSMUSG00000010492,Uckl1os,Chr2,181220273,181226963,SJL_Specific,DOWN,,-1.040670494
ENSMUSG00000010825,Grid2ip,Chr5,143343093,143377907,SJL_Specific,DOWN,,-1.931338214
ENSMUSG00000015605,Srf,Chr17,46859255,46867101,SJL_Specific,DOWN,,-1.017801963
ENSMUSG00000016179,Camk1g,Chr1,193028654,193052606,SJL_Specific,DOWN,,-1.522726871
ENSMUSG00000016239,Lonrf3,ChrX,35592006,35625994,SJL_Specific,DOWN,,-1.208040418
ENSMUSG00000017300,Tnnc2,Chr2,164619081,164621887,SJL_Specific,DOWN,,-2.064145436
ENSMUSG00000017737,Mmp9,Chr2,164782700,164797770,SJL_Specific,DOWN,,-2.226330973
ENSMUSG00000017929,B4galt5,Chr2,167140364,167191103,SJL_Specific,DOWN,,-1.333966082
ENSMUSG00000018238,Gdf9,Chr11,53321850,53328731,SJL_Specific,DOWN,,-1.496683035
ENSMUSG00000018427,Ypel2,Chr11,86827251,86884533,SJL_Specific,DOWN,,-1.214960364
ENSMUSG00000018554,Ybx2,Chr11,69826622,69832431,SJL_Specific,DOWN,,-1.446000355
ENSMUSG00000018698,Lhx1,Chr11,84409110,84416361,SJL_Specific,DOWN,,-1.036959654
ENSMUSG00000018899,Irf1,Chr11,53660841,53669200,SJL_Specific,DOWN,,-1.227107815
ENSMUSG00000018930,Ccl4,Chr11,83553410,83555509,SJL_Specific,DOWN,,-1.354912795
ENSMUSG00000019817,Plagl1,Chr10,12936248,13007438,SJL_Specific,DOWN,,-1.148979831
ENSMUSG00000019850,Tnfaip3,Chr10,18876658,18891405,SJL_Specific,DOWN,,-1.680718814
ENSMUSG00000019944,Rhobtb1,Chr10,68987264,69127621,SJL_Specific,DOWN,,-1.084112849
ENSMUSG00000020122,Egfr,Chr11,16702203,16868158,SJL_Specific,DOWN,,-1.142643241
ENSMUSG00000020155,Kcnmb1,Chr11,33913013,33923641,SJL_Specific,DOWN,,-1.928318738
ENSMUSG00000020263,Appl2,Chr10,83435897,83484602,SJL_Specific,DOWN,,-1.208887181
ENSMUSG00000020268,Lyrm7,Chr11,54717692,54751742,SJL_Specific,DOWN,,-1.275022967
ENSMUSG00000020275,Rel,Chr11,23686847,23720970,SJL_Specific,DOWN,,-1.881443142
ENSMUSG00000020415,Pttg1,Chr11,43311077,43317078,SJL_Specific,DOWN,,-1.653241004
ENSMUSG00000020469,Myl7,Chr11,5846637,5848782,SJL_Specific,DOWN,,-2.683063306
ENSMUSG00000020538,Srebf1,Chr11,60089915,60113407,SJL_Specific,DOWN,,-1.193932148
ENSMUSG00000020548,1700086D15Rik,Chr11,65042718,65050727,SJL_Specific,DOWN,,-3.278474087
ENSMUSG00000020635,Fkbp1b,Chr12,4883174,4891591,SJL_Specific,DOWN,,-1.706858939
ENSMUSG00000020638,Cmpk2,Chr12,26519203,26529836,SJL_Specific,DOWN,,-1.018048046
ENSMUSG00000020698,Cct6b,Chr11,82610076,82655147,SJL_Specific,DOWN,,-1.156915276
ENSMUSG00000020703,5530401A14Rik,Chr11,81751499,81785408,SJL_Specific,DOWN,,-1.211325585
ENSMUSG00000020785,Camkk1,Chr11,72909834,72932899,SJL_Specific,DOWN,,-1.241314145
ENSMUSG00000020808,Pimreg,Chr11,71932858,71938196,SJL_Specific,DOWN,,-1.198478728
ENSMUSG00000020893,Per1,Chr11,68986043,69000786,SJL_Specific,DOWN,,-1.530969281
ENSMUSG00000020990,Cdkl1,Chr12,69793622,69838041,SJL_Specific,DOWN,,-1.226998885
ENSMUSG00000020992,4930512B01Rik,Chr12,69837045,69889773,SJL_Specific,DOWN,,-1.608139812
ENSMUSG00000021025,Nfkbia,Chr12,55536195,55539432,SJL_Specific,DOWN,,-1.054937471
ENSMUSG00000021057,Akap5,Chr12,76371665,76380927,SJL_Specific,DOWN,,-1.613720772
ENSMUSG00000021458,Aopep,Chr13,63112707,63473910,SJL_Specific,DOWN,,-1.37071766
ENSMUSG00000021565,Slc6a19,Chr13,73827864,73852984,SJL_Specific,DOWN,,-1.363588661
ENSMUSG00000021697,Depdc1b,Chr13,108452866,108544316,SJL_Specific,DOWN,,-1.02110292
ENSMUSG00000021733,Slc4a7,Chr14,7669823,7767484,SJL_Specific,DOWN,,-1.028544873
ENSMUSG00000021775,Nr1d2,Chr14,4230569,4265642,SJL_Specific,DOWN,,-1.081984586
ENSMUSG00000022026,Olfm4,Chr14,80221521,80260579,SJL_Specific,DOWN,,-2.027064947
ENSMUSG00000022211,Carmil3,Chr14,55728108,55745729,SJL_Specific,DOWN,,-1.130202618
ENSMUSG00000022304,Dpys,Chr15,39631883,39720866,SJL_Specific,DOWN,,-1.331705854
ENSMUSG00000022434,Fam118a,Chr15,84913149,84947031,SJL_Specific,DOWN,,-1.136261699
ENSMUSG00000022490,Ppp1r1a,Chr15,103438706,103446430,SJL_Specific,DOWN,,-1.283392693
ENSMUSG00000022602,Arc,Chr15,74540932,74544419,SJL_Specific,DOWN,,-1.218453715
ENSMUSG00000022768,Ccdc116,Chr16,16956928,16965093,SJL_Specific,DOWN,,-1.431584837
ENSMUSG00000022783,Spag6l,Chr16,16570880,16647320,SJL_Specific,DOWN,,-1.271937943
ENSMUSG00000022847,Thpo,Chr16,20543204,20553261,SJL_Specific,DOWN,,-1.100492843
ENSMUSG00000023122,Sult1c2,Chr17,54136665,54153367,SJL_Specific,DOWN,,-1.538213426
ENSMUSG00000023159,Psg29,Chr7,16937402,16949685,SJL_Specific,DOWN,,-3.44869958
ENSMUSG00000023247,Guca2a,Chr4,119494901,119496668,SJL_Specific,DOWN,,-2.502432516
ENSMUSG00000023341,Mx2,Chr16,97336508,97362100,SJL_Specific,DOWN,,-1.171489954
ENSMUSG00000023947,Nfkbie,Chr17,45866629,45874095,SJL_Specific,DOWN,,-1.70271608
ENSMUSG00000023984,Gm20517,Chr17,47922514,47994786,SJL_Specific,DOWN,,-1.452903858
ENSMUSG00000024014,Pim1,Chr17,29709727,29715086,SJL_Specific,DOWN,,-1.408174321
ENSMUSG00000024027,Glp1r,Chr17,31120791,31159765,SJL_Specific,DOWN,,-2.379572091
ENSMUSG00000024042,Sik1,Chr17,32063224,32074778,SJL_Specific,DOWN,,-1.208679145
ENSMUSG00000024059,Clip4,Chr17,72075468,72171268,SJL_Specific,DOWN,,-1.099165445
ENSMUSG00000024064,Galnt14,Chr17,73800223,74017448,SJL_Specific,DOWN,,-1.595553197
ENSMUSG00000024097,Srsf7,Chr17,80507509,80514736,SJL_Specific,DOWN,,-1.36793637
ENSMUSG00000024109,Nrxn1,Chr17,90341059,91400499,SJL_Specific,DOWN,,-1.256666655
ENSMUSG00000024172,St6gal2,Chr17,55752383,55821582,SJL_Specific,DOWN,,-2.367229719
ENSMUSG00000024186,Rgs11,Chr17,26421925,26430298,SJL_Specific,DOWN,,-1.285422044
ENSMUSG00000024215,Spdef,Chr17,27933326,27947929,SJL_Specific,DOWN,,-1.717225298
ENSMUSG00000024553,Galr1,Chr18,82410505,82424902,SJL_Specific,DOWN,,-1.014371265
ENSMUSG00000024774,Ankrd22,Chr19,34098869,34143453,SJL_Specific,DOWN,,-2.906549925
ENSMUSG00000024892,Pcx,Chr19,4560500,4671780,SJL_Specific,DOWN,,-1.399612167
ENSMUSG00000024912,Fosl1,Chr19,5497575,5505974,SJL_Specific,DOWN,,-3.381974282
ENSMUSG00000024936,Kcnk7,Chr19,5754395,5757137,SJL_Specific,DOWN,,-2.107282442
ENSMUSG00000025189,Cnnm1,Chr19,43428875,43485649,SJL_Specific,DOWN,,-1.544302166
ENSMUSG00000025225,Nfkb2,Chr19,46292759,46300824,SJL_Specific,DOWN,,-1.281349852
ENSMUSG00000025366,Esyt1,Chr10,128345834,128361740,SJL_Specific,DOWN,,-1.283814805
ENSMUSG00000025408,Ddit3,Chr10,127126643,127132157,SJL_Specific,DOWN,,-1.592373239
ENSMUSG00000025450,Gm9752,Chr13,119610340,119613297,SJL_Specific,DOWN,,-1.189056376
ENSMUSG00000025586,Cpeb1,Chr7,80996774,81105213,SJL_Specific,DOWN,,-1.040319025
ENSMUSG00000025716,Myo3a,Chr2,22232316,22508264,SJL_Specific,DOWN,,-2.303636843
ENSMUSG00000026023,Cdk15,Chr1,59296065,59392152,SJL_Specific,DOWN,,-1.13895677
ENSMUSG00000026107,Nabp1,Chr1,51505021,51517584,SJL_Specific,DOWN,,-1.657654334
ENSMUSG00000026409,Pfkfb2,Chr1,130616919,130656990,SJL_Specific,DOWN,,-1.226203677
ENSMUSG00000026473,Glul,Chr1,153775690,153785469,SJL_Specific,DOWN,,-1.006875863
ENSMUSG00000026609,Ush2a,Chr1,187994220,188697238,SJL_Specific,DOWN,,-1.378649522
ENSMUSG00000026611,Spata17,Chr1,186776845,186947662,SJL_Specific,DOWN,,-1.025948658
ENSMUSG00000026715,Serpinc1,Chr1,160806155,160833433,SJL_Specific,DOWN,,-1.085605072
ENSMUSG00000026806,Ddx31,Chr2,28730418,28795583,SJL_Specific,DOWN,,-1.018381086
ENSMUSG00000026819,Slc25a25,Chr2,32304499,32341457,SJL_Specific,DOWN,,-1.366678945
ENSMUSG00000026931,1700019N19Rik,Chr19,58774235,58782893,SJL_Specific,DOWN,,-2.493710037
ENSMUSG00000026955,Sapcd2,Chr2,25262333,25268225,SJL_Specific,DOWN,,-1.053231063
ENSMUSG00000026959,Grin1,Chr2,25181193,25209199,SJL_Specific,DOWN,,-1.386216202
ENSMUSG00000026969,Fam166a,Chr2,25108757,25112292,SJL_Specific,DOWN,,-1.452400985
ENSMUSG00000027004,Frzb,Chr2,80242314,80277969,SJL_Specific,DOWN,,-1.289234507
ENSMUSG00000027166,Dnajc24,Chr2,105797054,105833894,SJL_Specific,DOWN,,-1.633329483
ENSMUSG00000027261,Hao1,Chr2,134339281,134396288,SJL_Specific,DOWN,,-2.942555712
ENSMUSG00000027397,Slc20a1,Chr2,129040684,129053536,SJL_Specific,DOWN,,-1.27285676
ENSMUSG00000027478,Dnmt3b,Chr2,153491370,153529650,SJL_Specific,DOWN,,-1.22597997
ENSMUSG00000027489,Necab3,Chr2,154386319,154400810,SJL_Specific,DOWN,,-1.046652425
ENSMUSG00000027505,Fam209,Chr2,172314440,172316251,SJL_Specific,DOWN,,-1.811976952
ENSMUSG00000027508,Pag1,Chr3,9752539,9898739,SJL_Specific,DOWN,,-1.098435704
ENSMUSG00000027544,Nfatc2,Chr2,168318330,168443577,SJL_Specific,DOWN,,-1.038663684
ENSMUSG00000027690,Slc2a2,Chr3,28752052,28785508,SJL_Specific,DOWN,,-1.036583408
ENSMUSG00000027827,Kcnab1,Chr3,64856617,65285644,SJL_Specific,DOWN,,-1.099481664
ENSMUSG00000027829,Ccnl1,Chr3,65853572,65865670,SJL_Specific,DOWN,,-1.298187158
ENSMUSG00000027931,Npr1,Chr3,90357898,90373173,SJL_Specific,DOWN,,-1.167285257
ENSMUSG00000027995,Tlr2,Chr3,83743579,83749074,SJL_Specific,DOWN,,-1.021387889
ENSMUSG00000028012,Rrh,Chr3,129598057,129616236,SJL_Specific,DOWN,,-2.485287369
ENSMUSG00000028063,Lmna,Chr3,88387454,88417263,SJL_Specific,DOWN,,-1.321314733
ENSMUSG00000028175,Depdc1a,Chr3,159201070,159235592,SJL_Specific,DOWN,,-1.103784942
ENSMUSG00000028177,1810013D15Rik,Chr3,157630845,157643992,SJL_Specific,DOWN,,-1.53243517
ENSMUSG00000028214,Gem,Chr4,11704457,11714752,SJL_Specific,DOWN,,-1.413119727
ENSMUSG00000028655,Mfsd2a,Chr4,122840643,122854981,SJL_Specific,DOWN,,-1.1314893
ENSMUSG00000028680,Plk3,Chr4,116985852,116991160,SJL_Specific,DOWN,,-1.384405011
ENSMUSG00000028699,Tspan1,Chr4,116019066,116024798,SJL_Specific,DOWN,,-1.61897357
ENSMUSG00000028804,Csmd2,Chr4,127881650,128461449,SJL_Specific,DOWN,,-1.293069333
ENSMUSG00000028927,Padi2,Chr4,140633655,140679897,SJL_Specific,DOWN,,-1.380320695
ENSMUSG00000028965,Tnfrsf9,Chr4,150999019,151030559,SJL_Specific,DOWN,,-1.193879599
ENSMUSG00000029027,Dffb,Chr4,154048906,154059583,SJL_Specific,DOWN,,-2.196342818
ENSMUSG00000029153,Ociad2,Chr5,73479542,73498371,SJL_Specific,DOWN,,-1.032758697
ENSMUSG00000029173,Sepsecs,Chr5,52797429,52827050,SJL_Specific,DOWN,,-1.013686686
ENSMUSG00000029246,Ppat,Chr5,77061096,77099425,SJL_Specific,DOWN,,-1.134271502
ENSMUSG00000029352,Crybb3,Chr5,113223705,113229450,SJL_Specific,DOWN,,-1.367811524
ENSMUSG00000029475,Kdm2b,Chr5,123008728,123127886,SJL_Specific,DOWN,,-1.216952164
ENSMUSG00000029608,Rph3a,Chr5,121078562,121148155,SJL_Specific,DOWN,,-2.070057301
ENSMUSG00000029706,Pax4,Chr6,28442333,28449352,SJL_Specific,DOWN,,-4.085889892
ENSMUSG00000029707,Fscn3,Chr6,28427788,28438621,SJL_Specific,DOWN,,-1.229461457
ENSMUSG00000029862,Clcn1,Chr6,42263619,42292690,SJL_Specific,DOWN,,-1.196416094
ENSMUSG00000029999,Tgfa,Chr6,86172205,86252701,SJL_Specific,DOWN,,-1.199626224
ENSMUSG00000030124,Lag3,Chr6,124881324,124888668,SJL_Specific,DOWN,,-1.669644732
ENSMUSG00000030156,Cd69,Chr6,129244288,129252399,SJL_Specific,DOWN,,-1.518193897
ENSMUSG00000031286,Glt28d2,Chr3,85777156,85794823,SJL_Specific,DOWN,,-1.454500851
ENSMUSG00000031312,Itgb1bp2,ChrX,100492694,100497147,SJL_Specific,DOWN,,-1.030819233
ENSMUSG00000031364,Grpr,ChrX,162296900,162332673,SJL_Specific,DOWN,,-1.706276941
ENSMUSG00000031381,Piga,ChrX,163202783,163216912,SJL_Specific,DOWN,,-1.446833194
ENSMUSG00000031512,Tex29,Chr8,11890474,11905761,SJL_Specific,DOWN,,-1.65092911
ENSMUSG00000031561,Tenm3,Chr8,48680717,49296986,SJL_Specific,DOWN,,-1.245822575
ENSMUSG00000031594,Fgl1,Chr8,41644471,41668193,SJL_Specific,DOWN,,-1.061893958
ENSMUSG00000031762,Mt2,Chr8,94899292,94900196,SJL_Specific,DOWN,,-1.10246412
ENSMUSG00000031796,Cfap20,Chr8,96146877,96161497,SJL_Specific,DOWN,,-1.672421351
ENSMUSG00000031833,Mast3,Chr8,71230761,71257698,SJL_Specific,DOWN,,-1.496591444
ENSMUSG00000031838,Ifi30,Chr8,71215419,71219307,SJL_Specific,DOWN,,-1.009102053
ENSMUSG00000031971,Ccsap,Chr8,124567570,124586948,SJL_Specific,DOWN,,-1.15606252
ENSMUSG00000031981,Capn9,Chr8,125302850,125345470,SJL_Specific,DOWN,,-2.031613935
ENSMUSG00000032010,Usp2,Chr9,43978318,44006924,SJL_Specific,DOWN,,-1.69326653
ENSMUSG00000032172,Olfm2,Chr9,20578986,20657645,SJL_Specific,DOWN,,-1.23941592
ENSMUSG00000032193,Ldlr,Chr9,21634779,21661215,SJL_Specific,DOWN,,-1.23842851
ENSMUSG00000032280,Tle3,Chr9,61279665,61325772,SJL_Specific,DOWN,,-1.202065619
ENSMUSG00000032289,Thsd4,Chr9,59874214,60429329,SJL_Specific,DOWN,,-1.121294958
ENSMUSG00000032338,Hcn4,Chr9,58730695,58770458,SJL_Specific,DOWN,,-1.033224556
ENSMUSG00000032507,Fbxl2,Chr9,113792705,113875259,SJL_Specific,DOWN,,-1.133960894
ENSMUSG00000032515,Csrnp1,Chr9,119800229,119813724,SJL_Specific,DOWN,,-1.351783672
ENSMUSG00000032567,Aste1,Chr9,105272591,105289428,SJL_Specific,DOWN,,-1.281524812
ENSMUSG00000032578,Cish,Chr9,107173225,107179983,SJL_Specific,DOWN,,-1.070311491
ENSMUSG00000032593,Amigo3,Chr9,107930358,107932900,SJL_Specific,DOWN,,-1.451199605
ENSMUSG00000032648,Pygm,Chr19,6434429,6448489,SJL_Specific,DOWN,,-1.64890401
ENSMUSG00000032691,Nlrp3,Chr11,59432394,59457782,SJL_Specific,DOWN,,-1.36526307
ENSMUSG00000032783,Troap,Chr15,98972456,98981290,SJL_Specific,DOWN,,-1.060542426
ENSMUSG00000032890,Rims3,Chr4,120712013,120753776,SJL_Specific,DOWN,,-1.150632192
ENSMUSG00000033209,Ttc28,Chr5,111027669,111437646,SJL_Specific,DOWN,,-1.496694428
ENSMUSG00000033368,Trim69,Chr2,121991181,122009508,SJL_Specific,DOWN,,-2.27998008
ENSMUSG00000033578,Tmem35a,ChrX,133195974,133206718,SJL_Specific,DOWN,,-1.0293768
ENSMUSG00000033688,Inhca,Chr9,103127720,103182281,SJL_Specific,DOWN,,-1.478296422
ENSMUSG00000033731,3300002A11Rik,Chr12,99307238,99328087,SJL_Specific,DOWN,,-2.788212679
ENSMUSG00000033763,Mtss2,Chr8,111448108,111468032,SJL_Specific,DOWN,,-1.107653161
ENSMUSG00000033871,Ppargc1b,Chr18,61431207,61533502,SJL_Specific,DOWN,,-1.014567843
ENSMUSG00000033961,Zfp446,Chr7,12711775,12719641,SJL_Specific,DOWN,,-1.012260907
ENSMUSG00000034402,Kcnh5,Chr12,74943994,75224106,SJL_Specific,DOWN,,-2.436412721
ENSMUSG00000034416,Pkd1l2,Chr8,117722418,117809188,SJL_Specific,DOWN,,-3.437042675
ENSMUSG00000034640,Tiparp,Chr3,65435831,65462939,SJL_Specific,DOWN,,-1.174494984
ENSMUSG00000034739,Mfrp,Chr9,44013026,44020484,SJL_Specific,DOWN,,-4.755633669
ENSMUSG00000034837,Gnat1,Chr9,107551673,107556911,SJL_Specific,DOWN,,-2.060689679
ENSMUSG00000035033,Tbr1,Chr2,61633274,61644458,SJL_Specific,DOWN,,-2.032851608
ENSMUSG00000035042,Ccl5,Chr11,83416604,83421344,SJL_Specific,DOWN,,-2.030781847
ENSMUSG00000035164,Zc3h12c,Chr9,52022644,52079872,SJL_Specific,DOWN,,-1.087783619
ENSMUSG00000035246,Pcyt1b,ChrX,92698469,92793557,SJL_Specific,DOWN,,-1.083274521
ENSMUSG00000035299,Mid1,ChrX,168468195,168773794,SJL_Specific,DOWN,,-2.319514228
ENSMUSG00000035356,Nfkbiz,Chr16,55631738,55659262,SJL_Specific,DOWN,,-1.039976233
ENSMUSG00000035365,Parpbp,Chr10,87927294,87982803,SJL_Specific,DOWN,,-1.073978681
ENSMUSG00000035429,Ptprh,Chr7,4551611,4607040,SJL_Specific,DOWN,,-2.634823632
ENSMUSG00000035621,Midn,Chr10,79984106,79994202,SJL_Specific,DOWN,,-1.184546161
ENSMUSG00000035713,Usp35,Chr7,96958587,96981227,SJL_Specific,DOWN,,-1.203765746
ENSMUSG00000036353,P2ry12,Chr3,59123693,59170292,SJL_Specific,DOWN,,-1.370120199
ENSMUSG00000036432,Siah2,Chr3,58582359,58599821,SJL_Specific,DOWN,,-1.524314997
ENSMUSG00000036557,Stpg4,Chr17,87696999,87735169,SJL_Specific,DOWN,,-3.977295497
ENSMUSG00000036770,Stpg3,Chr2,25102219,25104649,SJL_Specific,DOWN,,-1.633041281
ENSMUSG00000036814,Slc6a20a,Chr9,123463835,123507950,SJL_Specific,DOWN,,-1.239934894
ENSMUSG00000036853,Mcoln3,Chr3,145823205,145847561,SJL_Specific,DOWN,,-3.09775585
ENSMUSG00000037346,Hrh4,Chr18,13140047,13155939,SJL_Specific,DOWN,,-4.377561502
ENSMUSG00000037375,Hhat,Chr1,192179019,192453531,SJL_Specific,DOWN,,-1.163566337
ENSMUSG00000037447,Arid5a,Chr1,36346814,36363110,SJL_Specific,DOWN,,-1.942007417
ENSMUSG00000037544,Dlgap5,Chr14,47625236,47655864,SJL_Specific,DOWN,,-1.022854067
ENSMUSG00000037580,Gch1,Chr14,47391352,47426870,SJL_Specific,DOWN,,-1.44945219
ENSMUSG00000037725,Ckap2,Chr8,22658176,22675835,SJL_Specific,DOWN,,-1.146389967
ENSMUSG00000037843,Vstm2l,Chr2,157756573,157786639,SJL_Specific,DOWN,,-1.434401987
ENSMUSG00000037885,Stk35,Chr2,129642437,129674207,SJL_Specific,DOWN,,-1.150920878
ENSMUSG00000038151,Prdm1,Chr10,44313173,44404497,SJL_Specific,DOWN,,-1.313282589
ENSMUSG00000038267,Slc22a23,Chr13,34363141,34529165,SJL_Specific,DOWN,,-1.044432448
ENSMUSG00000038292,Kash5,Chr7,44833048,44854316,SJL_Specific,DOWN,,-1.02637385
ENSMUSG00000038550,Ciart,Chr3,95785815,95789563,SJL_Specific,DOWN,,-1.795300877
ENSMUSG00000038608,Dock10,Chr1,80478790,80736244,SJL_Specific,DOWN,,-1.222964858
ENSMUSG00000038765,Lmx1b,Chr2,33450977,33530620,SJL_Specific,DOWN,,-1.035849067
ENSMUSG00000038855,Itpkb,Chr1,180158050,180252367,SJL_Specific,DOWN,,-1.362989798
ENSMUSG00000039059,Hrh3,Chr2,179741258,179746281,SJL_Specific,DOWN,,-1.6293168
ENSMUSG00000039126,Prune2,Chr19,16933482,17201296,SJL_Specific,DOWN,,-1.180913507
ENSMUSG00000039395,Mreg,Chr1,72198601,72251466,SJL_Specific,DOWN,,-1.638390034
ENSMUSG00000039470,Zdhhc2,Chr8,40876856,40963309,SJL_Specific,DOWN,,-1.272366243
ENSMUSG00000039521,Foxp3,ChrX,7439883,7461484,SJL_Specific,DOWN,,-1.550766806
ENSMUSG00000039728,Slc6a5,Chr7,49559894,49613604,SJL_Specific,DOWN,,-1.682900381
ENSMUSG00000039989,Cbx4,Chr11,118968399,118977047,SJL_Specific,DOWN,,-1.13966879
ENSMUSG00000040127,Sdr9c7,Chr10,127734387,127747630,SJL_Specific,DOWN,,-2.199849639
ENSMUSG00000040283,Btnl9,Chr11,49056412,49077986,SJL_Specific,DOWN,,-1.046588809
ENSMUSG00000040340,Tex45,Chr8,3520862,3537181,SJL_Specific,DOWN,,-1.954087081
ENSMUSG00000040428,Plekha4,Chr7,45175754,45203653,SJL_Specific,DOWN,,-1.328212447
ENSMUSG00000040543,Pitpnm3,Chr11,71938354,72026604,SJL_Specific,DOWN,,-1.160591546
ENSMUSG00000040919,4930505A04Rik,Chr11,30376006,30421827,SJL_Specific,DOWN,,-1.137725674
ENSMUSG00000041064,Pif1,Chr9,65494442,65503249,SJL_Specific,DOWN,,-1.266016347
ENSMUSG00000041231,Ublcp1,Chr11,44345398,44361325,SJL_Specific,DOWN,,-1.04542154
ENSMUSG00000041235,Chd7,Chr4,8690406,8867659,SJL_Specific,DOWN,,-1.566624825
ENSMUSG00000041241,Mul1,Chr4,138161982,138169576,SJL_Specific,DOWN,,-1.023907726
ENSMUSG00000041309,Nkx6-2,Chr7,139159292,139162713,SJL_Specific,DOWN,,-3.169183076
ENSMUSG00000041930,Fam222a,Chr5,114706077,114751281,SJL_Specific,DOWN,,-1.050116418
ENSMUSG00000042129,Rassf4,Chr6,116609969,116650913,SJL_Specific,DOWN,,-1.106051288
ENSMUSG00000042249,Grk3,Chr5,113058348,113163657,SJL_Specific,DOWN,,-1.085188605
ENSMUSG00000042417,Ccno,Chr13,113124336,113127311,SJL_Specific,DOWN,,-1.53166047
ENSMUSG00000042507,Mideas,Chr12,84195950,84265655,SJL_Specific,DOWN,,-1.371699625
ENSMUSG00000042524,Sun2,Chr15,79608271,79626737,SJL_Specific,DOWN,,-1.05224977
ENSMUSG00000042622,Maff,Chr15,79230821,79243276,SJL_Specific,DOWN,,-1.614033285
ENSMUSG00000042677,Zc3h12a,Chr4,125012216,125021633,SJL_Specific,DOWN,,-1.241563179
ENSMUSG00000042828,Trim72,Chr7,127603121,127610205,SJL_Specific,DOWN,,-1.83516421
ENSMUSG00000043439,Epop,Chr11,97518215,97520528,SJL_Specific,DOWN,,-1.257327732
ENSMUSG00000043833,2900005J15Rik,Chr5,25305084,25315117,SJL_Specific,DOWN,,-1.004976799
ENSMUSG00000044006,Cilp2,Chr8,70333019,70340337,SJL_Specific,DOWN,,-2.890266781
ENSMUSG00000044156,Hepacam2,Chr6,3457096,3498298,SJL_Specific,DOWN,,-1.09070417
ENSMUSG00000044177,Wfikkn2,Chr11,94126782,94136831,SJL_Specific,DOWN,,-1.098530977
ENSMUSG00000044254,Pcsk9,Chr4,106299526,106321526,SJL_Specific,DOWN,,-1.610853193
ENSMUSG00000044390,Tigd3,Chr19,5941166,5944177,SJL_Specific,DOWN,,-1.750184503
ENSMUSG00000044471,Lncpint,Chr6,31059500,31197607,SJL_Specific,DOWN,,-1.319434856
ENSMUSG00000044748,Defb1,Chr8,22266615,22285201,SJL_Specific,DOWN,,-2.104375627
ENSMUSG00000044757,Gm6430,Chr1,96952406,96953653,SJL_Specific,DOWN,,-1.644789181
ENSMUSG00000044988,Ucn3,Chr13,3990688,3995349,SJL_Specific,DOWN,,-1.592563021
ENSMUSG00000045294,Insig1,Chr5,28276361,28283660,SJL_Specific,DOWN,,-1.333972619
ENSMUSG00000045877,4933415A04Rik,Chr11,43477867,43479875,SJL_Specific,DOWN,,-2.310818466
ENSMUSG00000045903,Npas4,Chr19,5034383,5040344,SJL_Specific,DOWN,,-1.107391581
ENSMUSG00000046295,Ankle1,Chr8,71858654,71862548,SJL_Specific,DOWN,,-1.262160432
ENSMUSG00000046688,Tifa,Chr3,127583454,127625813,SJL_Specific,DOWN,,-1.248554302
ENSMUSG00000047030,Spata2,Chr2,167323053,167334807,SJL_Specific,DOWN,,-1.27474468
ENSMUSG00000047205,Dusp18,Chr11,3845240,3851296,SJL_Specific,DOWN,,-1.054149364
ENSMUSG00000047384,A730013G03Rik,Chr1,192515426,192517522,SJL_Specific,DOWN,,-2.318963201
ENSMUSG00000047515,BC049715,Chr6,136804624,136817660,SJL_Specific,DOWN,,-1.471890066
ENSMUSG00000047534,Mis18bp1,Chr12,65179508,65219378,SJL_Specific,DOWN,,-1.023223864
ENSMUSG00000047953,Gp5,Chr16,30126503,30129597,SJL_Specific,DOWN,,-1.176919977
ENSMUSG00000048385,Scrt1,Chr15,76400403,76406699,SJL_Specific,DOWN,,-1.132964235
ENSMUSG00000048473,Sult6b2,Chr6,142730930,142750228,SJL_Specific,DOWN,,-2.760387477
ENSMUSG00000048583,Igf2,Chr7,142204503,142220553,SJL_Specific,DOWN,,-1.950175552
ENSMUSG00000048701,Ccdc6,Chr10,69932951,70029030,SJL_Specific,DOWN,,-1.14084294
ENSMUSG00000048806,Ifnb1,Chr4,88440262,88441011,SJL_Specific,DOWN,,-2.80736143
ENSMUSG00000048899,Rimkla,Chr4,119322480,119349825,SJL_Specific,DOWN,,-1.259517353
ENSMUSG00000049148,Plcxd3,Chr15,4404973,4605035,SJL_Specific,DOWN,,-1.187685171
ENSMUSG00000049191,Rtl5,ChrX,101110150,101114910,SJL_Specific,DOWN,,-1.52478648
ENSMUSG00000049382,Krt8,Chr15,101905133,101912917,SJL_Specific,DOWN,,-1.2872078
ENSMUSG00000049476,1700104B16Rik,Chr8,34220551,34222086,SJL_Specific,DOWN,,-2.038576676
ENSMUSG00000049539,H1f1,Chr13,23947649,23948389,SJL_Specific,DOWN,,-1.802951154
ENSMUSG00000049620,Prss33,Chr17,24052321,24055030,SJL_Specific,DOWN,,-1.368627028
ENSMUSG00000049649,Gpr3,Chr4,132936651,132939847,SJL_Specific,DOWN,,-1.09146099
ENSMUSG00000049878,Rlf,Chr4,121002570,121072281,SJL_Specific,DOWN,,-1.03441585
ENSMUSG00000049892,Rasd1,Chr11,59854007,59855770,SJL_Specific,DOWN,,-1.387248061
ENSMUSG00000049897,Stkld1,Chr2,26824059,26843508,SJL_Specific,DOWN,,-1.302211173
ENSMUSG00000049985,Ankrd55,Chr13,112424985,112520536,SJL_Specific,DOWN,,-2.546945104
ENSMUSG00000049999,Ppp1r3d,Chr2,178052999,178056265,SJL_Specific,DOWN,,-1.07133392
ENSMUSG00000050195,Scd4,Chr19,44321531,44335182,SJL_Specific,DOWN,,-1.027027869
ENSMUSG00000050201,Otop2,Chr11,115197989,115223129,SJL_Specific,DOWN,,-2.54696928
ENSMUSG00000050304,Slc25a2,Chr18,37770431,37771776,SJL_Specific,DOWN,,-1.137066346
ENSMUSG00000050332,Amer1,ChrX,94463924,94488478,SJL_Specific,DOWN,,-1.126692307
ENSMUSG00000050708,Ftl1,Chr7,45107368,45109308,SJL_Specific,DOWN,,-1.097082456
ENSMUSG00000050747,Trim15,Chr17,37171583,37178102,SJL_Specific,DOWN,,-3.646644722
ENSMUSG00000050813,Or2av9,Chr11,58378776,58383381,SJL_Specific,DOWN,,-3.57482963
ENSMUSG00000050966,Lin28a,Chr4,133730641,133746152,SJL_Specific,DOWN,,-1.020166762
ENSMUSG00000050994,Adgb,Chr10,10211453,10348070,SJL_Specific,DOWN,,-1.175978671
ENSMUSG00000051166,Eml5,Chr12,98753064,98867743,SJL_Specific,DOWN,,-1.080391204
ENSMUSG00000051396,Gm45902,Chr2,3505564,3513827,SJL_Specific,DOWN,,-1.491537326
ENSMUSG00000051517,Arhgef39,Chr4,43496142,43499695,SJL_Specific,DOWN,,-1.13420402
ENSMUSG00000052102,Gnpda1,Chr18,38460588,38472056,SJL_Specific,DOWN,,-1.443211163
ENSMUSG00000052180,Serpinb6c,Chr13,34063799,34089691,SJL_Specific,DOWN,,-2.318302101
ENSMUSG00000052301,Doc2a,Chr7,126446588,126451877,SJL_Specific,DOWN,,-1.392595526
ENSMUSG00000052415,Tchh,Chr3,93349637,93356384,SJL_Specific,DOWN,,-1.426645187
ENSMUSG00000052482,Gm8174,Chr15,10560610,10561610,SJL_Specific,DOWN,,-1.504676799
ENSMUSG00000052512,Nav2,Chr7,48558464,49259838,SJL_Specific,DOWN,,-1.198653912
ENSMUSG00000053121,Gm5129,Chr5,29940332,29941680,SJL_Specific,DOWN,,-1.004633047
ENSMUSG00000053164,Gpr21,Chr2,37406344,37410615,SJL_Specific,DOWN,,-1.36500996
ENSMUSG00000053353,2310001K24Rik,Chr2,163313642,163314925,SJL_Specific,DOWN,,-1.494281919
ENSMUSG00000053702,Nebl,Chr2,17348720,17736275,SJL_Specific,DOWN,,-1.313355294
ENSMUSG00000054161,Fam83e,Chr7,45370636,45378916,SJL_Specific,DOWN,,-1.045644779
ENSMUSG00000054383,Pnma1,Chr12,84192905,84195263,SJL_Specific,DOWN,,-1.605036107
ENSMUSG00000054406,Or3a1d,Chr11,74235955,74243476,SJL_Specific,DOWN,,-4.380124141
ENSMUSG00000054728,Phactr1,Chr13,42834099,43292002,SJL_Specific,DOWN,,-1.201339903
ENSMUSG00000054999,Naaladl1,Chr19,6155812,6165822,SJL_Specific,DOWN,,-1.035574472
ENSMUSG00000055102,Zfp819,Chr7,43256593,43267709,SJL_Specific,DOWN,,-2.926283612
ENSMUSG00000055413,H2-Q5,Chr17,35613102,35616776,SJL_Specific,DOWN,,-1.265103729
ENSMUSG00000055452,Gm7353,Chr7,3159020,3161963,SJL_Specific,DOWN,,-1.195265805
ENSMUSG00000055866,Per2,Chr1,91343704,91387046,SJL_Specific,DOWN,,-1.747757184
ENSMUSG00000055897,Ppp4r1l-ps,Chr2,173422992,173471343,SJL_Specific,DOWN,,-1.277823731
ENSMUSG00000055926,Gm14137,Chr2,119004990,119008056,SJL_Specific,DOWN,,-2.882684673
ENSMUSG00000055976,Cldn23,Chr8,36291866,36293713,SJL_Specific,DOWN,,-1.579417213
ENSMUSG00000056214,Pard6g,Chr18,80090105,80162854,SJL_Specific,DOWN,,-1.143981333
ENSMUSG00000056300,Zfp981,Chr4,146586484,146623852,SJL_Specific,DOWN,,-1.239787387
ENSMUSG00000056656,Apol8,Chr15,77631998,77641203,SJL_Specific,DOWN,,-3.252463528
ENSMUSG00000056738,A730036I17Rik,Chr2,129060607,129077528,SJL_Specific,DOWN,,-3.743803796
ENSMUSG00000056763,Cspp1,Chr1,10108212,10206993,SJL_Specific,DOWN,,-1.071623556
ENSMUSG00000057836,Xlr3a,ChrX,72129899,72140701,SJL_Specific,DOWN,,-1.077724073
ENSMUSG00000058147,Xlr3c,ChrX,72298146,72308996,SJL_Specific,DOWN,,-2.169877924
ENSMUSG00000058159,T2,Chr17,8574824,8642345,SJL_Specific,DOWN,,-1.752697945
ENSMUSG00000058328,Xlr5a,ChrX,72151241,72336582,SJL_Specific,DOWN,,-2.711356471
ENSMUSG00000058741,Prr19,Chr7,25000836,25003557,SJL_Specific,DOWN,,-1.237667417
ENSMUSG00000059146,Ntrk3,Chr7,77825707,78387760,SJL_Specific,DOWN,,-1.15192027
ENSMUSG00000059668,Krt4,Chr15,101826970,101833170,SJL_Specific,DOWN,,-6.73773829
ENSMUSG00000059824,Dbp,Chr7,45354512,45359627,SJL_Specific,DOWN,,-1.634377436
ENSMUSG00000059864,Or2y1g,Chr11,49169131,49173596,SJL_Specific,DOWN,,-2.300287681
ENSMUSG00000060030,Or2w3b,Chr11,58621844,58630038,SJL_Specific,DOWN,,-1.927390491
ENSMUSG00000060183,Cxcl11,Chr5,92507403,92513344,SJL_Specific,DOWN,,-3.009377796
ENSMUSG00000060224,Pyroxd2,Chr19,42714297,42741214,SJL_Specific,DOWN,,-1.288419765
ENSMUSG00000060938,Rpl26,Chr11,68792409,68797815,SJL_Specific,DOWN,,-1.52250906
ENSMUSG00000061322,Dnai1,Chr4,41569775,41638158,SJL_Specific,DOWN,,-1.245205264
ENSMUSG00000061397,Krt79,Chr15,101837767,101848759,SJL_Specific,DOWN,,-3.265465351
ENSMUSG00000061517,Sox21,Chr14,118470644,118474442,SJL_Specific,DOWN,,-3.384904041
ENSMUSG00000061601,Pclo,Chr5,14564932,14913473,SJL_Specific,DOWN,,-1.139886139
ENSMUSG00000061615,H2ac4,Chr13,23935109,23935581,SJL_Specific,DOWN,,-2.493679145
ENSMUSG00000061802,Odad2,Chr18,7088209,7297936,SJL_Specific,DOWN,,-1.483722789
ENSMUSG00000061882,Ccdc62,Chr5,124065481,124107958,SJL_Specific,DOWN,,-1.210025455
ENSMUSG00000062007,Hsh2d,Chr8,72943482,72955371,SJL_Specific,DOWN,,-1.441057684
ENSMUSG00000062036,4932415M13Rik,Chr17,54030718,54031411,SJL_Specific,DOWN,,-3.678952432
ENSMUSG00000062175,Tgif2,Chr2,156681927,156697490,SJL_Specific,DOWN,,-1.23881703
ENSMUSG00000062327,T,Chr17,8653255,8661328,SJL_Specific,DOWN,,-2.564140263
ENSMUSG00000062382,Ftl1-ps1,Chr13,74547813,74555465,SJL_Specific,DOWN,,-1.29799926
ENSMUSG00000063681,Crb1,Chr1,139124794,139304838,SJL_Specific,DOWN,,-1.031141619
ENSMUSG00000063730,Hsd3b2,Chr3,98616571,98631859,SJL_Specific,DOWN,,-3.281490927
ENSMUSG00000063929,Cyp4a32,Chr4,115458166,115478799,SJL_Specific,DOWN,,-1.84805228
ENSMUSG00000064065,Ipcef1,Chr10,6835796,7002478,SJL_Specific,DOWN,,-1.183958274
ENSMUSG00000064288,H4c12,Chr13,21934364,21934675,SJL_Specific,DOWN,,-1.413224151
ENSMUSG00000064339,mt-Rnr2,ChrMT,1094,2675,SJL_Specific,DOWN,,-1.255499515
ENSMUSG00000064345,mt-Nd2,ChrMT,3914,4951,SJL_Specific,DOWN,,-1.12305591
ENSMUSG00000064346,mt-Tw,ChrMT,4950,5016,SJL_Specific,DOWN,,-1.432267368
ENSMUSG00000064347,mt-Ta,ChrMT,5018,5086,SJL_Specific,DOWN,,-1.962175046
ENSMUSG00000064351,mt-Co1,ChrMT,5328,6872,SJL_Specific,DOWN,,-1.033359909
ENSMUSG00000064357,mt-Atp6,ChrMT,7927,8607,SJL_Specific,DOWN,,-6.136464869
ENSMUSG00000064358,mt-Co3,ChrMT,8607,9390,SJL_Specific,DOWN,,-8.701834736
ENSMUSG00000064363,mt-Nd4,ChrMT,10167,11544,SJL_Specific,DOWN,,-1.032341596
ENSMUSG00000064367,mt-Nd5,ChrMT,11742,13565,SJL_Specific,DOWN,,-1.133825121
ENSMUSG00000064368,mt-Nd6,ChrMT,13552,14070,SJL_Specific,DOWN,,-1.168050257
ENSMUSG00000064369,mt-Te,ChrMT,14071,14139,SJL_Specific,DOWN,,-2.940819539
ENSMUSG00000064370,mt-Cytb,ChrMT,14145,15288,SJL_Specific,DOWN,,-1.014528505
ENSMUSG00000064443,Gm26226,Chr4,140645995,140646110,SJL_Specific,DOWN,,-2.536309179
ENSMUSG00000064956,Gm24918,Chr9,3352657,3352786,SJL_Specific,DOWN,,-3.73592637
ENSMUSG00000065299,Gm23138,Chr4,108355241,108355343,SJL_Specific,DOWN,,-2.507194752
ENSMUSG00000065304,Gm23245,Chr5,129866603,129866737,SJL_Specific,DOWN,,-1.128754864
ENSMUSG00000065315,Gm26064,Chr13,43579218,43579326,SJL_Specific,DOWN,,-2.901405048
ENSMUSG00000065444,Mir27a,Chr8,84935301,84935387,SJL_Specific,DOWN,,-1.197668627
ENSMUSG00000065490,Mir30c-1,Chr4,120626731,120626819,SJL_Specific,DOWN,,-1.781422401
ENSMUSG00000065491,Mir7b,Chr17,56549988,56550098,SJL_Specific,DOWN,,-1.28610265
ENSMUSG00000065513,Mir26a-1,Chr9,118860864,118860953,SJL_Specific,DOWN,,-1.592244484
ENSMUSG00000065537,Mir132,Chr11,75064508,75064573,SJL_Specific,DOWN,,-1.161717492
ENSMUSG00000065568,Mir344,Chr7,61527518,61527612,SJL_Specific,DOWN,,-1.317052734
ENSMUSG00000065590,Mir212,Chr11,75064214,75064304,SJL_Specific,DOWN,,-1.236330293
ENSMUSG00000065611,Mir23a,Chr8,84935147,84935221,SJL_Specific,DOWN,,-1.192689471
ENSMUSG00000065778,Gm22154,Chr4,123186945,123187075,SJL_Specific,DOWN,,-1.801574077
ENSMUSG00000066538,Gm6254,Chr14,122355350,122356421,SJL_Specific,DOWN,,-1.417062097
ENSMUSG00000066693,Gm7493,Chr1,9033220,9033845,SJL_Specific,DOWN,,-4.342658244
ENSMUSG00000067224,Gm3695,Chr12,81418987,81419995,SJL_Specific,DOWN,,-1.426127168
ENSMUSG00000067736,Gm10222,Chr1,24651488,24651781,SJL_Specific,DOWN,,-1.238106902
ENSMUSG00000067768,Xlr4b,ChrX,72257939,72266059,SJL_Specific,DOWN,,-1.91345157
ENSMUSG00000068243,Gm7079,ChrX,7913468,7913638,SJL_Specific,DOWN,,-3.823839849
ENSMUSG00000068604,Gm8225,Chr17,26761734,26762689,SJL_Specific,DOWN,,-4.182112452
ENSMUSG00000068742,Cry2,Chr2,92233991,92264388,SJL_Specific,DOWN,,-1.444494107
ENSMUSG00000069114,Zbtb10,Chr3,9315662,9350393,SJL_Specific,DOWN,,-1.48029124
ENSMUSG00000069170,Adgrv1,Chr13,81243187,81781273,SJL_Specific,DOWN,,-1.185816929
ENSMUSG00000069267,H3c2,Chr13,23936250,23936869,SJL_Specific,DOWN,,-2.594312433
ENSMUSG00000069268,H2bc7,Chr13,23757910,23758370,SJL_Specific,DOWN,,-2.729465524
ENSMUSG00000069917,Hba-a2,Chr11,32246489,32247298,SJL_Specific,DOWN,,-3.136901355
ENSMUSG00000070133,Mir434,Chr12,109560940,109561033,SJL_Specific,DOWN,,-2.010617746
ENSMUSG00000070385,Ampd1,Chr3,102981330,103007036,SJL_Specific,DOWN,,-2.362533132
ENSMUSG00000070476,Fam217b,Chr2,178056317,178066221,SJL_Specific,DOWN,,-1.317135043
ENSMUSG00000070690,Albfm1,Chr5,90708966,90745730,SJL_Specific,DOWN,,-1.221694344
ENSMUSG00000070822,Zscan18,Chr7,12502017,12537562,SJL_Specific,DOWN,,-1.485273746
ENSMUSG00000070837,Aurkc,Chr7,6998299,7006090,SJL_Specific,DOWN,,-1.244745019
ENSMUSG00000070880,Gad1,Chr2,70383416,70432358,SJL_Specific,DOWN,,-1.157496552
ENSMUSG00000070980,Actl7b,Chr4,56740005,56741443,SJL_Specific,DOWN,,-2.206873134
ENSMUSG00000070999,Ccin,Chr4,43983483,43985423,SJL_Specific,DOWN,,-2.212597446
ENSMUSG00000071398,2410004P03Rik,Chr12,17053320,17061728,SJL_Specific,DOWN,,-2.555526673
ENSMUSG00000072575,Eddm3b,Chr14,51351883,51355264,SJL_Specific,DOWN,,-2.04754654
ENSMUSG00000072589,Gm10371,Chr14,47335127,47381331,SJL_Specific,DOWN,,-3.795667849
ENSMUSG00000072612,Gm10382,Chr5,125466301,125467627,SJL_Specific,DOWN,,-1.462452014
ENSMUSG00000072969,Armcx5,ChrX,134643482,134648071,SJL_Specific,DOWN,,-1.248277392
ENSMUSG00000073077,Cfap47,ChrX,78310165,78560891,SJL_Specific,DOWN,,-1.163959748
ENSMUSG00000073409,H2-Q6,Chr17,35643826,35649031,SJL_Specific,DOWN,,-1.336450197
ENSMUSG00000073532,Gm7276,Chr18,77271965,77274059,SJL_Specific,DOWN,,-1.117823509
ENSMUSG00000073771,Btbd19,Chr4,116976416,116982922,SJL_Specific,DOWN,,-2.578545329
ENSMUSG00000074001,Klhl40,Chr9,121606673,121612884,SJL_Specific,DOWN,,-2.326097748
ENSMUSG00000074052,BC048644,Chr8,122634545,122649375,SJL_Specific,DOWN,,-1.447643609
ENSMUSG00000074102,Rbm15b,Chr9,106758117,106764627,SJL_Specific,DOWN,,-1.910089535
ENSMUSG00000074472,Zfp872,Chr9,22099386,22113419,SJL_Specific,DOWN,,-1.336364535
ENSMUSG00000074580,4931440P22Rik,Chr3,65416112,65416585,SJL_Specific,DOWN,,-1.022001074
ENSMUSG00000074805,Il1bos,Chr2,129202240,129218083,SJL_Specific,DOWN,,-1.233078214
ENSMUSG00000074847,Gm10775,Chr13,65407353,65408640,SJL_Specific,DOWN,,-1.306801993
ENSMUSG00000074899,Sptbn5,Chr2,119871974,119916159,SJL_Specific,DOWN,,-1.233389487
ENSMUSG00000075025,Gm10804,Chr2,93283133,93300221,SJL_Specific,DOWN,,-2.523954295
ENSMUSG00000075225,Ccdc162,Chr10,41414842,41592630,SJL_Specific,DOWN,,-1.494816734
ENSMUSG00000075327,Zbtb2,Chr10,4317075,4338108,SJL_Specific,DOWN,,-1.051865189
ENSMUSG00000075425,Gm13547,Chr2,29653407,29654361,SJL_Specific,DOWN,,-3.34966653
ENSMUSG00000076065,Mir681,Chr12,69810609,69810718,SJL_Specific,DOWN,,-2.286509564
ENSMUSG00000076123,Mir700,Chr4,135143866,135143944,SJL_Specific,DOWN,,-3.089854071
ENSMUSG00000076269,Mir374b,ChrX,102616666,102616760,SJL_Specific,DOWN,,-1.699484208
ENSMUSG00000076430,Hus1b,Chr13,31130556,31131742,SJL_Specific,DOWN,,-1.631626598
ENSMUSG00000076433,Cep295nl,Chr11,118223186,118233382,SJL_Specific,DOWN,,-1.623390433
ENSMUSG00000077107,Mir344c,Chr7,61487059,61487150,SJL_Specific,DOWN,,-1.307862306
ENSMUSG00000077148,Gm22935,Chr3,89005217,89005320,SJL_Specific,DOWN,,-1.421552409
ENSMUSG00000077167,Gm24119,Chr10,90954153,90954398,SJL_Specific,DOWN,,-1.261025072
ENSMUSG00000077194,Gm23431,Chr7,61686379,61686485,SJL_Specific,DOWN,,-4.325041904
ENSMUSG00000077345,Snord70,Chr1,59731093,59731179,SJL_Specific,DOWN,,-1.84174032
ENSMUSG00000077569,Gm24608,Chr3,89917902,89918037,SJL_Specific,DOWN,,-1.204356783
ENSMUSG00000077714,Snord17,Chr2,144107899,144108136,SJL_Specific,DOWN,,-1.764519378
ENSMUSG00000078143,Gm17344,Chr8,110563991,110595130,SJL_Specific,DOWN,,-1.098585521
ENSMUSG00000078157,Fem1al,Chr11,29772395,29775668,SJL_Specific,DOWN,,-1.146944108
ENSMUSG00000078182,Gm6083,Chr5,29743151,29743507,SJL_Specific,DOWN,,-1.158721359
ENSMUSG00000078451,Ppil6,Chr10,41366435,41390282,SJL_Specific,DOWN,,-1.096103833
ENSMUSG00000078635,1700028N14Rik,Chr11,103155681,103158571,SJL_Specific,DOWN,,-2.111679233
ENSMUSG00000078762,Haus5,Chr7,30353136,30364419,SJL_Specific,DOWN,,-1.374939614
ENSMUSG00000078765,U2af1l4,Chr7,30262726,30264790,SJL_Specific,DOWN,,-1.471086135
ENSMUSG00000078919,Dpm1,Chr2,168050968,168072511,SJL_Specific,DOWN,,-1.508609861
ENSMUSG00000078923,Ube2v1,Chr2,167449558,167474015,SJL_Specific,DOWN,,-1.107403925
ENSMUSG00000078957,1700060C20Rik,Chr2,158033831,158037685,SJL_Specific,DOWN,,-3.434469324
ENSMUSG00000078972,Gm15557,Chr2,155782648,155784670,SJL_Specific,DOWN,,-2.050410291
ENSMUSG00000079470,Utp14b,Chr1,78635755,78649229,SJL_Specific,DOWN,,-1.47202084
ENSMUSG00000079507,H2-Q1,Chr17,35539381,35544075,SJL_Specific,DOWN,,-1.805954151
ENSMUSG00000079915,Gm16073,Chr9,65745449,65745965,SJL_Specific,DOWN,,-2.429961619
ENSMUSG00000079993,Gm11799,Chr4,8166894,8167353,SJL_Specific,DOWN,,-2.475517484
ENSMUSG00000080237,Gm14239,Chr2,155301421,155302812,SJL_Specific,DOWN,,-1.490239203
ENSMUSG00000080365,Gm25776,Chr12,91540204,91540346,SJL_Specific,DOWN,,-2.017774593
ENSMUSG00000080384,Gm22105,Chr10,39625313,39625428,SJL_Specific,DOWN,,-2.630005615
ENSMUSG00000080469,Snord98,Chr10,62601355,62601419,SJL_Specific,DOWN,,-1.1124238
ENSMUSG00000080478,Snord23,Chr7,15672687,15672795,SJL_Specific,DOWN,,-1.567391915
ENSMUSG00000080626,Mir1192,Chr19,23126795,23126915,SJL_Specific,DOWN,,-1.56227234
ENSMUSG00000080645,Mir1198,ChrX,7673340,7673460,SJL_Specific,DOWN,,-1.020118414
ENSMUSG00000080772,Gm12543,Chr4,59833677,59834219,SJL_Specific,DOWN,,-1.608398065
ENSMUSG00000080810,Gm11737,Chr11,118095538,118096005,SJL_Specific,DOWN,,-1.894853724
ENSMUSG00000080971,Gm16128,Chr10,62771477,62772102,SJL_Specific,DOWN,,-1.475782308
ENSMUSG00000081103,Rps12-ps26,Chr11,107062726,107063058,SJL_Specific,DOWN,,-1.195183825
ENSMUSG00000081143,Gm15823,Chr5,64409899,64410568,SJL_Specific,DOWN,,-2.537962122
ENSMUSG00000081249,Gm11517,Chr11,96686265,96686651,SJL_Specific,DOWN,,-2.99313866
ENSMUSG00000081255,Gm5380,ChrX,13168524,13170659,SJL_Specific,DOWN,,-2.731180623
ENSMUSG00000081309,Gm12397,Chr4,40912741,40913355,SJL_Specific,DOWN,,-2.188332732
ENSMUSG00000081339,Gm16044,Chr7,128294413,128294862,SJL_Specific,DOWN,,-1.489040241
ENSMUSG00000081480,Gm13608,Chr2,31875071,31876476,SJL_Specific,DOWN,,-1.881283731
ENSMUSG00000081494,Gm14130,Chr2,149585095,149586081,SJL_Specific,DOWN,,-4.562351573
ENSMUSG00000081516,Gm12470,Chr4,53662296,53663344,SJL_Specific,DOWN,,-1.957991994
ENSMUSG00000081633,Gm8522,ChrX,74314616,74316544,SJL_Specific,DOWN,,-2.144446806
ENSMUSG00000081771,Gm15381,Chr15,91440965,91442120,SJL_Specific,DOWN,,-2.362693444
ENSMUSG00000081779,Gm21998,ChrX,102047330,102048637,SJL_Specific,DOWN,,-1.397614947
ENSMUSG00000081805,Gm14335,Chr6,115615211,115616020,SJL_Specific,DOWN,,-1.46408755
ENSMUSG00000081887,Gm12097,Chr11,30522791,30524454,SJL_Specific,DOWN,,-1.914677696
ENSMUSG00000081972,Gm16397,ChrX,133632320,133632813,SJL_Specific,DOWN,,-1.852370208
ENSMUSG00000082158,Gm14116,Chr2,146988328,146989132,SJL_Specific,DOWN,,-5.276997663
ENSMUSG00000082200,Gm12871,Chr4,120758420,120758857,SJL_Specific,DOWN,,-3.756898535
ENSMUSG00000082265,Gm15547,Chr5,121668626,121668958,SJL_Specific,DOWN,,-1.452922786
ENSMUSG00000082420,Gm6517,Chr5,67047709,67048219,SJL_Specific,DOWN,,-2.177690691
ENSMUSG00000082503,Gm12229,Chr11,54637183,54637650,SJL_Specific,DOWN,,-2.118884241
ENSMUSG00000082515,Gm12902,Chr4,123820027,123820348,SJL_Specific,DOWN,,-1.83731113
ENSMUSG00000082629,Pwwp4-ps,ChrX,72341199,72343601,SJL_Specific,DOWN,,-5.85518332
ENSMUSG00000082778,Gm15191,ChrX,150728364,150729363,SJL_Specific,DOWN,,-1.356295156
ENSMUSG00000082855,Gm14537,ChrX,20257948,20258740,SJL_Specific,DOWN,,-1.2846189
ENSMUSG00000082911,Gm14119,Chr2,148260952,148261186,SJL_Specific,DOWN,,-3.857948252
ENSMUSG00000082928,Gm12785,Chr4,101067613,101067784,SJL_Specific,DOWN,,-4.229236643
ENSMUSG00000082969,Gm12630,Chr4,86736031,86736814,SJL_Specific,DOWN,,-3.836558932
ENSMUSG00000082981,Polr2k-ps,Chr11,95652317,95652491,SJL_Specific,DOWN,,-1.11704161
ENSMUSG00000083100,Gm6044,Chr5,64477599,64478097,SJL_Specific,DOWN,,-1.347530001
ENSMUSG00000083152,Apc-ps1,Chr5,76344472,76344941,SJL_Specific,DOWN,,-1.550438764
ENSMUSG00000083157,Gm13511,Chr2,39106944,39107306,SJL_Specific,DOWN,,-1.614075582
ENSMUSG00000083209,Gm11969,Chr11,6132679,6133034,SJL_Specific,DOWN,,-1.194853149
ENSMUSG00000083305,Gm13315,Chr2,14725945,14726935,SJL_Specific,DOWN,,-1.476152825
ENSMUSG00000083502,Gm14861,ChrX,102530540,102530994,SJL_Specific,DOWN,,-1.428295049
ENSMUSG00000083679,Gm12892,Chr4,121841462,121842607,SJL_Specific,DOWN,,-2.400509483
ENSMUSG00000083833,Gm13841,Chr5,115939736,115940218,SJL_Specific,DOWN,,-4.266130167
ENSMUSG00000083834,Gm12577,Chr4,58483252,58483825,SJL_Specific,DOWN,,-3.48317296
ENSMUSG00000083838,Gm11957,Chr11,4079372,4080150,SJL_Specific,DOWN,,-3.108988712
ENSMUSG00000083909,Gm15842,Chr5,122440485,122441102,SJL_Specific,DOWN,,-2.872321663
ENSMUSG00000083974,Gm16053,Chr7,97055347,97055534,SJL_Specific,DOWN,,-2.363628079
ENSMUSG00000083979,Gm12527,Chr4,59368303,59368866,SJL_Specific,DOWN,,-2.315748586
ENSMUSG00000083988,Rps10-ps4,Chr5,147037372,147037863,SJL_Specific,DOWN,,-1.218909581
ENSMUSG00000084052,Gm11745,Chr11,117025424,117025871,SJL_Specific,DOWN,,-1.755306339
ENSMUSG00000084304,Gm6142,Chr16,4138220,4138544,SJL_Specific,DOWN,,-1.833459224
ENSMUSG00000084329,Gm6733,Chr11,72724287,72726206,SJL_Specific,DOWN,,-1.7554695
ENSMUSG00000084362,2610024D14Rik,Chr11,21049534,21049827,SJL_Specific,DOWN,,-3.226353695
ENSMUSG00000084391,Gm13967,Chr2,113215026,113215544,SJL_Specific,DOWN,,-3.36862371
ENSMUSG00000084601,Gm23111,Chr17,34178637,34178741,SJL_Specific,DOWN,,-1.748154473
ENSMUSG00000084745,Gm25290,Chr5,92341181,92341324,SJL_Specific,DOWN,,-2.124552421
ENSMUSG00000084775,Gm16741,Chr14,14686305,14719828,SJL_Specific,DOWN,,-1.253627457
ENSMUSG00000084792,1700056N10Rik,Chr16,16865352,16866982,SJL_Specific,DOWN,,-1.002681963
ENSMUSG00000084819,Gm11967,Chr11,5865183,5888412,SJL_Specific,DOWN,,-4.464238892
ENSMUSG00000084870,Gm13954,Chr2,105539344,105540443,SJL_Specific,DOWN,,-3.810086855
ENSMUSG00000084891,Gm12958,Chr4,128531198,128533013,SJL_Specific,DOWN,,-4.092430467
ENSMUSG00000084899,Gm15344,Chr10,86527983,86528959,SJL_Specific,DOWN,,-3.12356653
ENSMUSG00000084913,Gm7616,Chr9,59858568,59866327,SJL_Specific,DOWN,,-1.260380181
ENSMUSG00000084946,Dlx1as,Chr2,71346798,71369624,SJL_Specific,DOWN,,-1.669907319
ENSMUSG00000084968,Gm12743,Chr4,108449622,108477093,SJL_Specific,DOWN,,-1.368194001
ENSMUSG00000084985,Gm16135,Chr10,62834558,62835468,SJL_Specific,DOWN,,-2.501291262
ENSMUSG00000085030,2810455O05Rik,Chr8,124565292,124567524,SJL_Specific,DOWN,,-1.041952844
ENSMUSG00000085124,Gm12766,Chr7,34137562,34220310,SJL_Specific,DOWN,,-2.819435145
ENSMUSG00000085139,A730046J19Rik,ChrX,142936691,142949270,SJL_Specific,DOWN,,-6.194483063
ENSMUSG00000085148,Mir22hg,Chr11,75352365,75357502,SJL_Specific,DOWN,,-1.14062043
ENSMUSG00000085194,Platr32,Chr7,80708861,80716055,SJL_Specific,DOWN,,-2.209465774
ENSMUSG00000085311,Gm15445,Chr1,135080701,135081544,SJL_Specific,DOWN,,-1.339342427
ENSMUSG00000085335,Gm13684,Chr2,83568126,83590209,SJL_Specific,DOWN,,-1.416497309
ENSMUSG00000085390,Gm13115,Chr4,153991843,153993123,SJL_Specific,DOWN,,-1.437664875
ENSMUSG00000085560,C230038L03Rik,Chr7,96523806,96601093,SJL_Specific,DOWN,,-1.010037506
ENSMUSG00000085563,2210411M09Rik,Chr1,180779629,180785714,SJL_Specific,DOWN,,-1.519964323
ENSMUSG00000085594,Gm11551,Chr11,101777063,101782032,SJL_Specific,DOWN,,-2.902990921
ENSMUSG00000085620,G630018N14Rik,Chr13,31503923,31593092,SJL_Specific,DOWN,,-4.957366519
ENSMUSG00000085680,Gm13327,Chr2,21346736,21373922,SJL_Specific,DOWN,,-1.755212694
ENSMUSG00000085708,Gm16063,Chr5,119763294,119805755,SJL_Specific,DOWN,,-4.339192714
ENSMUSG00000085715,Tsix,ChrX,102475123,102533557,SJL_Specific,DOWN,,-1.869969836
ENSMUSG00000085761,4930455G09Rik,Chr4,141731071,141756963,SJL_Specific,DOWN,,-1.068557061
ENSMUSG00000085830,Grin1os,Chr2,25181232,25188937,SJL_Specific,DOWN,,-1.455043959
ENSMUSG00000085881,Gm15912,Chr13,74156112,74158512,SJL_Specific,DOWN,,-1.154431284
ENSMUSG00000085882,2610507I01Rik,Chr11,59087691,59093273,SJL_Specific,DOWN,,-2.457481008
ENSMUSG00000085891,Gm14634,ChrX,12628517,12687738,SJL_Specific,DOWN,,-1.084680653
ENSMUSG00000085914,Gm14320,Chr2,167504029,167509617,SJL_Specific,DOWN,,-1.860753684
ENSMUSG00000085965,2310016D23Rik,Chr1,60817757,60842950,SJL_Specific,DOWN,,-2.052720449
ENSMUSG00000085980,Gm12408,Chr4,45591582,45646116,SJL_Specific,DOWN,,-3.060511287
ENSMUSG00000086022,Rad51ap2,Chr12,11506080,11512929,SJL_Specific,DOWN,,-1.999665536
ENSMUSG00000086035,Gm12610,Chr4,89213049,89452672,SJL_Specific,DOWN,,-1.077320035
ENSMUSG00000086155,9430041J12Rik,Chr7,4077124,4123727,SJL_Specific,DOWN,,-2.237458831
ENSMUSG00000086206,Gm13783,Chr2,91026251,91033123,SJL_Specific,DOWN,,-1.539046808
ENSMUSG00000086259,Tmem150cos,Chr5,100225821,100243132,SJL_Specific,DOWN,,-1.293041507
ENSMUSG00000086266,Igf2os,Chr7,142213430,142224093,SJL_Specific,DOWN,,-1.673036855
ENSMUSG00000086272,BC039966,Chr4,154021518,154039122,SJL_Specific,DOWN,,-3.195028057
ENSMUSG00000086347,Gm11626,Chr11,101347402,101348216,SJL_Specific,DOWN,,-2.092591057
ENSMUSG00000086418,Gm13362,Chr2,20714186,20718045,SJL_Specific,DOWN,,-2.938801466
ENSMUSG00000086424,Gm15569,Chr15,86069225,86071610,SJL_Specific,DOWN,,-1.345540519
ENSMUSG00000086446,Prkag2os1,Chr5,25106355,25111849,SJL_Specific,DOWN,,-3.423029397
ENSMUSG00000086558,Gm14223,Chr2,159753693,159789296,SJL_Specific,DOWN,,-3.119682891
ENSMUSG00000086598,Btbd18,Chr2,84489423,84499124,SJL_Specific,DOWN,,-3.364548289
ENSMUSG00000086645,Gm15743,Chr16,31244605,31248606,SJL_Specific,DOWN,,-1.455823713
ENSMUSG00000086666,Gm12249,Chr11,57861070,57863960,SJL_Specific,DOWN,,-1.720530513
ENSMUSG00000086669,AA645442,Chr2,27216547,27221311,SJL_Specific,DOWN,,-2.884424364
ENSMUSG00000086680,Gm11592,Chr11,97170932,97174469,SJL_Specific,DOWN,,-1.647436296
ENSMUSG00000086745,Tspan2os,Chr3,102584313,102651265,SJL_Specific,DOWN,,-1.946796048
ENSMUSG00000086754,Gm16098,Chr2,155667943,155674125,SJL_Specific,DOWN,,-1.718874937
ENSMUSG00000086796,4932702P03Rik,Chr13,25089560,25119021,SJL_Specific,DOWN,,-1.130521016
ENSMUSG00000086806,Gm13054,Chr4,148085548,148088471,SJL_Specific,DOWN,,-1.024429846
ENSMUSG00000086827,4930461C15Rik,Chr16,58225218,58228789,SJL_Specific,DOWN,,-1.058983825
ENSMUSG00000086842,Gm15681,Chr8,99872018,99874721,SJL_Specific,DOWN,,-2.008208115
ENSMUSG00000086894,Gm15708,Chr5,144213871,144217323,SJL_Specific,DOWN,,-1.248328682
ENSMUSG00000086916,Gm15903,Chr5,129804053,129808753,SJL_Specific,DOWN,,-1.01532352
ENSMUSG00000086920,Gm12207,Chr11,52124551,52127446,SJL_Specific,DOWN,,-1.046364218
ENSMUSG00000086942,Gm15489,Chr7,121738176,121758631,SJL_Specific,DOWN,,-1.367435005
ENSMUSG00000086992,Gm15941,Chr15,37421378,37433658,SJL_Specific,DOWN,,-2.188759451
ENSMUSG00000086995,Gm13544,Chr2,58166782,58187773,SJL_Specific,DOWN,,-3.950016942
ENSMUSG00000087004,Gm14154,Chr2,151788890,151799136,SJL_Specific,DOWN,,-2.189315725
ENSMUSG00000087108,Gm16093,Chr3,19281944,19295151,SJL_Specific,DOWN,,-2.574147845
ENSMUSG00000087211,Lhx1os,Chr11,84404249,84430095,SJL_Specific,DOWN,,-1.111001896
ENSMUSG00000087326,Gm12503,Chr4,44092632,44117475,SJL_Specific,DOWN,,-1.38994035
ENSMUSG00000087356,Gm13856,Chr6,34128856,34151170,SJL_Specific,DOWN,,-1.705714938
ENSMUSG00000087378,Gm12414,Chr4,84043911,84051212,SJL_Specific,DOWN,,-3.607507658
ENSMUSG00000087449,Gm12971,Chr4,130485874,130489690,SJL_Specific,DOWN,,-1.83553876
ENSMUSG00000087528,9830144P21Rik,Chr2,129047878,129072499,SJL_Specific,DOWN,,-1.306872423
ENSMUSG00000087620,5330434G04Rik,ChrX,104385101,104435751,SJL_Specific,DOWN,,-1.051674628
ENSMUSG00000087648,E130018N17Rik,Chr2,167987000,167996720,SJL_Specific,DOWN,,-1.228652677
ENSMUSG00000087651,1500009L16Rik,Chr10,83558729,83598626,SJL_Specific,DOWN,,-1.019677903
ENSMUSG00000087652,Gm15918,Chr14,63839931,63844821,SJL_Specific,DOWN,,-1.041654781
ENSMUSG00000087684,1200007C13Rik,Chr2,167669605,167675566,SJL_Specific,DOWN,,-1.810318923
ENSMUSG00000087698,Gm13031,Chr4,140674974,140685355,SJL_Specific,DOWN,,-1.442602509
ENSMUSG00000087793,Gm25967,Chr16,35542457,35542603,SJL_Specific,DOWN,,-3.293436233
ENSMUSG00000088008,Gm25492,Chr5,135082842,135082970,SJL_Specific,DOWN,,-1.219010959
ENSMUSG00000088217,Gm22079,Chr12,108828490,108828595,SJL_Specific,DOWN,,-1.490696288
ENSMUSG00000088450,Gm26369,Chr16,55599408,55599507,SJL_Specific,DOWN,,-3.334156462
ENSMUSG00000088552,Mir1957a,Chr4,118986976,118987041,SJL_Specific,DOWN,,-3.214278045
ENSMUSG00000088583,Gm22965,Chr5,122644852,122644952,SJL_Specific,DOWN,,-1.785084062
ENSMUSG00000088708,Gm25558,Chr9,50799250,50799355,SJL_Specific,DOWN,,-3.625872842
ENSMUSG00000088712,Gm22728,Chr5,92203923,92204051,SJL_Specific,DOWN,,-1.662254637
ENSMUSG00000088990,Gm22767,Chr4,132565694,132565858,SJL_Specific,DOWN,,-2.169298254
ENSMUSG00000089125,Gm26403,Chr18,61271581,61271685,SJL_Specific,DOWN,,-1.377471049
ENSMUSG00000089281,Scarna6,Chr1,87712278,87712542,SJL_Specific,DOWN,,-1.405922895
ENSMUSG00000089371,Mir1938,Chr12,40272711,40272810,SJL_Specific,DOWN,,-1.615188827
ENSMUSG00000089407,Gm24878,Chr5,36823753,36823856,SJL_Specific,DOWN,,-2.152266042
ENSMUSG00000089437,Gm23199,ChrX,139580445,139580551,SJL_Specific,DOWN,,-2.12097502
ENSMUSG00000089512,Gm26287,Chr1,59743417,59743497,SJL_Specific,DOWN,,-1.770960326
ENSMUSG00000089542,Gm25835,Chr11,69559678,69559821,SJL_Specific,DOWN,,-1.075817213
ENSMUSG00000089636,1700058P15Rik,Chr7,18992409,18993750,SJL_Specific,DOWN,,-5.365835078
ENSMUSG00000089662,Gm14057,Chr2,130645421,130645902,SJL_Specific,DOWN,,-1.0170437
ENSMUSG00000089663,Gm15651,Chr16,22366998,22387655,SJL_Specific,DOWN,,-1.104076361
ENSMUSG00000089809,Rasgef1b,Chr5,99365285,99876924,SJL_Specific,DOWN,,-1.56035864
ENSMUSG00000089931,Gm8459,Chr6,122543674,122544433,SJL_Specific,DOWN,,-3.422784083
ENSMUSG00000089952,4933413C19Rik,Chr19,28557399,28560697,SJL_Specific,DOWN,,-1.518154914
ENSMUSG00000089959,Gm16268,Chr10,86674958,86710818,SJL_Specific,DOWN,,-2.152938213
ENSMUSG00000090026,Gm15996,Chr12,111696528,111698265,SJL_Specific,DOWN,,-2.318893164
ENSMUSG00000090141,Gm614,ChrX,100304982,100307598,SJL_Specific,DOWN,,-1.806997465
ENSMUSG00000090565,4930405O22Rik,Chr17,63612435,63619998,SJL_Specific,DOWN,,-1.744137534
ENSMUSG00000090576,Gm17055,Chr6,108633858,108636554,SJL_Specific,DOWN,,-2.069639902
ENSMUSG00000090582,Gm17024,Chr12,40259486,40261072,SJL_Specific,DOWN,,-2.082628379
ENSMUSG00000090674,Gm17082,Chr14,122358965,122360055,SJL_Specific,DOWN,,-1.507258378
ENSMUSG00000090891,D6Ertd527e,Chr6,87081728,87089979,SJL_Specific,DOWN,,-1.459010942
ENSMUSG00000090964,Gm17206,Chr15,82986273,82991431,SJL_Specific,DOWN,,-3.652495353
ENSMUSG00000091238,Gm17103,Chr16,38389685,38393662,SJL_Specific,DOWN,,-1.488067044
ENSMUSG00000091426,Gm17228,Chr17,63653915,63654405,SJL_Specific,DOWN,,-1.749301405
ENSMUSG00000091479,Gm17035,Chr15,66801456,66802956,SJL_Specific,DOWN,,-1.317363213
ENSMUSG00000091534,Gm17195,Chr12,79210182,79210609,SJL_Specific,DOWN,,-1.224509839
ENSMUSG00000091890,A830073O21Rik,Chr7,73387677,73390772,SJL_Specific,DOWN,,-1.162851344
ENSMUSG00000091956,C2cd4b,Chr9,67666719,67668212,SJL_Specific,DOWN,,-1.066684983
ENSMUSG00000091968,Gm17115,Chr17,33006893,33008571,SJL_Specific,DOWN,,-1.399605525
ENSMUSG00000091997,Gm6611,Chr16,32743588,32744859,SJL_Specific,DOWN,,-2.640190926
ENSMUSG00000092086,Gm6793,Chr8,112740585,112741640,SJL_Specific,DOWN,,-2.410770285
ENSMUSG00000092130,D030025P21Rik,Chr12,84922543,84934724,SJL_Specific,DOWN,,-2.239562808
ENSMUSG00000092218,Gm20529,Chr9,107928874,107935791,SJL_Specific,DOWN,,-3.46629409
ENSMUSG00000092286,Dtnbos,Chr12,3802543,3812146,SJL_Specific,DOWN,,-1.598652456
ENSMUSG00000092495,Gm20405,Chr15,65729718,65730205,SJL_Specific,DOWN,,-1.346875717
ENSMUSG00000092570,Plut,Chr5,147160725,147208331,SJL_Specific,DOWN,,-1.191909004
ENSMUSG00000093108,Mir344f,Chr7,61695929,61695996,SJL_Specific,DOWN,,-5.186994759
ENSMUSG00000093187,Mir344-2,Chr7,61589775,61589854,SJL_Specific,DOWN,,-1.845409855
ENSMUSG00000093351,Mir3072,Chr12,109714312,109714394,SJL_Specific,DOWN,,-1.710563268
ENSMUSG00000093387,Gm20732,Chr15,68211146,68235025,SJL_Specific,DOWN,,-1.824205873
ENSMUSG00000093441,Mir5710,Chr9,54615597,54615665,SJL_Specific,DOWN,,-1.53065406
ENSMUSG00000093615,Mir5618,Chr9,7784391,7784441,SJL_Specific,DOWN,,-2.568391084
ENSMUSG00000093622,Gm20703,Chr17,71139716,71143189,SJL_Specific,DOWN,,-1.744323325
ENSMUSG00000093656,Gm20628,Chr3,96174391,96177605,SJL_Specific,DOWN,,-1.13809441
ENSMUSG00000093686,Gm4705,Chr17,66720626,66720979,SJL_Specific,DOWN,,-1.836731038
ENSMUSG00000093806,Asmt,ChrX,169106280,169112125,SJL_Specific,DOWN,,-2.285782551
ENSMUSG00000093880,Tmem181c-ps,Chr17,6881152,6907189,SJL_Specific,DOWN,,-1.128076866
ENSMUSG00000094257,Ap3s1-ps2,Chr8,95131839,95132417,SJL_Specific,DOWN,,-1.422321685
ENSMUSG00000094497,Gm8210,Chr1,43228316,43228798,SJL_Specific,DOWN,,-7.84946851
ENSMUSG00000094597,Gm4810,Chr13,64657304,64658910,SJL_Specific,DOWN,,-1.557138984
ENSMUSG00000094664,Rpl35a-ps6,Chr5,123393544,123393876,SJL_Specific,DOWN,,-3.665209072
ENSMUSG00000094707,A830019P07Rik,Chr19,35812617,35902155,SJL_Specific,DOWN,,-2.403478097
ENSMUSG00000095134,Mid1-ps1,ChrY,90764326,90774754,SJL_Specific,DOWN,,-3.021437587
ENSMUSG00000095334,Gm21984,Chr7,126541316,126552045,SJL_Specific,DOWN,,-1.55355987
ENSMUSG00000095403,Gm21092,Chr8,21107613,21122787,SJL_Specific,DOWN,,-1.323900095
ENSMUSG00000095562,Gm55594,ChrX,168792690,168801793,SJL_Specific,DOWN,,-1.623511178
ENSMUSG00000095869,Ppp1r2-ps6,Chr17,6304035,6304856,SJL_Specific,DOWN,,-3.383129622
ENSMUSG00000096038,Trav13n-3,Chr14,53574579,53575096,SJL_Specific,DOWN,,-4.36541756
ENSMUSG00000096052,9930004E17Rik,Chr14,26390866,26403508,SJL_Specific,DOWN,,-2.390334247
ENSMUSG00000096094,A630095N17Rik,Chr1,75196739,75208746,SJL_Specific,DOWN,,-4.528742467
ENSMUSG00000096751,Gm28373,Chr12,102639276,102693592,SJL_Specific,DOWN,,-1.914132523
ENSMUSG00000096993,Gm26787,Chr9,36679116,36693989,SJL_Specific,DOWN,,-2.277814196
ENSMUSG00000097000,Gm17435,Chr8,73246671,73285184,SJL_Specific,DOWN,,-1.17825689
ENSMUSG00000097021,4933433G15Rik,Chr9,75317377,75325011,SJL_Specific,DOWN,,-1.004537263
ENSMUSG00000097110,Gm26726,ChrX,72445817,72455042,SJL_Specific,DOWN,,-1.810390969
ENSMUSG00000097296,Gm26532,Chr8,84935510,84936276,SJL_Specific,DOWN,,-1.384196731
ENSMUSG00000097305,Gm17276,Chr17,32332162,32360848,SJL_Specific,DOWN,,-1.012909979
ENSMUSG00000097418,Mir155hg,Chr16,84500055,84512133,SJL_Specific,DOWN,,-2.664609137
ENSMUSG00000097467,Gm26737,Chr9,44024008,44033258,SJL_Specific,DOWN,,-1.257312202
ENSMUSG00000097587,4930578M01Rik,Chr15,98881082,98894327,SJL_Specific,DOWN,,-1.606647752
ENSMUSG00000097612,Gm26509,Chr1,106017798,106018745,SJL_Specific,DOWN,,-1.341078606
ENSMUSG00000097673,Gm26608,Chr5,28007240,28329265,SJL_Specific,DOWN,,-1.877573374
ENSMUSG00000097746,Gm6225,Chr18,3336680,3366863,SJL_Specific,DOWN,,-1.025552058
ENSMUSG00000097766,5730420D15Rik,Chr10,95252845,95279547,SJL_Specific,DOWN,,-1.643067679
ENSMUSG00000097888,Gm26682,Chr18,5108166,5165731,SJL_Specific,DOWN,,-1.621176857
ENSMUSG00000097911,Gm26691,Chr3,133536429,133946440,SJL_Specific,DOWN,,-1.484701739
ENSMUSG00000097927,Gm6999,Chr14,80074152,80243766,SJL_Specific,DOWN,,-2.038197223
ENSMUSG00000097983,Gm26971,Chr8,121247354,121248425,SJL_Specific,DOWN,,-2.359113222
ENSMUSG00000098027,Gm27004,Chr5,112730511,112731237,SJL_Specific,DOWN,,-2.559791428
ENSMUSG00000098055,Gm26947,Chr10,60721215,60787423,SJL_Specific,DOWN,,-1.544465641
ENSMUSG00000098072,Gm26995,Chr5,118073790,118077583,SJL_Specific,DOWN,,-2.195874944
ENSMUSG00000098109,9530085P06Rik,Chr8,122583516,122584342,SJL_Specific,DOWN,,-4.752177343
ENSMUSG00000098194,Gm7286,Chr9,45747227,45748233,SJL_Specific,DOWN,,-4.293546357
ENSMUSG00000098230,1700095B10Rik,Chr5,112941118,112951304,SJL_Specific,DOWN,,-5.483147367
ENSMUSG00000098318,Lockd,Chr6,134904916,134945181,SJL_Specific,DOWN,,-1.005185975
ENSMUSG00000098327,Mir7087,Chr9,45850819,45850888,SJL_Specific,DOWN,,-1.642998619
ENSMUSG00000098338,Mir6941,Chr12,112884103,112884161,SJL_Specific,DOWN,,-1.540191877
ENSMUSG00000098374,Gm28043,Chr17,29833850,29922333,SJL_Specific,DOWN,,-1.085211722
ENSMUSG00000098376,Mir6907,Chr10,78244309,78244379,SJL_Specific,DOWN,,-1.326991693
ENSMUSG00000098397,Mir7669,Chr3,89918460,89918517,SJL_Specific,DOWN,,-1.131255393
ENSMUSG00000098439,Hm629797,Chr8,86720874,86723271,SJL_Specific,DOWN,,-1.495038452
ENSMUSG00000098499,Mir6975,Chr17,35463051,35463111,SJL_Specific,DOWN,,-2.237661806
ENSMUSG00000098510,Mir6968,Chr17,27154446,27154513,SJL_Specific,DOWN,,-2.502849676
ENSMUSG00000098540,Mir7059,Chr7,126178646,126178704,SJL_Specific,DOWN,,-2.491151519
ENSMUSG00000098569,Mir7020,Chr4,139371353,139371422,SJL_Specific,DOWN,,-3.750494342
ENSMUSG00000098627,4930524O08Rik,Chr9,89708553,89746909,SJL_Specific,DOWN,,-4.753451092
ENSMUSG00000098678,Mroh6,Chr15,75755986,75760619,SJL_Specific,DOWN,,-1.020524547
ENSMUSG00000098730,Mir6407,Chr19,52999087,52999187,SJL_Specific,DOWN,,-4.066579883
ENSMUSG00000098754,Prn,Chr2,131751877,131798050,SJL_Specific,DOWN,,-3.923683376
ENSMUSG00000098790,Mir6942,Chr13,21580748,21580808,SJL_Specific,DOWN,,-1.046224831
ENSMUSG00000098904,Mir6998,Chr2,31502433,31502496,SJL_Specific,DOWN,,-1.858133106
ENSMUSG00000098951,Mir7647,Chr5,123660700,123660758,SJL_Specific,DOWN,,-3.330762831
ENSMUSG00000099033,Mir7013,Chr3,94911479,94911550,SJL_Specific,DOWN,,-1.635496753
ENSMUSG00000099041,Gm28035,Chr2,30130579,30172160,SJL_Specific,DOWN,,-4.244574537
ENSMUSG00000099188,Gm27248,Chr9,82955276,82955441,SJL_Specific,DOWN,,-2.461492927
ENSMUSG00000099254,Mir7030,Chr5,115783632,115783691,SJL_Specific,DOWN,,-2.096028759
ENSMUSG00000099261,Mir6984,Chr19,3338920,3338983,SJL_Specific,DOWN,,-3.402449528
ENSMUSG00000099491,4930533D04Rik,Chr9,102569831,102571053,SJL_Specific,DOWN,,-1.477161126
ENSMUSG00000099797,Gm3145,Chr17,11117882,11118101,SJL_Specific,DOWN,,-3.734865899
ENSMUSG00000099809,Gm18665,ChrY,1277313,1277582,SJL_Specific,DOWN,,-3.211280156
ENSMUSG00000099868,Gm28792,Chr1,152606957,152627575,SJL_Specific,DOWN,,-2.78719178
ENSMUSG00000100009,Gm7967,Chr1,98517162,98693618,SJL_Specific,DOWN,,-2.586074964
ENSMUSG00000100014,Gm29290,Chr1,153814972,153817036,SJL_Specific,DOWN,,-6.85876892
ENSMUSG00000100021,Gm18697,Chr1,92927118,92930493,SJL_Specific,DOWN,,-5.928708327
ENSMUSG00000100548,Gm29585,Chr10,128358132,128381228,SJL_Specific,DOWN,,-1.165926119
ENSMUSG00000100572,2410021H03Rik,Chr17,69579899,69584234,SJL_Specific,DOWN,,-1.617422886
ENSMUSG00000100706,Gm19744,Chr8,49296512,49323573,SJL_Specific,DOWN,,-2.275756596
ENSMUSG00000100837,1700063D05Rik,Chr9,41103673,41129369,SJL_Specific,DOWN,,-1.401309538
ENSMUSG00000100862,Gm10925,Chr1,24653055,24653732,SJL_Specific,DOWN,,-5.042449426
ENSMUSG00000100867,Gm18981,Chr6,118594587,118596185,SJL_Specific,DOWN,,-2.711168695
ENSMUSG00000101061,Platr1,Chr1,134363366,134375432,SJL_Specific,DOWN,,-2.144269593
ENSMUSG00000101122,Gm17971,Chr1,55105423,55106228,SJL_Specific,DOWN,,-1.268007176
ENSMUSG00000101135,Gm17981,Chr7,16248325,16249063,SJL_Specific,DOWN,,-1.687465132
ENSMUSG00000101144,Gm29054,Chr9,83027968,83029417,SJL_Specific,DOWN,,-1.098929794
ENSMUSG00000101166,Gm28496,Chr7,43896150,43912144,SJL_Specific,DOWN,,-2.394692908
ENSMUSG00000101249,Gm29216,Chr1,24654787,24655278,SJL_Specific,DOWN,,-3.49346774
ENSMUSG00000101587,Gm29036,Chr5,45926209,45927085,SJL_Specific,DOWN,,-1.821758172
ENSMUSG00000101621,Gm28905,Chr10,9852371,10130323,SJL_Specific,DOWN,,-4.043875896
ENSMUSG00000101662,Gm28499,Chr1,89496487,89504324,SJL_Specific,DOWN,,-1.54586565
ENSMUSG00000101693,Gm19461,Chr1,133178132,133197546,SJL_Specific,DOWN,,-1.423467106
ENSMUSG00000101778,Gm29488,Chr1,131334550,131336951,SJL_Specific,DOWN,,-2.939363597
ENSMUSG00000101823,Gm29438,Chr6,72081185,72083797,SJL_Specific,DOWN,,-1.134431819
ENSMUSG00000101840,Gm28294,Chr1,75228930,75266536,SJL_Specific,DOWN,,-1.281734029
ENSMUSG00000101942,Gm19582,Chr1,87772188,87782021,SJL_Specific,DOWN,,-1.592925104
ENSMUSG00000101959,Ldhal6b,Chr17,5467598,5469042,SJL_Specific,DOWN,,-1.261274038
ENSMUSG00000102062,Gm29246,Chr10,43049257,43052563,SJL_Specific,DOWN,,-1.369663162
ENSMUSG00000102070,Gm28661,Chr1,24653966,24654646,SJL_Specific,DOWN,,-3.165951915
ENSMUSG00000102133,Gm37106,Chr1,176872808,176874339,SJL_Specific,DOWN,,-1.731680802
ENSMUSG00000102202,Gm33280,Chr1,36169620,36177827,SJL_Specific,DOWN,,-2.227524591
ENSMUSG00000102212,C230085N15Rik,Chr17,52064323,52068649,SJL_Specific,DOWN,,-2.162092028
ENSMUSG00000102225,Gm37983,Chr9,72222413,72224418,SJL_Specific,DOWN,,-1.029892245
ENSMUSG00000102235,Gm37886,Chr1,79597239,79598751,SJL_Specific,DOWN,,-1.179602629
ENSMUSG00000102243,Gm37718,Chr1,139082890,139085520,SJL_Specific,DOWN,,-1.255273116
ENSMUSG00000102258,Gm38257,Chr2,15061524,15064284,SJL_Specific,DOWN,,-1.075979672
ENSMUSG00000102293,Gm37541,Chr1,86802072,86804386,SJL_Specific,DOWN,,-2.415263415
ENSMUSG00000102302,Gm38190,Chr1,165057940,165062694,SJL_Specific,DOWN,,-1.063657835
ENSMUSG00000102324,Gm19721,Chr9,107507975,107509738,SJL_Specific,DOWN,,-1.933448864
ENSMUSG00000102370,Gm37973,Chr3,79517845,79519133,SJL_Specific,DOWN,,-1.001944115
ENSMUSG00000102374,Gm38387,Chr1,66808449,66811025,SJL_Specific,DOWN,,-1.587262307
ENSMUSG00000102401,Gm37864,Chr1,165279124,165282198,SJL_Specific,DOWN,,-1.411040119
ENSMUSG00000102407,Gm37862,Chr1,25364947,25367479,SJL_Specific,DOWN,,-3.790667975
ENSMUSG00000102452,Gm38344,Chr9,101063755,101065107,SJL_Specific,DOWN,,-1.373388731
ENSMUSG00000102503,Gm37370,Chr1,54776325,54777734,SJL_Specific,DOWN,,-2.012262164
ENSMUSG00000102516,Gm38340,Chr7,36421271,36425278,SJL_Specific,DOWN,,-1.101522685
ENSMUSG00000102523,Gm37783,Chr1,194332627,194334482,SJL_Specific,DOWN,,-1.890581655
ENSMUSG00000102539,Gm37229,Chr3,51720372,51726730,SJL_Specific,DOWN,,-2.903775103
ENSMUSG00000102602,A930004J17Rik,Chr4,131605939,131610548,SJL_Specific,DOWN,,-1.004997212
ENSMUSG00000102621,Gm37674,Chr1,194351981,194353814,SJL_Specific,DOWN,,-1.861739874
ENSMUSG00000102630,Gm37289,Chr2,12361906,12363307,SJL_Specific,DOWN,,-1.416390394
ENSMUSG00000102635,Gm54655,Chr13,101889314,101889713,SJL_Specific,DOWN,,-2.78192342
ENSMUSG00000102647,Gm38024,Chr1,8521184,8523715,SJL_Specific,DOWN,,-4.399835242
ENSMUSG00000102672,Gm37105,Chr9,72502205,72504289,SJL_Specific,DOWN,,-1.181178481
ENSMUSG00000102687,Gm37219,Chr1,119558474,119559399,SJL_Specific,DOWN,,-3.880785505
ENSMUSG00000102714,Gm37618,Chr1,33652839,33655913,SJL_Specific,DOWN,,-4.323231105
ENSMUSG00000102762,4930403P22Rik,Chr1,36371734,36372517,SJL_Specific,DOWN,,-3.419412034
ENSMUSG00000102805,Gm37240,Chr3,84403733,85794825,SJL_Specific,DOWN,,-2.102947564
ENSMUSG00000102856,Gm37084,Chr1,131013989,131019886,SJL_Specific,DOWN,,-1.807110962
ENSMUSG00000102909,Gm2453,Chr1,167112351,167117428,SJL_Specific,DOWN,,-1.423761355
ENSMUSG00000102919,Gm37726,Chr3,84781198,84785083,SJL_Specific,DOWN,,-3.11412497
ENSMUSG00000102929,Gm37154,Chr1,171181694,171182983,SJL_Specific,DOWN,,-1.310427254
ENSMUSG00000102964,9430034N14Rik,Chr1,155901969,155905753,SJL_Specific,DOWN,,-2.092578909
ENSMUSG00000102970,Gm37349,Chr1,191329759,191330382,SJL_Specific,DOWN,,-1.353285273
ENSMUSG00000102973,E430014B02Rik,Chr17,52052557,52055712,SJL_Specific,DOWN,,-1.902067506
ENSMUSG00000102982,Gm38319,Chr1,13711707,13712972,SJL_Specific,DOWN,,-1.178452844
ENSMUSG00000103000,Gm37900,Chr4,22408291,22412095,SJL_Specific,DOWN,,-2.252755524
ENSMUSG00000103006,4933417C20Rik,Chr1,160040513,160042386,SJL_Specific,DOWN,,-1.230710304
ENSMUSG00000103013,Gm37503,Chr1,74326701,74327019,SJL_Specific,DOWN,,-1.559889117
ENSMUSG00000103032,Gm37121,Chr1,62848461,62851016,SJL_Specific,DOWN,,-1.999886576
ENSMUSG00000103062,Gm37200,Chr9,103920804,103922975,SJL_Specific,DOWN,,-1.459617113
ENSMUSG00000103080,Gm38123,Chr12,112313723,112316501,SJL_Specific,DOWN,,-4.343153655
ENSMUSG00000103094,Gm37558,Chr3,69027075,69030057,SJL_Specific,DOWN,,-1.899340986
ENSMUSG00000103146,Gm37745,Chr1,119718493,119726655,SJL_Specific,DOWN,,-1.672705271
ENSMUSG00000103164,Gm38150,Chr9,107471639,107472090,SJL_Specific,DOWN,,-1.675345604
ENSMUSG00000103192,Gm37645,Chr1,80643726,80647281,SJL_Specific,DOWN,,-3.371195291
ENSMUSG00000103227,Gm37733,Chr1,74539499,74542460,SJL_Specific,DOWN,,-2.343921766
ENSMUSG00000103272,Gm37914,Chr1,86048605,86051283,SJL_Specific,DOWN,,-1.162161491
ENSMUSG00000103303,Gm37802,Chr1,156683787,156686429,SJL_Specific,DOWN,,-1.137760184
ENSMUSG00000103317,Gm38359,Chr1,181795264,181797488,SJL_Specific,DOWN,,-1.810466746
ENSMUSG00000103320,Gm37403,Chr1,164700402,164703922,SJL_Specific,DOWN,,-2.519277241
ENSMUSG00000103324,Gm37402,Chr17,11468231,11473230,SJL_Specific,DOWN,,-1.757080856
ENSMUSG00000103354,Gm38083,Chr9,75974731,75978228,SJL_Specific,DOWN,,-3.478768532
ENSMUSG00000103367,Gm38158,Chr1,176663290,176663628,SJL_Specific,DOWN,,-2.859352507
ENSMUSG00000103420,Gm37537,Chr3,28378506,28380243,SJL_Specific,DOWN,,-1.515575428
ENSMUSG00000103466,Gm37247,Chr9,108066197,108066926,SJL_Specific,DOWN,,-1.816380394
ENSMUSG00000103506,Gm38376,Chr1,13247686,13249938,SJL_Specific,DOWN,,-1.505568025
ENSMUSG00000103507,Gm38375,Chr9,95910677,95912903,SJL_Specific,DOWN,,-1.112901527
ENSMUSG00000103509,Gm38372,Chr1,7218334,7222361,SJL_Specific,DOWN,,-1.137451332
ENSMUSG00000103558,Gm38220,Chr17,71698833,71700279,SJL_Specific,DOWN,,-1.005003857
ENSMUSG00000103593,Gm37352,Chr8,84927498,84929678,SJL_Specific,DOWN,,-1.197171174
ENSMUSG00000103624,Gm3081,Chr9,100759144,100762168,SJL_Specific,DOWN,,-1.136519639
ENSMUSG00000103625,Gm37357,Chr1,161638614,161641736,SJL_Specific,DOWN,,-1.34844257
ENSMUSG00000103630,Gm37242,Chr1,52692967,52695051,SJL_Specific,DOWN,,-1.82458152
ENSMUSG00000103632,Gm38329,Chr1,160555304,160555730,SJL_Specific,DOWN,,-1.216516784
ENSMUSG00000103680,Gm37072,Chr1,160828579,160829415,SJL_Specific,DOWN,,-3.701188727
ENSMUSG00000103706,6820402A03Rik,Chr1,66832804,66835457,SJL_Specific,DOWN,,-2.363131995
ENSMUSG00000103723,Gm37095,Chr1,190732791,190732995,SJL_Specific,DOWN,,-2.850568489
ENSMUSG00000103732,Gm38315,Chr1,187892904,187895340,SJL_Specific,DOWN,,-3.189451704
ENSMUSG00000103741,Gm38241,Chr3,84464197,84465094,SJL_Specific,DOWN,,-1.868203555
ENSMUSG00000103756,Gm37285,Chr1,66838818,66839956,SJL_Specific,DOWN,,-1.123508302
ENSMUSG00000103763,Gm37860,Chr1,165295069,165296102,SJL_Specific,DOWN,,-1.201117209
ENSMUSG00000103779,Gm36931,Chr17,52073671,52078471,SJL_Specific,DOWN,,-2.009177019
ENSMUSG00000103808,Gm37060,Chr1,157231895,157234291,SJL_Specific,DOWN,,-1.442465599
ENSMUSG00000103952,Gm37268,Chr3,41727616,41730229,SJL_Specific,DOWN,,-1.323831317
ENSMUSG00000103964,Gm8407,Chr1,190733622,190734048,SJL_Specific,DOWN,,-2.270803849
ENSMUSG00000103984,Gm37447,Chr1,86964445,86967372,SJL_Specific,DOWN,,-1.209199974
ENSMUSG00000104091,Gm37317,Chr3,18663972,18664995,SJL_Specific,DOWN,,-1.178525367
ENSMUSG00000104094,Gm37314,Chr9,101065797,101068481,SJL_Specific,DOWN,,-1.170572672
ENSMUSG00000104116,Gm37296,Chr15,68210144,68213065,SJL_Specific,DOWN,,-1.259113673
ENSMUSG00000104125,Gm37488,Chr3,60511805,60515178,SJL_Specific,DOWN,,-1.710478842
ENSMUSG00000104154,Gm38104,Chr1,176579087,176580981,SJL_Specific,DOWN,,-1.811538354
ENSMUSG00000104156,Gm38102,Chr5,123272002,123280241,SJL_Specific,DOWN,,-1.24361795
ENSMUSG00000104214,Gm36638,Chr13,101886228,101888396,SJL_Specific,DOWN,,-2.509650355
ENSMUSG00000104218,Gm9134,Chr12,113344631,113345181,SJL_Specific,DOWN,,-3.465882904
ENSMUSG00000104221,Gm37051,Chr1,25659319,25662261,SJL_Specific,DOWN,,-1.771784306
ENSMUSG00000104283,Gm37459,Chr3,32993463,33037450,SJL_Specific,DOWN,,-1.030390349
ENSMUSG00000104293,Gm38043,Chr1,156410678,156415818,SJL_Specific,DOWN,,-1.005012744
ENSMUSG00000104301,Wdr49,Chr3,75182295,75389463,SJL_Specific,DOWN,,-1.132304116
ENSMUSG00000104315,Gm37906,Chr1,30904585,30907619,SJL_Specific,DOWN,,-1.223445946
ENSMUSG00000104316,Gm37909,Chr1,36513033,36515191,SJL_Specific,DOWN,,-1.715425446
ENSMUSG00000104342,Gm36401,Chr5,45860075,45862102,SJL_Specific,DOWN,,-1.61573806
ENSMUSG00000104344,Gm38077,Chr9,104941976,104945220,SJL_Specific,DOWN,,-1.083060969
ENSMUSG00000104347,Gm37689,Chr4,6378018,6378292,SJL_Specific,DOWN,,-2.747408712
ENSMUSG00000104394,Gm37254,Chr1,186968654,186972554,SJL_Specific,DOWN,,-1.178561781
ENSMUSG00000104432,A430027C01Rik,Chr9,71918658,71920301,SJL_Specific,DOWN,,-1.651362613
ENSMUSG00000104443,4932442E05Rik,Chr10,118696731,118699447,SJL_Specific,DOWN,,-1.416512975
ENSMUSG00000104467,Gm37660,Chr9,71747287,71749018,SJL_Specific,DOWN,,-1.053073996
ENSMUSG00000104517,Gm18407,Chr1,165471468,165472257,SJL_Specific,DOWN,,-1.988530854
ENSMUSG00000104525,Gm37334,Chr1,194675566,194678503,SJL_Specific,DOWN,,-2.680671061
ENSMUSG00000104546,Gm43858,Chr3,152091897,152093674,SJL_Specific,DOWN,,-1.326037677
ENSMUSG00000104550,Gm43589,Chr3,59177207,59178729,SJL_Specific,DOWN,,-3.129860623
ENSMUSG00000104693,Gm42941,Chr3,101503126,101504446,SJL_Specific,DOWN,,-3.330351525
ENSMUSG00000104706,Gm43421,Chr5,106800675,106803579,SJL_Specific,DOWN,,-1.470003054
ENSMUSG00000104728,Gm42462,Chr5,43910251,43911613,SJL_Specific,DOWN,,-1.063258773
ENSMUSG00000104737,Gm42937,Chr3,101487620,101488371,SJL_Specific,DOWN,,-2.001341998
ENSMUSG00000104858,Mir136,Chr12,109561761,109561822,SJL_Specific,DOWN,,-1.85643044
ENSMUSG00000104872,1700008B11Rik,Chr5,121973224,121973898,SJL_Specific,DOWN,,-2.692003018
ENSMUSG00000104877,Gm42651,Chr5,123820193,123821531,SJL_Specific,DOWN,,-1.125142385
ENSMUSG00000104897,Gm43203,Chr3,35899491,35900048,SJL_Specific,DOWN,,-1.118407771
ENSMUSG00000104918,Gm42944,Chr3,18676326,18680305,SJL_Specific,DOWN,,-1.754866965
ENSMUSG00000104920,Gm43215,Chr5,21419007,21419258,SJL_Specific,DOWN,,-3.674591333
ENSMUSG00000104947,Gm43721,Chr5,64391273,64393585,SJL_Specific,DOWN,,-1.566617197
ENSMUSG00000104951,Gm43413,Chr5,123248759,123250324,SJL_Specific,DOWN,,-1.045246561
ENSMUSG00000105107,Gm43412,Chr5,123174063,123176880,SJL_Specific,DOWN,,-1.350939039
ENSMUSG00000105137,Gm42869,Chr3,100532218,100534338,SJL_Specific,DOWN,,-1.766287498
ENSMUSG00000105161,Gm42595,Chr5,110809258,110810864,SJL_Specific,DOWN,,-1.128326111
ENSMUSG00000105202,C230031I18Rik,Chr3,126973925,126977622,SJL_Specific,DOWN,,-1.943029355
ENSMUSG00000105226,A930028O11Rik,Chr3,58604982,58606089,SJL_Specific,DOWN,,-1.60442515
ENSMUSG00000105457,Gm43200,Chr5,45927362,45929522,SJL_Specific,DOWN,,-2.104140457
ENSMUSG00000105468,Mir6906,Chr10,59962598,59962655,SJL_Specific,DOWN,,-2.874913815
ENSMUSG00000105517,Gm42436,Chr3,40956869,40960524,SJL_Specific,DOWN,,-1.73671451
ENSMUSG00000105523,Gm43193,Chr3,133886672,133887112,SJL_Specific,DOWN,,-2.197862493
ENSMUSG00000105561,Gm43462,Chr3,100534613,100538260,SJL_Specific,DOWN,,-1.663806095
ENSMUSG00000105571,Gm43662,Chr5,14828946,14831216,SJL_Specific,DOWN,,-2.172912826
ENSMUSG00000105572,Gm43300,Chr3,119521397,119523439,SJL_Specific,DOWN,,-1.035238062
ENSMUSG00000105594,Gm43398,Chr5,143381258,143383999,SJL_Specific,DOWN,,-1.588271744
ENSMUSG00000105597,4633401B06Rik,Chr3,121581149,121582221,SJL_Specific,DOWN,,-1.469321851
ENSMUSG00000105636,Gm43625,Chr5,146140061,146141599,SJL_Specific,DOWN,,-1.267160742
ENSMUSG00000105643,Gm42611,Chr3,157685885,157689291,SJL_Specific,DOWN,,-1.131020994
ENSMUSG00000105655,Gm42659,Chr3,104743746,104745499,SJL_Specific,DOWN,,-1.197115093
ENSMUSG00000105720,Gm42440,Chr5,131961235,131963518,SJL_Specific,DOWN,,-2.334337456
ENSMUSG00000105733,Gm42973,Chr3,127034225,127037424,SJL_Specific,DOWN,,-2.278749255
ENSMUSG00000105748,Gm43088,Chr3,137602905,137605251,SJL_Specific,DOWN,,-1.241969461
ENSMUSG00000105759,Gm42425,Chr5,124375787,124376498,SJL_Specific,DOWN,,-1.77962648
ENSMUSG00000105804,Gm43654,Chr3,127623204,127626620,SJL_Specific,DOWN,,-1.178623954
ENSMUSG00000105824,Gm43466,Chr3,100489630,100494843,SJL_Specific,DOWN,,-1.508223148
ENSMUSG00000105864,Gm10484,Chr5,5220394,5225152,SJL_Specific,DOWN,,-2.405334212
ENSMUSG00000105947,Gm43789,Chr5,103131708,103134179,SJL_Specific,DOWN,,-1.671174179
ENSMUSG00000105970,Gm43360,Chr5,122630085,122632971,SJL_Specific,DOWN,,-2.525817825
ENSMUSG00000105976,Gm42782,Chr3,96691641,96692162,SJL_Specific,DOWN,,-1.059052361
ENSMUSG00000106018,Gm43527,Chr3,156706054,156709231,SJL_Specific,DOWN,,-1.819462835
ENSMUSG00000106061,Gm43773,Chr3,94441112,94443273,SJL_Specific,DOWN,,-1.689701254
ENSMUSG00000106087,Gm43609,Chr3,121555842,121558553,SJL_Specific,DOWN,,-1.167880914
ENSMUSG00000106099,Gm42664,Chr3,119536857,119540095,SJL_Specific,DOWN,,-1.037582857
ENSMUSG00000106139,Gm30648,Chr3,133905664,133919006,SJL_Specific,DOWN,,-1.314989562
ENSMUSG00000106208,Gm4734,Chr9,109799501,109800277,SJL_Specific,DOWN,,-2.568476688
ENSMUSG00000106265,Gm42490,Chr5,8377332,8379395,SJL_Specific,DOWN,,-2.701127455
ENSMUSG00000106288,Gm43593,Chr5,107954228,107955573,SJL_Specific,DOWN,,-1.205411705
ENSMUSG00000106291,1110003F10Rik,Chr5,65563094,65563860,SJL_Specific,DOWN,,-1.170377562
ENSMUSG00000106411,Gm42445,Chr5,14661666,14664558,SJL_Specific,DOWN,,-3.176609777
ENSMUSG00000106450,Gm43018,Chr5,132468094,132469368,SJL_Specific,DOWN,,-3.103216645
ENSMUSG00000106472,Gm43111,Chr5,4918348,4920266,SJL_Specific,DOWN,,-1.287012341
ENSMUSG00000106484,Gm17833,Chr5,114246987,114248051,SJL_Specific,DOWN,,-1.285187987
ENSMUSG00000106491,Gm42446,Chr5,14613352,14616635,SJL_Specific,DOWN,,-2.412735974
ENSMUSG00000106514,Mir6976,Chr17,46864753,46864815,SJL_Specific,DOWN,,-1.144006917
ENSMUSG00000106522,Gm42871,Chr5,128851589,128852614,SJL_Specific,DOWN,,-1.896836223
ENSMUSG00000106583,4930447N08Rik,Chr3,122555350,122595700,SJL_Specific,DOWN,,-3.141605388
ENSMUSG00000106665,Gm43389,Chr5,24358292,24360886,SJL_Specific,DOWN,,-1.349899582
ENSMUSG00000106682,Gm42648,Chr5,65935357,65937861,SJL_Specific,DOWN,,-1.039227404
ENSMUSG00000106691,2700029L08Rik,Chr5,134548179,134549643,SJL_Specific,DOWN,,-2.169395489
ENSMUSG00000106815,Gm43658,Chr5,76445447,76449622,SJL_Specific,DOWN,,-1.874203537
ENSMUSG00000106818,Gm43790,Chr5,66478348,66480360,SJL_Specific,DOWN,,-1.705500624
ENSMUSG00000106837,D630030B08Rik,Chr5,67990693,67994171,SJL_Specific,DOWN,,-2.596286344
ENSMUSG00000106944,Gm43843,Chr6,18429658,18431244,SJL_Specific,DOWN,,-1.199261053
ENSMUSG00000106946,Gm42856,Chr6,24657517,24660368,SJL_Specific,DOWN,,-1.010319738
ENSMUSG00000107041,Gm42735,Chr5,67791006,67792651,SJL_Specific,DOWN,,-1.246783029
ENSMUSG00000107083,Gm43313,Chr5,32624539,32626773,SJL_Specific,DOWN,,-1.692142519
ENSMUSG00000107094,Gm43294,Chr6,3583814,3586303,SJL_Specific,DOWN,,-1.258137017
ENSMUSG00000107140,Gm43811,Chr5,32084041,32084735,SJL_Specific,DOWN,,-3.897208079
ENSMUSG00000107164,4933425D22Rik,Chr5,149365298,149367048,SJL_Specific,DOWN,,-1.153980311
ENSMUSG00000107227,Gm42559,Chr5,34627008,34630539,SJL_Specific,DOWN,,-1.296167596
ENSMUSG00000107288,A430102K17Rik,Chr5,115487160,115491230,SJL_Specific,DOWN,,-1.209964063
ENSMUSG00000107306,Gm42577,Chr5,75146517,75149727,SJL_Specific,DOWN,,-1.193918057
ENSMUSG00000107344,Gm2559,Chr15,12031651,12032013,SJL_Specific,DOWN,,-3.091388561
ENSMUSG00000107353,4930430O22Rik,Chr5,115574125,115574703,SJL_Specific,DOWN,,-2.809214478
ENSMUSG00000107363,Gm43373,Chr5,69374764,69377633,SJL_Specific,DOWN,,-2.915411227
ENSMUSG00000107370,Gm43588,Chr6,85609846,85612143,SJL_Specific,DOWN,,-1.779627905
ENSMUSG00000107428,Gm44154,Chr6,116607183,116609906,SJL_Specific,DOWN,,-1.016197268
ENSMUSG00000107454,Gm43875,Chr6,46463577,46466051,SJL_Specific,DOWN,,-5.552393007
ENSMUSG00000107491,Gm17893,Chr2,37378687,37379456,SJL_Specific,DOWN,,-1.101613383
ENSMUSG00000107583,Gm44104,Chr6,99635403,99639179,SJL_Specific,DOWN,,-1.013801327
ENSMUSG00000107604,Gm44041,Chr6,47824677,47825072,SJL_Specific,DOWN,,-1.099849848
ENSMUSG00000107643,Gm43885,Chr6,45171810,45174351,SJL_Specific,DOWN,,-3.144560487
ENSMUSG00000107756,Gm44164,Chr6,145184393,145186953,SJL_Specific,DOWN,,-1.481563286
ENSMUSG00000107782,Gm43888,Chr6,46049343,46051929,SJL_Specific,DOWN,,-3.535168138
ENSMUSG00000107835,Gm43999,Chr6,88719709,88722597,SJL_Specific,DOWN,,-2.747976085
ENSMUSG00000107928,Gm45140,Chr6,87765843,87812777,SJL_Specific,DOWN,,-1.329654362
ENSMUSG00000107932,Gm44432,Chr6,4610234,4611171,SJL_Specific,DOWN,,-1.053867707
ENSMUSG00000107966,Gm44001,Chr6,88779225,88782997,SJL_Specific,DOWN,,-2.191879215
ENSMUSG00000107978,Gm44109,Chr6,50776052,50799392,SJL_Specific,DOWN,,-1.67380958
ENSMUSG00000108055,Gm43876,Chr6,45506017,45509245,SJL_Specific,DOWN,,-4.140156619
ENSMUSG00000108064,Gm44423,Chr6,87773052,87776209,SJL_Specific,DOWN,,-1.114236179
ENSMUSG00000108120,9930120I10Rik,Chr6,87782454,87783318,SJL_Specific,DOWN,,-1.417408943
ENSMUSG00000108122,Gm44116,Chr6,100637900,100639424,SJL_Specific,DOWN,,-1.286812436
ENSMUSG00000108214,Gm43982,Chr6,134050317,134052145,SJL_Specific,DOWN,,-2.484434461
ENSMUSG00000108258,Gm43913,Chr6,148816713,148822033,SJL_Specific,DOWN,,-1.923686768
ENSMUSG00000108267,Gm44190,Chr6,128325717,128327117,SJL_Specific,DOWN,,-1.068814512
ENSMUSG00000108268,Gm44187,Chr6,88017521,88019449,SJL_Specific,DOWN,,-1.912211036
ENSMUSG00000108276,Gm36640,Chr6,135229055,135330448,SJL_Specific,DOWN,,-2.169007148
ENSMUSG00000108283,Gm44008,Chr6,54670631,54671042,SJL_Specific,DOWN,,-1.533078534
ENSMUSG00000108297,Gm44167,Chr6,113774768,113776645,SJL_Specific,DOWN,,-1.077903991
ENSMUSG00000108341,Gm44746,Chr7,122190158,122191506,SJL_Specific,DOWN,,-2.988442811
ENSMUSG00000108353,Gm45205,Chr7,127592441,127595770,SJL_Specific,DOWN,,-2.143248973
ENSMUSG00000108368,Gm45053,Chr6,72579987,72582485,SJL_Specific,DOWN,,-2.466204339
ENSMUSG00000108378,Gm44641,Chr7,26951601,26961677,SJL_Specific,DOWN,,-1.549399758
ENSMUSG00000108394,Gm45477,Chr3,90218825,90224322,SJL_Specific,DOWN,,-1.281781373
ENSMUSG00000108448,Gm21269,Chr7,73466294,73488775,SJL_Specific,DOWN,,-1.807322448
ENSMUSG00000108470,Gm4598,Chr7,24355208,24366379,SJL_Specific,DOWN,,-1.957646353
ENSMUSG00000108477,Gm44878,Chr7,4661653,4662962,SJL_Specific,DOWN,,-1.05969147
ENSMUSG00000108533,Gm44792,Chr7,65129342,65130969,SJL_Specific,DOWN,,-2.837374176
ENSMUSG00000108543,Gm44735,Chr7,126538058,126539809,SJL_Specific,DOWN,,-1.284275566
ENSMUSG00000108582,Gm18973,Chr7,4615411,4616164,SJL_Specific,DOWN,,-3.70790936
ENSMUSG00000108592,Gm38973,Chr7,27348468,27353286,SJL_Specific,DOWN,,-2.269387681
ENSMUSG00000108643,Gm44931,Chr7,80252987,80253531,SJL_Specific,DOWN,,-1.484778842
ENSMUSG00000108655,Gm44949,Chr7,79738730,79740179,SJL_Specific,DOWN,,-1.37580405
ENSMUSG00000108693,Gm45153,Chr7,116981097,116982997,SJL_Specific,DOWN,,-2.246478962
ENSMUSG00000108701,Gm44616,Chr7,55576925,55578656,SJL_Specific,DOWN,,-1.394516856
ENSMUSG00000108714,Gm21057,Chr7,79707495,79733821,SJL_Specific,DOWN,,-1.871051697
ENSMUSG00000108741,Gm44553,Chr7,73108345,73110381,SJL_Specific,DOWN,,-1.81120689
ENSMUSG00000108750,Gm44750,Chr6,83847047,83849269,SJL_Specific,DOWN,,-2.465104362
ENSMUSG00000108752,Gm45191,Chr7,121912287,121917725,SJL_Specific,DOWN,,-2.02455321
ENSMUSG00000108753,Gm45094,Chr7,34752400,34753016,SJL_Specific,DOWN,,-1.322926745
ENSMUSG00000108954,Gm44901,Chr7,120651568,120655544,SJL_Specific,DOWN,,-1.140709735
ENSMUSG00000108959,Gm44697,Chr7,7125159,7126837,SJL_Specific,DOWN,,-1.934488752
ENSMUSG00000108985,A930030B08Rik,Chr7,99549399,99553363,SJL_Specific,DOWN,,-1.292476763
ENSMUSG00000108991,Gm45807,Chr7,82344607,82347480,SJL_Specific,DOWN,,-2.213449533
ENSMUSG00000109015,Gm31024,Chr7,27866700,27869052,SJL_Specific,DOWN,,-1.103905847
ENSMUSG00000109045,Gm45084,Chr7,117828624,117830580,SJL_Specific,DOWN,,-1.216066602
ENSMUSG00000109160,4930598N05Rik,Chr10,10110696,10145032,SJL_Specific,DOWN,,-3.91934549
ENSMUSG00000109203,Gm32849,Chr7,48734721,48736741,SJL_Specific,DOWN,,-1.598188991
ENSMUSG00000109216,Gm44907,Chr7,90106460,90108092,SJL_Specific,DOWN,,-1.478857427
ENSMUSG00000109262,Gm44744,Chr7,27753231,27765779,SJL_Specific,DOWN,,-1.509934499
ENSMUSG00000109304,Gm45112,Chr7,120228985,120234109,SJL_Specific,DOWN,,-1.367054417
ENSMUSG00000109321,A330076H08Rik,Chr7,61577515,61632293,SJL_Specific,DOWN,,-1.576368592
ENSMUSG00000109337,Gm45047,Chr7,120489928,120490236,SJL_Specific,DOWN,,-1.945679808
ENSMUSG00000109351,Gm44632,Chr7,29016001,29018827,SJL_Specific,DOWN,,-2.866289545
ENSMUSG00000109359,Gm44797,Chr8,9645109,9646945,SJL_Specific,DOWN,,-1.592822495
ENSMUSG00000109390,Gm45718,Chr7,80560121,80563914,SJL_Specific,DOWN,,-1.014139113
ENSMUSG00000109394,A230057D06Rik,Chr7,61354267,61578438,SJL_Specific,DOWN,,-1.186429571
ENSMUSG00000109428,Gm45698,Chr7,81240642,81241776,SJL_Specific,DOWN,,-1.228013083
ENSMUSG00000109460,Gm45591,Chr7,98970407,98971662,SJL_Specific,DOWN,,-1.117155513
ENSMUSG00000109508,Gm44956,Chr8,11012957,11020814,SJL_Specific,DOWN,,-1.925262494
ENSMUSG00000109539,Gm44667,Chr7,66918654,66921990,SJL_Specific,DOWN,,-1.324431138
ENSMUSG00000109784,Gm45493,Chr8,18912212,18916159,SJL_Specific,DOWN,,-1.204176172
ENSMUSG00000109787,Gm45286,Chr8,78300848,78302197,SJL_Specific,DOWN,,-1.433993154
ENSMUSG00000109864,Eid3,Chr10,82702460,82703764,SJL_Specific,DOWN,,-1.800308981
ENSMUSG00000109982,Gm45520,Chr8,14115788,14117818,SJL_Specific,DOWN,,-2.467926286
ENSMUSG00000110046,Gm45484,Chr8,61477165,61478305,SJL_Specific,DOWN,,-1.952693626
ENSMUSG00000110055,Gm18857,Chr13,4085245,4104757,SJL_Specific,DOWN,,-2.574197924
ENSMUSG00000110142,Gm45872,Chr8,81454183,81455766,SJL_Specific,DOWN,,-3.048963948
ENSMUSG00000110229,Gm31784,Chr8,26788374,26805059,SJL_Specific,DOWN,,-1.452082074
ENSMUSG00000110276,Gm45330,Chr17,49015628,49045935,SJL_Specific,DOWN,,-1.106129318
ENSMUSG00000110377,Gm45363,Chr8,91781892,91783185,SJL_Specific,DOWN,,-1.519407742
ENSMUSG00000110393,Gm36445,Chr13,65385292,65402461,SJL_Specific,DOWN,,-1.836617285
ENSMUSG00000110394,Gm18991,Chr8,11788621,11789366,SJL_Specific,DOWN,,-3.897079508
ENSMUSG00000110458,Gm21769,Chr8,20697985,20698095,SJL_Specific,DOWN,,-1.119791972
ENSMUSG00000110471,Gm45823,Chr8,84310716,84312154,SJL_Specific,DOWN,,-1.100369661
ENSMUSG00000110486,Gm45877,Chr8,105089234,105090300,SJL_Specific,DOWN,,-1.83248464
ENSMUSG00000110499,Gm45873,Chr8,94775409,94777323,SJL_Specific,DOWN,,-1.755111679
ENSMUSG00000110524,Gm39228,Chr8,94909917,94911610,SJL_Specific,DOWN,,-3.059776789
ENSMUSG00000110577,1700112L15Rik,Chr8,96278421,96278930,SJL_Specific,DOWN,,-2.936161031
ENSMUSG00000110588,Gm45774,Chr8,94892504,94900040,SJL_Specific,DOWN,,-1.046792549
ENSMUSG00000110622,Iqcn,Chr8,71156106,71170299,SJL_Specific,DOWN,,-3.370332104
ENSMUSG00000110626,Gm45805,Chr8,127480989,127530023,SJL_Specific,DOWN,,-1.658190303
ENSMUSG00000110635,Gm45853,Chr8,96207081,96210251,SJL_Specific,DOWN,,-1.948688248
ENSMUSG00000110744,Gm5171,Chr10,30656853,30658267,SJL_Specific,DOWN,,-1.192982374
ENSMUSG00000110751,C230053D17Rik,Chr9,121148451,121150696,SJL_Specific,DOWN,,-1.154185037
ENSMUSG00000110755,BC049987,Chr9,44561864,44583563,SJL_Specific,DOWN,,-2.393222814
ENSMUSG00000110758,Gm48092,Chr10,31299525,31302086,SJL_Specific,DOWN,,-2.007157435
ENSMUSG00000110774,Gm39318,Chr9,35099959,35105113,SJL_Specific,DOWN,,-1.387023237
ENSMUSG00000110802,Gm47141,Chr9,46308651,46310251,SJL_Specific,DOWN,,-1.766812597
ENSMUSG00000110840,Gm47496,Chr9,31989577,31990061,SJL_Specific,DOWN,,-1.774947858
ENSMUSG00000110960,Supt4b,Chr10,31289811,31290161,SJL_Specific,DOWN,,-2.339220718
ENSMUSG00000110993,Gm47963,Chr9,37409065,37411208,SJL_Specific,DOWN,,-1.319739849
ENSMUSG00000111056,Gm39317,Chr9,32251450,32278694,SJL_Specific,DOWN,,-4.660031025
ENSMUSG00000111065,Gm47676,Chr9,60299076,60301040,SJL_Specific,DOWN,,-1.789335119
ENSMUSG00000111067,Gm48714,Chr10,19748753,19750193,SJL_Specific,DOWN,,-1.283948557
ENSMUSG00000111097,Gm34069,Chr9,14170337,14186840,SJL_Specific,DOWN,,-2.082744432
ENSMUSG00000111253,Gm34654,Chr9,77703799,77759351,SJL_Specific,DOWN,,-3.03753277
ENSMUSG00000111264,E030022I16Rik,Chr9,44529550,44532315,SJL_Specific,DOWN,,-1.704956483
ENSMUSG00000111292,Gm48627,Chr9,22205518,22206868,SJL_Specific,DOWN,,-1.503226775
ENSMUSG00000111340,Gm47171,Chr9,123473259,123476052,SJL_Specific,DOWN,,-1.560053626
ENSMUSG00000111345,Gm48562,Chr9,44664401,44665148,SJL_Specific,DOWN,,-1.029723979
ENSMUSG00000111356,Rpl32l,Chr10,20084236,20084634,SJL_Specific,DOWN,,-1.689251532
ENSMUSG00000111361,Gm47445,Chr10,34054231,34055924,SJL_Specific,DOWN,,-2.538613777
ENSMUSG00000111375,Btbd8,Chr5,107585863,107659073,SJL_Specific,DOWN,,-1.68016561
ENSMUSG00000111495,Gm5366,Chr9,75281893,75283230,SJL_Specific,DOWN,,-3.516986809
ENSMUSG00000111496,Gm47483,Chr10,29227875,29229889,SJL_Specific,DOWN,,-1.157849635
ENSMUSG00000111505,Gm48673,Chr9,26932849,26936217,SJL_Specific,DOWN,,-2.049111044
ENSMUSG00000111521,Gm48529,Chr9,45841410,45851010,SJL_Specific,DOWN,,-1.013037963
ENSMUSG00000111539,Gm48372,Chr10,93944601,93947015,SJL_Specific,DOWN,,-1.191554647
ENSMUSG00000111639,1700019L13Rik,Chr9,119812201,119817158,SJL_Specific,DOWN,,-1.584227834
ENSMUSG00000111761,9230112J17Rik,Chr9,60431250,60469770,SJL_Specific,DOWN,,-1.615151671
ENSMUSG00000111793,Gm47950,Chr9,113799033,113800101,SJL_Specific,DOWN,,-1.75177751
ENSMUSG00000111808,Gm18225,Chr9,22207242,22207983,SJL_Specific,DOWN,,-1.307632645
ENSMUSG00000111903,4930458K08Rik,Chr12,77727362,77736275,SJL_Specific,DOWN,,-1.528511303
ENSMUSG00000111941,Gm33263,Chr10,68983065,68986984,SJL_Specific,DOWN,,-1.224188506
ENSMUSG00000111985,Gm8290,Chr10,81844213,81844689,SJL_Specific,DOWN,,-1.226547237
ENSMUSG00000112008,Gm47218,Chr12,76987249,76988567,SJL_Specific,DOWN,,-1.053095389
ENSMUSG00000112009,Gm48591,Chr10,121259569,121298599,SJL_Specific,DOWN,,-1.650670286
ENSMUSG00000112139,Gm47431,Chr12,52448142,52495126,SJL_Specific,DOWN,,-2.027164897
ENSMUSG00000112254,Gm47690,Chr12,75552574,75555519,SJL_Specific,DOWN,,-1.748227577
ENSMUSG00000112276,5033421B08Rik,Chr12,8561111,8612701,SJL_Specific,DOWN,,-1.325875581
ENSMUSG00000112317,Gm47580,Chr10,52255292,52257322,SJL_Specific,DOWN,,-1.549135604
ENSMUSG00000112354,Gm33843,Chr10,96325712,96431607,SJL_Specific,DOWN,,-3.099397103
ENSMUSG00000112391,Gm48230,Chr12,78488369,78493520,SJL_Specific,DOWN,,-1.571322672
ENSMUSG00000112411,Gm19337,Chr10,63086711,63088294,SJL_Specific,DOWN,,-2.712847342
ENSMUSG00000112512,Gm48203,Chr10,105228363,105230147,SJL_Specific,DOWN,,-1.692120996
ENSMUSG00000112550,Gm6627,Chr10,52217368,52219753,SJL_Specific,DOWN,,-1.003482055
ENSMUSG00000112589,Gm48280,Chr10,10007016,10007384,SJL_Specific,DOWN,,-3.878017129
ENSMUSG00000112616,Gm47434,Chr10,118668493,118671011,SJL_Specific,DOWN,,-1.426842875
ENSMUSG00000112652,4921516A02Rik,Chr10,78264105,78274681,SJL_Specific,DOWN,,-2.437289255
ENSMUSG00000112660,Gm48761,Chr10,98875334,98877305,SJL_Specific,DOWN,,-2.125742866
ENSMUSG00000112879,Gm47726,Chr10,123014229,123014589,SJL_Specific,DOWN,,-2.293998138
ENSMUSG00000112990,Gm47372,Chr12,98615197,98618740,SJL_Specific,DOWN,,-3.331491246
ENSMUSG00000113015,Gm6296,Chr13,74916038,74916980,SJL_Specific,DOWN,,-1.590513269
ENSMUSG00000113020,Gm48063,Chr12,98776942,98779458,SJL_Specific,DOWN,,-1.632063569
ENSMUSG00000113022,Gm9544,Chr12,74393115,74395596,SJL_Specific,DOWN,,-5.050710308
ENSMUSG00000113041,Gm48302,Chr13,75875398,75877281,SJL_Specific,DOWN,,-1.497575042
ENSMUSG00000113094,Gm47447,Chr12,84261139,84262911,SJL_Specific,DOWN,,-1.37523257
ENSMUSG00000113106,Gm47139,Chr12,99326130,99328287,SJL_Specific,DOWN,,-2.15846227
ENSMUSG00000113137,Gm7511,Chr12,55114537,55114986,SJL_Specific,DOWN,,-1.76055144
ENSMUSG00000113183,Gm47664,Chr13,20684058,20685397,SJL_Specific,DOWN,,-2.916727422
ENSMUSG00000113195,Gm48586,Chr12,100587935,100589992,SJL_Specific,DOWN,,-2.419231513
ENSMUSG00000113196,D230049E03Rik,Chr12,98732364,98736614,SJL_Specific,DOWN,,-1.487487569
ENSMUSG00000113200,Gm48632,Chr12,111057634,111060375,SJL_Specific,DOWN,,-1.022801988
ENSMUSG00000113292,Gm18413,Chr13,100290359,100291013,SJL_Specific,DOWN,,-2.091286987
ENSMUSG00000113303,4930423D22Rik,Chr12,81828132,81829805,SJL_Specific,DOWN,,-1.015177967
ENSMUSG00000113328,Gm47260,Chr12,103378751,103381855,SJL_Specific,DOWN,,-2.021659143
ENSMUSG00000113330,Gm34237,Chr12,11876608,11947820,SJL_Specific,DOWN,,-1.497476434
ENSMUSG00000113357,Gm19195,Chr12,111827060,111827570,SJL_Specific,DOWN,,-1.860271203
ENSMUSG00000113488,Gm47819,Chr12,85420777,85423468,SJL_Specific,DOWN,,-1.811178995
ENSMUSG00000113571,Gm48137,Chr12,35190891,35193129,SJL_Specific,DOWN,,-1.460885757
ENSMUSG00000113586,Gm48606,Chr12,16257734,16336120,SJL_Specific,DOWN,,-3.328776316
ENSMUSG00000113601,Gm48735,Chr13,62829006,62830315,SJL_Specific,DOWN,,-1.029824828
ENSMUSG00000113603,Gm47004,Chr13,64409928,64412188,SJL_Specific,DOWN,,-1.382328719
ENSMUSG00000113610,Gm47132,Chr12,99342855,99343507,SJL_Specific,DOWN,,-1.8527148
ENSMUSG00000113656,Gm47370,Chr12,98608484,98610312,SJL_Specific,DOWN,,-1.775335107
ENSMUSG00000113776,Gm19327,Chr12,84231310,84234580,SJL_Specific,DOWN,,-2.379785059
ENSMUSG00000113853,Gm47583,Chr13,63358764,63362188,SJL_Specific,DOWN,,-1.791551656
ENSMUSG00000113973,A030014E15Rik,Chr1,82902638,82903433,SJL_Specific,DOWN,,-2.693823045
ENSMUSG00000114068,Gm48783,Chr13,13689323,13690402,SJL_Specific,DOWN,,-2.442791797
ENSMUSG00000114081,Gm48904,Chr12,28839668,28842611,SJL_Specific,DOWN,,-2.281828488
ENSMUSG00000114094,Gm48375,Chr13,8883135,8884408,SJL_Specific,DOWN,,-1.223024658
ENSMUSG00000114305,Gm48437,Chr14,11689325,11690706,SJL_Specific,DOWN,,-1.464775953
ENSMUSG00000114409,Gm9042,Chr19,36381847,36383510,SJL_Specific,DOWN,,-2.143462169
ENSMUSG00000114418,Gm18883,Chr13,112836213,112836570,SJL_Specific,DOWN,,-2.080220906
ENSMUSG00000114524,Gm48357,Chr13,58332710,58339132,SJL_Specific,DOWN,,-1.991287699
ENSMUSG00000114536,Gm48837,Chr13,112493459,112504379,SJL_Specific,DOWN,,-4.181296875
ENSMUSG00000114569,Gm35215,Chr13,99073271,99082472,SJL_Specific,DOWN,,-1.204996556
ENSMUSG00000114598,D130062J10Rik,Chr13,98935119,98937918,SJL_Specific,DOWN,,-1.081738498
ENSMUSG00000114602,Gm49223,Chr13,84422963,84428936,SJL_Specific,DOWN,,-1.012632757
ENSMUSG00000114653,Gm18398,Chr14,27436334,27437834,SJL_Specific,DOWN,,-1.40192545
ENSMUSG00000114810,Gm36101,Chr13,48185189,48195947,SJL_Specific,DOWN,,-2.24086802
ENSMUSG00000114829,Gm9130,Chr14,67035305,67035827,SJL_Specific,DOWN,,-2.754216438
ENSMUSG00000115071,Gm49026,Chr14,99349113,99350250,SJL_Specific,DOWN,,-2.802162004
ENSMUSG00000115077,Gm46455,Chr14,55407166,55414096,SJL_Specific,DOWN,,-3.242002625
ENSMUSG00000115087,Gm48998,Chr14,78835210,78837916,SJL_Specific,DOWN,,-1.78787743
ENSMUSG00000115092,E130202H07Rik,Chr14,76753198,76768424,SJL_Specific,DOWN,,-4.219647667
ENSMUSG00000115161,Gm20555,Chr15,27863885,27867317,SJL_Specific,DOWN,,-2.53993429
ENSMUSG00000115207,Gm49132,Chr14,47353753,47357896,SJL_Specific,DOWN,,-2.792642396
ENSMUSG00000115249,Gm49085,Chr15,37960715,38011932,SJL_Specific,DOWN,,-1.104730861
ENSMUSG00000115279,Gm49273,Chr15,103566266,103570108,SJL_Specific,DOWN,,-3.563192273
ENSMUSG00000115291,Gm18605,Chr14,80185097,80185719,SJL_Specific,DOWN,,-3.053917863
ENSMUSG00000115302,Gm49394,Chr7,142204506,142223679,SJL_Specific,DOWN,,-2.03112792
ENSMUSG00000115333,Gm34590,Chr15,36892812,36963927,SJL_Specific,DOWN,,-1.630448022
ENSMUSG00000115370,Gm15667,Chr14,30526336,30527117,SJL_Specific,DOWN,,-1.731938534
ENSMUSG00000115383,Gm49216,Chr15,31481902,31487075,SJL_Specific,DOWN,,-1.601907081
ENSMUSG00000115406,Gm49300,Chr15,31368508,31370451,SJL_Specific,DOWN,,-1.312400619
ENSMUSG00000115417,Gm48949,Chr14,47082270,47082937,SJL_Specific,DOWN,,-1.324250395
ENSMUSG00000115454,Gm49086,Chr14,52257533,52259587,SJL_Specific,DOWN,,-1.064186308
ENSMUSG00000115546,Gm49077,Chr15,38519030,38520295,SJL_Specific,DOWN,,-2.028384118
ENSMUSG00000115611,Gm4606,Chr14,73078162,73078684,SJL_Specific,DOWN,,-2.46551557
ENSMUSG00000115674,Gm49297,Chr14,123623978,123626782,SJL_Specific,DOWN,,-1.234828692
ENSMUSG00000115764,Gm18811,Chr14,47415340,47416003,SJL_Specific,DOWN,,-2.6765235
ENSMUSG00000115931,Gm27825,Chr15,82388828,82394147,SJL_Specific,DOWN,,-2.635395261
ENSMUSG00000116226,Gm49502,Chr15,82069717,82071826,SJL_Specific,DOWN,,-1.490784132
ENSMUSG00000116378,Gcat,Chr15,78915101,78926731,SJL_Specific,DOWN,,-2.515963593
ENSMUSG00000116648,Rpl31-ps12,Chr16,16637613,16637987,SJL_Specific,DOWN,,-1.909985105
ENSMUSG00000116707,Gm49590,Chr16,78137644,78140356,SJL_Specific,DOWN,,-1.59722764
ENSMUSG00000116832,Gm49658,Chr16,73985719,73989387,SJL_Specific,DOWN,,-1.449349466
ENSMUSG00000116842,Gm49588,Chr16,18300806,18305295,SJL_Specific,DOWN,,-1.807762038
ENSMUSG00000116908,Gm49599,Chr16,36695502,36700596,SJL_Specific,DOWN,,-1.00358187
ENSMUSG00000117102,Gm55377,Chr17,73821712,73824750,SJL_Specific,DOWN,,-1.732222922
ENSMUSG00000117186,Gm46576,Chr17,66931889,66932037,SJL_Specific,DOWN,,-4.010536141
ENSMUSG00000117228,Gm49877,Chr17,73922610,73923322,SJL_Specific,DOWN,,-2.452082254
ENSMUSG00000117372,Gm49972,Chr18,46904392,46906138,SJL_Specific,DOWN,,-1.80979529
ENSMUSG00000117429,A430019L02Rik,Chr18,46891624,46895044,SJL_Specific,DOWN,,-1.450619806
ENSMUSG00000117575,Gm36486,Chr17,29649718,29683602,SJL_Specific,DOWN,,-1.439943912
ENSMUSG00000117599,Gm49971,Chr18,46898281,46903175,SJL_Specific,DOWN,,-1.464961654
ENSMUSG00000117628,Gm50012,Chr17,87277800,87282716,SJL_Specific,DOWN,,-2.197058271
ENSMUSG00000117688,Gm8629,Chr18,56523215,56523689,SJL_Specific,DOWN,,-4.783714827
ENSMUSG00000117731,Gm50145,Chr18,35622140,35626542,SJL_Specific,DOWN,,-1.658365738
ENSMUSG00000117780,Gm3734,Chr18,46761699,46792002,SJL_Specific,DOWN,,-3.70562755
ENSMUSG00000117829,Gm50336,Chr17,34339360,34348433,SJL_Specific,DOWN,,-1.64885241
ENSMUSG00000117832,Gm50263,Chr18,44954200,44954377,SJL_Specific,DOWN,,-4.672126158
ENSMUSG00000117877,Gm8184,Chr19,8249876,8252069,SJL_Specific,DOWN,,-2.104515048
ENSMUSG00000117888,Gm50351,Chr18,82734908,82738706,SJL_Specific,DOWN,,-1.542324191
ENSMUSG00000117927,Gm50271,Chr19,57392508,57441927,SJL_Specific,DOWN,,-4.112716572
ENSMUSG00000117942,Maskbp3,Chr18,36780913,36798970,SJL_Specific,DOWN,,-1.148138664
ENSMUSG00000117972,Gm6813,Chr19,45866086,45866565,SJL_Specific,DOWN,,-1.879889981
ENSMUSG00000117979,Gm50341,Chr19,24533000,24539715,SJL_Specific,DOWN,,-1.626053628
ENSMUSG00000117987,Gm50222,Chr17,31895763,31903348,SJL_Specific,DOWN,,-1.725248478
ENSMUSG00000118064,Gm50210,Chr19,32181582,32186673,SJL_Specific,DOWN,,-3.960257814
ENSMUSG00000118094,Gm52988,Chr18,83030028,83142267,SJL_Specific,DOWN,,-1.489495225
ENSMUSG00000118105,Gm17814,Chr17,26292120,26292962,SJL_Specific,DOWN,,-4.552805117
ENSMUSG00000118142,Gm19312,Chr19,16390858,16391654,SJL_Specific,DOWN,,-3.699462745
ENSMUSG00000118212,Gm41836,Chr19,35555196,35743527,SJL_Specific,DOWN,,-2.069325031
ENSMUSG00000118256,Gm50303,Chr18,82432490,82433162,SJL_Specific,DOWN,,-1.423928732
ENSMUSG00000118284,Gm41562,Chr17,31164754,31171735,SJL_Specific,DOWN,,-3.91433545
ENSMUSG00000118386,Gm50149,Chr18,35631603,35632440,SJL_Specific,DOWN,,-1.38449749
ENSMUSG00000118399,Gm18917,Chr2,173591731,173592280,SJL_Specific,DOWN,,-2.040117965
ENSMUSG00000118423,Lrrc70,Chr13,106970501,106972310,SJL_Specific,DOWN,,-1.075310179
ENSMUSG00000118496,Gm52998,Chr19,6105696,6105836,SJL_Specific,DOWN,,-2.765342569
ENSMUSG00000118837,Rnu2-10,Chr11,101549064,101549254,SJL_Specific,DOWN,,-2.813253404
ENSMUSG00000119053,Gm25245,Chr16,91718197,91718303,SJL_Specific,DOWN,,-3.19511291
ENSMUSG00000119442,Gm23966,Chr1,58505674,58505780,SJL_Specific,DOWN,,-1.531931111
ENSMUSG00000119577,Gm24727,Chr8,34181829,34181972,SJL_Specific,DOWN,,-1.879594917
ENSMUSG00000119598,Gm22063,Chr8,105899128,105899234,SJL_Specific,DOWN,,-1.018974995
ENSMUSG00000119672,Mir344i,Chr7,61734971,61735058,SJL_Specific,DOWN,,-2.906226926
ENSMUSG00000119688,Gm22192,Chr2,32111982,32112066,SJL_Specific,DOWN,,-1.673229504
ENSMUSG00000119770,Gm25483,Chr13,12604446,12604672,SJL_Specific,DOWN,,-2.062893745
ENSMUSG00000119880,Gm22716,Chr5,110824990,110825096,SJL_Specific,DOWN,,-1.879142945
ENSMUSG00000119926,Gm25047,ChrX,35627552,35627655,SJL_Specific,DOWN,,-1.346340429
ENSMUSG00000119942,ENSMUSG00000119942,Chr3,108052920,108055861,SJL_Specific,DOWN,,-1.068320083
ENSMUSG00000119956,ENSMUSG00000119956,Chr11,52235425,52251888,SJL_Specific,DOWN,,-1.514441759
ENSMUSG00000119970,ENSMUSG00000119970,Chr14,119174208,119175208,SJL_Specific,DOWN,,-1.355565372
ENSMUSG00000120025,ENSMUSG00000120025,Chr8,127320858,127321308,SJL_Specific,DOWN,,-1.170653601
ENSMUSG00000120073,ENSMUSG00000120073,Chr12,85518860,85520140,SJL_Specific,DOWN,,-1.742546892
ENSMUSG00000120099,ENSMUSG00000120099,Chr1,134271156,134272454,SJL_Specific,DOWN,,-1.538992961
ENSMUSG00000120101,ENSMUSG00000120101,Chr8,127321309,127325704,SJL_Specific,DOWN,,-1.311083003
ENSMUSG00000120121,ENSMUSG00000120121,Chr3,88040771,88050937,SJL_Specific,DOWN,,-1.07345397
ENSMUSG00000120184,ENSMUSG00000120184,Chr11,119190682,119192217,SJL_Specific,DOWN,,-1.710724279
ENSMUSG00000120203,ENSMUSG00000120203,Chr19,32733949,32734813,SJL_Specific,DOWN,,-2.746941665
ENSMUSG00000120214,ENSMUSG00000120214,Chr16,55596600,55626312,SJL_Specific,DOWN,,-2.090625678
ENSMUSG00000120325,ENSMUSG00000120325,Chr10,92988202,92996572,SJL_Specific,DOWN,,-1.045090115
ENSMUSG00000120399,ENSMUSG00000120399,Chr10,126808829,126814438,SJL_Specific,DOWN,,-1.239722564
ENSMUSG00000120401,ENSMUSG00000120401,Chr15,76578790,76580767,SJL_Specific,DOWN,,-1.65113029
ENSMUSG00000120402,ENSMUSG00000120402,Chr17,26727510,26728967,SJL_Specific,DOWN,,-2.377726725
ENSMUSG00000120411,ENSMUSG00000120411,Chr15,38710899,38711791,SJL_Specific,DOWN,,-4.191563905
ENSMUSG00000120566,ENSMUSG00000120566,Chr13,104715878,104766582,SJL_Specific,DOWN,,-1.454392509
ENSMUSG00000120567,ENSMUSG00000120567,Chr4,122779686,122781746,SJL_Specific,DOWN,,-2.36963807
ENSMUSG00000120667,ENSMUSG00000120667,Chr8,84924039,84925827,SJL_Specific,DOWN,,-1.830550633
ENSMUSG00000120684,ENSMUSG00000120684,Chr2,75474664,75489494,SJL_Specific,DOWN,,-1.203455453
ENSMUSG00000120688,ENSMUSG00000120688,Chr8,120145702,120152108,SJL_Specific,DOWN,,-2.01214726
ENSMUSG00000120737,ENSMUSG00000120737,Chr7,19013102,19014244,SJL_Specific,DOWN,,-4.194641626
ENSMUSG00000120783,ENSMUSG00000120783,Chr15,82029921,82031759,SJL_Specific,DOWN,,-2.252527436
ENSMUSG00000120786,ENSMUSG00000120786,Chr3,142418578,142420875,SJL_Specific,DOWN,,-2.809663923
ENSMUSG00000120792,ENSMUSG00000120792,Chr11,94967254,94990076,SJL_Specific,DOWN,,-1.04281321
ENSMUSG00000120799,ENSMUSG00000120799,Chr15,81406379,81407084,SJL_Specific,DOWN,,-3.487930438
ENSMUSG00000120832,ENSMUSG00000120832,Chr1,86452208,86453203,SJL_Specific,DOWN,,-1.12214484
ENSMUSG00000120836,ENSMUSG00000120836,ChrX,100571185,100571452,SJL_Specific,DOWN,,-1.650093881
ENSMUSG00000120848,ENSMUSG00000120848,Chr9,21401650,21401792,SJL_Specific,DOWN,,-1.074182606
ENSMUSG00000120851,ENSMUSG00000120851,Chr11,117859840,117871686,SJL_Specific,DOWN,,-1.454000357
ENSMUSG00000120868,ENSMUSG00000120868,Chr3,93350381,93352101,SJL_Specific,DOWN,,-2.127249472
ENSMUSG00000120880,ENSMUSG00000120880,Chr11,70544933,70546525,SJL_Specific,DOWN,,-1.376745607
ENSMUSG00000120971,ENSMUSG00000120971,Chr7,44502687,44504232,SJL_Specific,DOWN,,-1.191939177
ENSMUSG00000120979,ENSMUSG00000120979,Chr15,76405109,76410399,SJL_Specific,DOWN,,-1.598410197
ENSMUSG00000120994,ENSMUSG00000120994,Chr12,83679323,83680611,SJL_Specific,DOWN,,-1.37913578
ENSMUSG00000121015,ENSMUSG00000121015,Chr15,101158560,101161299,SJL_Specific,DOWN,,-1.040360656
ENSMUSG00000121064,ENSMUSG00000121064,Chr11,51474748,51475533,SJL_Specific,DOWN,,-2.432106939
ENSMUSG00000121111,ENSMUSG00000121111,Chr17,66825757,66831554,SJL_Specific,DOWN,,-1.076851033
ENSMUSG00000121120,ENSMUSG00000121120,Chr5,38719155,38719484,SJL_Specific,DOWN,,-1.367950107
ENSMUSG00000121136,ENSMUSG00000121136,Chr4,46601981,46602505,SJL_Specific,DOWN,,-1.22049469
ENSMUSG00000121137,ENSMUSG00000121137,Chr12,8622123,8638094,SJL_Specific,DOWN,,-1.00363563
ENSMUSG00000121266,ENSMUSG00000121266,Chr1,125363743,125364241,SJL_Specific,DOWN,,-1.991230795
ENSMUSG00000121280,ENSMUSG00000121280,Chr1,66851210,66856128,SJL_Specific,DOWN,,-1.749549699
ENSMUSG00000121458,AW822252,ChrX,52691902,52719000,SJL_Specific,DOWN,,-1.051204468
ENSMUSG00000121476,ENSMUSG00000121476,Chr9,75375320,75393963,SJL_Specific,DOWN,,-1.426396364
ENSMUSG00002075088,Gm55655,Chr17,80503587,80503833,SJL_Specific,DOWN,,-2.259045255
ENSMUSG00002075273,Gm56102,Chr9,72912483,72912604,SJL_Specific,DOWN,,-1.475155896
ENSMUSG00002075457,Gm55354,Chr1,181668018,181668133,SJL_Specific,DOWN,,-3.836023594
ENSMUSG00002075545,Gm56341,Chr1,74626055,74626131,SJL_Specific,DOWN,,-2.716104494
ENSMUSG00002075561,Gm56439,Chr2,84531092,84531204,SJL_Specific,DOWN,,-2.380142577
ENSMUSG00002075804,Gm54813,Chr13,53118657,53118768,SJL_Specific,DOWN,,-2.215051361
ENSMUSG00002075848,Gm56003,Chr6,120774535,120774631,SJL_Specific,DOWN,,-2.73917145
ENSMUSG00002076119,Gm55394,Chr13,12680940,12681203,SJL_Specific,DOWN,,-4.965645434
ENSMUSG00002076153,Gm56022,Chr8,124249999,124250279,SJL_Specific,DOWN,,-1.060377458
ENSMUSG00002076160,Gm55225,Chr3,133852776,133852869,SJL_Specific,DOWN,,-2.334902348
ENSMUSG00002076174,Gm55763,Chr6,140476689,140476941,SJL_Specific,DOWN,,-2.051900504
ENSMUSG00002076234,Gm55444,Chr11,117023316,117023643,SJL_Specific,DOWN,,-3.090910705
ENSMUSG00002076274,Gm54977,Chr7,61728466,61728553,SJL_Specific,DOWN,,-3.98399028
ENSMUSG00002076299,Gm54517,Chr13,23930158,23930295,SJL_Specific,DOWN,,-2.787651555
ENSMUSG00002076311,Gm55300,Chr13,56851843,56852012,SJL_Specific,DOWN,,-1.692659131
ENSMUSG00002076347,Gm55127,ChrX,162916381,162916501,SJL_Specific,DOWN,,-4.223434427
ENSMUSG00002076559,Gm55951,Chr10,25157498,25157750,SJL_Specific,DOWN,,-2.818930191
ENSMUSG00002076649,Gm54767,Chr15,37371566,37371691,SJL_Specific,DOWN,,-2.645280871
ENSMUSG00002076750,Gm55840,Chr17,47303549,47303842,SJL_Specific,DOWN,,-2.689635497
ENSMUSG00002076860,Gm55995,Chr7,112313158,112313286,SJL_Specific,DOWN,,-3.907970331
